parlamentar_id,ano,mes,tipo_despesa,valor_liquido,fornecedor
123086,2023,5,MANUTENÇÃO DE ESCRITÓRIO DE APOIO À ATIVIDADE PARLAMENTAR,4000.0,ANTONIETA  LIRA E SILVA
123086,2023,11,MANUTENÇÃO DE ESCRITÓRIO DE APOIO À ATIVIDADE PARLAMENTAR,4000.0,ANTONIETA  LIRA E SILVA
123086,2023,12,MANUTENÇÃO DE ESCRITÓRIO DE APOIO À ATIVIDADE PARLAMENTAR,3088.2,ANTONIETA  LIRA E SILVA
123086,2023,6,MANUTENÇÃO DE ESCRITÓRIO DE APOIO À ATIVIDADE PARLAMENTAR,4000.0,ANTONIETA  LIRA E SILVA
123086,2023,7,MANUTENÇÃO DE ESCRITÓRIO DE APOIO À ATIVIDADE PARLAMENTAR,4000.0,ANTONIETA  LIRA E SILVA
123086,2023,10,MANUTENÇÃO DE ESCRITÓRIO DE APOIO À ATIVIDADE PARLAMENTAR,4000.0,ANTONIETA  LIRA E SILVA
123086,2023,8,MANUTENÇÃO DE ESCRITÓRIO DE APOIO À ATIVIDADE PARLAMENTAR,4000.0,ANTONIETA  LIRA E SILVA
123086,2023,9,MANUTENÇÃO DE ESCRITÓRIO DE APOIO À ATIVIDADE PARLAMENTAR,4000.0,ANTONIETA  LIRA E SILVA
123086,2023,4,MANUTENÇÃO DE ESCRITÓRIO DE APOIO À ATIVIDADE PARLAMENTAR,214.78,Claro NXT Telecomunicações S.A
123086,2023,7,MANUTENÇÃO DE ESCRITÓRIO DE APOIO À ATIVIDADE PARLAMENTAR,600.0,PARLANET WEB E TECNOLOGIA EIRELI
123086,2023,8,MANUTENÇÃO DE ESCRITÓRIO DE APOIO À ATIVIDADE PARLAMENTAR,600.0,PARLANET WEB E TECNOLOGIA EIRELI
123086,2023,9,MANUTENÇÃO DE ESCRITÓRIO DE APOIO À ATIVIDADE PARLAMENTAR,600.0,PARLANET WEB E TECNOLOGIA EIRELI
123086,2023,10,MANUTENÇÃO DE ESCRITÓRIO DE APOIO À ATIVIDADE PARLAMENTAR,600.0,PARLANET WEB E TECNOLOGIA EIRELI
123086,2023,11,MANUTENÇÃO DE ESCRITÓRIO DE APOIO À ATIVIDADE PARLAMENTAR,600.0,PARLANET WEB E TECNOLOGIA EIRELI
123086,2023,12,MANUTENÇÃO DE ESCRITÓRIO DE APOIO À ATIVIDADE PARLAMENTAR,600.0,PARLANET WEB E TECNOLOGIA EIRELI
123086,2023,3,MANUTENÇÃO DE ESCRITÓRIO DE APOIO À ATIVIDADE PARLAMENTAR,600.0,PARLANET WEB E TECNOLOGIA EIRELI
123086,2023,4,MANUTENÇÃO DE ESCRITÓRIO DE APOIO À ATIVIDADE PARLAMENTAR,600.0,PARLANET WEB E TECNOLOGIA EIRELI
123086,2023,5,MANUTENÇÃO DE ESCRITÓRIO DE APOIO À ATIVIDADE PARLAMENTAR,600.0,PARLANET WEB E TECNOLOGIA EIRELI
123086,2023,6,MANUTENÇÃO DE ESCRITÓRIO DE APOIO À ATIVIDADE PARLAMENTAR,600.0,PARLANET WEB E TECNOLOGIA LTDA
123086,2023,2,MANUTENÇÃO DE ESCRITÓRIO DE APOIO À ATIVIDADE PARLAMENTAR,473.3,PREDIAL ADMINISTRADORA DE CONDOMINIOS LTDA
123086,2023,2,MANUTENÇÃO DE ESCRITÓRIO DE APOIO À ATIVIDADE PARLAMENTAR,485.56,PREDIAL ADMINISTRADORA DE CONDOMINIOS LTDA
123086,2023,6,MANUTENÇÃO DE ESCRITÓRIO DE APOIO À ATIVIDADE PARLAMENTAR,411.58,PREDIAL ADMINISTRADORA DE CONDOMINIOS LTDA
123086,2023,6,MANUTENÇÃO DE ESCRITÓRIO DE APOIO À ATIVIDADE PARLAMENTAR,422.24,PREDIAL ADMINISTRADORA DE CONDOMINIOS LTDA
123086,2023,8,MANUTENÇÃO DE ESCRITÓRIO DE APOIO À ATIVIDADE PARLAMENTAR,411.58,PREDIAL ADMINISTRADORA DE CONDOMINIOS LTDA
123086,2023,8,MANUTENÇÃO DE ESCRITÓRIO DE APOIO À ATIVIDADE PARLAMENTAR,422.24,PREDIAL ADMINISTRADORA DE CONDOMINIOS LTDA
123086,2023,9,MANUTENÇÃO DE ESCRITÓRIO DE APOIO À ATIVIDADE PARLAMENTAR,411.58,PREDIAL ADMINISTRADORA DE CONDOMINIOS LTDA
123086,2023,9,MANUTENÇÃO DE ESCRITÓRIO DE APOIO À ATIVIDADE PARLAMENTAR,422.24,PREDIAL ADMINISTRADORA DE CONDOMINIOS LTDA
123086,2023,10,MANUTENÇÃO DE ESCRITÓRIO DE APOIO À ATIVIDADE PARLAMENTAR,411.58,PREDIAL ADMINISTRADORA DE CONDOMINIOS LTDA
123086,2023,10,MANUTENÇÃO DE ESCRITÓRIO DE APOIO À ATIVIDADE PARLAMENTAR,422.24,PREDIAL ADMINISTRADORA DE CONDOMINIOS LTDA
123086,2023,5,MANUTENÇÃO DE ESCRITÓRIO DE APOIO À ATIVIDADE PARLAMENTAR,411.58,PREDIAL ADMINISTRADORA DE CONDOMINIOS LTDA
123086,2023,7,MANUTENÇÃO DE ESCRITÓRIO DE APOIO À ATIVIDADE PARLAMENTAR,411.58,PREDIAL ADMINISTRADORA DE CONDOMINIOS LTDA
123086,2023,11,MANUTENÇÃO DE ESCRITÓRIO DE APOIO À ATIVIDADE PARLAMENTAR,411.58,PREDIAL ADMINISTRADORA DE CONDOMINIOS LTDA
123086,2023,3,MANUTENÇÃO DE ESCRITÓRIO DE APOIO À ATIVIDADE PARLAMENTAR,473.3,PREDIAL ADMINISTRADORA DE CONDOMINIOS LTDA
123086,2023,4,MANUTENÇÃO DE ESCRITÓRIO DE APOIO À ATIVIDADE PARLAMENTAR,411.58,PREDIAL ADMINISTRADORA DE CONDOMINIOS LTDA
123086,2023,7,MANUTENÇÃO DE ESCRITÓRIO DE APOIO À ATIVIDADE PARLAMENTAR,422.24,PREDIAL ADMINISTRADORA DE CONDOMINIOS LTDA
123086,2023,5,MANUTENÇÃO DE ESCRITÓRIO DE APOIO À ATIVIDADE PARLAMENTAR,422.24,PREDIAL ADMINISTRADORA DE CONDOMINIOS LTDA
123086,2023,11,MANUTENÇÃO DE ESCRITÓRIO DE APOIO À ATIVIDADE PARLAMENTAR,422.24,PREDIAL ADMINISTRADORA DE CONDOMINIOS LTDA
123086,2023,3,MANUTENÇÃO DE ESCRITÓRIO DE APOIO À ATIVIDADE PARLAMENTAR,485.56,PREDIAL ADMINISTRADORA DE CONDOMINIOS LTDA
123086,2023,4,MANUTENÇÃO DE ESCRITÓRIO DE APOIO À ATIVIDADE PARLAMENTAR,422.24,PREDIAL ADMINISTRADORA DE CONDOMINIOS LTDA
123086,2023,2,MANUTENÇÃO DE ESCRITÓRIO DE APOIO À ATIVIDADE PARLAMENTAR,4000.0,YARA MARIA LIRA PAIVA E SILVA
123086,2023,3,MANUTENÇÃO DE ESCRITÓRIO DE APOIO À ATIVIDADE PARLAMENTAR,4000.0,YARA MARIA LIRA PAIVA E SILVA
123086,2023,4,MANUTENÇÃO DE ESCRITÓRIO DE APOIO À ATIVIDADE PARLAMENTAR,4000.0,YARA MARIA LIRA PAIVA E SILVA
123086,2023,2,COMBUSTÍVEIS E LUBRIFICANTES.,303.0,031 - 302 NORTE - CASCOL COMBUSTIVEIS PARA VEICULOS LTDA
123086,2023,2,COMBUSTÍVEIS E LUBRIFICANTES.,273.56,031 - 302 NORTE - CASCOL COMBUSTIVEIS PARA VEICULOS LTDA
123086,2023,2,COMBUSTÍVEIS E LUBRIFICANTES.,281.82,031 - 302 NORTE - CASCOL COMBUSTIVEIS PARA VEICULOS LTDA
123086,2023,3,COMBUSTÍVEIS E LUBRIFICANTES.,318.26,031 - 302 NORTE - CASCOL COMBUSTIVEIS PARA VEICULOS LTDA
123086,2023,4,COMBUSTÍVEIS E LUBRIFICANTES.,330.19,031 - 302 NORTE - CASCOL COMBUSTIVEIS PARA VEICULOS LTDA
123086,2023,4,COMBUSTÍVEIS E LUBRIFICANTES.,198.2,031 - 302 NORTE - CASCOL COMBUSTIVEIS PARA VEICULOS LTDA
123086,2023,4,COMBUSTÍVEIS E LUBRIFICANTES.,293.91,031 - 302 NORTE - CASCOL COMBUSTIVEIS PARA VEICULOS LTDA
123086,2023,4,COMBUSTÍVEIS E LUBRIFICANTES.,372.54,031 - 302 NORTE - CASCOL COMBUSTIVEIS PARA VEICULOS LTDA
123086,2023,5,COMBUSTÍVEIS E LUBRIFICANTES.,355.31,031 - 302 NORTE - CASCOL COMBUSTIVEIS PARA VEICULOS LTDA
123086,2023,6,COMBUSTÍVEIS E LUBRIFICANTES.,331.18,031 - 302 NORTE - CASCOL COMBUSTIVEIS PARA VEICULOS LTDA
123086,2023,6,COMBUSTÍVEIS E LUBRIFICANTES.,324.7,031 - 302 NORTE - CASCOL COMBUSTIVEIS PARA VEICULOS LTDA
123086,2023,7,COMBUSTÍVEIS E LUBRIFICANTES.,318.12,031 - 302 NORTE - CASCOL COMBUSTIVEIS PARA VEICULOS LTDA
123086,2023,8,COMBUSTÍVEIS E LUBRIFICANTES.,230.38,031 - 302 NORTE - CASCOL COMBUSTIVEIS PARA VEICULOS LTDA
123086,2023,9,COMBUSTÍVEIS E LUBRIFICANTES.,359.76,031 - 302 NORTE - CASCOL COMBUSTIVEIS PARA VEICULOS LTDA
123086,2023,10,COMBUSTÍVEIS E LUBRIFICANTES.,382.99,031 - 302 NORTE - CASCOL COMBUSTIVEIS PARA VEICULOS LTDA
123086,2023,10,COMBUSTÍVEIS E LUBRIFICANTES.,361.12,031 - 302 NORTE - CASCOL COMBUSTIVEIS PARA VEICULOS LTDA
123086,2023,8,COMBUSTÍVEIS E LUBRIFICANTES.,320.98,AUTO POSTO 303 NORTE LTDA
123086,2023,2,COMBUSTÍVEIS E LUBRIFICANTES.,7496.82,POSTO HOMERO CASTELO BRANCO LTDA
123086,2023,3,COMBUSTÍVEIS E LUBRIFICANTES.,7443.34,POSTO HOMERO CASTELO BRANCO LTDA
123086,2023,4,COMBUSTÍVEIS E LUBRIFICANTES.,7454.48,POSTO HOMERO CASTELO BRANCO LTDA
123086,2023,5,COMBUSTÍVEIS E LUBRIFICANTES.,7488.31,POSTO HOMERO CASTELO BRANCO LTDA
123086,2023,6,COMBUSTÍVEIS E LUBRIFICANTES.,7422.76,POSTO HOMERO CASTELO BRANCO LTDA
123086,2023,8,COMBUSTÍVEIS E LUBRIFICANTES.,7293.39,POSTO HOMERO CASTELO BRANCO LTDA
123086,2023,9,COMBUSTÍVEIS E LUBRIFICANTES.,7145.96,POSTO HOMERO CASTELO BRANCO LTDA
123086,2023,10,COMBUSTÍVEIS E LUBRIFICANTES.,1978.61,POSTO HOMERO CASTELO BRANCO LTDA
123086,2023,12,COMBUSTÍVEIS E LUBRIFICANTES.,2957.13,POSTO HOMERO CASTELO BRANCO LTDA
123086,2023,5,COMBUSTÍVEIS E LUBRIFICANTES.,250.33,POSTO ROCHA LTDA
123086,2023,7,COMBUSTÍVEIS E LUBRIFICANTES.,7282.8,DR COMBUSTIVEIS PARA AVIACAO LTDA
123086,2023,10,COMBUSTÍVEIS E LUBRIFICANTES.,6580.0,DR COMBUSTIVEIS PARA AVIACAO LTDA
123086,2023,12,COMBUSTÍVEIS E LUBRIFICANTES.,2638.25,J W SARAIVA E CIA LTDA
123086,2023,12,COMBUSTÍVEIS E LUBRIFICANTES.,1936.75,J W SARAIVA E CIA LTDA
123086,2023,2,DIVULGAÇÃO DA ATIVIDADE PARLAMENTAR.,3000.0,F ANDRADE DA SILVA EIRELI
123086,2023,3,DIVULGAÇÃO DA ATIVIDADE PARLAMENTAR.,3000.0,F ANDRADE DA SILVA EIRELI
123086,2023,4,DIVULGAÇÃO DA ATIVIDADE PARLAMENTAR.,3000.0,F ANDRADE DA SILVA EIRELI
123086,2023,5,DIVULGAÇÃO DA ATIVIDADE PARLAMENTAR.,3000.0,F ANDRADE DA SILVA EIRELI
123086,2023,6,DIVULGAÇÃO DA ATIVIDADE PARLAMENTAR.,3000.0,F ANDRADE DA SILVA EIRELI
123086,2023,7,DIVULGAÇÃO DA ATIVIDADE PARLAMENTAR.,3000.0,F ANDRADE DA SILVA EIRELI
123086,2023,8,DIVULGAÇÃO DA ATIVIDADE PARLAMENTAR.,3000.0,F ANDRADE DA SILVA EIRELI
123086,2023,9,DIVULGAÇÃO DA ATIVIDADE PARLAMENTAR.,3000.0,F ANDRADE DA SILVA EIRELI
123086,2023,10,DIVULGAÇÃO DA ATIVIDADE PARLAMENTAR.,3000.0,F ANDRADE DA SILVA EIRELI
123086,2023,11,DIVULGAÇÃO DA ATIVIDADE PARLAMENTAR.,3000.0,F ANDRADE DA SILVA EIRELI
123086,2023,12,DIVULGAÇÃO DA ATIVIDADE PARLAMENTAR.,3000.0,F ANDRADE DA SILVA EIRELI
123086,2023,3,DIVULGAÇÃO DA ATIVIDADE PARLAMENTAR.,3200.0,L D R DE SOUSA EULALIO
123086,2023,4,DIVULGAÇÃO DA ATIVIDADE PARLAMENTAR.,3200.0,VERBO COMUNICAÇÃO
123086,2023,5,DIVULGAÇÃO DA ATIVIDADE PARLAMENTAR.,3200.0,VERBO COMUNICAÇÃO
123086,2023,6,DIVULGAÇÃO DA ATIVIDADE PARLAMENTAR.,3200.0,VERBO COMUNICAÇÃO
123086,2023,7,DIVULGAÇÃO DA ATIVIDADE PARLAMENTAR.,3200.0,VERBO COMUNICAÇÃO
123086,2023,8,DIVULGAÇÃO DA ATIVIDADE PARLAMENTAR.,3200.0,VERBO COMUNICAÇÃO
123086,2023,9,DIVULGAÇÃO DA ATIVIDADE PARLAMENTAR.,3200.0,VERBO COMUNICAÇÃO
123086,2023,10,DIVULGAÇÃO DA ATIVIDADE PARLAMENTAR.,3200.0,VERBO COMUNICAÇÃO
123086,2023,11,DIVULGAÇÃO DA ATIVIDADE PARLAMENTAR.,3200.0,VERBO COMUNICAÇÃO
123086,2023,12,DIVULGAÇÃO DA ATIVIDADE PARLAMENTAR.,3200.0,VERBO COMUNICAÇÃO
123086,2023,2,SERVIÇO DE SEGURANÇA PRESTADO POR EMPRESA ESPECIALIZADA.,8499.96,A4 VIGILANCIA E SEGURANCA PATRIMONIAL EIRELI - EPP
123086,2023,3,SERVIÇO DE SEGURANÇA PRESTADO POR EMPRESA ESPECIALIZADA.,8499.96,A4 VIGILANCIA E SEGURANCA PATRIMONIAL EIRELI - EPP
123086,2023,4,SERVIÇO DE SEGURANÇA PRESTADO POR EMPRESA ESPECIALIZADA.,8499.96,A4 VIGILANCIA E SEGURANCA PATRIMONIAL EIRELI - EPP
123086,2023,5,SERVIÇO DE SEGURANÇA PRESTADO POR EMPRESA ESPECIALIZADA.,8499.96,A4 VIGILANCIA E SEGURANCA PATRIMONIAL EIRELI - EPP
123086,2023,6,SERVIÇO DE SEGURANÇA PRESTADO POR EMPRESA ESPECIALIZADA.,8499.96,A4 VIGILANCIA E SEGURANCA PATRIMONIAL EIRELI - EPP
123086,2023,7,SERVIÇO DE SEGURANÇA PRESTADO POR EMPRESA ESPECIALIZADA.,8499.96,A4 VIGILANCIA E SEGURANCA PATRIMONIAL EIRELI - EPP
123086,2023,8,SERVIÇO DE SEGURANÇA PRESTADO POR EMPRESA ESPECIALIZADA.,8499.96,A4 VIGILANCIA E SEGURANCA PATRIMONIAL EIRELI - EPP
123086,2023,9,SERVIÇO DE SEGURANÇA PRESTADO POR EMPRESA ESPECIALIZADA.,8499.96,A4 VIGILANCIA E SEGURANCA PATRIMONIAL EIRELI - EPP
123086,2023,10,SERVIÇO DE SEGURANÇA PRESTADO POR EMPRESA ESPECIALIZADA.,8499.96,A4 VIGILANCIA E SEGURANCA PATRIMONIAL EIRELI - EPP
123086,2023,12,SERVIÇO DE SEGURANÇA PRESTADO POR EMPRESA ESPECIALIZADA.,8499.96,A4 VIGILANCIA E SEGURANCA PATRIMONIAL EIRELI - EPP
123086,2023,2,PASSAGEM AÉREA - REEMBOLSO,1559.62,Gol Linhas Aereas S.A.
123086,2023,5,PASSAGEM AÉREA - REEMBOLSO,2054.94,PASSAREDO
123086,2023,5,TELEFONIA,104.9,Claro NXT Telecomunicações S.A
123086,2023,6,TELEFONIA,104.9,Claro NXT Telecomunicações S.A
123086,2023,7,TELEFONIA,104.9,Claro NXT Telecomunicações S.A
123086,2023,8,TELEFONIA,104.9,Claro NXT Telecomunicações S.A
123086,2023,9,TELEFONIA,104.9,Claro NXT Telecomunicações S.A
123086,2023,10,TELEFONIA,103.91,Claro NXT Telecomunicações S.A
123086,2023,11,TELEFONIA,104.9,Claro NXT Telecomunicações S.A
123086,2023,4,TELEFONIA,480.91,TELEFÔNICA BRASIL S.A
123086,2023,7,TELEFONIA,500.0,TELEFÔNICA BRASIL S.A
123086,2023,5,TELEFONIA,500.0,Telefônica Brasil S.A. VIVO
123086,2023,9,TELEFONIA,169.99,TIM S.A
123086,2023,9,TELEFONIA,109.89,TIM S.A
123086,2023,11,TELEFONIA,144.7,TIM SA
123086,2023,3,TELEFONIA,119.52,TIM SA
123086,2023,4,TELEFONIA,170.27,TIM SA
123086,2023,4,TELEFONIA,124.99,TIM SA
123086,2023,5,TELEFONIA,169.99,TIM SA
123086,2023,5,TELEFONIA,124.99,TIM SA
123086,2023,6,TELEFONIA,169.99,TIM SA
123086,2023,6,TELEFONIA,124.99,TIM SA
123086,2023,7,TELEFONIA,217.75,TIM SA
123086,2023,7,TELEFONIA,124.99,TIM SA
123086,2023,8,TELEFONIA,203.82,TIM SA
123086,2023,8,TELEFONIA,99.99,TIM SA
123086,2023,10,TELEFONIA,209.83,TIM SA
123086,2023,10,TELEFONIA,110.97,TIM SA
123086,2023,11,TELEFONIA,169.99,TIM SA
123086,2023,12,TELEFONIA,169.99,TIM SA
123086,2023,12,TELEFONIA,122.36,TIM SA
123086,2023,9,"HOSPEDAGEM ,EXCETO DO PARLAMENTAR NO DISTRITO FEDERAL.",1586.65,ALAFT MONTEVIDEO
123086,2023,2,LOCAÇÃO OU FRETAMENTO DE VEÍCULOS AUTOMOTORES,12700.0,CAPITAL SERVICOS LTDA
123086,2023,4,LOCAÇÃO OU FRETAMENTO DE VEÍCULOS AUTOMOTORES,12700.0,CAPITAL SERVICOS LTDA
123086,2023,3,LOCAÇÃO OU FRETAMENTO DE VEÍCULOS AUTOMOTORES,12700.0,CAPITAL SERVIÇOS LTDA
123086,2023,5,LOCAÇÃO OU FRETAMENTO DE VEÍCULOS AUTOMOTORES,12700.0,CAPITAL SERVIÇOS LTDA
123086,2023,6,LOCAÇÃO OU FRETAMENTO DE VEÍCULOS AUTOMOTORES,12700.0,CAPITAL SERVIÇOS LTDA
123086,2023,7,LOCAÇÃO OU FRETAMENTO DE VEÍCULOS AUTOMOTORES,12700.0,CAPITAL SERVIÇOS LTDA
123086,2023,8,LOCAÇÃO OU FRETAMENTO DE VEÍCULOS AUTOMOTORES,12700.0,CAPITAL SERVIÇOS LTDA
123086,2023,9,LOCAÇÃO OU FRETAMENTO DE VEÍCULOS AUTOMOTORES,12700.0,CAPITAL SERVIÇOS LTDA
123086,2023,10,LOCAÇÃO OU FRETAMENTO DE VEÍCULOS AUTOMOTORES,12700.0,CAPITAL SERVIÇOS LTDA
123086,2023,11,LOCAÇÃO OU FRETAMENTO DE VEÍCULOS AUTOMOTORES,12700.0,CAPITAL SERVIÇOS LTDA
123086,2023,11,PASSAGEM AÉREA - SIGEPA,1064.35,AZUL
123086,2023,10,PASSAGEM AÉREA - SIGEPA,-52.74,AZUL
123086,2023,10,PASSAGEM AÉREA - SIGEPA,823.79,AZUL
123086,2023,10,PASSAGEM AÉREA - SIGEPA,879.38,AZUL
123086,2023,8,PASSAGEM AÉREA - SIGEPA,1849.91,GOL
123086,2023,8,PASSAGEM AÉREA - SIGEPA,2004.87,GOL
123086,2023,9,PASSAGEM AÉREA - SIGEPA,50.0,GOL
123086,2023,9,PASSAGEM AÉREA - SIGEPA,1861.54,GOL
123086,2023,10,PASSAGEM AÉREA - SIGEPA,50.0,GOL
123086,2023,10,PASSAGEM AÉREA - SIGEPA,1911.89,GOL
123086,2023,11,PASSAGEM AÉREA - SIGEPA,1918.28,GOL
123086,2023,12,PASSAGEM AÉREA - SIGEPA,50.0,GOL
123086,2023,12,PASSAGEM AÉREA - SIGEPA,1008.35,GOL
123086,2023,12,PASSAGEM AÉREA - SIGEPA,50.0,GOL
123086,2023,12,PASSAGEM AÉREA - SIGEPA,50.0,GOL
123086,2023,12,PASSAGEM AÉREA - SIGEPA,1806.31,GOL
123086,2023,4,PASSAGEM AÉREA - SIGEPA,632.34,GOL
123086,2023,6,PASSAGEM AÉREA - SIGEPA,1963.19,GOL
123086,2023,2,PASSAGEM AÉREA - SIGEPA,55.0,TAM
123086,2023,2,PASSAGEM AÉREA - SIGEPA,1366.37,TAM
123086,2023,2,PASSAGEM AÉREA - SIGEPA,69.0,TAM
123086,2023,2,PASSAGEM AÉREA - SIGEPA,1377.74,TAM
123086,2023,2,PASSAGEM AÉREA - SIGEPA,-1228.38,TAM
123086,2023,2,PASSAGEM AÉREA - SIGEPA,1228.38,TAM
123086,2023,2,PASSAGEM AÉREA - SIGEPA,69.0,TAM
123086,2023,2,PASSAGEM AÉREA - SIGEPA,79.0,TAM
123086,2023,2,PASSAGEM AÉREA - SIGEPA,1377.74,TAM
123086,2023,2,PASSAGEM AÉREA - SIGEPA,69.0,TAM
123086,2023,2,PASSAGEM AÉREA - SIGEPA,1380.29,TAM
123086,2023,2,PASSAGEM AÉREA - SIGEPA,1366.37,TAM
123086,2023,3,PASSAGEM AÉREA - SIGEPA,55.0,TAM
123086,2023,3,PASSAGEM AÉREA - SIGEPA,55.0,TAM
123086,2023,3,PASSAGEM AÉREA - SIGEPA,2217.43,TAM
123086,2023,3,PASSAGEM AÉREA - SIGEPA,1088.48,TAM
123086,2023,3,PASSAGEM AÉREA - SIGEPA,1380.29,TAM
123086,2023,4,PASSAGEM AÉREA - SIGEPA,1703.46,TAM
123086,2023,4,PASSAGEM AÉREA - SIGEPA,79.0,TAM
123086,2023,4,PASSAGEM AÉREA - SIGEPA,1217.64,TAM
123086,2023,5,PASSAGEM AÉREA - SIGEPA,1808.37,TAM
123086,2023,5,PASSAGEM AÉREA - SIGEPA,1377.93,TAM
123086,2023,6,PASSAGEM AÉREA - SIGEPA,2122.92,TAM
123086,2023,6,PASSAGEM AÉREA - SIGEPA,2107.95,TAM
123086,2023,6,PASSAGEM AÉREA - SIGEPA,79.0,TAM
123086,2023,6,PASSAGEM AÉREA - SIGEPA,956.01,TAM
123086,2023,6,PASSAGEM AÉREA - SIGEPA,1366.37,TAM
123086,2023,6,PASSAGEM AÉREA - SIGEPA,75.0,TAM
123086,2023,6,PASSAGEM AÉREA - SIGEPA,75.0,TAM
123086,2023,6,PASSAGEM AÉREA - SIGEPA,1013.35,TAM
123086,2023,6,PASSAGEM AÉREA - SIGEPA,1366.37,TAM
123086,2023,6,PASSAGEM AÉREA - SIGEPA,1381.34,TAM
123086,2023,6,PASSAGEM AÉREA - SIGEPA,-1381.34,TAM
123086,2023,7,PASSAGEM AÉREA - SIGEPA,55.0,TAM
123086,2023,7,PASSAGEM AÉREA - SIGEPA,1233.11,TAM
123086,2023,7,PASSAGEM AÉREA - SIGEPA,1279.86,TAM
123086,2023,8,PASSAGEM AÉREA - SIGEPA,55.0,TAM
123086,2023,8,PASSAGEM AÉREA - SIGEPA,1177.72,TAM
123086,2023,8,PASSAGEM AÉREA - SIGEPA,59.0,TAM
123086,2023,8,PASSAGEM AÉREA - SIGEPA,853.11,TAM
123086,2023,8,PASSAGEM AÉREA - SIGEPA,55.0,TAM
123086,2023,8,PASSAGEM AÉREA - SIGEPA,1366.37,TAM
123086,2023,8,PASSAGEM AÉREA - SIGEPA,11.56,TAM
123086,2023,10,PASSAGEM AÉREA - SIGEPA,79.0,TAM
123086,2023,10,PASSAGEM AÉREA - SIGEPA,1381.34,TAM
123086,2023,10,PASSAGEM AÉREA - SIGEPA,55.0,TAM
123086,2023,10,PASSAGEM AÉREA - SIGEPA,1107.33,TAM
123086,2023,10,PASSAGEM AÉREA - SIGEPA,55.0,TAM
123086,2023,10,PASSAGEM AÉREA - SIGEPA,885.92,TAM
123086,2023,10,PASSAGEM AÉREA - SIGEPA,59.0,TAM
123086,2023,10,PASSAGEM AÉREA - SIGEPA,1367.51,TAM
123086,2023,10,PASSAGEM AÉREA - SIGEPA,79.0,TAM
123086,2023,10,PASSAGEM AÉREA - SIGEPA,1381.34,TAM
123086,2023,11,PASSAGEM AÉREA - SIGEPA,481.59,TAM
123086,2023,11,PASSAGEM AÉREA - SIGEPA,79.0,TAM
123086,2023,11,PASSAGEM AÉREA - SIGEPA,974.19,TAM
123086,2023,11,PASSAGEM AÉREA - SIGEPA,79.0,TAM
123086,2023,11,PASSAGEM AÉREA - SIGEPA,755.22,TAM
123086,2023,11,PASSAGEM AÉREA - SIGEPA,-430.91,TAM
123086,2023,11,PASSAGEM AÉREA - SIGEPA,55.0,TAM
123086,2023,11,PASSAGEM AÉREA - SIGEPA,1367.51,TAM
123086,2023,11,PASSAGEM AÉREA - SIGEPA,-43.34,TAM
123086,2023,11,PASSAGEM AÉREA - SIGEPA,79.0,TAM
123086,2023,11,PASSAGEM AÉREA - SIGEPA,645.61,TAM
123086,2023,12,PASSAGEM AÉREA - SIGEPA,55.0,TAM
123086,2023,11,PASSAGEM AÉREA - SIGEPA,59.0,TAM
123086,2023,11,PASSAGEM AÉREA - SIGEPA,1367.51,TAM
123086,2023,12,PASSAGEM AÉREA - SIGEPA,-43.34,TAM
123086,2023,12,PASSAGEM AÉREA - SIGEPA,468.1,TAM
123086,2023,12,PASSAGEM AÉREA - SIGEPA,-29.51,TAM
123086,2023,12,PASSAGEM AÉREA - SIGEPA,95.0,TAM
123086,2023,12,PASSAGEM AÉREA - SIGEPA,1367.51,TAM
123086,2023,12,PASSAGEM AÉREA - SIGEPA,-29.51,TAM
123086,2023,12,PASSAGEM AÉREA - SIGEPA,61.0,TAM
123086,2023,12,PASSAGEM AÉREA - SIGEPA,83.0,TAM
123086,2023,12,PASSAGEM AÉREA - SIGEPA,1367.51,TAM
123086,2023,12,PASSAGEM AÉREA - SIGEPA,-1367.51,TAM
123086,2023,12,PASSAGEM AÉREA - SIGEPA,65.0,TAM
123086,2023,12,PASSAGEM AÉREA - SIGEPA,105.0,TAM
123086,2023,12,PASSAGEM AÉREA - SIGEPA,1367.51,TAM
123086,2023,12,PASSAGEM AÉREA - SIGEPA,61.0,TAM
123086,2023,12,PASSAGEM AÉREA - SIGEPA,1367.51,TAM
123086,2023,12,PASSAGEM AÉREA - SIGEPA,2179.57,TAM
123086,2023,9,PASSAGEM AÉREA - RPA,4915.34,Cia Aérea - GOL
123086,2023,12,PASSAGEM AÉREA - RPA,-2750.73,Cia Aérea - TAM
123086,2024,7,MANUTENÇÃO DE ESCRITÓRIO DE APOIO À ATIVIDADE PARLAMENTAR,4000.0,ANTONIETA  LIRA E SILVA
123086,2024,8,MANUTENÇÃO DE ESCRITÓRIO DE APOIO À ATIVIDADE PARLAMENTAR,4000.0,ANTONIETA  LIRA E SILVA
123086,2024,9,MANUTENÇÃO DE ESCRITÓRIO DE APOIO À ATIVIDADE PARLAMENTAR,4000.0,ANTONIETA  LIRA E SILVA
123086,2024,10,MANUTENÇÃO DE ESCRITÓRIO DE APOIO À ATIVIDADE PARLAMENTAR,4000.0,ANTONIETA  LIRA E SILVA
123086,2024,11,MANUTENÇÃO DE ESCRITÓRIO DE APOIO À ATIVIDADE PARLAMENTAR,4000.0,ANTONIETA  LIRA E SILVA
123086,2024,1,MANUTENÇÃO DE ESCRITÓRIO DE APOIO À ATIVIDADE PARLAMENTAR,4000.0,ANTONIETA  LIRA E SILVA
123086,2024,6,MANUTENÇÃO DE ESCRITÓRIO DE APOIO À ATIVIDADE PARLAMENTAR,4000.0,ANTONIETA  LIRA E SILVA
123086,2024,12,MANUTENÇÃO DE ESCRITÓRIO DE APOIO À ATIVIDADE PARLAMENTAR,4000.0,ANTONIETA  LIRA E SILVA
123086,2024,3,MANUTENÇÃO DE ESCRITÓRIO DE APOIO À ATIVIDADE PARLAMENTAR,411.78,CONDOMÍNIO ÁLVARO PIRES
123086,2024,4,MANUTENÇÃO DE ESCRITÓRIO DE APOIO À ATIVIDADE PARLAMENTAR,411.78,CONDOMÍNIO ÁLVARO PIRES
123086,2024,5,MANUTENÇÃO DE ESCRITÓRIO DE APOIO À ATIVIDADE PARLAMENTAR,411.78,CONDOMÍNIO ÁLVARO PIRES
123086,2024,6,MANUTENÇÃO DE ESCRITÓRIO DE APOIO À ATIVIDADE PARLAMENTAR,411.78,CONDOMÍNIO ÁLVARO PIRES
123086,2024,7,MANUTENÇÃO DE ESCRITÓRIO DE APOIO À ATIVIDADE PARLAMENTAR,411.78,CONDOMÍNIO ÁLVARO PIRES
123086,2024,8,MANUTENÇÃO DE ESCRITÓRIO DE APOIO À ATIVIDADE PARLAMENTAR,411.78,CONDOMÍNIO ÁLVARO PIRES
123086,2024,3,MANUTENÇÃO DE ESCRITÓRIO DE APOIO À ATIVIDADE PARLAMENTAR,422.44,CONDOMÍNIO ÁLVARO PIRES
123086,2024,4,MANUTENÇÃO DE ESCRITÓRIO DE APOIO À ATIVIDADE PARLAMENTAR,422.44,CONDOMÍNIO ÁLVARO PIRES
123086,2024,5,MANUTENÇÃO DE ESCRITÓRIO DE APOIO À ATIVIDADE PARLAMENTAR,422.44,CONDOMÍNIO ÁLVARO PIRES
123086,2024,6,MANUTENÇÃO DE ESCRITÓRIO DE APOIO À ATIVIDADE PARLAMENTAR,422.44,CONDOMÍNIO ÁLVARO PIRES
123086,2024,7,MANUTENÇÃO DE ESCRITÓRIO DE APOIO À ATIVIDADE PARLAMENTAR,422.44,CONDOMÍNIO ÁLVARO PIRES
123086,2024,8,MANUTENÇÃO DE ESCRITÓRIO DE APOIO À ATIVIDADE PARLAMENTAR,422.44,CONDOMÍNIO ÁLVARO PIRES
123086,2024,10,MANUTENÇÃO DE ESCRITÓRIO DE APOIO À ATIVIDADE PARLAMENTAR,411.78,CONDOMÍNIO ÁLVARO PIRES
123086,2024,10,MANUTENÇÃO DE ESCRITÓRIO DE APOIO À ATIVIDADE PARLAMENTAR,422.44,CONDOMÍNIO ÁLVARO PIRES
123086,2024,12,MANUTENÇÃO DE ESCRITÓRIO DE APOIO À ATIVIDADE PARLAMENTAR,411.78,CONDOMÍNIO ÁLVARO PIRES
123086,2024,12,MANUTENÇÃO DE ESCRITÓRIO DE APOIO À ATIVIDADE PARLAMENTAR,422.44,CONDOMÍNIO ÁLVARO PIRES
123086,2024,9,MANUTENÇÃO DE ESCRITÓRIO DE APOIO À ATIVIDADE PARLAMENTAR,411.78,CONDOMÍNIO ÁLVARO PIRES
123086,2024,11,MANUTENÇÃO DE ESCRITÓRIO DE APOIO À ATIVIDADE PARLAMENTAR,411.78,CONDOMÍNIO ÁLVARO PIRES
123086,2024,9,MANUTENÇÃO DE ESCRITÓRIO DE APOIO À ATIVIDADE PARLAMENTAR,422.44,CONDOMÍNIO ÁLVARO PIRES
123086,2024,11,MANUTENÇÃO DE ESCRITÓRIO DE APOIO À ATIVIDADE PARLAMENTAR,422.44,CONDOMÍNIO ÁLVARO PIRES
123086,2024,1,MANUTENÇÃO DE ESCRITÓRIO DE APOIO À ATIVIDADE PARLAMENTAR,600.0,PARLANET WEB E TECNOLOGIA EIRELI
123086,2024,2,MANUTENÇÃO DE ESCRITÓRIO DE APOIO À ATIVIDADE PARLAMENTAR,600.0,PARLANET WEB E TECNOLOGIA EIRELI
123086,2024,4,MANUTENÇÃO DE ESCRITÓRIO DE APOIO À ATIVIDADE PARLAMENTAR,600.0,PARLANET WEB E TECNOLOGIA EIRELI
123086,2024,5,MANUTENÇÃO DE ESCRITÓRIO DE APOIO À ATIVIDADE PARLAMENTAR,600.0,PARLANET WEB E TECNOLOGIA EIRELI
123086,2024,6,MANUTENÇÃO DE ESCRITÓRIO DE APOIO À ATIVIDADE PARLAMENTAR,600.0,PARLANET WEB E TECNOLOGIA EIRELI
123086,2024,7,MANUTENÇÃO DE ESCRITÓRIO DE APOIO À ATIVIDADE PARLAMENTAR,600.0,PARLANET WEB E TECNOLOGIA EIRELI
123086,2024,8,MANUTENÇÃO DE ESCRITÓRIO DE APOIO À ATIVIDADE PARLAMENTAR,600.0,PARLANET WEB E TECNOLOGIA EIRELI
123086,2024,9,MANUTENÇÃO DE ESCRITÓRIO DE APOIO À ATIVIDADE PARLAMENTAR,600.0,PARLANET WEB E TECNOLOGIA EIRELI
123086,2024,10,MANUTENÇÃO DE ESCRITÓRIO DE APOIO À ATIVIDADE PARLAMENTAR,600.0,PARLANET WEB E TECNOLOGIA EIRELI
123086,2024,11,MANUTENÇÃO DE ESCRITÓRIO DE APOIO À ATIVIDADE PARLAMENTAR,600.0,PARLANET WEB E TECNOLOGIA EIRELI
123086,2024,12,MANUTENÇÃO DE ESCRITÓRIO DE APOIO À ATIVIDADE PARLAMENTAR,600.0,PARLANET WEB E TECNOLOGIA EIRELI
123086,2024,3,MANUTENÇÃO DE ESCRITÓRIO DE APOIO À ATIVIDADE PARLAMENTAR,600.0,PARLANET WEB E TECNOLOGIA EIRELI.
123086,2024,1,MANUTENÇÃO DE ESCRITÓRIO DE APOIO À ATIVIDADE PARLAMENTAR,411.58,PREDIAL ADMINISTRADORA DE CONDOMINIOS LTDA
123086,2024,1,MANUTENÇÃO DE ESCRITÓRIO DE APOIO À ATIVIDADE PARLAMENTAR,422.24,PREDIAL ADMINISTRADORA DE CONDOMINIOS LTDA
123086,2024,2,MANUTENÇÃO DE ESCRITÓRIO DE APOIO À ATIVIDADE PARLAMENTAR,422.24,PREDIAL ADMINISTRADORA DE CONDOMINIOS LTDA
123086,2024,2,MANUTENÇÃO DE ESCRITÓRIO DE APOIO À ATIVIDADE PARLAMENTAR,411.58,PREDIAL ADMINISTRADORA DE CONDOMINIOS LTDA
123086,2024,2,COMBUSTÍVEIS E LUBRIFICANTES.,350.05,031 - 302 NORTE - CASCOL COMBUSTIVEIS PARA VEICULOS LTDA
123086,2024,4,COMBUSTÍVEIS E LUBRIFICANTES.,346.83,031 - 302 NORTE - CASCOL COMBUSTIVEIS PARA VEICULOS LTDA
123086,2024,5,COMBUSTÍVEIS E LUBRIFICANTES.,364.08,031 - 302 NORTE - CASCOL COMBUSTIVEIS PARA VEICULOS LTDA
123086,2024,11,COMBUSTÍVEIS E LUBRIFICANTES.,309.88,031 - 302 NORTE - CASCOL COMBUSTIVEIS PARA VEICULOS LTDA
123086,2024,11,COMBUSTÍVEIS E LUBRIFICANTES.,292.42,031 - 302 NORTE - CASCOL COMBUSTIVEIS PARA VEICULOS LTDA
123086,2024,11,COMBUSTÍVEIS E LUBRIFICANTES.,297.98,031 - 302 NORTE - CASCOL COMBUSTIVEIS PARA VEICULOS LTDA
123086,2024,12,COMBUSTÍVEIS E LUBRIFICANTES.,321.23,19 - 303 SUL - CASCOL COMBUSTIVEIS PARA VEICULOS LTDA
123086,2024,5,COMBUSTÍVEIS E LUBRIFICANTES.,300.0,AUTO POSTO 303 NORTE LTDA
123086,2024,12,COMBUSTÍVEIS E LUBRIFICANTES.,300.0,AUTO POSTO 303 NORTE LTDA
123086,2024,4,COMBUSTÍVEIS E LUBRIFICANTES.,377.58,AUTO POSTO CINCO ESTRELAS LTDA
123086,2024,4,COMBUSTÍVEIS E LUBRIFICANTES.,379.85,AUTO POSTO CINCO ESTRELAS LTDA
123086,2024,8,COMBUSTÍVEIS E LUBRIFICANTES.,256.33,AUTO POSTO CINCO ESTRELAS LTDA
123086,2024,12,COMBUSTÍVEIS E LUBRIFICANTES.,293.42,AUTO POSTO CINCO ESTRELAS LTDA
123086,2024,12,COMBUSTÍVEIS E LUBRIFICANTES.,315.35,G3 AUTO POSTO LTDA EPP
123086,2024,1,COMBUSTÍVEIS E LUBRIFICANTES.,8753.25,POSTO HOMERO CASTELO BRANCO LTDA
123086,2024,2,COMBUSTÍVEIS E LUBRIFICANTES.,8603.25,POSTO HOMERO CASTELO BRANCO LTDA
123086,2024,3,COMBUSTÍVEIS E LUBRIFICANTES.,2574.5,POSTO HOMERO CASTELO BRANCO LTDA
123086,2024,4,COMBUSTÍVEIS E LUBRIFICANTES.,3905.45,POSTO HOMERO CASTELO BRANCO LTDA
123086,2024,5,COMBUSTÍVEIS E LUBRIFICANTES.,3310.85,POSTO HOMERO CASTELO BRANCO LTDA
123086,2024,5,COMBUSTÍVEIS E LUBRIFICANTES.,5417.07,POSTO HOMERO CASTELO BRANCO LTDA
123086,2024,6,COMBUSTÍVEIS E LUBRIFICANTES.,8935.0,POSTO HOMERO CASTELO BRANCO LTDA
123086,2024,7,COMBUSTÍVEIS E LUBRIFICANTES.,8506.37,POSTO HOMERO CASTELO BRANCO LTDA
123086,2024,8,COMBUSTÍVEIS E LUBRIFICANTES.,8899.44,POSTO HOMERO CASTELO BRANCO LTDA
123086,2024,9,COMBUSTÍVEIS E LUBRIFICANTES.,9198.5,POSTO HOMERO CASTELO BRANCO LTDA
123086,2024,10,COMBUSTÍVEIS E LUBRIFICANTES.,9253.44,POSTO HOMERO CASTELO BRANCO LTDA
123086,2024,11,COMBUSTÍVEIS E LUBRIFICANTES.,7830.45,POSTO HOMERO CASTELO BRANCO LTDA
123086,2024,5,COMBUSTÍVEIS E LUBRIFICANTES.,5417.07,AERODROMO CANAA LTDA
123086,2024,5,COMBUSTÍVEIS E LUBRIFICANTES.,-0.0,AERODROMO CANAA LTDA
123086,2024,3,COMBUSTÍVEIS E LUBRIFICANTES.,6817.5,DR COMBUSTIVEIS PARA AVIACAO LTDA
123086,2024,4,COMBUSTÍVEIS E LUBRIFICANTES.,4234.4,J W SARAIVA E CIA LTDA
123086,2024,10,DIVULGAÇÃO DA ATIVIDADE PARLAMENTAR.,4500.0,AVANCE DIGITAL LTDA
123086,2024,12,DIVULGAÇÃO DA ATIVIDADE PARLAMENTAR.,3000.0,ELDORADO COMUNICACAO E JORNALISMO LTDA
123086,2024,1,DIVULGAÇÃO DA ATIVIDADE PARLAMENTAR.,3000.0,F ANDRADE DA SILVA EIRELI
123086,2024,2,DIVULGAÇÃO DA ATIVIDADE PARLAMENTAR.,3000.0,F ANDRADE DA SILVA EIRELI
123086,2024,3,DIVULGAÇÃO DA ATIVIDADE PARLAMENTAR.,3000.0,F ANDRADE DA SILVA EIRELI
123086,2024,4,DIVULGAÇÃO DA ATIVIDADE PARLAMENTAR.,3000.0,F ANDRADE DA SILVA EIRELI
123086,2024,5,DIVULGAÇÃO DA ATIVIDADE PARLAMENTAR.,3000.0,F ANDRADE DA SILVA EIRELI
123086,2024,6,DIVULGAÇÃO DA ATIVIDADE PARLAMENTAR.,3000.0,F ANDRADE DA SILVA EIRELI
123086,2024,7,DIVULGAÇÃO DA ATIVIDADE PARLAMENTAR.,3000.0,F ANDRADE DA SILVA EIRELI
123086,2024,1,DIVULGAÇÃO DA ATIVIDADE PARLAMENTAR.,3200.0,VERBO COMUNICAÇÃO
123086,2024,2,DIVULGAÇÃO DA ATIVIDADE PARLAMENTAR.,3200.0,VERBO COMUNICAÇÃO
123086,2024,3,DIVULGAÇÃO DA ATIVIDADE PARLAMENTAR.,3200.0,VERBO COMUNICAÇÃO
123086,2024,4,DIVULGAÇÃO DA ATIVIDADE PARLAMENTAR.,3200.0,VERBO COMUNICAÇÃO
123086,2024,5,DIVULGAÇÃO DA ATIVIDADE PARLAMENTAR.,3200.0,VERBO COMUNICAÇÃO
123086,2024,6,DIVULGAÇÃO DA ATIVIDADE PARLAMENTAR.,3200.0,VERBO COMUNICAÇÃO
123086,2024,7,DIVULGAÇÃO DA ATIVIDADE PARLAMENTAR.,3200.0,VERBO COMUNICAÇÃO
123086,2024,8,DIVULGAÇÃO DA ATIVIDADE PARLAMENTAR.,3200.0,VERBO COMUNICAÇÃO
123086,2024,9,DIVULGAÇÃO DA ATIVIDADE PARLAMENTAR.,3200.0,VERBO COMUNICAÇÃO
123086,2024,10,DIVULGAÇÃO DA ATIVIDADE PARLAMENTAR.,3200.0,VERBO COMUNICAÇÃO
123086,2024,11,DIVULGAÇÃO DA ATIVIDADE PARLAMENTAR.,3200.0,VERBO COMUNICAÇÃO
123086,2024,2,SERVIÇO DE SEGURANÇA PRESTADO POR EMPRESA ESPECIALIZADA.,8499.96,A4 VIGILANCIA E SEGURANCA PATRIMONIAL EIRELI - EPP
123086,2024,3,SERVIÇO DE SEGURANÇA PRESTADO POR EMPRESA ESPECIALIZADA.,8499.96,A4 VIGILANCIA E SEGURANCA PATRIMONIAL EIRELI - EPP
123086,2024,4,SERVIÇO DE SEGURANÇA PRESTADO POR EMPRESA ESPECIALIZADA.,8499.96,A4 VIGILANCIA E SEGURANCA PATRIMONIAL EIRELI - EPP
123086,2024,5,SERVIÇO DE SEGURANÇA PRESTADO POR EMPRESA ESPECIALIZADA.,8499.96,A4 VIGILANCIA E SEGURANCA PATRIMONIAL EIRELI - EPP
123086,2024,6,SERVIÇO DE SEGURANÇA PRESTADO POR EMPRESA ESPECIALIZADA.,8499.96,A4 VIGILANCIA E SEGURANCA PATRIMONIAL EIRELI - EPP
123086,2024,7,SERVIÇO DE SEGURANÇA PRESTADO POR EMPRESA ESPECIALIZADA.,8499.96,A4 VIGILANCIA E SEGURANCA PATRIMONIAL EIRELI - EPP
123086,2024,8,SERVIÇO DE SEGURANÇA PRESTADO POR EMPRESA ESPECIALIZADA.,8499.96,A4 VIGILANCIA E SEGURANCA PATRIMONIAL EIRELI - EPP
123086,2024,9,SERVIÇO DE SEGURANÇA PRESTADO POR EMPRESA ESPECIALIZADA.,8499.96,A4 VIGILANCIA E SEGURANCA PATRIMONIAL EIRELI - EPP
123086,2024,10,SERVIÇO DE SEGURANÇA PRESTADO POR EMPRESA ESPECIALIZADA.,8499.96,A4 VIGILANCIA E SEGURANCA PATRIMONIAL EIRELI - EPP
123086,2024,11,SERVIÇO DE SEGURANÇA PRESTADO POR EMPRESA ESPECIALIZADA.,8499.96,A4 VIGILANCIA E SEGURANCA PATRIMONIAL EIRELI - EPP
123086,2024,1,SERVIÇO DE SEGURANÇA PRESTADO POR EMPRESA ESPECIALIZADA.,8499.96,A4 VIGILANCIA E SEGURANCA PATRIMONIAL EIRELI - EPP
123086,2024,1,TELEFONIA,106.6,Claro NXT Telecomunicações S.A
123086,2024,2,TELEFONIA,106.6,Claro NXT Telecomunicações S.A
123086,2024,3,TELEFONIA,106.6,Claro NXT Telecomunicações S.A
123086,2024,4,TELEFONIA,106.6,Claro NXT Telecomunicações S.A
123086,2024,5,TELEFONIA,116.19,Claro NXT Telecomunicações S.A
123086,2024,6,TELEFONIA,231.36,Claro NXT Telecomunicações S.A
123086,2024,7,TELEFONIA,116.19,Claro NXT Telecomunicações S.A
123086,2024,9,TELEFONIA,116.19,Claro NXT Telecomunicações S.A
123086,2024,10,TELEFONIA,116.19,Claro NXT Telecomunicações S.A
123086,2024,11,TELEFONIA,116.19,Claro NXT Telecomunicações S.A
123086,2024,12,TELEFONIA,116.19,Claro NXT Telecomunicações S.A
123086,2024,8,TELEFONIA,116.19,Claro S/A
123086,2024,9,TELEFONIA,179.99,TIM S.A
123086,2024,9,TELEFONIA,134.99,TIM S.A
123086,2024,12,TELEFONIA,282.47,TIM S/A
123086,2024,12,TELEFONIA,157.98,TIM S/A
123086,2024,1,TELEFONIA,169.99,TIM SA
123086,2024,1,TELEFONIA,121.07,TIM SA
123086,2024,2,TELEFONIA,357.3,TIM SA
123086,2024,2,TELEFONIA,119.99,TIM SA
123086,2024,3,TELEFONIA,203.87,TIM SA
123086,2024,3,TELEFONIA,119.99,TIM SA
123086,2024,4,TELEFONIA,119.99,TIM SA
123086,2024,4,TELEFONIA,388.82,TIM SA
123086,2024,5,TELEFONIA,179.99,TIM SA
123086,2024,5,TELEFONIA,134.99,TIM SA
123086,2024,7,TELEFONIA,179.99,TIM SA
123086,2024,7,TELEFONIA,134.99,TIM SA
123086,2024,8,TELEFONIA,179.99,TIM SA
123086,2024,8,TELEFONIA,134.99,TIM SA
123086,2024,10,TELEFONIA,179.99,TIM SA
123086,2024,10,TELEFONIA,157.98,TIM SA
123086,2024,11,TELEFONIA,179.99,TIM SA
123086,2024,11,TELEFONIA,157.98,TIM SA
123086,2024,6,TELEFONIA,179.99,TIM SA
123086,2024,6,TELEFONIA,134.99,TIM SA
123086,2024,1,LOCAÇÃO OU FRETAMENTO DE VEÍCULOS AUTOMOTORES,12700.0,CAPITAL SERVIÇOS LTDA
123086,2024,2,LOCAÇÃO OU FRETAMENTO DE VEÍCULOS AUTOMOTORES,12700.0,F M FERREIRA DA SILVA EIRELI
123086,2024,3,LOCAÇÃO OU FRETAMENTO DE VEÍCULOS AUTOMOTORES,12700.0,F M FERREIRA DA SILVA EIRELI
123086,2024,4,LOCAÇÃO OU FRETAMENTO DE VEÍCULOS AUTOMOTORES,12700.0,F M FERREIRA DA SILVA EIRELI
123086,2024,5,LOCAÇÃO OU FRETAMENTO DE VEÍCULOS AUTOMOTORES,12700.0,F M FERREIRA DA SILVA EIRELI
123086,2024,7,LOCAÇÃO OU FRETAMENTO DE VEÍCULOS AUTOMOTORES,12700.0,F M FERREIRA DA SILVA EIRELI
123086,2024,8,LOCAÇÃO OU FRETAMENTO DE VEÍCULOS AUTOMOTORES,12700.0,F M FERREIRA DA SILVA EIRELI
123086,2024,9,LOCAÇÃO OU FRETAMENTO DE VEÍCULOS AUTOMOTORES,12700.0,F M FERREIRA DA SILVA EIRELI
123086,2024,10,LOCAÇÃO OU FRETAMENTO DE VEÍCULOS AUTOMOTORES,12700.0,F M FERREIRA DA SILVA EIRELI
123086,2024,11,LOCAÇÃO OU FRETAMENTO DE VEÍCULOS AUTOMOTORES,12700.0,F M FERREIRA DA SILVA EIRELI
123086,2024,12,LOCAÇÃO OU FRETAMENTO DE VEÍCULOS AUTOMOTORES,12700.0,F M FERREIRA DA SILVA EIRELI
123086,2024,6,LOCAÇÃO OU FRETAMENTO DE VEÍCULOS AUTOMOTORES,12700.0,F M FERREIRA DA SILVA EIRELI
123086,2024,4,PASSAGEM AÉREA - SIGEPA,3595.13,AZUL
123086,2024,4,PASSAGEM AÉREA - SIGEPA,2812.77,AZUL
123086,2024,7,PASSAGEM AÉREA - SIGEPA,-1906.63,GOL
123086,2024,7,PASSAGEM AÉREA - SIGEPA,-43.34,GOL
123086,2024,8,PASSAGEM AÉREA - SIGEPA,-1824.54,GOL
123086,2024,4,PASSAGEM AÉREA - SIGEPA,-43.34,GOL
123086,2024,4,PASSAGEM AÉREA - SIGEPA,-72.85,GOL
123086,2024,2,PASSAGEM AÉREA - SIGEPA,1815.08,GOL
123086,2024,4,PASSAGEM AÉREA - SIGEPA,53.0,GOL
123086,2024,4,PASSAGEM AÉREA - SIGEPA,53.0,GOL
123086,2024,4,PASSAGEM AÉREA - SIGEPA,1623.37,GOL
123086,2024,7,PASSAGEM AÉREA - SIGEPA,1920.65,GOL
123086,2024,8,PASSAGEM AÉREA - SIGEPA,-1826.1,GOL
123086,2024,8,PASSAGEM AÉREA - SIGEPA,1969.91,GOL
123086,2024,10,PASSAGEM AÉREA - SIGEPA,1994.51,GOL
123086,2024,4,PASSAGEM AÉREA - SIGEPA,-278.94,GOL
123086,2024,5,PASSAGEM AÉREA - SIGEPA,-1668.36,GOL
123086,2024,1,PASSAGEM AÉREA - SIGEPA,65.0,TAM
123086,2024,1,PASSAGEM AÉREA - SIGEPA,94.0,TAM
123086,2024,1,PASSAGEM AÉREA - SIGEPA,1381.34,TAM
123086,2024,1,PASSAGEM AÉREA - SIGEPA,98.0,TAM
123086,2024,1,PASSAGEM AÉREA - SIGEPA,1381.34,TAM
123086,2024,1,PASSAGEM AÉREA - SIGEPA,61.0,TAM
123086,2024,1,PASSAGEM AÉREA - SIGEPA,83.0,TAM
123086,2024,1,PASSAGEM AÉREA - SIGEPA,1381.34,TAM
123086,2024,1,PASSAGEM AÉREA - SIGEPA,61.0,TAM
123086,2024,1,PASSAGEM AÉREA - SIGEPA,83.0,TAM
123086,2024,1,PASSAGEM AÉREA - SIGEPA,1368.76,TAM
123086,2024,1,PASSAGEM AÉREA - SIGEPA,72.0,TAM
123086,2024,1,PASSAGEM AÉREA - SIGEPA,1392.2,TAM
123086,2024,2,PASSAGEM AÉREA - SIGEPA,87.0,TAM
123086,2024,2,PASSAGEM AÉREA - SIGEPA,87.0,TAM
123086,2024,2,PASSAGEM AÉREA - SIGEPA,2748.85,TAM
123086,2024,2,PASSAGEM AÉREA - SIGEPA,94.0,TAM
123086,2024,2,PASSAGEM AÉREA - SIGEPA,1367.51,TAM
123086,2024,2,PASSAGEM AÉREA - SIGEPA,61.0,TAM
123086,2024,2,PASSAGEM AÉREA - SIGEPA,61.0,TAM
123086,2024,2,PASSAGEM AÉREA - SIGEPA,2748.85,TAM
123086,2024,2,PASSAGEM AÉREA - SIGEPA,794.91,TAM
123086,2024,2,PASSAGEM AÉREA - SIGEPA,61.0,TAM
123086,2024,2,PASSAGEM AÉREA - SIGEPA,547.39,TAM
123086,2024,2,PASSAGEM AÉREA - SIGEPA,87.0,TAM
123086,2024,2,PASSAGEM AÉREA - SIGEPA,1381.34,TAM
123086,2024,2,PASSAGEM AÉREA - SIGEPA,87.0,TAM
123086,2024,2,PASSAGEM AÉREA - SIGEPA,1367.51,TAM
123086,2024,2,PASSAGEM AÉREA - SIGEPA,87.0,TAM
123086,2024,2,PASSAGEM AÉREA - SIGEPA,1093.5,TAM
123086,2024,2,PASSAGEM AÉREA - SIGEPA,442.0,TAM
123086,2024,2,PASSAGEM AÉREA - SIGEPA,372.48,TAM
123086,2024,3,PASSAGEM AÉREA - SIGEPA,490.41,TAM
123086,2024,3,PASSAGEM AÉREA - SIGEPA,688.55,TAM
123086,2024,3,PASSAGEM AÉREA - SIGEPA,1877.32,TAM
123086,2024,3,PASSAGEM AÉREA - SIGEPA,820.12,TAM
123086,2024,4,PASSAGEM AÉREA - SIGEPA,1825.56,TAM
123086,2024,4,PASSAGEM AÉREA - SIGEPA,59.0,TAM
123086,2024,4,PASSAGEM AÉREA - SIGEPA,1367.51,TAM
123086,2024,4,PASSAGEM AÉREA - SIGEPA,88.0,TAM
123086,2024,4,PASSAGEM AÉREA - SIGEPA,94.0,TAM
123086,2024,4,PASSAGEM AÉREA - SIGEPA,2752.32,TAM
123086,2024,4,PASSAGEM AÉREA - SIGEPA,55.0,TAM
123086,2024,4,PASSAGEM AÉREA - SIGEPA,1367.51,TAM
123086,2024,4,PASSAGEM AÉREA - SIGEPA,1626.56,TAM
123086,2024,5,PASSAGEM AÉREA - SIGEPA,1809.51,TAM
123086,2024,5,PASSAGEM AÉREA - SIGEPA,64.0,TAM
123086,2024,5,PASSAGEM AÉREA - SIGEPA,1367.51,TAM
123086,2024,5,PASSAGEM AÉREA - SIGEPA,86.0,TAM
123086,2024,5,PASSAGEM AÉREA - SIGEPA,1367.51,TAM
123086,2024,5,PASSAGEM AÉREA - SIGEPA,680.1,TAM
123086,2024,5,PASSAGEM AÉREA - SIGEPA,1809.51,TAM
123086,2024,5,PASSAGEM AÉREA - SIGEPA,1825.56,TAM
123086,2024,5,PASSAGEM AÉREA - SIGEPA,-233.9,TAM
123086,2024,5,PASSAGEM AÉREA - SIGEPA,64.0,TAM
123086,2024,5,PASSAGEM AÉREA - SIGEPA,1601.41,TAM
123086,2024,6,PASSAGEM AÉREA - SIGEPA,1825.56,TAM
123086,2024,6,PASSAGEM AÉREA - SIGEPA,68.0,TAM
123086,2024,6,PASSAGEM AÉREA - SIGEPA,90.0,TAM
123086,2024,6,PASSAGEM AÉREA - SIGEPA,2751.07,TAM
123086,2024,6,PASSAGEM AÉREA - SIGEPA,105.76,TAM
123086,2024,6,PASSAGEM AÉREA - SIGEPA,1959.56,TAM
123086,2024,6,PASSAGEM AÉREA - SIGEPA,-237.9,TAM
123086,2024,6,PASSAGEM AÉREA - SIGEPA,68.0,TAM
123086,2024,6,PASSAGEM AÉREA - SIGEPA,1605.41,TAM
123086,2024,6,PASSAGEM AÉREA - SIGEPA,90.0,TAM
123086,2024,6,PASSAGEM AÉREA - SIGEPA,1437.46,TAM
123086,2024,6,PASSAGEM AÉREA - SIGEPA,1127.46,TAM
123086,2024,7,PASSAGEM AÉREA - SIGEPA,1943.51,TAM
123086,2024,7,PASSAGEM AÉREA - SIGEPA,413.53,TAM
123086,2024,7,PASSAGEM AÉREA - SIGEPA,1266.34,TAM
123086,2024,8,PASSAGEM AÉREA - SIGEPA,100.0,TAM
123086,2024,8,PASSAGEM AÉREA - SIGEPA,1468.51,TAM
123086,2024,8,PASSAGEM AÉREA - SIGEPA,1463.46,TAM
123086,2024,9,PASSAGEM AÉREA - SIGEPA,21.1,TAM
123086,2024,9,PASSAGEM AÉREA - SIGEPA,75.0,TAM
123086,2024,9,PASSAGEM AÉREA - SIGEPA,1469.95,TAM
123086,2024,9,PASSAGEM AÉREA - SIGEPA,75.0,TAM
123086,2024,9,PASSAGEM AÉREA - SIGEPA,1209.07,TAM
123086,2024,9,PASSAGEM AÉREA - SIGEPA,75.0,TAM
123086,2024,9,PASSAGEM AÉREA - SIGEPA,1469.95,TAM
123086,2024,9,PASSAGEM AÉREA - SIGEPA,65.0,TAM
123086,2024,9,PASSAGEM AÉREA - SIGEPA,1209.07,TAM
123086,2024,9,PASSAGEM AÉREA - SIGEPA,75.0,TAM
123086,2024,9,PASSAGEM AÉREA - SIGEPA,1484.56,TAM
123086,2024,10,PASSAGEM AÉREA - SIGEPA,75.0,TAM
123086,2024,10,PASSAGEM AÉREA - SIGEPA,1484.56,TAM
123086,2024,10,PASSAGEM AÉREA - SIGEPA,75.0,TAM
123086,2024,10,PASSAGEM AÉREA - SIGEPA,1492.57,TAM
123086,2024,10,PASSAGEM AÉREA - SIGEPA,75.0,TAM
123086,2024,10,PASSAGEM AÉREA - SIGEPA,75.0,TAM
123086,2024,10,PASSAGEM AÉREA - SIGEPA,2728.88,TAM
123086,2024,10,PASSAGEM AÉREA - SIGEPA,75.0,TAM
123086,2024,10,PASSAGEM AÉREA - SIGEPA,1469.95,TAM
123086,2024,11,PASSAGEM AÉREA - SIGEPA,75.0,TAM
123086,2024,11,PASSAGEM AÉREA - SIGEPA,1469.95,TAM
123086,2024,11,PASSAGEM AÉREA - SIGEPA,1944.95,TAM
123086,2024,11,PASSAGEM AÉREA - SIGEPA,75.0,TAM
123086,2024,11,PASSAGEM AÉREA - SIGEPA,1469.95,TAM
123086,2024,11,PASSAGEM AÉREA - SIGEPA,75.0,TAM
123086,2024,11,PASSAGEM AÉREA - SIGEPA,1418.92,TAM
123086,2024,11,PASSAGEM AÉREA - SIGEPA,1957.33,TAM
123086,2024,11,PASSAGEM AÉREA - SIGEPA,754.63,TAM
123086,2024,11,PASSAGEM AÉREA - SIGEPA,100.0,TAM
123086,2024,11,PASSAGEM AÉREA - SIGEPA,479.85,TAM
123086,2024,12,PASSAGEM AÉREA - SIGEPA,1145.57,TAM
123086,2024,12,PASSAGEM AÉREA - SIGEPA,1469.95,TAM
123086,2024,12,PASSAGEM AÉREA - SIGEPA,75.0,TAM
123086,2024,12,PASSAGEM AÉREA - SIGEPA,1470.44,TAM
123086,2024,12,PASSAGEM AÉREA - SIGEPA,75.0,TAM
123086,2024,12,PASSAGEM AÉREA - SIGEPA,1469.95,TAM
123086,2024,12,PASSAGEM AÉREA - SIGEPA,75.0,TAM
123086,2024,12,PASSAGEM AÉREA - SIGEPA,1469.95,TAM
123086,2024,12,PASSAGEM AÉREA - SIGEPA,110.0,TAM
123086,2024,12,PASSAGEM AÉREA - SIGEPA,1469.95,TAM
123086,2024,12,PASSAGEM AÉREA - SIGEPA,70.0,TAM
123086,2024,12,PASSAGEM AÉREA - SIGEPA,813.46,TAM
123086,2024,12,PASSAGEM AÉREA - SIGEPA,75.0,TAM
123086,2024,12,PASSAGEM AÉREA - SIGEPA,1469.95,TAM
123086,2024,12,PASSAGEM AÉREA - SIGEPA,-1469.95,TAM
123086,2024,12,PASSAGEM AÉREA - SIGEPA,75.0,TAM
123086,2024,12,PASSAGEM AÉREA - SIGEPA,1469.95,TAM
123086,2024,12,PASSAGEM AÉREA - SIGEPA,-30.95,TAM
123086,2024,12,PASSAGEM AÉREA - SIGEPA,100.0,TAM
123086,2024,12,PASSAGEM AÉREA - SIGEPA,1469.95,TAM
123086,2024,12,PASSAGEM AÉREA - SIGEPA,-45.56,TAM
123086,2024,12,PASSAGEM AÉREA - SIGEPA,100.0,TAM
123086,2024,12,PASSAGEM AÉREA - SIGEPA,1484.56,TAM
123086,2024,3,PASSAGEM AÉREA - RPA,3730.33,Cia Aérea - TAM
123086,2024,3,PASSAGEM AÉREA - RPA,-3630.46,Cia Aérea - TAM
123086,2024,4,PASSAGEM AÉREA - RPA,-99.87,Cia Aérea - TAM
123086,2025,8,MANUTENÇÃO DE ESCRITÓRIO DE APOIO À ATIVIDADE PARLAMENTAR,4261.45,ANTONIETA  LIRA E SILVA
123086,2025,9,MANUTENÇÃO DE ESCRITÓRIO DE APOIO À ATIVIDADE PARLAMENTAR,4261.45,ANTONIETA  LIRA E SILVA
123086,2025,10,MANUTENÇÃO DE ESCRITÓRIO DE APOIO À ATIVIDADE PARLAMENTAR,4261.45,ANTONIETA  LIRA E SILVA
123086,2025,11,MANUTENÇÃO DE ESCRITÓRIO DE APOIO À ATIVIDADE PARLAMENTAR,4261.45,ANTONIETA  LIRA E SILVA
123086,2025,12,MANUTENÇÃO DE ESCRITÓRIO DE APOIO À ATIVIDADE PARLAMENTAR,4261.45,ANTONIETA  LIRA E SILVA
123086,2025,1,MANUTENÇÃO DE ESCRITÓRIO DE APOIO À ATIVIDADE PARLAMENTAR,4261.45,ANTONIETA  LIRA E SILVA
123086,2025,2,MANUTENÇÃO DE ESCRITÓRIO DE APOIO À ATIVIDADE PARLAMENTAR,4261.45,ANTONIETA  LIRA E SILVA
123086,2025,3,MANUTENÇÃO DE ESCRITÓRIO DE APOIO À ATIVIDADE PARLAMENTAR,4261.45,ANTONIETA  LIRA E SILVA
123086,2025,4,MANUTENÇÃO DE ESCRITÓRIO DE APOIO À ATIVIDADE PARLAMENTAR,4261.45,ANTONIETA  LIRA E SILVA
123086,2025,5,MANUTENÇÃO DE ESCRITÓRIO DE APOIO À ATIVIDADE PARLAMENTAR,4261.45,ANTONIETA  LIRA E SILVA
123086,2025,6,MANUTENÇÃO DE ESCRITÓRIO DE APOIO À ATIVIDADE PARLAMENTAR,4261.45,ANTONIETA  LIRA E SILVA
123086,2025,7,MANUTENÇÃO DE ESCRITÓRIO DE APOIO À ATIVIDADE PARLAMENTAR,4261.45,Antonieta Lira Paiva e Silva
123086,2025,11,MANUTENÇÃO DE ESCRITÓRIO DE APOIO À ATIVIDADE PARLAMENTAR,411.78,CONDOMÍNIO ÁLVARO PIRES
123086,2025,11,MANUTENÇÃO DE ESCRITÓRIO DE APOIO À ATIVIDADE PARLAMENTAR,422.44,CONDOMÍNIO ÁLVARO PIRES
123086,2025,4,MANUTENÇÃO DE ESCRITÓRIO DE APOIO À ATIVIDADE PARLAMENTAR,411.78,CONDOMÍNIO ÁLVARO PIRES
123086,2025,4,MANUTENÇÃO DE ESCRITÓRIO DE APOIO À ATIVIDADE PARLAMENTAR,422.44,CONDOMÍNIO ÁLVARO PIRES
123086,2025,7,MANUTENÇÃO DE ESCRITÓRIO DE APOIO À ATIVIDADE PARLAMENTAR,411.78,CONDOMÍNIO ÁLVARO PIRES
123086,2025,7,MANUTENÇÃO DE ESCRITÓRIO DE APOIO À ATIVIDADE PARLAMENTAR,422.44,CONDOMÍNIO ÁLVARO PIRES
123086,2025,10,MANUTENÇÃO DE ESCRITÓRIO DE APOIO À ATIVIDADE PARLAMENTAR,422.44,CONDOMÍNIO ÁLVARO PIRES
123086,2025,12,MANUTENÇÃO DE ESCRITÓRIO DE APOIO À ATIVIDADE PARLAMENTAR,422.44,CONDOMÍNIO ÁLVARO PIRES
123086,2025,1,MANUTENÇÃO DE ESCRITÓRIO DE APOIO À ATIVIDADE PARLAMENTAR,411.78,CONDOMÍNIO ÁLVARO PIRES
123086,2025,2,MANUTENÇÃO DE ESCRITÓRIO DE APOIO À ATIVIDADE PARLAMENTAR,411.78,CONDOMÍNIO ÁLVARO PIRES
123086,2025,3,MANUTENÇÃO DE ESCRITÓRIO DE APOIO À ATIVIDADE PARLAMENTAR,411.78,CONDOMÍNIO ÁLVARO PIRES
123086,2025,1,MANUTENÇÃO DE ESCRITÓRIO DE APOIO À ATIVIDADE PARLAMENTAR,422.44,CONDOMÍNIO ÁLVARO PIRES
123086,2025,2,MANUTENÇÃO DE ESCRITÓRIO DE APOIO À ATIVIDADE PARLAMENTAR,422.44,CONDOMÍNIO ÁLVARO PIRES
123086,2025,3,MANUTENÇÃO DE ESCRITÓRIO DE APOIO À ATIVIDADE PARLAMENTAR,422.44,CONDOMÍNIO ÁLVARO PIRES
123086,2025,5,MANUTENÇÃO DE ESCRITÓRIO DE APOIO À ATIVIDADE PARLAMENTAR,411.78,CONDOMÍNIO ÁLVARO PIRES
123086,2025,6,MANUTENÇÃO DE ESCRITÓRIO DE APOIO À ATIVIDADE PARLAMENTAR,473.3,CONDOMÍNIO ÁLVARO PIRES
123086,2025,9,MANUTENÇÃO DE ESCRITÓRIO DE APOIO À ATIVIDADE PARLAMENTAR,411.78,CONDOMÍNIO ÁLVARO PIRES
123086,2025,10,MANUTENÇÃO DE ESCRITÓRIO DE APOIO À ATIVIDADE PARLAMENTAR,411.78,CONDOMÍNIO ÁLVARO PIRES
123086,2025,12,MANUTENÇÃO DE ESCRITÓRIO DE APOIO À ATIVIDADE PARLAMENTAR,411.78,CONDOMÍNIO ÁLVARO PIRES
123086,2025,5,MANUTENÇÃO DE ESCRITÓRIO DE APOIO À ATIVIDADE PARLAMENTAR,422.44,CONDOMÍNIO ÁLVARO PIRES
123086,2025,6,MANUTENÇÃO DE ESCRITÓRIO DE APOIO À ATIVIDADE PARLAMENTAR,485.56,CONDOMÍNIO ÁLVARO PIRES
123086,2025,9,MANUTENÇÃO DE ESCRITÓRIO DE APOIO À ATIVIDADE PARLAMENTAR,422.44,CONDOMÍNIO ÁLVARO PIRES
123086,2025,8,MANUTENÇÃO DE ESCRITÓRIO DE APOIO À ATIVIDADE PARLAMENTAR,411.78,CONDOMÍNIO ÁLVARO PIRES
123086,2025,8,MANUTENÇÃO DE ESCRITÓRIO DE APOIO À ATIVIDADE PARLAMENTAR,422.44,CONDOMÍNIO ÁLVARO PIRES
123086,2025,1,MANUTENÇÃO DE ESCRITÓRIO DE APOIO À ATIVIDADE PARLAMENTAR,600.0,PARLANET WEB E TECNOLOGIA EIRELI
123086,2025,2,MANUTENÇÃO DE ESCRITÓRIO DE APOIO À ATIVIDADE PARLAMENTAR,600.0,PARLANET WEB E TECNOLOGIA EIRELI
123086,2025,3,MANUTENÇÃO DE ESCRITÓRIO DE APOIO À ATIVIDADE PARLAMENTAR,600.0,PARLANET WEB E TECNOLOGIA EIRELI
123086,2025,4,MANUTENÇÃO DE ESCRITÓRIO DE APOIO À ATIVIDADE PARLAMENTAR,600.0,PARLANET WEB E TECNOLOGIA EIRELI
123086,2025,6,MANUTENÇÃO DE ESCRITÓRIO DE APOIO À ATIVIDADE PARLAMENTAR,600.0,PARLANET WEB E TECNOLOGIA EIRELI
123086,2025,7,MANUTENÇÃO DE ESCRITÓRIO DE APOIO À ATIVIDADE PARLAMENTAR,600.0,PARLANET WEB E TECNOLOGIA EIRELI
123086,2025,8,MANUTENÇÃO DE ESCRITÓRIO DE APOIO À ATIVIDADE PARLAMENTAR,600.0,PARLANET WEB E TECNOLOGIA EIRELI
123086,2025,9,MANUTENÇÃO DE ESCRITÓRIO DE APOIO À ATIVIDADE PARLAMENTAR,600.0,PARLANET WEB E TECNOLOGIA EIRELI
123086,2025,10,MANUTENÇÃO DE ESCRITÓRIO DE APOIO À ATIVIDADE PARLAMENTAR,600.0,PARLANET WEB E TECNOLOGIA EIRELI
123086,2025,11,MANUTENÇÃO DE ESCRITÓRIO DE APOIO À ATIVIDADE PARLAMENTAR,600.0,PARLANET WEB E TECNOLOGIA EIRELI
123086,2025,12,MANUTENÇÃO DE ESCRITÓRIO DE APOIO À ATIVIDADE PARLAMENTAR,600.0,PARLANET WEB E TECNOLOGIA EIRELI
123086,2025,3,MANUTENÇÃO DE ESCRITÓRIO DE APOIO À ATIVIDADE PARLAMENTAR,657.9,WMS COMERCIO DE ARTIGOS DE PAPELARIA LTDA
123086,2025,3,COMBUSTÍVEIS E LUBRIFICANTES.,329.17,031 - 302 NORTE - CASCOL COMBUSTIVEIS PARA VEICULOS LTDA
123086,2025,4,COMBUSTÍVEIS E LUBRIFICANTES.,295.65,031 - 302 NORTE - CASCOL COMBUSTIVEIS PARA VEICULOS LTDA
123086,2025,5,COMBUSTÍVEIS E LUBRIFICANTES.,315.69,031 - 302 NORTE - CASCOL COMBUSTIVEIS PARA VEICULOS LTDA
123086,2025,5,COMBUSTÍVEIS E LUBRIFICANTES.,313.89,031 - 302 NORTE - CASCOL COMBUSTIVEIS PARA VEICULOS LTDA
123086,2025,6,COMBUSTÍVEIS E LUBRIFICANTES.,304.67,031 - 302 NORTE - CASCOL COMBUSTIVEIS PARA VEICULOS LTDA
123086,2025,8,COMBUSTÍVEIS E LUBRIFICANTES.,300.0,031 - 302 NORTE - CASCOL COMBUSTIVEIS PARA VEICULOS LTDA
123086,2025,9,COMBUSTÍVEIS E LUBRIFICANTES.,266.91,031 - 302 NORTE - CASCOL COMBUSTIVEIS PARA VEICULOS LTDA
123086,2025,11,COMBUSTÍVEIS E LUBRIFICANTES.,250.0,031 - 302 NORTE - CASCOL COMBUSTIVEIS PARA VEICULOS LTDA
123086,2025,11,COMBUSTÍVEIS E LUBRIFICANTES.,281.83,031 - 302 NORTE - CASCOL COMBUSTIVEIS PARA VEICULOS LTDA
123086,2025,12,COMBUSTÍVEIS E LUBRIFICANTES.,322.53,031 - 302 NORTE - CASCOL COMBUSTIVEIS PARA VEICULOS LTDA
123086,2025,6,COMBUSTÍVEIS E LUBRIFICANTES.,316.49,072 - 403 SUL - CASCOL COMBUSTIVEIS PARA VEICULOS LTDA
123086,2025,4,COMBUSTÍVEIS E LUBRIFICANTES.,319.42,082 - QI 21 - CASCOL COMBUSTIVEIS PARA VEICULOS LTDA
123086,2025,4,COMBUSTÍVEIS E LUBRIFICANTES.,342.39,AUTO POSTO 303 NORTE LTDA
123086,2025,8,COMBUSTÍVEIS E LUBRIFICANTES.,309.6,AUTO POSTO AEROPORTO LTDA
123086,2025,11,COMBUSTÍVEIS E LUBRIFICANTES.,303.04,AUTO POSTO AEROPORTO LTDA
123086,2025,3,COMBUSTÍVEIS E LUBRIFICANTES.,347.96,AUTO POSTO AEROPORTO LTDA
123086,2025,4,COMBUSTÍVEIS E LUBRIFICANTES.,341.67,AUTO POSTO CINCO ESTRELAS LTDA
123086,2025,9,COMBUSTÍVEIS E LUBRIFICANTES.,307.6,AUTO SHOPPING QL 06 COMERCIO DE DERIV DE PETROLEO LTDA
123086,2025,3,COMBUSTÍVEIS E LUBRIFICANTES.,186.5,G3 AUTO POSTO LTDA EPP
123086,2025,6,COMBUSTÍVEIS E LUBRIFICANTES.,339.12,G3 AUTO POSTO LTDA EPP
123086,2025,8,COMBUSTÍVEIS E LUBRIFICANTES.,331.17,G3 AUTO POSTO LTDA EPP
123086,2025,9,COMBUSTÍVEIS E LUBRIFICANTES.,251.85,G3 AUTO POSTO LTDA EPP
123086,2025,9,COMBUSTÍVEIS E LUBRIFICANTES.,296.64,POSTO DE COMBUSTIVEL QL 09 LAGO SUL LTDA
123086,2025,1,COMBUSTÍVEIS E LUBRIFICANTES.,7948.62,POSTO HOMERO CASTELO BRANCO LTDA
123086,2025,2,COMBUSTÍVEIS E LUBRIFICANTES.,7896.11,POSTO HOMERO CASTELO BRANCO LTDA
123086,2025,3,COMBUSTÍVEIS E LUBRIFICANTES.,7943.01,POSTO HOMERO CASTELO BRANCO LTDA
123086,2025,4,COMBUSTÍVEIS E LUBRIFICANTES.,7876.44,POSTO HOMERO CASTELO BRANCO LTDA
123086,2025,5,COMBUSTÍVEIS E LUBRIFICANTES.,7904.83,POSTO HOMERO CASTELO BRANCO LTDA
123086,2025,6,COMBUSTÍVEIS E LUBRIFICANTES.,7994.3,POSTO HOMERO CASTELO BRANCO LTDA
123086,2025,7,COMBUSTÍVEIS E LUBRIFICANTES.,7940.31,POSTO HOMERO CASTELO BRANCO LTDA
123086,2025,8,COMBUSTÍVEIS E LUBRIFICANTES.,6365.8,POSTO HOMERO CASTELO BRANCO LTDA
123086,2025,9,COMBUSTÍVEIS E LUBRIFICANTES.,6510.0,POSTO HOMERO CASTELO BRANCO LTDA
123086,2025,10,COMBUSTÍVEIS E LUBRIFICANTES.,7894.33,POSTO HOMERO CASTELO BRANCO LTDA
123086,2025,11,COMBUSTÍVEIS E LUBRIFICANTES.,6797.95,POSTO HOMERO CASTELO BRANCO LTDA
123086,2025,1,DIVULGAÇÃO DA ATIVIDADE PARLAMENTAR.,4500.0,AVANCE DIGITAL LTDA
123086,2025,2,DIVULGAÇÃO DA ATIVIDADE PARLAMENTAR.,4500.0,AVANCEE DIGITAL LTDA
123086,2025,3,DIVULGAÇÃO DA ATIVIDADE PARLAMENTAR.,4500.0,AVANCEE DIGITAL LTDA
123086,2025,4,DIVULGAÇÃO DA ATIVIDADE PARLAMENTAR.,4500.0,AVANCEE DIGITAL LTDA
123086,2025,5,DIVULGAÇÃO DA ATIVIDADE PARLAMENTAR.,4500.0,AVANCEE DIGITAL LTDA
123086,2025,6,DIVULGAÇÃO DA ATIVIDADE PARLAMENTAR.,4500.0,AVANCEE DIGITAL LTDA
123086,2025,7,DIVULGAÇÃO DA ATIVIDADE PARLAMENTAR.,4500.0,AVANCEE DIGITAL LTDA
123086,2025,8,DIVULGAÇÃO DA ATIVIDADE PARLAMENTAR.,4500.0,AVANCEE DIGITAL LTDA
123086,2025,9,DIVULGAÇÃO DA ATIVIDADE PARLAMENTAR.,4500.0,AVANCEE DIGITAL LTDA
123086,2025,10,DIVULGAÇÃO DA ATIVIDADE PARLAMENTAR.,4500.0,AVANCEE DIGITAL LTDA
123086,2025,11,DIVULGAÇÃO DA ATIVIDADE PARLAMENTAR.,4500.0,AVANCEE DIGITAL LTDA
123086,2025,12,DIVULGAÇÃO DA ATIVIDADE PARLAMENTAR.,4500.0,AVANCEE DIGITAL LTDA
123086,2025,9,DIVULGAÇÃO DA ATIVIDADE PARLAMENTAR.,3000.0,ELDORADO COMUNICACAO E JORNALISMO LTDA
123086,2025,9,DIVULGAÇÃO DA ATIVIDADE PARLAMENTAR.,2441.62,Facebook Serviços Online do Brasil Ltda.
123086,2025,12,DIVULGAÇÃO DA ATIVIDADE PARLAMENTAR.,-0.0,GOMO COMUNICAÇÂO LTDA
123086,2025,12,DIVULGAÇÃO DA ATIVIDADE PARLAMENTAR.,428.84,GOMO COMUNICAÇÂO LTDA
123086,2025,1,DIVULGAÇÃO DA ATIVIDADE PARLAMENTAR.,3200.0,VERBO COMUNICAÇÃO
123086,2025,2,DIVULGAÇÃO DA ATIVIDADE PARLAMENTAR.,3200.0,VERBO COMUNICAÇÃO
123086,2025,3,DIVULGAÇÃO DA ATIVIDADE PARLAMENTAR.,3200.0,VERBO COMUNICAÇÃO
123086,2025,4,DIVULGAÇÃO DA ATIVIDADE PARLAMENTAR.,3200.0,VERBO COMUNICAÇÃO
123086,2025,5,DIVULGAÇÃO DA ATIVIDADE PARLAMENTAR.,3200.0,VERBO COMUNICAÇÃO
123086,2025,6,DIVULGAÇÃO DA ATIVIDADE PARLAMENTAR.,3200.0,VERBO COMUNICAÇÃO
123086,2025,7,DIVULGAÇÃO DA ATIVIDADE PARLAMENTAR.,3200.0,VERBO COMUNICAÇÃO
123086,2025,8,DIVULGAÇÃO DA ATIVIDADE PARLAMENTAR.,3200.0,VERBO COMUNICAÇÃO
123086,2025,9,DIVULGAÇÃO DA ATIVIDADE PARLAMENTAR.,3200.0,VERBO COMUNICAÇÃO
123086,2025,10,DIVULGAÇÃO DA ATIVIDADE PARLAMENTAR.,3200.0,VERBO COMUNICAÇÃO
123086,2025,11,DIVULGAÇÃO DA ATIVIDADE PARLAMENTAR.,3200.0,VERBO COMUNICAÇÃO
123086,2025,12,DIVULGAÇÃO DA ATIVIDADE PARLAMENTAR.,3200.0,VERBO COMUNICAÇÃO
123086,2025,1,SERVIÇO DE SEGURANÇA PRESTADO POR EMPRESA ESPECIALIZADA.,8499.96,A4 VIGILANCIA E SEGURANCA PATRIMONIAL EIRELI - EPP
123086,2025,2,SERVIÇO DE SEGURANÇA PRESTADO POR EMPRESA ESPECIALIZADA.,8499.96,A4 VIGILANCIA E SEGURANCA PATRIMONIAL EIRELI - EPP
123086,2025,3,SERVIÇO DE SEGURANÇA PRESTADO POR EMPRESA ESPECIALIZADA.,8499.96,A4 VIGILANCIA E SEGURANCA PATRIMONIAL EIRELI - EPP
123086,2025,2,TELEFONIA,116.19,Claro NXT Telecomunicações S.A
123086,2025,1,TELEFONIA,116.19,Claro NXT Telecomunicações S.A
123086,2025,3,TELEFONIA,116.19,Claro NXT Telecomunicações S.A
123086,2025,4,TELEFONIA,116.19,Claro NXT Telecomunicações S.A
123086,2025,5,TELEFONIA,116.19,Claro NXT Telecomunicações S.A
123086,2025,6,TELEFONIA,116.19,Claro NXT Telecomunicações S.A
123086,2025,7,TELEFONIA,127.7,Claro NXT Telecomunicações S.A
123086,2025,8,TELEFONIA,127.7,Claro NXT Telecomunicações S.A
123086,2025,9,TELEFONIA,127.7,Claro NXT Telecomunicações S.A
123086,2025,10,TELEFONIA,127.7,Claro NXT Telecomunicações S.A
123086,2025,11,TELEFONIA,127.7,Claro NXT Telecomunicações S.A
123086,2025,11,TELEFONIA,144.99,MAGDA BEATRIS DA SILVA
123086,2025,11,TELEFONIA,221.97,MAGDA BEATRIS DA SILVA
123086,2025,4,TELEFONIA,134.99,TIM
123086,2025,9,TELEFONIA,134.99,TIM S.A
123086,2025,9,TELEFONIA,215.97,TIM S.A
123086,2025,10,TELEFONIA,134.99,TIM S.A
123086,2025,10,TELEFONIA,215.97,TIM S.A
123086,2025,7,TELEFONIA,134.99,TIM S/A
123086,2025,7,TELEFONIA,215.97,TIM S/A
123086,2025,1,TELEFONIA,179.99,TIM S/A
123086,2025,1,TELEFONIA,157.98,TIM S/A
123086,2025,2,TELEFONIA,222.28,TIM S/A
123086,2025,2,TELEFONIA,152.86,TIM S/A
123086,2025,3,TELEFONIA,205.97,TIM SA
123086,2025,3,TELEFONIA,134.99,TIM SA
123086,2025,5,TELEFONIA,215.97,TIM SA
123086,2025,5,TELEFONIA,134.99,TIM SA
123086,2025,6,TELEFONIA,215.97,TIM SA
123086,2025,6,TELEFONIA,134.99,TIM SA
123086,2025,8,TELEFONIA,215.97,TIM SA
123086,2025,8,TELEFONIA,134.99,TIM SA
123086,2025,4,TELEFONIA,205.97,TIM SA
123086,2025,8,"HOSPEDAGEM ,EXCETO DO PARLAMENTAR NO DISTRITO FEDERAL.",383.55,CONFRARIA  UCHOA
123086,2025,1,LOCAÇÃO OU FRETAMENTO DE VEÍCULOS AUTOMOTORES,11000.0,V DE SOUSA OLIVEIRA LTDA
123086,2025,2,LOCAÇÃO OU FRETAMENTO DE VEÍCULOS AUTOMOTORES,11000.0,V DE SOUSA OLIVEIRA LTDA
123086,2025,3,LOCAÇÃO OU FRETAMENTO DE VEÍCULOS AUTOMOTORES,11000.0,V DE SOUSA OLIVEIRA LTDA
123086,2025,4,LOCAÇÃO OU FRETAMENTO DE VEÍCULOS AUTOMOTORES,11000.0,V DE SOUSA OLIVEIRA LTDA
123086,2025,5,LOCAÇÃO OU FRETAMENTO DE VEÍCULOS AUTOMOTORES,11000.0,V DE SOUSA OLIVEIRA LTDA
123086,2025,6,LOCAÇÃO OU FRETAMENTO DE VEÍCULOS AUTOMOTORES,11000.0,V DE SOUSA OLIVEIRA LTDA
123086,2025,7,LOCAÇÃO OU FRETAMENTO DE VEÍCULOS AUTOMOTORES,11000.0,V DE SOUSA OLIVEIRA LTDA
123086,2025,8,LOCAÇÃO OU FRETAMENTO DE VEÍCULOS AUTOMOTORES,11000.0,V DE SOUSA OLIVEIRA LTDA
123086,2025,9,LOCAÇÃO OU FRETAMENTO DE VEÍCULOS AUTOMOTORES,11000.0,V DE SOUSA OLIVEIRA LTDA
123086,2025,10,LOCAÇÃO OU FRETAMENTO DE VEÍCULOS AUTOMOTORES,11000.0,V DE SOUSA OLIVEIRA LTDA
123086,2025,11,LOCAÇÃO OU FRETAMENTO DE VEÍCULOS AUTOMOTORES,11000.0,V DE SOUSA OLIVEIRA LTDA
123086,2025,4,PASSAGEM AÉREA - SIGEPA,1327.85,AZUL
123086,2025,10,PASSAGEM AÉREA - SIGEPA,1591.9,Azul Linhas Aéreas
123086,2025,2,PASSAGEM AÉREA - SIGEPA,53.0,GOL
123086,2025,2,PASSAGEM AÉREA - SIGEPA,1098.65,GOL
123086,2025,6,PASSAGEM AÉREA - SIGEPA,2197.78,GOL
123086,2025,9,PASSAGEM AÉREA - SIGEPA,2206.84,Gol Linhas Aéreas
123086,2025,9,PASSAGEM AÉREA - SIGEPA,2206.84,Gol Linhas Aéreas
123086,2025,11,PASSAGEM AÉREA - SIGEPA,1162.75,Gol Linhas Aéreas
123086,2025,11,PASSAGEM AÉREA - SIGEPA,85.0,Gol Linhas Aéreas
123086,2025,11,PASSAGEM AÉREA - SIGEPA,1044.72,Gol Linhas Aéreas
123086,2025,11,PASSAGEM AÉREA - SIGEPA,1693.6,Gol Linhas Aéreas
123086,2025,8,PASSAGEM AÉREA - SIGEPA,102.0,LATAM Airlines Brasil
123086,2025,8,PASSAGEM AÉREA - SIGEPA,1338.94,LATAM Airlines Brasil
123086,2025,8,PASSAGEM AÉREA - SIGEPA,126.0,LATAM Airlines Brasil
123086,2025,8,PASSAGEM AÉREA - SIGEPA,2701.69,LATAM Airlines Brasil
123086,2025,8,PASSAGEM AÉREA - SIGEPA,108.0,LATAM Airlines Brasil
123086,2025,8,PASSAGEM AÉREA - SIGEPA,2784.69,LATAM Airlines Brasil
123086,2025,8,PASSAGEM AÉREA - SIGEPA,2800.77,LATAM Airlines Brasil
123086,2025,8,PASSAGEM AÉREA - SIGEPA,2960.02,LATAM Airlines Brasil
123086,2025,8,PASSAGEM AÉREA - SIGEPA,178.54,LATAM Airlines Brasil
123086,2025,9,PASSAGEM AÉREA - SIGEPA,1092.65,LATAM Airlines Brasil
123086,2025,9,PASSAGEM AÉREA - SIGEPA,934.16,LATAM Airlines Brasil
123086,2025,9,PASSAGEM AÉREA - SIGEPA,126.0,LATAM Airlines Brasil
123086,2025,9,PASSAGEM AÉREA - SIGEPA,2767.63,LATAM Airlines Brasil
123086,2025,9,PASSAGEM AÉREA - SIGEPA,502.29,LATAM Airlines Brasil
123086,2025,9,PASSAGEM AÉREA - SIGEPA,1685.77,LATAM Airlines Brasil
123086,2025,9,PASSAGEM AÉREA - SIGEPA,2008.21,LATAM Airlines Brasil
123086,2025,9,PASSAGEM AÉREA - SIGEPA,158.0,LATAM Airlines Brasil
123086,2025,9,PASSAGEM AÉREA - SIGEPA,1526.78,LATAM Airlines Brasil
123086,2025,9,PASSAGEM AÉREA - SIGEPA,1421.19,LATAM Airlines Brasil
123086,2025,9,PASSAGEM AÉREA - SIGEPA,2976.51,LATAM Airlines Brasil
123086,2025,10,PASSAGEM AÉREA - SIGEPA,86.0,LATAM Airlines Brasil
123086,2025,10,PASSAGEM AÉREA - SIGEPA,1938.46,LATAM Airlines Brasil
123086,2025,10,PASSAGEM AÉREA - SIGEPA,2975.59,LATAM Airlines Brasil
123086,2025,10,PASSAGEM AÉREA - SIGEPA,1140.46,LATAM Airlines Brasil
123086,2025,10,PASSAGEM AÉREA - SIGEPA,970.62,LATAM Airlines Brasil
123086,2025,10,PASSAGEM AÉREA - SIGEPA,3034.61,LATAM Airlines Brasil
123086,2025,10,PASSAGEM AÉREA - SIGEPA,119.0,LATAM Airlines Brasil
123086,2025,10,PASSAGEM AÉREA - SIGEPA,2787.22,LATAM Airlines Brasil
123086,2025,10,PASSAGEM AÉREA - SIGEPA,127.0,LATAM Airlines Brasil
123086,2025,10,PASSAGEM AÉREA - SIGEPA,1308.95,LATAM Airlines Brasil
123086,2025,11,PASSAGEM AÉREA - SIGEPA,127.0,LATAM Airlines Brasil
123086,2025,11,PASSAGEM AÉREA - SIGEPA,1377.32,LATAM Airlines Brasil
123086,2025,11,PASSAGEM AÉREA - SIGEPA,127.0,LATAM Airlines Brasil
123086,2025,11,PASSAGEM AÉREA - SIGEPA,1255.0,LATAM Airlines Brasil
123086,2025,11,PASSAGEM AÉREA - SIGEPA,120.0,LATAM Airlines Brasil
123086,2025,11,PASSAGEM AÉREA - SIGEPA,2113.12,LATAM Airlines Brasil
123086,2025,11,PASSAGEM AÉREA - SIGEPA,1958.84,LATAM Airlines Brasil
123086,2025,11,PASSAGEM AÉREA - SIGEPA,1469.97,LATAM Airlines Brasil
123086,2025,11,PASSAGEM AÉREA - SIGEPA,127.0,LATAM Airlines Brasil
123086,2025,11,PASSAGEM AÉREA - SIGEPA,2048.48,LATAM Airlines Brasil
123086,2025,11,PASSAGEM AÉREA - SIGEPA,144.0,LATAM Airlines Brasil
123086,2025,11,PASSAGEM AÉREA - SIGEPA,2010.67,LATAM Airlines Brasil
123086,2025,11,PASSAGEM AÉREA - SIGEPA,2246.33,LATAM Airlines Brasil
123086,2025,11,PASSAGEM AÉREA - SIGEPA,99.0,LATAM Airlines Brasil
123086,2025,11,PASSAGEM AÉREA - SIGEPA,2138.43,LATAM Airlines Brasil
123086,2025,11,PASSAGEM AÉREA - SIGEPA,117.0,LATAM Airlines Brasil
123086,2025,11,PASSAGEM AÉREA - SIGEPA,2880.04,LATAM Airlines Brasil
123086,2025,11,PASSAGEM AÉREA - SIGEPA,136.0,LATAM Airlines Brasil
123086,2025,11,PASSAGEM AÉREA - SIGEPA,1534.25,LATAM Airlines Brasil
123086,2025,12,PASSAGEM AÉREA - SIGEPA,1562.0,LATAM Airlines Brasil
123086,2025,12,PASSAGEM AÉREA - SIGEPA,2957.7,LATAM Airlines Brasil
123086,2025,12,PASSAGEM AÉREA - SIGEPA,99.0,LATAM Airlines Brasil
123086,2025,12,PASSAGEM AÉREA - SIGEPA,1635.87,LATAM Airlines Brasil
123086,2025,12,PASSAGEM AÉREA - SIGEPA,2558.93,LATAM Airlines Brasil
123086,2025,12,PASSAGEM AÉREA - SIGEPA,163.0,LATAM Airlines Brasil
123086,2025,12,PASSAGEM AÉREA - SIGEPA,2895.45,LATAM Airlines Brasil
123086,2025,12,PASSAGEM AÉREA - SIGEPA,117.0,LATAM Airlines Brasil
123086,2025,12,PASSAGEM AÉREA - SIGEPA,2334.83,LATAM Airlines Brasil
123086,2025,12,PASSAGEM AÉREA - SIGEPA,99.0,LATAM Airlines Brasil
123086,2025,12,PASSAGEM AÉREA - SIGEPA,2794.96,LATAM Airlines Brasil
123086,2025,12,PASSAGEM AÉREA - SIGEPA,2741.6,LATAM Airlines Brasil
123086,2025,12,PASSAGEM AÉREA - SIGEPA,111.0,LATAM Airlines Brasil
123086,2025,12,PASSAGEM AÉREA - SIGEPA,1786.1,LATAM Airlines Brasil
123086,2025,12,PASSAGEM AÉREA - SIGEPA,163.0,LATAM Airlines Brasil
123086,2025,12,PASSAGEM AÉREA - SIGEPA,554.48,LATAM Airlines Brasil
123086,2025,1,PASSAGEM AÉREA - SIGEPA,95.0,TAM
123086,2025,1,PASSAGEM AÉREA - SIGEPA,1285.06,TAM
123086,2025,1,PASSAGEM AÉREA - SIGEPA,95.0,TAM
123086,2025,1,PASSAGEM AÉREA - SIGEPA,1171.17,TAM
123086,2025,1,PASSAGEM AÉREA - SIGEPA,1156.79,TAM
123086,2025,1,PASSAGEM AÉREA - SIGEPA,1404.71,TAM
123086,2025,2,PASSAGEM AÉREA - SIGEPA,75.0,TAM
123086,2025,2,PASSAGEM AÉREA - SIGEPA,1484.56,TAM
123086,2025,2,PASSAGEM AÉREA - SIGEPA,1959.56,TAM
123086,2025,2,PASSAGEM AÉREA - SIGEPA,72.0,TAM
123086,2025,2,PASSAGEM AÉREA - SIGEPA,1471.1,TAM
123086,2025,3,PASSAGEM AÉREA - SIGEPA,485.3,TAM
123086,2025,3,PASSAGEM AÉREA - SIGEPA,90.0,TAM
123086,2025,3,PASSAGEM AÉREA - SIGEPA,1216.85,TAM
123086,2025,3,PASSAGEM AÉREA - SIGEPA,90.0,TAM
123086,2025,3,PASSAGEM AÉREA - SIGEPA,1350.34,TAM
123086,2025,3,PASSAGEM AÉREA - SIGEPA,1578.85,TAM
123086,2025,3,PASSAGEM AÉREA - SIGEPA,90.0,TAM
123086,2025,3,PASSAGEM AÉREA - SIGEPA,1311.25,TAM
123086,2025,3,PASSAGEM AÉREA - SIGEPA,110.0,TAM
123086,2025,3,PASSAGEM AÉREA - SIGEPA,1294.76,TAM
123086,2025,3,PASSAGEM AÉREA - SIGEPA,95.0,TAM
123086,2025,3,PASSAGEM AÉREA - SIGEPA,1486.44,TAM
123086,2025,3,PASSAGEM AÉREA - SIGEPA,1592.34,TAM
123086,2025,3,PASSAGEM AÉREA - SIGEPA,1529.5,TAM
123086,2025,3,PASSAGEM AÉREA - SIGEPA,352.61,TAM
123086,2025,4,PASSAGEM AÉREA - SIGEPA,1590.34,TAM
123086,2025,4,PASSAGEM AÉREA - SIGEPA,110.0,TAM
123086,2025,4,PASSAGEM AÉREA - SIGEPA,1469.95,TAM
123086,2025,4,PASSAGEM AÉREA - SIGEPA,110.0,TAM
123086,2025,4,PASSAGEM AÉREA - SIGEPA,2783.86,TAM
123086,2025,4,PASSAGEM AÉREA - SIGEPA,1386.17,TAM
123086,2025,4,PASSAGEM AÉREA - SIGEPA,-262.29,TAM
123086,2025,4,PASSAGEM AÉREA - SIGEPA,103.9,TAM
123086,2025,4,PASSAGEM AÉREA - SIGEPA,3203.13,TAM
123086,2025,5,PASSAGEM AÉREA - SIGEPA,2770.69,TAM
123086,2025,5,PASSAGEM AÉREA - SIGEPA,85.0,TAM
123086,2025,5,PASSAGEM AÉREA - SIGEPA,2783.03,TAM
123086,2025,5,PASSAGEM AÉREA - SIGEPA,85.0,TAM
123086,2025,5,PASSAGEM AÉREA - SIGEPA,2451.14,TAM
123086,2025,5,PASSAGEM AÉREA - SIGEPA,110.0,TAM
123086,2025,5,PASSAGEM AÉREA - SIGEPA,2451.14,TAM
123086,2025,5,PASSAGEM AÉREA - SIGEPA,2535.06,TAM
123086,2025,5,PASSAGEM AÉREA - SIGEPA,-603.33,TAM
123086,2025,5,PASSAGEM AÉREA - SIGEPA,3596.44,TAM
123086,2025,5,PASSAGEM AÉREA - SIGEPA,991.89,TAM
123086,2025,5,PASSAGEM AÉREA - SIGEPA,115.0,TAM
123086,2025,5,PASSAGEM AÉREA - SIGEPA,1009.92,TAM
123086,2025,6,PASSAGEM AÉREA - SIGEPA,2977.11,TAM
123086,2025,7,PASSAGEM AÉREA - SIGEPA,132.0,TAM
123086,2025,7,PASSAGEM AÉREA - SIGEPA,2783.03,TAM
123086,2025,7,PASSAGEM AÉREA - SIGEPA,102.0,TAM
123086,2025,7,PASSAGEM AÉREA - SIGEPA,2766.54,TAM
123086,2026,2,MANUTENÇÃO DE ESCRITÓRIO DE APOIO À ATIVIDADE PARLAMENTAR,4427.64,ANTONIETA  LIRA E SILVA
123086,2026,3,MANUTENÇÃO DE ESCRITÓRIO DE APOIO À ATIVIDADE PARLAMENTAR,4427.64,ANTONIETA  LIRA E SILVA
123086,2026,4,MANUTENÇÃO DE ESCRITÓRIO DE APOIO À ATIVIDADE PARLAMENTAR,4427.64,ANTONIETA  LIRA E SILVA
123086,2026,1,MANUTENÇÃO DE ESCRITÓRIO DE APOIO À ATIVIDADE PARLAMENTAR,411.78,CONDOMÍNIO ÁLVARO PIRES
123086,2026,2,MANUTENÇÃO DE ESCRITÓRIO DE APOIO À ATIVIDADE PARLAMENTAR,411.78,CONDOMÍNIO ÁLVARO PIRES
123086,2026,3,MANUTENÇÃO DE ESCRITÓRIO DE APOIO À ATIVIDADE PARLAMENTAR,411.78,CONDOMÍNIO ÁLVARO PIRES
123086,2026,5,MANUTENÇÃO DE ESCRITÓRIO DE APOIO À ATIVIDADE PARLAMENTAR,411.78,CONDOMÍNIO ÁLVARO PIRES
123086,2026,1,MANUTENÇÃO DE ESCRITÓRIO DE APOIO À ATIVIDADE PARLAMENTAR,422.44,CONDOMÍNIO ÁLVARO PIRES
123086,2026,2,MANUTENÇÃO DE ESCRITÓRIO DE APOIO À ATIVIDADE PARLAMENTAR,422.44,CONDOMÍNIO ÁLVARO PIRES
123086,2026,3,MANUTENÇÃO DE ESCRITÓRIO DE APOIO À ATIVIDADE PARLAMENTAR,422.44,CONDOMÍNIO ÁLVARO PIRES
123086,2026,5,MANUTENÇÃO DE ESCRITÓRIO DE APOIO À ATIVIDADE PARLAMENTAR,422.44,CONDOMÍNIO ÁLVARO PIRES
123086,2026,4,MANUTENÇÃO DE ESCRITÓRIO DE APOIO À ATIVIDADE PARLAMENTAR,422.44,CONDOMÍNIO ÁLVARO PIRES
123086,2026,4,MANUTENÇÃO DE ESCRITÓRIO DE APOIO À ATIVIDADE PARLAMENTAR,411.78,CONDOMÍNIO ÁLVARO PIRES
123086,2026,3,MANUTENÇÃO DE ESCRITÓRIO DE APOIO À ATIVIDADE PARLAMENTAR,600.0,PARLANET WEB E TECNOLOGIA EIRELI
123086,2026,6,MANUTENÇÃO DE ESCRITÓRIO DE APOIO À ATIVIDADE PARLAMENTAR,600.0,Parlanet Web e Tecnologia Eireli
123086,2026,1,MANUTENÇÃO DE ESCRITÓRIO DE APOIO À ATIVIDADE PARLAMENTAR,600.0,PARLANET WEB E TECNOLOGIA EIRELI
123086,2026,2,MANUTENÇÃO DE ESCRITÓRIO DE APOIO À ATIVIDADE PARLAMENTAR,600.0,PARLANET WEB E TECNOLOGIA EIRELI
123086,2026,4,MANUTENÇÃO DE ESCRITÓRIO DE APOIO À ATIVIDADE PARLAMENTAR,600.0,PARLANET WEB E TECNOLOGIA EIRELI.
123086,2026,7,MANUTENÇÃO DE ESCRITÓRIO DE APOIO À ATIVIDADE PARLAMENTAR,600.0,PARLANET WEB E TECNOLOGIA LTDA
123086,2026,8,MANUTENÇÃO DE ESCRITÓRIO DE APOIO À ATIVIDADE PARLAMENTAR,600.0,PARLANET WEB E TECNOLOGIA LTDA
123086,2026,2,COMBUSTÍVEIS E LUBRIFICANTES.,206.09,031 - 302 NORTE - CASCOL COMBUSTIVEIS PARA VEICULOS LTDA
123086,2026,3,COMBUSTÍVEIS E LUBRIFICANTES.,318.33,031 - 302 NORTE - CASCOL COMBUSTIVEIS PARA VEICULOS LTDA
123086,2026,3,COMBUSTÍVEIS E LUBRIFICANTES.,200.0,031 - 302 NORTE - CASCOL COMBUSTIVEIS PARA VEICULOS LTDA
123086,2026,4,COMBUSTÍVEIS E LUBRIFICANTES.,359.82,031 - 302 NORTE - CASCOL COMBUSTIVEIS PARA VEICULOS LTDA
123086,2026,5,COMBUSTÍVEIS E LUBRIFICANTES.,200.0,031 - 302 NORTE - CASCOL COMBUSTIVEIS PARA VEICULOS LTDA
123086,2026,5,COMBUSTÍVEIS E LUBRIFICANTES.,354.38,072 - 403 SUL - CASCOL COMBUSTIVEIS PARA VEICULOS LTDA
123086,2026,5,COMBUSTÍVEIS E LUBRIFICANTES.,351.46,AUTO POSTO 303 NORTE LTDA
123086,2026,1,COMBUSTÍVEIS E LUBRIFICANTES.,6892.32,POSTO HOMERO CASTELO BRANCO LTDA
123086,2026,2,COMBUSTÍVEIS E LUBRIFICANTES.,6984.98,POSTO HOMERO CASTELO BRANCO LTDA
123086,2026,3,COMBUSTÍVEIS E LUBRIFICANTES.,7467.63,POSTO HOMERO CASTELO BRANCO LTDA
123086,2026,4,COMBUSTÍVEIS E LUBRIFICANTES.,6985.44,POSTO HOMERO CASTELO BRANCO LTDA
123086,2026,5,COMBUSTÍVEIS E LUBRIFICANTES.,7117.55,POSTO HOMERO CASTELO BRANCO LTDA
123086,2026,6,COMBUSTÍVEIS E LUBRIFICANTES.,7001.84,POSTO HOMERO CASTELO BRANCO LTDA
123086,2026,7,COMBUSTÍVEIS E LUBRIFICANTES.,8297.39,POSTO HOMERO CASTELO BRANCO LTDA
123086,2026,8,COMBUSTÍVEIS E LUBRIFICANTES.,8772.79,POSTO HOMERO CASTELO BRANCO LTDA
123086,2026,1,DIVULGAÇÃO DA ATIVIDADE PARLAMENTAR.,4500.0,AVANCEE DIGITAL LTDA
123086,2026,2,DIVULGAÇÃO DA ATIVIDADE PARLAMENTAR.,4500.0,AVANCEE DIGITAL LTDA
123086,2026,3,DIVULGAÇÃO DA ATIVIDADE PARLAMENTAR.,4500.0,AVANCEE DIGITAL LTDA
123086,2026,4,DIVULGAÇÃO DA ATIVIDADE PARLAMENTAR.,4500.0,AVANCEE DIGITAL LTDA
123086,2026,5,DIVULGAÇÃO DA ATIVIDADE PARLAMENTAR.,4500.0,AVANCEE DIGITAL LTDA
123086,2026,1,DIVULGAÇÃO DA ATIVIDADE PARLAMENTAR.,3000.0,ELDORADO COMUNICACAO E JORNALISMO LTDA
123086,2026,5,DIVULGAÇÃO DA ATIVIDADE PARLAMENTAR.,3000.0,ELDORADO COMUNICACAO E JORNALISMO LTDA
123086,2026,1,DIVULGAÇÃO DA ATIVIDADE PARLAMENTAR.,1785.58,GOMO COMUNICAÇÂO LTDA
123086,2026,5,DIVULGAÇÃO DA ATIVIDADE PARLAMENTAR.,600.0,Parlanet Web e Tecnologia Eireli
123086,2026,1,DIVULGAÇÃO DA ATIVIDADE PARLAMENTAR.,3200.0,VERBO COMUNICAÇÃO
123086,2026,2,DIVULGAÇÃO DA ATIVIDADE PARLAMENTAR.,3200.0,VERBO COMUNICAÇÃO
123086,2026,3,DIVULGAÇÃO DA ATIVIDADE PARLAMENTAR.,3200.0,VERBO COMUNICAÇÃO
123086,2026,4,DIVULGAÇÃO DA ATIVIDADE PARLAMENTAR.,3200.0,VERBO COMUNICAÇÃO
123086,2026,5,DIVULGAÇÃO DA ATIVIDADE PARLAMENTAR.,3200.0,VERBO COMUNICAÇÃO
123086,2026,5,TELEFONIA,127.7,CLARO  NXT TELECOMUNICAÇÕES  S.A
123086,2026,1,TELEFONIA,127.7,Claro NXT Telecomunicações S.A
123086,2026,2,TELEFONIA,127.7,Claro NXT Telecomunicações S.A
123086,2026,3,TELEFONIA,127.7,Claro NXT Telecomunicações S.A
123086,2026,4,TELEFONIA,127.7,Claro NXT Telecomunicações S.A
123086,2026,6,TELEFONIA,125.7,CLARO NXT TELECOMUNICACOES S/A
123086,2026,7,TELEFONIA,129.9,CLARO NXT TELECOMUNICACOES S/A
123086,2026,8,TELEFONIA,129.9,CLARO NXT TELECOMUNICACOES S/A
123086,2026,4,TELEFONIA,281.93,TIM
123086,2026,4,TELEFONIA,144.99,TIM
123086,2026,6,TELEFONIA,281.93,TIM S A
123086,2026,6,TELEFONIA,144.26,TIM S A
123086,2026,7,TELEFONIA,144.99,TIM S A
123086,2026,7,TELEFONIA,281.93,TIM S A
123086,2026,8,TELEFONIA,154.99,TIM S A
123086,2026,8,TELEFONIA,281.93,TIM S A
123086,2026,1,TELEFONIA,208.98,TIM S.A
123086,2026,1,TELEFONIA,144.99,TIM S.A
123086,2026,2,TELEFONIA,144.99,TIM S.A
123086,2026,2,TELEFONIA,223.97,TIM S.A
123086,2026,3,TELEFONIA,144.99,TIM S.A
123086,2026,3,TELEFONIA,281.93,TIM S.A
123086,2026,5,TELEFONIA,281.93,TIM S.A.
123086,2026,5,TELEFONIA,144.99,TIM S.A.
123086,2026,1,LOCAÇÃO OU FRETAMENTO DE VEÍCULOS AUTOMOTORES,18000.0,AUTO LESTE LTDA
123086,2026,2,LOCAÇÃO OU FRETAMENTO DE VEÍCULOS AUTOMOTORES,18000.0,AUTO LESTE LTDA
123086,2026,3,LOCAÇÃO OU FRETAMENTO DE VEÍCULOS AUTOMOTORES,18000.0,AUTO LESTE LTDA
123086,2026,4,LOCAÇÃO OU FRETAMENTO DE VEÍCULOS AUTOMOTORES,18000.0,AUTO LESTE LTDA
123086,2026,5,LOCAÇÃO OU FRETAMENTO DE VEÍCULOS AUTOMOTORES,18000.0,AUTO LESTE LTDA
123086,2026,6,LOCAÇÃO OU FRETAMENTO DE VEÍCULOS AUTOMOTORES,18000.0,AUTO LESTE LTDA
123086,2026,7,LOCAÇÃO OU FRETAMENTO DE VEÍCULOS AUTOMOTORES,18000.0,AUTO LESTE LTDA
123086,2026,7,PASSAGEM AÉREA - SIGEPA,2193.57,Azul Linhas Aéreas
123086,2026,7,PASSAGEM AÉREA - SIGEPA,1623.3,Azul Linhas Aéreas
123086,2026,2,PASSAGEM AÉREA - SIGEPA,2186.27,Gol Linhas Aéreas
123086,2026,2,PASSAGEM AÉREA - SIGEPA,2037.28,Gol Linhas Aéreas
123086,2026,2,PASSAGEM AÉREA - SIGEPA,2037.28,Gol Linhas Aéreas
123086,2026,2,PASSAGEM AÉREA - SIGEPA,90.0,Gol Linhas Aéreas
123086,2026,2,PASSAGEM AÉREA - SIGEPA,1582.22,Gol Linhas Aéreas
123086,2026,2,PASSAGEM AÉREA - SIGEPA,90.0,Gol Linhas Aéreas
123086,2026,2,PASSAGEM AÉREA - SIGEPA,1493.21,Gol Linhas Aéreas
123086,2026,3,PASSAGEM AÉREA - SIGEPA,3931.99,Gol Linhas Aéreas
123086,2026,3,PASSAGEM AÉREA - SIGEPA,3599.07,Gol Linhas Aéreas
123086,2026,3,PASSAGEM AÉREA - SIGEPA,3091.14,Gol Linhas Aéreas
123086,2026,4,PASSAGEM AÉREA - SIGEPA,3581.7,Gol Linhas Aéreas
123086,2026,5,PASSAGEM AÉREA - SIGEPA,2504.08,Gol Linhas Aéreas
123086,2026,1,PASSAGEM AÉREA - SIGEPA,111.0,LATAM Airlines Brasil
123086,2026,1,PASSAGEM AÉREA - SIGEPA,2251.83,LATAM Airlines Brasil
123086,2026,1,PASSAGEM AÉREA - SIGEPA,99.0,LATAM Airlines Brasil
123086,2026,1,PASSAGEM AÉREA - SIGEPA,656.05,LATAM Airlines Brasil
123086,2026,1,PASSAGEM AÉREA - SIGEPA,130.0,LATAM Airlines Brasil
123086,2026,1,PASSAGEM AÉREA - SIGEPA,2890.93,LATAM Airlines Brasil
123086,2026,1,PASSAGEM AÉREA - SIGEPA,2999.14,LATAM Airlines Brasil
123086,2026,1,PASSAGEM AÉREA - SIGEPA,99.0,LATAM Airlines Brasil
123086,2026,1,PASSAGEM AÉREA - SIGEPA,1954.05,LATAM Airlines Brasil
123086,2026,1,PASSAGEM AÉREA - SIGEPA,2140.09,LATAM Airlines Brasil
123086,2026,1,PASSAGEM AÉREA - SIGEPA,163.0,LATAM Airlines Brasil
123086,2026,1,PASSAGEM AÉREA - SIGEPA,2491.7,LATAM Airlines Brasil
123086,2026,1,PASSAGEM AÉREA - SIGEPA,163.0,LATAM Airlines Brasil
123086,2026,1,PASSAGEM AÉREA - SIGEPA,2009.01,LATAM Airlines Brasil
123086,2026,2,PASSAGEM AÉREA - SIGEPA,117.0,LATAM Airlines Brasil
123086,2026,2,PASSAGEM AÉREA - SIGEPA,2016.48,LATAM Airlines Brasil
123086,2026,2,PASSAGEM AÉREA - SIGEPA,117.0,LATAM Airlines Brasil
123086,2026,2,PASSAGEM AÉREA - SIGEPA,2016.48,LATAM Airlines Brasil
123086,2026,2,PASSAGEM AÉREA - SIGEPA,126.0,LATAM Airlines Brasil
123086,2026,2,PASSAGEM AÉREA - SIGEPA,1799.48,LATAM Airlines Brasil
123086,2026,2,PASSAGEM AÉREA - SIGEPA,126.0,LATAM Airlines Brasil
123086,2026,2,PASSAGEM AÉREA - SIGEPA,2618.69,LATAM Airlines Brasil
123086,2026,2,PASSAGEM AÉREA - SIGEPA,2660.14,LATAM Airlines Brasil
123086,2026,2,PASSAGEM AÉREA - SIGEPA,2538.55,LATAM Airlines Brasil
123086,2026,3,PASSAGEM AÉREA - SIGEPA,-117.0,LATAM Airlines Brasil
123086,2026,3,PASSAGEM AÉREA - SIGEPA,-32.87,LATAM Airlines Brasil
123086,2026,3,PASSAGEM AÉREA - SIGEPA,117.0,LATAM Airlines Brasil
123086,2026,3,PASSAGEM AÉREA - SIGEPA,1891.98,LATAM Airlines Brasil
123086,2026,3,PASSAGEM AÉREA - SIGEPA,2320.26,LATAM Airlines Brasil
123086,2026,3,PASSAGEM AÉREA - SIGEPA,3020.81,LATAM Airlines Brasil
123086,2026,3,PASSAGEM AÉREA - SIGEPA,-47.44,LATAM Airlines Brasil
123086,2026,3,PASSAGEM AÉREA - SIGEPA,134.0,LATAM Airlines Brasil
123086,2026,3,PASSAGEM AÉREA - SIGEPA,2944.88,LATAM Airlines Brasil
123086,2026,3,PASSAGEM AÉREA - SIGEPA,-3034.61,LATAM Airlines Brasil
123086,2026,3,PASSAGEM AÉREA - SIGEPA,3034.61,LATAM Airlines Brasil
123086,2026,3,PASSAGEM AÉREA - SIGEPA,-3347.89,LATAM Airlines Brasil
123086,2026,3,PASSAGEM AÉREA - SIGEPA,3347.89,LATAM Airlines Brasil
123086,2026,3,PASSAGEM AÉREA - SIGEPA,-2843.99,LATAM Airlines Brasil
123086,2026,3,PASSAGEM AÉREA - SIGEPA,2843.99,LATAM Airlines Brasil
123086,2026,3,PASSAGEM AÉREA - SIGEPA,126.0,LATAM Airlines Brasil
123086,2026,3,PASSAGEM AÉREA - SIGEPA,2575.53,LATAM Airlines Brasil
123086,2026,3,PASSAGEM AÉREA - SIGEPA,3253.18,LATAM Airlines Brasil
123086,2026,3,PASSAGEM AÉREA - SIGEPA,2682.97,LATAM Airlines Brasil
123086,2026,4,PASSAGEM AÉREA - SIGEPA,126.0,LATAM Airlines Brasil
123086,2026,4,PASSAGEM AÉREA - SIGEPA,163.0,LATAM Airlines Brasil
123086,2026,4,PASSAGEM AÉREA - SIGEPA,1647.06,LATAM Airlines Brasil
123086,2026,4,PASSAGEM AÉREA - SIGEPA,111.0,LATAM Airlines Brasil
123086,2026,4,PASSAGEM AÉREA - SIGEPA,111.0,LATAM Airlines Brasil
123086,2026,4,PASSAGEM AÉREA - SIGEPA,3184.17,LATAM Airlines Brasil
123086,2026,4,PASSAGEM AÉREA - SIGEPA,-1885.28,LATAM Airlines Brasil
123086,2026,4,PASSAGEM AÉREA - SIGEPA,1885.28,LATAM Airlines Brasil
123086,2026,4,PASSAGEM AÉREA - SIGEPA,117.0,LATAM Airlines Brasil
123086,2026,4,PASSAGEM AÉREA - SIGEPA,2473.2,LATAM Airlines Brasil
123086,2026,4,PASSAGEM AÉREA - SIGEPA,-2945.47,LATAM Airlines Brasil
123086,2026,4,PASSAGEM AÉREA - SIGEPA,2945.47,LATAM Airlines Brasil
123086,2026,4,PASSAGEM AÉREA - SIGEPA,2767.02,LATAM Airlines Brasil
123086,2026,4,PASSAGEM AÉREA - SIGEPA,2714.51,LATAM Airlines Brasil
123086,2026,4,PASSAGEM AÉREA - SIGEPA,126.0,LATAM Airlines Brasil
123086,2026,4,PASSAGEM AÉREA - SIGEPA,2998.72,LATAM Airlines Brasil
123086,2026,5,PASSAGEM AÉREA - SIGEPA,163.0,LATAM Airlines Brasil
123086,2026,5,PASSAGEM AÉREA - SIGEPA,2251.72,LATAM Airlines Brasil
123086,2026,5,PASSAGEM AÉREA - SIGEPA,163.0,LATAM Airlines Brasil
123086,2026,5,PASSAGEM AÉREA - SIGEPA,2233.94,LATAM Airlines Brasil
123086,2026,5,PASSAGEM AÉREA - SIGEPA,3365.67,LATAM Airlines Brasil
123086,2026,6,PASSAGEM AÉREA - SIGEPA,-2108.96,LATAM Airlines Brasil
123086,2026,6,PASSAGEM AÉREA - SIGEPA,2108.96,LATAM Airlines Brasil
123086,2026,6,PASSAGEM AÉREA - SIGEPA,-1573.61,LATAM Airlines Brasil
123086,2026,6,PASSAGEM AÉREA - SIGEPA,1573.61,LATAM Airlines Brasil
123086,2026,6,PASSAGEM AÉREA - SIGEPA,2518.15,LATAM Airlines Brasil
123086,2026,6,PASSAGEM AÉREA - SIGEPA,111.0,LATAM Airlines Brasil
123086,2026,6,PASSAGEM AÉREA - SIGEPA,1884.45,LATAM Airlines Brasil
123086,2026,6,PASSAGEM AÉREA - SIGEPA,2461.58,LATAM Airlines Brasil
123086,2026,6,PASSAGEM AÉREA - SIGEPA,2367.09,LATAM Airlines Brasil
123086,2026,6,PASSAGEM AÉREA - SIGEPA,2204.83,LATAM Airlines Brasil
123086,2026,7,PASSAGEM AÉREA - SIGEPA,2512.38,LATAM Airlines Brasil
123086,2026,7,PASSAGEM AÉREA - SIGEPA,2538.53,LATAM Airlines Brasil
123086,2026,7,PASSAGEM AÉREA - SIGEPA,-60.54,LATAM Airlines Brasil
123086,2026,7,PASSAGEM AÉREA - SIGEPA,2468.28,LATAM Airlines Brasil
220699,2023,3,MANUTENÇÃO DE ESCRITÓRIO DE APOIO À ATIVIDADE PARLAMENTAR,920.0,AMORETTO CAFES EXPRESSO LTDA
220699,2023,6,MANUTENÇÃO DE ESCRITÓRIO DE APOIO À ATIVIDADE PARLAMENTAR,920.0,AMORETTO CAFES EXPRESSO LTDA
220699,2023,7,MANUTENÇÃO DE ESCRITÓRIO DE APOIO À ATIVIDADE PARLAMENTAR,920.0,AMORETTO CAFES EXPRESSO LTDA
220699,2023,8,MANUTENÇÃO DE ESCRITÓRIO DE APOIO À ATIVIDADE PARLAMENTAR,920.0,AMORETTO CAFES EXPRESSO LTDA
220699,2023,9,MANUTENÇÃO DE ESCRITÓRIO DE APOIO À ATIVIDADE PARLAMENTAR,920.0,AMORETTO CAFES EXPRESSO LTDA
220699,2023,10,MANUTENÇÃO DE ESCRITÓRIO DE APOIO À ATIVIDADE PARLAMENTAR,920.0,AMORETTO CAFES EXPRESSO LTDA
220699,2023,4,MANUTENÇÃO DE ESCRITÓRIO DE APOIO À ATIVIDADE PARLAMENTAR,920.0,AMORETTO CAFES EXPRESSO LTDA
220699,2023,5,MANUTENÇÃO DE ESCRITÓRIO DE APOIO À ATIVIDADE PARLAMENTAR,920.0,AMORETTO CAFES EXPRESSO LTDA
220699,2023,11,MANUTENÇÃO DE ESCRITÓRIO DE APOIO À ATIVIDADE PARLAMENTAR,920.0,AMORETTO CAFES EXPRESSO LTDA
220699,2023,12,MANUTENÇÃO DE ESCRITÓRIO DE APOIO À ATIVIDADE PARLAMENTAR,920.0,AMORETTO CAFES EXPRESSO LTDA
220699,2023,6,MANUTENÇÃO DE ESCRITÓRIO DE APOIO À ATIVIDADE PARLAMENTAR,108.93,Companhia Energética do Piauí
220699,2023,7,MANUTENÇÃO DE ESCRITÓRIO DE APOIO À ATIVIDADE PARLAMENTAR,107.11,Companhia Energética do Piauí
220699,2023,10,MANUTENÇÃO DE ESCRITÓRIO DE APOIO À ATIVIDADE PARLAMENTAR,107.8,Companhia Energética do Piauí
220699,2023,9,MANUTENÇÃO DE ESCRITÓRIO DE APOIO À ATIVIDADE PARLAMENTAR,182.26,Companhia Energética do Piauí
220699,2023,3,MANUTENÇÃO DE ESCRITÓRIO DE APOIO À ATIVIDADE PARLAMENTAR,1248.0,KEYLANE RIOS SPODE
220699,2023,9,MANUTENÇÃO DE ESCRITÓRIO DE APOIO À ATIVIDADE PARLAMENTAR,2496.0,KEYLANE RIOS SPODE
220699,2023,4,MANUTENÇÃO DE ESCRITÓRIO DE APOIO À ATIVIDADE PARLAMENTAR,2496.0,KEYLANE RIOS SPODE
220699,2023,10,MANUTENÇÃO DE ESCRITÓRIO DE APOIO À ATIVIDADE PARLAMENTAR,2496.0,KEYLANE RIOS SPODE
220699,2023,5,MANUTENÇÃO DE ESCRITÓRIO DE APOIO À ATIVIDADE PARLAMENTAR,2496.0,KEYLANE RIOS SPODE
220699,2023,11,MANUTENÇÃO DE ESCRITÓRIO DE APOIO À ATIVIDADE PARLAMENTAR,2496.0,KEYLANE RIOS SPODE
220699,2023,12,MANUTENÇÃO DE ESCRITÓRIO DE APOIO À ATIVIDADE PARLAMENTAR,2496.0,KEYLANE RIOS SPODE
220699,2023,6,MANUTENÇÃO DE ESCRITÓRIO DE APOIO À ATIVIDADE PARLAMENTAR,2496.0,KEYLANE RIOS SPODE
220699,2023,8,MANUTENÇÃO DE ESCRITÓRIO DE APOIO À ATIVIDADE PARLAMENTAR,2496.0,KEYLANE RIOS SPODE
220699,2023,7,MANUTENÇÃO DE ESCRITÓRIO DE APOIO À ATIVIDADE PARLAMENTAR,2496.0,KEYLANE RIOS SPODE
220699,2023,3,MANUTENÇÃO DE ESCRITÓRIO DE APOIO À ATIVIDADE PARLAMENTAR,57.98,MELHOR COMERCIO VAREJISTA E ATACADISTA D
220699,2023,5,MANUTENÇÃO DE ESCRITÓRIO DE APOIO À ATIVIDADE PARLAMENTAR,1190.0,NEVES E FERREIRA TECNOLOGIA LTDA
220699,2023,3,MANUTENÇÃO DE ESCRITÓRIO DE APOIO À ATIVIDADE PARLAMENTAR,1190.0,NEVES E FERREIRA TECNOLOGIA LTDA
220699,2023,4,MANUTENÇÃO DE ESCRITÓRIO DE APOIO À ATIVIDADE PARLAMENTAR,1190.0,NEVES E FERREIRA TECNOLOGIA LTDA
220699,2023,2,MANUTENÇÃO DE ESCRITÓRIO DE APOIO À ATIVIDADE PARLAMENTAR,1190.0,NEVES E FERREIRA TECNOLOGIA LTDA
220699,2023,6,MANUTENÇÃO DE ESCRITÓRIO DE APOIO À ATIVIDADE PARLAMENTAR,1190.0,NEVES E FERREIRA TECNOLOGIA LTDA
220699,2023,7,MANUTENÇÃO DE ESCRITÓRIO DE APOIO À ATIVIDADE PARLAMENTAR,1190.0,NEVES E FERREIRA TECNOLOGIA LTDA
220699,2023,8,MANUTENÇÃO DE ESCRITÓRIO DE APOIO À ATIVIDADE PARLAMENTAR,1190.0,NEVES E FERREIRA TECNOLOGIA LTDA
220699,2023,9,MANUTENÇÃO DE ESCRITÓRIO DE APOIO À ATIVIDADE PARLAMENTAR,1190.0,NEVES E FERREIRA TECNOLOGIA LTDA
220699,2023,10,MANUTENÇÃO DE ESCRITÓRIO DE APOIO À ATIVIDADE PARLAMENTAR,1190.0,NEVES E FERREIRA TECNOLOGIA LTDA
220699,2023,11,MANUTENÇÃO DE ESCRITÓRIO DE APOIO À ATIVIDADE PARLAMENTAR,1190.0,NEVES E FERREIRA TECNOLOGIA LTDA
220699,2023,12,MANUTENÇÃO DE ESCRITÓRIO DE APOIO À ATIVIDADE PARLAMENTAR,1190.0,NEVES E FERREIRA TECNOLOGIA LTDA
220699,2023,5,MANUTENÇÃO DE ESCRITÓRIO DE APOIO À ATIVIDADE PARLAMENTAR,297.0,PORT PAPELARIA INFORMATICA E UTILIDADES LTDA
220699,2023,5,MANUTENÇÃO DE ESCRITÓRIO DE APOIO À ATIVIDADE PARLAMENTAR,359.6,WMS COMERCIO DE ARTIGOS DE PAPELARIA LTDA-ME
220699,2023,4,COMBUSTÍVEIS E LUBRIFICANTES.,199.24,021 - 204 SUL CASCOL COMBUSTIVEIS PARA VEICULOS LTDA
220699,2023,2,COMBUSTÍVEIS E LUBRIFICANTES.,168.42,031 - 302 NORTE - CASCOL COMBUSTIVEIS PARA VEICULOS LTDA
220699,2023,2,COMBUSTÍVEIS E LUBRIFICANTES.,151.64,031 - 302 NORTE - CASCOL COMBUSTIVEIS PARA VEICULOS LTDA
220699,2023,2,COMBUSTÍVEIS E LUBRIFICANTES.,141.78,031 - 302 NORTE - CASCOL COMBUSTIVEIS PARA VEICULOS LTDA
220699,2023,2,COMBUSTÍVEIS E LUBRIFICANTES.,140.0,031 - 302 NORTE - CASCOL COMBUSTIVEIS PARA VEICULOS LTDA
220699,2023,3,COMBUSTÍVEIS E LUBRIFICANTES.,194.03,031 - 302 NORTE - CASCOL COMBUSTIVEIS PARA VEICULOS LTDA
220699,2023,3,COMBUSTÍVEIS E LUBRIFICANTES.,160.0,031 - 302 NORTE - CASCOL COMBUSTIVEIS PARA VEICULOS LTDA
220699,2023,3,COMBUSTÍVEIS E LUBRIFICANTES.,200.0,031 - 302 NORTE - CASCOL COMBUSTIVEIS PARA VEICULOS LTDA
220699,2023,4,COMBUSTÍVEIS E LUBRIFICANTES.,50.0,031 - 302 NORTE - CASCOL COMBUSTIVEIS PARA VEICULOS LTDA
220699,2023,4,COMBUSTÍVEIS E LUBRIFICANTES.,197.79,031 - 302 NORTE - CASCOL COMBUSTIVEIS PARA VEICULOS LTDA
220699,2023,5,COMBUSTÍVEIS E LUBRIFICANTES.,200.78,031 - 302 NORTE - CASCOL COMBUSTIVEIS PARA VEICULOS LTDA
220699,2023,5,COMBUSTÍVEIS E LUBRIFICANTES.,191.73,031 - 302 NORTE - CASCOL COMBUSTIVEIS PARA VEICULOS LTDA
220699,2023,8,COMBUSTÍVEIS E LUBRIFICANTES.,100.0,031 - 302 NORTE - CASCOL COMBUSTIVEIS PARA VEICULOS LTDA
220699,2023,8,COMBUSTÍVEIS E LUBRIFICANTES.,250.98,031 - 302 NORTE - CASCOL COMBUSTIVEIS PARA VEICULOS LTDA
220699,2023,8,COMBUSTÍVEIS E LUBRIFICANTES.,70.0,031 - 302 NORTE - CASCOL COMBUSTIVEIS PARA VEICULOS LTDA
220699,2023,9,COMBUSTÍVEIS E LUBRIFICANTES.,90.0,031 - 302 NORTE - CASCOL COMBUSTIVEIS PARA VEICULOS LTDA
220699,2023,9,COMBUSTÍVEIS E LUBRIFICANTES.,150.0,031 - 302 NORTE - CASCOL COMBUSTIVEIS PARA VEICULOS LTDA
220699,2023,10,COMBUSTÍVEIS E LUBRIFICANTES.,150.0,031 - 302 NORTE - CASCOL COMBUSTIVEIS PARA VEICULOS LTDA
220699,2023,10,COMBUSTÍVEIS E LUBRIFICANTES.,150.0,031 - 302 NORTE - CASCOL COMBUSTIVEIS PARA VEICULOS LTDA
220699,2023,11,COMBUSTÍVEIS E LUBRIFICANTES.,70.0,031 - 302 NORTE - CASCOL COMBUSTIVEIS PARA VEICULOS LTDA
220699,2023,11,COMBUSTÍVEIS E LUBRIFICANTES.,195.0,031 - 302 NORTE - CASCOL COMBUSTIVEIS PARA VEICULOS LTDA
220699,2023,12,COMBUSTÍVEIS E LUBRIFICANTES.,100.0,031 - 302 NORTE - CASCOL COMBUSTIVEIS PARA VEICULOS LTDA
220699,2023,12,COMBUSTÍVEIS E LUBRIFICANTES.,100.0,031 - 302 NORTE - CASCOL COMBUSTIVEIS PARA VEICULOS LTDA
220699,2023,3,COMBUSTÍVEIS E LUBRIFICANTES.,150.0,045 - QL 02 - CASCOL COMBUSTIVEIS PARA VEICULOS LTDA
220699,2023,4,COMBUSTÍVEIS E LUBRIFICANTES.,184.77,045 - QL 02 - CASCOL COMBUSTIVEIS PARA VEICULOS LTDA
220699,2023,5,COMBUSTÍVEIS E LUBRIFICANTES.,100.0,045 - QL 02 - CASCOL COMBUSTIVEIS PARA VEICULOS LTDA
220699,2023,2,COMBUSTÍVEIS E LUBRIFICANTES.,100.0,091 - GAMA LESTE - CASCOL COMBUSTIVEIS PARA VEICULOS LTDA
220699,2023,3,COMBUSTÍVEIS E LUBRIFICANTES.,180.99,091 - GAMA LESTE - CASCOL COMBUSTIVEIS PARA VEICULOS LTDA
220699,2023,3,COMBUSTÍVEIS E LUBRIFICANTES.,185.0,091 - GAMA LESTE - CASCOL COMBUSTIVEIS PARA VEICULOS LTDA
220699,2023,3,COMBUSTÍVEIS E LUBRIFICANTES.,184.02,091 - GAMA LESTE - CASCOL COMBUSTIVEIS PARA VEICULOS LTDA
220699,2023,3,COMBUSTÍVEIS E LUBRIFICANTES.,177.43,091 - GAMA LESTE - CASCOL COMBUSTIVEIS PARA VEICULOS LTDA
220699,2023,4,COMBUSTÍVEIS E LUBRIFICANTES.,192.73,091 - GAMA LESTE - CASCOL COMBUSTIVEIS PARA VEICULOS LTDA
220699,2023,5,COMBUSTÍVEIS E LUBRIFICANTES.,187.23,091 - GAMA LESTE - CASCOL COMBUSTIVEIS PARA VEICULOS LTDA
220699,2023,4,COMBUSTÍVEIS E LUBRIFICANTES.,192.84,19 - 303 SUL - CASCOL COMBUSTIVEIS PARA VEICULOS LTDA
220699,2023,5,COMBUSTÍVEIS E LUBRIFICANTES.,300.01,ALMEIDA & COELHO DIESEL LTDA
220699,2023,12,COMBUSTÍVEIS E LUBRIFICANTES.,95.0,AUTO POSTO 302 SUL LTDA
220699,2023,8,COMBUSTÍVEIS E LUBRIFICANTES.,130.0,AUTO POSTO 303 NORTE LTDA
220699,2023,10,COMBUSTÍVEIS E LUBRIFICANTES.,100.0,AUTO POSTO 303 NORTE LTDA
220699,2023,11,COMBUSTÍVEIS E LUBRIFICANTES.,195.78,AUTO POSTO 303 NORTE LTDA
220699,2023,12,COMBUSTÍVEIS E LUBRIFICANTES.,100.0,AUTO POSTO 303 NORTE LTDA
220699,2023,12,COMBUSTÍVEIS E LUBRIFICANTES.,150.0,AUTO POSTO 303 NORTE LTDA
220699,2023,12,COMBUSTÍVEIS E LUBRIFICANTES.,100.0,AUTO POSTO 303 NORTE LTDA
220699,2023,5,COMBUSTÍVEIS E LUBRIFICANTES.,209.19,AUTO POSTO 306 NORTE LTDA
220699,2023,6,COMBUSTÍVEIS E LUBRIFICANTES.,211.11,AUTO POSTO 306 NORTE LTDA
220699,2023,11,COMBUSTÍVEIS E LUBRIFICANTES.,32.0,AUTO POSTO 306 NORTE LTDA
220699,2023,12,COMBUSTÍVEIS E LUBRIFICANTES.,60.0,AUTO POSTO AEROPORTO LTDA
220699,2023,12,COMBUSTÍVEIS E LUBRIFICANTES.,100.0,AUTO POSTO CINCO ESTRELAS LTDA
220699,2023,11,COMBUSTÍVEIS E LUBRIFICANTES.,130.0,AUTO POSTO CINCO ESTRELAS LTDA
220699,2023,12,COMBUSTÍVEIS E LUBRIFICANTES.,98.94,AUTO POSTO D Z 7 LTDA
220699,2023,12,COMBUSTÍVEIS E LUBRIFICANTES.,150.0,AUTO POSTO GOLDEN GAS 202 LTDA
220699,2023,12,COMBUSTÍVEIS E LUBRIFICANTES.,79.94,AUTO POSTO MORADA DOS NOBRES LTDA
220699,2023,8,COMBUSTÍVEIS E LUBRIFICANTES.,243.17,AUTO POSTO Z+Z 307 NORTE LTDA
220699,2023,5,COMBUSTÍVEIS E LUBRIFICANTES.,400.04,CACIQUE PETROLEO LTDA
220699,2023,5,COMBUSTÍVEIS E LUBRIFICANTES.,440.05,CACIQUE PETROLEO LTDA
220699,2023,5,COMBUSTÍVEIS E LUBRIFICANTES.,310.03,CACIQUE PETROLEO LTDA
220699,2023,6,COMBUSTÍVEIS E LUBRIFICANTES.,200.06,CACIQUE PETROLEO LTDA
220699,2023,7,COMBUSTÍVEIS E LUBRIFICANTES.,349.03,CACIQUE PETROLEO LTDA
220699,2023,9,COMBUSTÍVEIS E LUBRIFICANTES.,470.03,CACIQUE PETROLEO LTDA
220699,2023,10,COMBUSTÍVEIS E LUBRIFICANTES.,100.0,CACIQUE PETROLEO LTDA
220699,2023,11,COMBUSTÍVEIS E LUBRIFICANTES.,200.0,CACIQUE PETROLEO LTDA
220699,2023,9,COMBUSTÍVEIS E LUBRIFICANTES.,150.0,CACIQUE PETROLEO LTDA
220699,2023,6,COMBUSTÍVEIS E LUBRIFICANTES.,200.0,CACIQUE PETROLEO LTDA
220699,2023,8,COMBUSTÍVEIS E LUBRIFICANTES.,120.0,CACIQUE PETROLEO LTDA
220699,2023,9,COMBUSTÍVEIS E LUBRIFICANTES.,200.0,CACIQUE PETROLEO LTDA
220699,2023,12,COMBUSTÍVEIS E LUBRIFICANTES.,100.0,CACIQUE PETROLEO LTDA
220699,2023,6,COMBUSTÍVEIS E LUBRIFICANTES.,320.0,CACIQUE PETROLEO LTDA
220699,2023,6,COMBUSTÍVEIS E LUBRIFICANTES.,300.0,CACIQUE PETROLEO LTDA
220699,2023,11,COMBUSTÍVEIS E LUBRIFICANTES.,200.0,CACIQUE PETROLEO LTDA
220699,2023,11,COMBUSTÍVEIS E LUBRIFICANTES.,200.0,CACIQUE PETROLEO LTDA
220699,2023,12,COMBUSTÍVEIS E LUBRIFICANTES.,362.8,CACIQUE PETROLEO LTDA
220699,2023,8,COMBUSTÍVEIS E LUBRIFICANTES.,200.0,CACIQUE PETROLEO LTDA
220699,2023,8,COMBUSTÍVEIS E LUBRIFICANTES.,310.01,CACIQUE PETROLEO LTDA
220699,2023,8,COMBUSTÍVEIS E LUBRIFICANTES.,170.0,CACIQUE PETROLEO LTDA
220699,2023,8,COMBUSTÍVEIS E LUBRIFICANTES.,322.0,CACIQUE PETROLEO LTDA
220699,2023,8,COMBUSTÍVEIS E LUBRIFICANTES.,300.0,CACIQUE PETROLEO LTDA
220699,2023,8,COMBUSTÍVEIS E LUBRIFICANTES.,450.02,CACIQUE PETROLEO LTDA
220699,2023,9,COMBUSTÍVEIS E LUBRIFICANTES.,350.0,CACIQUE PETROLEO LTDA
220699,2023,9,COMBUSTÍVEIS E LUBRIFICANTES.,399.33,CACIQUE PETROLEO LTDA
220699,2023,9,COMBUSTÍVEIS E LUBRIFICANTES.,100.0,CACIQUE PETROLEO LTDA
220699,2023,10,COMBUSTÍVEIS E LUBRIFICANTES.,400.0,CACIQUE PETROLEO LTDA
220699,2023,10,COMBUSTÍVEIS E LUBRIFICANTES.,100.01,CACIQUE PETROLEO LTDA
220699,2023,10,COMBUSTÍVEIS E LUBRIFICANTES.,100.0,CACIQUE PETROLEO LTDA
220699,2023,10,COMBUSTÍVEIS E LUBRIFICANTES.,100.0,CACIQUE PETROLEO LTDA
220699,2023,10,COMBUSTÍVEIS E LUBRIFICANTES.,100.0,CACIQUE PETROLEO LTDA
220699,2023,10,COMBUSTÍVEIS E LUBRIFICANTES.,400.0,CACIQUE PETROLEO LTDA
220699,2023,11,COMBUSTÍVEIS E LUBRIFICANTES.,305.0,CACIQUE PETROLEO LTDA
220699,2023,5,COMBUSTÍVEIS E LUBRIFICANTES.,300.0,CACIQUE PETROLEO LTDA
220699,2023,5,COMBUSTÍVEIS E LUBRIFICANTES.,100.0,CACIQUE PETROLEO LTDA
220699,2023,11,COMBUSTÍVEIS E LUBRIFICANTES.,190.0,CACIQUE PETROLEO LTDA
220699,2023,11,COMBUSTÍVEIS E LUBRIFICANTES.,272.0,CACIQUE PETROLEO LTDA
220699,2023,11,COMBUSTÍVEIS E LUBRIFICANTES.,395.0,CACIQUE PETROLEO LTDA
220699,2023,12,COMBUSTÍVEIS E LUBRIFICANTES.,100.0,CACIQUE PETROLEO LTDA
220699,2023,5,COMBUSTÍVEIS E LUBRIFICANTES.,80.0,CACIQUE PETROLEO LTDA
220699,2023,5,COMBUSTÍVEIS E LUBRIFICANTES.,200.0,CACIQUE PETROLEO LTDA
220699,2023,5,COMBUSTÍVEIS E LUBRIFICANTES.,350.0,CACIQUE PETROLEO LTDA
220699,2023,12,COMBUSTÍVEIS E LUBRIFICANTES.,388.06,CACIQUE PETROLEO LTDA
220699,2023,5,COMBUSTÍVEIS E LUBRIFICANTES.,267.51,CACIQUE PETROLEO LTDA
220699,2023,5,COMBUSTÍVEIS E LUBRIFICANTES.,300.0,CACIQUE PETROLEO LTDA
220699,2023,6,COMBUSTÍVEIS E LUBRIFICANTES.,323.03,CACIQUE PETROLEO LTDA
220699,2023,4,COMBUSTÍVEIS E LUBRIFICANTES.,365.01,CACIQUE PETROLEO LTDA
220699,2023,7,COMBUSTÍVEIS E LUBRIFICANTES.,145.0,CACIQUE PETROLEO LTDA
220699,2023,5,COMBUSTÍVEIS E LUBRIFICANTES.,200.0,CACIQUE PETROLEO LTDA
220699,2023,8,COMBUSTÍVEIS E LUBRIFICANTES.,100.0,CACIQUE PETROLEO LTDA
220699,2023,5,COMBUSTÍVEIS E LUBRIFICANTES.,334.0,CACIQUE PETROLEO LTDA
220699,2023,5,COMBUSTÍVEIS E LUBRIFICANTES.,362.0,CACIQUE PETROLEO LTDA
220699,2023,6,COMBUSTÍVEIS E LUBRIFICANTES.,200.0,CACIQUE PETROLEO LTDA
220699,2023,6,COMBUSTÍVEIS E LUBRIFICANTES.,195.0,CACIQUE PETROLEO LTDA
220699,2023,6,COMBUSTÍVEIS E LUBRIFICANTES.,230.0,CACIQUE PETROLEO LTDA
220699,2023,9,COMBUSTÍVEIS E LUBRIFICANTES.,420.0,CACIQUE PETROLEO LTDA
220699,2023,6,COMBUSTÍVEIS E LUBRIFICANTES.,100.0,CACIQUE PETROLEO LTDA
220699,2023,10,COMBUSTÍVEIS E LUBRIFICANTES.,420.01,CACIQUE PETROLEO LTDA
220699,2023,11,COMBUSTÍVEIS E LUBRIFICANTES.,200.0,CACIQUE PETROLEO LTDA
220699,2023,6,COMBUSTÍVEIS E LUBRIFICANTES.,300.01,CACIQUE PETROLEO LTDA
220699,2023,6,COMBUSTÍVEIS E LUBRIFICANTES.,315.21,CACIQUE PETROLEO LTDA
220699,2023,6,COMBUSTÍVEIS E LUBRIFICANTES.,310.01,CACIQUE PETROLEO LTDA
220699,2023,11,COMBUSTÍVEIS E LUBRIFICANTES.,334.04,CACIQUE PETROLEO LTDA
220699,2023,11,COMBUSTÍVEIS E LUBRIFICANTES.,200.01,CACIQUE PETROLEO LTDA
220699,2023,11,COMBUSTÍVEIS E LUBRIFICANTES.,50.0,CACIQUE PETROLEO LTDA
220699,2023,12,COMBUSTÍVEIS E LUBRIFICANTES.,150.0,CACIQUE PETROLEO LTDA
220699,2023,7,COMBUSTÍVEIS E LUBRIFICANTES.,250.02,CACIQUE PETROLEO LTDA
220699,2023,7,COMBUSTÍVEIS E LUBRIFICANTES.,200.0,CACIQUE PETROLEO LTDA
220699,2023,8,COMBUSTÍVEIS E LUBRIFICANTES.,100.0,CACIQUE PETROLEO LTDA
220699,2023,8,COMBUSTÍVEIS E LUBRIFICANTES.,280.01,CACIQUE PETROLEO LTDA
220699,2023,8,COMBUSTÍVEIS E LUBRIFICANTES.,260.07,CACIQUE PETROLEO LTDA
220699,2023,6,COMBUSTÍVEIS E LUBRIFICANTES.,270.31,CAJUEIRO COMERCIO DE COMBUSTIVEIS LTDA EPP
220699,2023,10,COMBUSTÍVEIS E LUBRIFICANTES.,220.0,COMERCIO CARVALHO LTDA
220699,2023,7,COMBUSTÍVEIS E LUBRIFICANTES.,207.96,DRA4 DERIVADOS DE PETROLEO LTDA
220699,2023,11,COMBUSTÍVEIS E LUBRIFICANTES.,150.0,DRA4 DERIVADOS DE PETROLEO LTDA
220699,2023,6,COMBUSTÍVEIS E LUBRIFICANTES.,310.04,F GLEUDIMAR R BARROSO
220699,2023,8,COMBUSTÍVEIS E LUBRIFICANTES.,400.0,FCN.X CARVALHO COMBUSTIVEL LTDA
220699,2023,5,COMBUSTÍVEIS E LUBRIFICANTES.,300.0,FERREIRA & COSTA LTDA
220699,2023,4,COMBUSTÍVEIS E LUBRIFICANTES.,340.38,GILDA E JOAO LTDA
220699,2023,7,COMBUSTÍVEIS E LUBRIFICANTES.,230.32,GURGUEIA COMBUSTIVEIS LTDA EPP
220699,2023,5,COMBUSTÍVEIS E LUBRIFICANTES.,319.99,H M RODRIGUES EIRELI
220699,2023,9,COMBUSTÍVEIS E LUBRIFICANTES.,305.05,HD PETROLEO LAGOA LTDA
220699,2023,10,COMBUSTÍVEIS E LUBRIFICANTES.,370.02,HD PETROLEO LAGOA LTDA
220699,2023,4,COMBUSTÍVEIS E LUBRIFICANTES.,190.01,HD PETROLEO PICOS LTDA
220699,2023,10,COMBUSTÍVEIS E LUBRIFICANTES.,120.0,J & S PINHEIRO LTDA
220699,2023,12,COMBUSTÍVEIS E LUBRIFICANTES.,356.05,J. A. SILVA MERCADINHO
220699,2023,4,COMBUSTÍVEIS E LUBRIFICANTES.,124.02,JOSE FRANCISCO FILHO MERCADORIA
220699,2023,6,COMBUSTÍVEIS E LUBRIFICANTES.,200.0,L S M COMERCIO E REPRESENTACOES LTDA
220699,2023,4,COMBUSTÍVEIS E LUBRIFICANTES.,385.03,LEAL COMBUSTIVEIS LTDA
220699,2023,6,COMBUSTÍVEIS E LUBRIFICANTES.,200.11,M. D. AGRA & CIA LTDA
220699,2023,10,COMBUSTÍVEIS E LUBRIFICANTES.,315.01,MACHADO NERIS COMERCIO DE PETROLEO LTDA
220699,2023,7,COMBUSTÍVEIS E LUBRIFICANTES.,250.03,MAXXI MEGA PETROLEO LTDA
220699,2023,8,COMBUSTÍVEIS E LUBRIFICANTES.,150.14,N C LOPES DOS SANTOS - ME
220699,2023,12,COMBUSTÍVEIS E LUBRIFICANTES.,170.02,NOVO DERIVADO DE PETROLEO LTDA
220699,2023,9,COMBUSTÍVEIS E LUBRIFICANTES.,400.0,P. O. CORTEZ LIMA E CIA LTDA
220699,2023,12,COMBUSTÍVEIS E LUBRIFICANTES.,80.0,PECOBRAL
220699,2023,9,COMBUSTÍVEIS E LUBRIFICANTES.,140.0,PEDRO NERES DE BRITO
220699,2023,7,COMBUSTÍVEIS E LUBRIFICANTES.,200.0,POSTO ALTOS LTDA
220699,2023,10,COMBUSTÍVEIS E LUBRIFICANTES.,100.0,POSTO DE COMBUST&Iacute;VEL 107 NORTE
220699,2023,10,COMBUSTÍVEIS E LUBRIFICANTES.,265.05,POSTO DOIS IRMAOS LTDA
220699,2023,10,COMBUSTÍVEIS E LUBRIFICANTES.,360.04,POSTO DOIS IRMAOS LTDA
220699,2023,4,COMBUSTÍVEIS E LUBRIFICANTES.,400.13,POSTO ERTON REGO II EIRELI
220699,2023,6,COMBUSTÍVEIS E LUBRIFICANTES.,300.05,POSTO GASOLINE LTDA - EPP
220699,2023,7,COMBUSTÍVEIS E LUBRIFICANTES.,210.01,POSTO MORRINHOS LTDA ME
220699,2023,7,COMBUSTÍVEIS E LUBRIFICANTES.,100.04,POSTO NOSSA SENHORA DA GUIA LTDA
220699,2023,8,COMBUSTÍVEIS E LUBRIFICANTES.,345.05,POSTO NOSSA SENHORA DA GUIA LTDA
220699,2023,4,COMBUSTÍVEIS E LUBRIFICANTES.,140.02,POSTO SANTA LUCIA LTDA.
220699,2023,7,COMBUSTÍVEIS E LUBRIFICANTES.,150.01,POSTO SANTA LUCIA LTDA.
220699,2023,12,COMBUSTÍVEIS E LUBRIFICANTES.,120.0,POSTO SANTO EXPEDITO LTDA
220699,2023,6,COMBUSTÍVEIS E LUBRIFICANTES.,200.0,POSTO SAO BENEDITO PETROLEO LTDA
220699,2023,4,COMBUSTÍVEIS E LUBRIFICANTES.,250.02,POSTO SERRA AZUL EIRELI LTDA
220699,2023,4,COMBUSTÍVEIS E LUBRIFICANTES.,263.01,POSTO TATU LTDA
220699,2023,7,COMBUSTÍVEIS E LUBRIFICANTES.,190.0,POSTO TATU LTDA
220699,2023,6,COMBUSTÍVEIS E LUBRIFICANTES.,50.0,POSTO TOP TAGUATINGA COMERCIO DE COMBUSTIVEIS LTDA
220699,2023,12,COMBUSTÍVEIS E LUBRIFICANTES.,50.0,PRIMAVERA COMBUSTIVEIS E SERVICOS DE MECANICA LTDA
220699,2023,5,COMBUSTÍVEIS E LUBRIFICANTES.,227.75,PRIME DERIVADOS DE PETROLEO LTDA
220699,2023,4,COMBUSTÍVEIS E LUBRIFICANTES.,373.97,REAL COMBUSTIVEIS LTDA
220699,2023,5,COMBUSTÍVEIS E LUBRIFICANTES.,375.04,REAL COMBUSTIVEIS LTDA
220699,2023,7,COMBUSTÍVEIS E LUBRIFICANTES.,163.0,SIQUEIRA SOARES LTDA - EPP
220699,2023,8,COMBUSTÍVEIS E LUBRIFICANTES.,350.01,SIQUEIRA SOARES LTDA - EPP
220699,2023,8,COMBUSTÍVEIS E LUBRIFICANTES.,433.75,SIQUEIRA SOARES LTDA - EPP
220699,2023,8,COMBUSTÍVEIS E LUBRIFICANTES.,410.03,SIQUEIRA SOARES LTDA - EPP
220699,2023,9,COMBUSTÍVEIS E LUBRIFICANTES.,400.54,SIQUEIRA SOARES LTDA - EPP
220699,2023,9,COMBUSTÍVEIS E LUBRIFICANTES.,370.1,SIQUEIRA SOARES LTDA - EPP
220699,2023,9,COMBUSTÍVEIS E LUBRIFICANTES.,404.07,SIQUEIRA SOARES LTDA - EPP
220699,2023,9,COMBUSTÍVEIS E LUBRIFICANTES.,417.17,SIQUEIRA SOARES LTDA - EPP
220699,2023,10,COMBUSTÍVEIS E LUBRIFICANTES.,397.0,SIQUEIRA SOARES LTDA - EPP
220699,2023,10,COMBUSTÍVEIS E LUBRIFICANTES.,370.01,SIQUEIRA SOARES LTDA - EPP
220699,2023,10,COMBUSTÍVEIS E LUBRIFICANTES.,420.12,SIQUEIRA SOARES LTDA - EPP
220699,2023,10,COMBUSTÍVEIS E LUBRIFICANTES.,360.05,SIQUEIRA SOARES LTDA - EPP
220699,2023,10,COMBUSTÍVEIS E LUBRIFICANTES.,410.03,SIQUEIRA SOARES LTDA - EPP
220699,2023,11,COMBUSTÍVEIS E LUBRIFICANTES.,394.05,SIQUEIRA SOARES LTDA - EPP
220699,2023,11,COMBUSTÍVEIS E LUBRIFICANTES.,395.03,SIQUEIRA SOARES LTDA - EPP
220699,2023,12,COMBUSTÍVEIS E LUBRIFICANTES.,369.03,SIQUEIRA SOARES LTDA - EPP
220699,2023,4,COMBUSTÍVEIS E LUBRIFICANTES.,180.0,SIQUEIRA SOARES LTDA - EPP
220699,2023,4,COMBUSTÍVEIS E LUBRIFICANTES.,290.0,SIQUEIRA SOARES LTDA - EPP
220699,2023,5,COMBUSTÍVEIS E LUBRIFICANTES.,200.09,SIQUEIRA SOARES LTDA - EPP
220699,2023,5,COMBUSTÍVEIS E LUBRIFICANTES.,370.03,SIQUEIRA SOARES LTDA - EPP
220699,2023,5,COMBUSTÍVEIS E LUBRIFICANTES.,270.05,SIQUEIRA SOARES LTDA - EPP
220699,2023,5,COMBUSTÍVEIS E LUBRIFICANTES.,310.04,SIQUEIRA SOARES LTDA - EPP
220699,2023,6,COMBUSTÍVEIS E LUBRIFICANTES.,300.07,SIQUEIRA SOARES LTDA - EPP
220699,2023,6,COMBUSTÍVEIS E LUBRIFICANTES.,180.02,SIQUEIRA SOARES LTDA - EPP
220699,2023,6,COMBUSTÍVEIS E LUBRIFICANTES.,285.02,SIQUEIRA SOARES LTDA - EPP
220699,2023,6,COMBUSTÍVEIS E LUBRIFICANTES.,329.07,SIQUEIRA SOARES LTDA - EPP
220699,2023,7,COMBUSTÍVEIS E LUBRIFICANTES.,296.03,SIQUEIRA SOARES LTDA - EPP
220699,2023,7,COMBUSTÍVEIS E LUBRIFICANTES.,150.03,SIQUEIRA SOARES LTDA - EPP
220699,2023,7,COMBUSTÍVEIS E LUBRIFICANTES.,150.03,SIQUEIRA SOARES LTDA - EPP
220699,2023,7,COMBUSTÍVEIS E LUBRIFICANTES.,200.03,SIQUEIRA SOARES LTDA - EPP
220699,2023,7,COMBUSTÍVEIS E LUBRIFICANTES.,302.03,SIQUEIRA SOARES LTDA - EPP
220699,2023,8,COMBUSTÍVEIS E LUBRIFICANTES.,300.0,SOUSA & TAVARES LTDA
220699,2023,5,COMBUSTÍVEIS E LUBRIFICANTES.,322.01,UEMISTON DA SILVA E SOUSA - ME
220699,2023,10,COMBUSTÍVEIS E LUBRIFICANTES.,400.0,VIVA PETROLEO LTDA
220699,2023,3,DIVULGAÇÃO DA ATIVIDADE PARLAMENTAR.,7233.0,JGF PRODUCAO DE TEXTOS E EVENTOS LTDA
220699,2023,4,DIVULGAÇÃO DA ATIVIDADE PARLAMENTAR.,5000.0,JGF PRODUCAO DE TEXTOS E EVENTOS LTDA
220699,2023,5,DIVULGAÇÃO DA ATIVIDADE PARLAMENTAR.,5000.0,JGF PRODUCAO DE TEXTOS E EVENTOS LTDA
220699,2023,6,DIVULGAÇÃO DA ATIVIDADE PARLAMENTAR.,5000.0,JGF PRODUCAO DE TEXTOS E EVENTOS LTDA
220699,2023,7,DIVULGAÇÃO DA ATIVIDADE PARLAMENTAR.,6296.0,JGF PRODUCAO DE TEXTOS E EVENTOS LTDA
220699,2023,8,DIVULGAÇÃO DA ATIVIDADE PARLAMENTAR.,6100.0,JGF PRODUCAO DE TEXTOS E EVENTOS LTDA
220699,2023,9,DIVULGAÇÃO DA ATIVIDADE PARLAMENTAR.,6100.0,JGF PRODUCAO DE TEXTOS E EVENTOS LTDA
220699,2023,10,DIVULGAÇÃO DA ATIVIDADE PARLAMENTAR.,6100.0,JGF PRODUCAO DE TEXTOS E EVENTOS LTDA
220699,2023,11,DIVULGAÇÃO DA ATIVIDADE PARLAMENTAR.,6100.0,JGF PRODUCAO DE TEXTOS E EVENTOS LTDA
220699,2023,2,DIVULGAÇÃO DA ATIVIDADE PARLAMENTAR.,5000.0,JGF PRODUCAO DE TEXTOS E EVENTOS LTDA
220699,2023,12,DIVULGAÇÃO DA ATIVIDADE PARLAMENTAR.,6100.0,JGF PRODUCAO DE TEXTOS E EVENTOS LTDA
220699,2023,4,TELEFONIA,93.8,CELULAR FUNCIONAL
220699,2023,4,TELEFONIA,117.9,CELULAR FUNCIONAL
220699,2023,6,TELEFONIA,117.9,CELULAR FUNCIONAL
220699,2023,7,TELEFONIA,120.78,CELULAR FUNCIONAL
220699,2023,8,TELEFONIA,120.78,CELULAR FUNCIONAL
220699,2023,9,TELEFONIA,120.78,CELULAR FUNCIONAL
220699,2023,9,TELEFONIA,116.51,CELULAR FUNCIONAL
220699,2023,11,TELEFONIA,116.51,CELULAR FUNCIONAL
220699,2023,11,TELEFONIA,116.51,CELULAR FUNCIONAL
220699,2023,12,TELEFONIA,116.51,CELULAR FUNCIONAL
220699,2023,7,"HOSPEDAGEM ,EXCETO DO PARLAMENTAR NO DISTRITO FEDERAL.",1217.0,ARAUJO E MARTINS EMPREENDIMENTOS LTDA
220699,2023,7,"HOSPEDAGEM ,EXCETO DO PARLAMENTAR NO DISTRITO FEDERAL.",520.0,ARAUJO E MARTINS EMPREENDIMENTOS LTDA
220699,2023,7,"HOSPEDAGEM ,EXCETO DO PARLAMENTAR NO DISTRITO FEDERAL.",520.0,ARAUJO E MARTINS EMPREENDIMENTOS LTDA
220699,2023,7,"HOSPEDAGEM ,EXCETO DO PARLAMENTAR NO DISTRITO FEDERAL.",400.0,ARAUJO E MARTINS EMPREENDIMENTOS LTDA
220699,2023,7,"HOSPEDAGEM ,EXCETO DO PARLAMENTAR NO DISTRITO FEDERAL.",290.35,ARAUJO E MARTINS EMPREENDIMENTOS LTDA
220699,2023,7,"HOSPEDAGEM ,EXCETO DO PARLAMENTAR NO DISTRITO FEDERAL.",290.35,ARAUJO E MARTINS EMPREENDIMENTOS LTDA
220699,2023,6,"HOSPEDAGEM ,EXCETO DO PARLAMENTAR NO DISTRITO FEDERAL.",160.0,HOTEL FORMULA FLAT ITAUEIRA
220699,2023,6,"HOSPEDAGEM ,EXCETO DO PARLAMENTAR NO DISTRITO FEDERAL.",600.0,PICOS HOTEL
220699,2023,6,"HOSPEDAGEM ,EXCETO DO PARLAMENTAR NO DISTRITO FEDERAL.",400.0,PICOS HOTEL
220699,2023,8,"HOSPEDAGEM ,EXCETO DO PARLAMENTAR NO DISTRITO FEDERAL.",220.0,PICOS HOTEL
220699,2023,8,"HOSPEDAGEM ,EXCETO DO PARLAMENTAR NO DISTRITO FEDERAL.",168.0,PICOS HOTEL
220699,2023,5,"HOSPEDAGEM ,EXCETO DO PARLAMENTAR NO DISTRITO FEDERAL.",263.0,REAL HOTEL EMPREENDIMENTOS  LTDA
220699,2023,7,"HOSPEDAGEM ,EXCETO DO PARLAMENTAR NO DISTRITO FEDERAL.",194.0,REAL HOTEL EMPREENDIMENTOS  LTDA
220699,2023,11,"HOSPEDAGEM ,EXCETO DO PARLAMENTAR NO DISTRITO FEDERAL.",235.0,REAL HOTEL EMPREENDIMENTOS  LTDA
220699,2023,12,"HOSPEDAGEM ,EXCETO DO PARLAMENTAR NO DISTRITO FEDERAL.",235.0,REAL HOTEL EMPREENDIMENTOS  LTDA
220699,2023,11,"HOSPEDAGEM ,EXCETO DO PARLAMENTAR NO DISTRITO FEDERAL.",235.0,REAL HOTEL EMPREENDIMENTOS  LTDA
220699,2023,12,"HOSPEDAGEM ,EXCETO DO PARLAMENTAR NO DISTRITO FEDERAL.",235.0,REAL HOTEL EMPREENDIMENTOS  LTDA
220699,2023,3,"HOSPEDAGEM ,EXCETO DO PARLAMENTAR NO DISTRITO FEDERAL.",600.0,SFJ EMPREENDIMENTOS E INCORPORAÇÃO LTDA
220699,2023,5,LOCAÇÃO OU FRETAMENTO DE AERONAVES,10800.0,CEARA TAXI AEREO LTDA
220699,2023,5,LOCAÇÃO OU FRETAMENTO DE AERONAVES,30500.0,CEARA TAXI AEREO LTDA
220699,2023,6,LOCAÇÃO OU FRETAMENTO DE AERONAVES,21400.0,CEARA TAXI AEREO LTDA
220699,2023,3,LOCAÇÃO OU FRETAMENTO DE VEÍCULOS AUTOMOTORES,10000.0,R. L EMPREENDIMENTOS E SERVIÇOS LTDA
220699,2023,4,LOCAÇÃO OU FRETAMENTO DE VEÍCULOS AUTOMOTORES,10000.0,R. L EMPREENDIMENTOS E SERVIÇOS LTDA
220699,2023,6,LOCAÇÃO OU FRETAMENTO DE VEÍCULOS AUTOMOTORES,12700.0,R. L EMPREENDIMENTOS E SERVIÇOS LTDA
220699,2023,7,LOCAÇÃO OU FRETAMENTO DE VEÍCULOS AUTOMOTORES,12700.0,R. L EMPREENDIMENTOS E SERVIÇOS LTDA
220699,2023,8,LOCAÇÃO OU FRETAMENTO DE VEÍCULOS AUTOMOTORES,12700.0,R. L EMPREENDIMENTOS E SERVIÇOS LTDA
220699,2023,9,LOCAÇÃO OU FRETAMENTO DE VEÍCULOS AUTOMOTORES,12700.0,R. L EMPREENDIMENTOS E SERVIÇOS LTDA
220699,2023,10,LOCAÇÃO OU FRETAMENTO DE VEÍCULOS AUTOMOTORES,12700.0,R. L EMPREENDIMENTOS E SERVIÇOS LTDA
220699,2023,11,LOCAÇÃO OU FRETAMENTO DE VEÍCULOS AUTOMOTORES,12700.0,R. L EMPREENDIMENTOS E SERVIÇOS LTDA
220699,2023,12,LOCAÇÃO OU FRETAMENTO DE VEÍCULOS AUTOMOTORES,12700.0,R. L EMPREENDIMENTOS E SERVIÇOS LTDA
220699,2023,5,LOCAÇÃO OU FRETAMENTO DE VEÍCULOS AUTOMOTORES,2700.0,RL EMPREENDIMENTOS E SERVICOS LTDA
220699,2023,3,"SERVIÇO DE TÁXI, PEDÁGIO E ESTACIONAMENTO",65.34,GGFF INTERMEDIACAO E NEGOCIO EM GERAL LTDA.
220699,2023,6,"SERVIÇO DE TÁXI, PEDÁGIO E ESTACIONAMENTO",500.0,NELSON DO ESPÍRITO SANTO FERREIRA
220699,2023,5,"SERVIÇO DE TÁXI, PEDÁGIO E ESTACIONAMENTO",500.0,NELSON DO ESPÍRITO SANTO FERREIRA
220699,2023,3,"SERVIÇO DE TÁXI, PEDÁGIO E ESTACIONAMENTO",11.92,UBER DO BRASIL TECNOLOGIA LTDA.
220699,2023,3,"SERVIÇO DE TÁXI, PEDÁGIO E ESTACIONAMENTO",12.96,UBER DO BRASIL TECNOLOGIA LTDA.
220699,2023,3,"SERVIÇO DE TÁXI, PEDÁGIO E ESTACIONAMENTO",61.61,UBER DO BRASIL TECNOLOGIA LTDA.
220699,2023,3,"SERVIÇO DE TÁXI, PEDÁGIO E ESTACIONAMENTO",10.9,UBER DO BRASIL TECNOLOGIA LTDA.
220699,2023,4,"SERVIÇO DE TÁXI, PEDÁGIO E ESTACIONAMENTO",13.18,UBER DO BRASIL TECNOLOGIA LTDA.
220699,2023,5,"SERVIÇO DE TÁXI, PEDÁGIO E ESTACIONAMENTO",16.77,UBER DO BRASIL TECNOLOGIA LTDA.
220699,2023,5,"SERVIÇO DE TÁXI, PEDÁGIO E ESTACIONAMENTO",16.22,UBER DO BRASIL TECNOLOGIA LTDA.
220699,2023,10,"SERVIÇO DE TÁXI, PEDÁGIO E ESTACIONAMENTO",18.8,UBER DO BRASIL TECNOLOGIA LTDA.
220699,2023,12,"SERVIÇO DE TÁXI, PEDÁGIO E ESTACIONAMENTO",29.97,UBER DO BRASIL TECNOLOGIA LTDA.
220699,2023,5,"SERVIÇO DE TÁXI, PEDÁGIO E ESTACIONAMENTO",68.87,UBER DO BRASIL TECNOLOGIA LTDA.
220699,2023,5,"SERVIÇO DE TÁXI, PEDÁGIO E ESTACIONAMENTO",31.92,UBER DO BRASIL TECNOLOGIA LTDA.
220699,2023,5,"SERVIÇO DE TÁXI, PEDÁGIO E ESTACIONAMENTO",34.97,UBER DO BRASIL TECNOLOGIA LTDA.
220699,2023,9,PASSAGEM AÉREA - SIGEPA,1344.66,AZUL
220699,2023,3,PASSAGEM AÉREA - SIGEPA,1204.55,AZUL
220699,2023,3,PASSAGEM AÉREA - SIGEPA,136.77,AZUL
220699,2023,9,PASSAGEM AÉREA - SIGEPA,30.0,GOL
220699,2023,9,PASSAGEM AÉREA - SIGEPA,30.0,GOL
220699,2023,9,PASSAGEM AÉREA - SIGEPA,1710.59,GOL
220699,2023,10,PASSAGEM AÉREA - SIGEPA,1941.71,GOL
220699,2023,5,PASSAGEM AÉREA - SIGEPA,1959.78,GOL
220699,2023,6,PASSAGEM AÉREA - SIGEPA,1987.89,GOL
220699,2023,6,PASSAGEM AÉREA - SIGEPA,-1890.67,GOL
220699,2023,6,PASSAGEM AÉREA - SIGEPA,1984.48,GOL
220699,2023,2,PASSAGEM AÉREA - SIGEPA,951.44,TAM
220699,2023,2,PASSAGEM AÉREA - SIGEPA,951.44,TAM
220699,2023,2,PASSAGEM AÉREA - SIGEPA,421.12,TAM
220699,2023,2,PASSAGEM AÉREA - SIGEPA,940.07,TAM
220699,2023,3,PASSAGEM AÉREA - SIGEPA,1053.56,TAM
220699,2023,3,PASSAGEM AÉREA - SIGEPA,1053.56,TAM
220699,2023,3,PASSAGEM AÉREA - SIGEPA,1381.47,TAM
220699,2023,3,PASSAGEM AÉREA - SIGEPA,1366.37,TAM
220699,2023,3,PASSAGEM AÉREA - SIGEPA,1377.74,TAM
220699,2023,3,PASSAGEM AÉREA - SIGEPA,1377.74,TAM
220699,2023,4,PASSAGEM AÉREA - SIGEPA,1497.82,TAM
220699,2023,4,PASSAGEM AÉREA - SIGEPA,-616.15,TAM
220699,2023,4,PASSAGEM AÉREA - SIGEPA,900.72,TAM
220699,2023,4,PASSAGEM AÉREA - SIGEPA,885.75,TAM
220699,2023,4,PASSAGEM AÉREA - SIGEPA,-637.33,TAM
220699,2023,4,PASSAGEM AÉREA - SIGEPA,1528.31,TAM
220699,2023,4,PASSAGEM AÉREA - SIGEPA,-430.69,TAM
220699,2023,4,PASSAGEM AÉREA - SIGEPA,1034.16,TAM
220699,2023,4,PASSAGEM AÉREA - SIGEPA,1808.37,TAM
220699,2023,4,PASSAGEM AÉREA - SIGEPA,-280.53,TAM
220699,2023,4,PASSAGEM AÉREA - SIGEPA,658.77,TAM
220699,2023,4,PASSAGEM AÉREA - SIGEPA,552.49,TAM
220699,2023,4,PASSAGEM AÉREA - SIGEPA,502.6,TAM
220699,2023,5,PASSAGEM AÉREA - SIGEPA,55.0,TAM
220699,2023,5,PASSAGEM AÉREA - SIGEPA,411.34,TAM
220699,2023,5,PASSAGEM AÉREA - SIGEPA,49.0,TAM
220699,2023,5,PASSAGEM AÉREA - SIGEPA,669.44,TAM
220699,2023,5,PASSAGEM AÉREA - SIGEPA,55.0,TAM
220699,2023,5,PASSAGEM AÉREA - SIGEPA,669.44,TAM
220699,2023,5,PASSAGEM AÉREA - SIGEPA,49.0,TAM
220699,2023,5,PASSAGEM AÉREA - SIGEPA,411.34,TAM
220699,2023,5,PASSAGEM AÉREA - SIGEPA,863.44,TAM
220699,2023,5,PASSAGEM AÉREA - SIGEPA,522.89,TAM
220699,2023,5,PASSAGEM AÉREA - SIGEPA,1381.34,TAM
220699,2023,5,PASSAGEM AÉREA - SIGEPA,1366.37,TAM
220699,2023,5,PASSAGEM AÉREA - SIGEPA,914.3,TAM
220699,2023,5,PASSAGEM AÉREA - SIGEPA,899.33,TAM
220699,2023,5,PASSAGEM AÉREA - SIGEPA,1823.34,TAM
220699,2023,5,PASSAGEM AÉREA - SIGEPA,1661.75,TAM
220699,2023,5,PASSAGEM AÉREA - SIGEPA,-373.65,TAM
220699,2023,5,PASSAGEM AÉREA - SIGEPA,-201.17,TAM
220699,2023,5,PASSAGEM AÉREA - SIGEPA,891.57,TAM
220699,2023,5,PASSAGEM AÉREA - SIGEPA,1048.71,TAM
220699,2023,5,PASSAGEM AÉREA - SIGEPA,-388.62,TAM
220699,2023,5,PASSAGEM AÉREA - SIGEPA,906.54,TAM
220699,2023,5,PASSAGEM AÉREA - SIGEPA,1509.46,TAM
220699,2023,6,PASSAGEM AÉREA - SIGEPA,784.32,TAM
220699,2023,6,PASSAGEM AÉREA - SIGEPA,784.32,TAM
220699,2023,6,PASSAGEM AÉREA - SIGEPA,784.32,TAM
220699,2023,6,PASSAGEM AÉREA - SIGEPA,1273.75,TAM
220699,2023,6,PASSAGEM AÉREA - SIGEPA,1731.59,TAM
220699,2023,6,PASSAGEM AÉREA - SIGEPA,1808.37,TAM
220699,2023,6,PASSAGEM AÉREA - SIGEPA,1823.34,TAM
220699,2023,6,PASSAGEM AÉREA - SIGEPA,1003.54,TAM
220699,2023,6,PASSAGEM AÉREA - SIGEPA,1366.37,TAM
220699,2023,6,PASSAGEM AÉREA - SIGEPA,1808.37,TAM
220699,2023,6,PASSAGEM AÉREA - SIGEPA,1381.34,TAM
220699,2023,6,PASSAGEM AÉREA - SIGEPA,1366.37,TAM
220699,2023,7,PASSAGEM AÉREA - SIGEPA,1366.37,TAM
220699,2023,7,PASSAGEM AÉREA - SIGEPA,-1808.37,TAM
220699,2023,7,PASSAGEM AÉREA - SIGEPA,1808.37,TAM
220699,2023,7,PASSAGEM AÉREA - SIGEPA,1486.18,TAM
220699,2023,7,PASSAGEM AÉREA - SIGEPA,377.8,TAM
220699,2023,7,PASSAGEM AÉREA - SIGEPA,-1823.34,TAM
220699,2023,7,PASSAGEM AÉREA - SIGEPA,1039.02,TAM
220699,2023,7,PASSAGEM AÉREA - SIGEPA,55.0,TAM
220699,2023,7,PASSAGEM AÉREA - SIGEPA,1038.46,TAM
220699,2023,7,PASSAGEM AÉREA - SIGEPA,55.0,TAM
220699,2023,7,PASSAGEM AÉREA - SIGEPA,1023.49,TAM
220699,2023,8,PASSAGEM AÉREA - SIGEPA,342.88,TAM
220699,2023,8,PASSAGEM AÉREA - SIGEPA,1381.34,TAM
220699,2023,8,PASSAGEM AÉREA - SIGEPA,-1823.34,TAM
220699,2023,8,PASSAGEM AÉREA - SIGEPA,1823.34,TAM
220699,2023,8,PASSAGEM AÉREA - SIGEPA,752.31,TAM
220699,2023,8,PASSAGEM AÉREA - SIGEPA,-385.68,TAM
220699,2023,8,PASSAGEM AÉREA - SIGEPA,921.64,TAM
220699,2023,8,PASSAGEM AÉREA - SIGEPA,921.64,TAM
220699,2023,8,PASSAGEM AÉREA - SIGEPA,1103.86,TAM
220699,2023,8,PASSAGEM AÉREA - SIGEPA,1089.72,TAM
220699,2023,8,PASSAGEM AÉREA - SIGEPA,1089.72,TAM
220699,2023,8,PASSAGEM AÉREA - SIGEPA,1173.7,TAM
220699,2023,8,PASSAGEM AÉREA - SIGEPA,1366.37,TAM
220699,2023,8,PASSAGEM AÉREA - SIGEPA,1485.38,TAM
220699,2023,8,PASSAGEM AÉREA - SIGEPA,1381.34,TAM
220699,2023,8,PASSAGEM AÉREA - SIGEPA,1367.51,TAM
220699,2023,8,PASSAGEM AÉREA - SIGEPA,1367.51,TAM
220699,2023,8,PASSAGEM AÉREA - SIGEPA,1381.34,TAM
220699,2023,8,PASSAGEM AÉREA - SIGEPA,1823.34,TAM
220699,2023,9,PASSAGEM AÉREA - SIGEPA,1367.51,TAM
220699,2023,9,PASSAGEM AÉREA - SIGEPA,1381.34,TAM
220699,2023,9,PASSAGEM AÉREA - SIGEPA,1809.51,TAM
220699,2023,9,PASSAGEM AÉREA - SIGEPA,1367.51,TAM
220699,2023,9,PASSAGEM AÉREA - SIGEPA,-1381.34,TAM
220699,2023,9,PASSAGEM AÉREA - SIGEPA,1381.34,TAM
220699,2023,10,PASSAGEM AÉREA - SIGEPA,1381.34,TAM
220699,2023,10,PASSAGEM AÉREA - SIGEPA,1367.51,TAM
220699,2023,10,PASSAGEM AÉREA - SIGEPA,1486.6,TAM
220699,2023,10,PASSAGEM AÉREA - SIGEPA,-393.66,TAM
220699,2023,10,PASSAGEM AÉREA - SIGEPA,919.15,TAM
220699,2023,10,PASSAGEM AÉREA - SIGEPA,-421.35,TAM
220699,2023,10,PASSAGEM AÉREA - SIGEPA,1009.11,TAM
220699,2023,10,PASSAGEM AÉREA - SIGEPA,-319.31,TAM
220699,2023,10,PASSAGEM AÉREA - SIGEPA,754.0,TAM
220699,2023,10,PASSAGEM AÉREA - SIGEPA,-422.38,TAM
220699,2023,10,PASSAGEM AÉREA - SIGEPA,990.93,TAM
220699,2023,10,PASSAGEM AÉREA - SIGEPA,-374.4,TAM
220699,2023,10,PASSAGEM AÉREA - SIGEPA,891.74,TAM
220699,2023,10,PASSAGEM AÉREA - SIGEPA,-944.37,TAM
220699,2023,10,PASSAGEM AÉREA - SIGEPA,944.37,TAM
220699,2023,10,PASSAGEM AÉREA - SIGEPA,-315.43,TAM
220699,2023,10,PASSAGEM AÉREA - SIGEPA,744.3,TAM
220699,2023,10,PASSAGEM AÉREA - SIGEPA,-186.3,TAM
220699,2023,10,PASSAGEM AÉREA - SIGEPA,758.13,TAM
220699,2023,10,PASSAGEM AÉREA - SIGEPA,1381.34,TAM
220699,2023,10,PASSAGEM AÉREA - SIGEPA,-771.71,TAM
220699,2023,10,PASSAGEM AÉREA - SIGEPA,771.71,TAM
220699,2023,10,PASSAGEM AÉREA - SIGEPA,-919.15,TAM
220699,2023,10,PASSAGEM AÉREA - SIGEPA,919.15,TAM
220699,2023,10,PASSAGEM AÉREA - SIGEPA,-1469.86,TAM
220699,2023,10,PASSAGEM AÉREA - SIGEPA,1469.86,TAM
220699,2023,10,PASSAGEM AÉREA - SIGEPA,1367.51,TAM
220699,2023,10,PASSAGEM AÉREA - SIGEPA,1381.34,TAM
220699,2023,11,PASSAGEM AÉREA - SIGEPA,-1076.29,TAM
220699,2023,11,PASSAGEM AÉREA - SIGEPA,1076.29,TAM
220699,2023,11,PASSAGEM AÉREA - SIGEPA,-1367.51,TAM
220699,2023,11,PASSAGEM AÉREA - SIGEPA,393.32,TAM
220699,2023,11,PASSAGEM AÉREA - SIGEPA,1367.51,TAM
220699,2023,11,PASSAGEM AÉREA - SIGEPA,1381.34,TAM
220699,2023,12,PASSAGEM AÉREA - SIGEPA,-912.36,TAM
220699,2023,12,PASSAGEM AÉREA - SIGEPA,912.36,TAM
220699,2023,12,PASSAGEM AÉREA - SIGEPA,-758.13,TAM
220699,2023,12,PASSAGEM AÉREA - SIGEPA,758.13,TAM
220699,2023,12,PASSAGEM AÉREA - SIGEPA,1367.51,TAM
220699,2023,12,PASSAGEM AÉREA - SIGEPA,-1809.51,TAM
220699,2023,12,PASSAGEM AÉREA - SIGEPA,1809.51,TAM
220699,2023,12,PASSAGEM AÉREA - SIGEPA,-1367.51,TAM
220699,2023,12,PASSAGEM AÉREA - SIGEPA,468.1,TAM
220699,2023,12,PASSAGEM AÉREA - SIGEPA,1367.51,TAM
220699,2023,12,PASSAGEM AÉREA - SIGEPA,-1367.51,TAM
220699,2023,12,PASSAGEM AÉREA - SIGEPA,1367.51,TAM
220699,2023,12,PASSAGEM AÉREA - SIGEPA,1380.09,TAM
220699,2023,12,PASSAGEM AÉREA - SIGEPA,1367.51,TAM
220699,2023,12,PASSAGEM AÉREA - SIGEPA,596.14,TAM
220699,2023,12,PASSAGEM AÉREA - SIGEPA,-1367.51,TAM
220699,2023,12,PASSAGEM AÉREA - SIGEPA,1367.51,TAM
220699,2023,12,PASSAGEM AÉREA - SIGEPA,-590.32,TAM
220699,2023,12,PASSAGEM AÉREA - SIGEPA,590.32,TAM
220699,2023,12,PASSAGEM AÉREA - SIGEPA,-1730.79,TAM
220699,2023,12,PASSAGEM AÉREA - SIGEPA,1730.79,TAM
220699,2024,2,MANUTENÇÃO DE ESCRITÓRIO DE APOIO À ATIVIDADE PARLAMENTAR,920.0,AMORETTO CAFES EXPRESSO LTDA
220699,2024,3,MANUTENÇÃO DE ESCRITÓRIO DE APOIO À ATIVIDADE PARLAMENTAR,940.0,AMORETTO CAFES EXPRESSO LTDA
220699,2024,4,MANUTENÇÃO DE ESCRITÓRIO DE APOIO À ATIVIDADE PARLAMENTAR,940.0,AMORETTO CAFES EXPRESSO LTDA
220699,2024,5,MANUTENÇÃO DE ESCRITÓRIO DE APOIO À ATIVIDADE PARLAMENTAR,940.0,AMORETTO CAFES EXPRESSO LTDA
220699,2024,6,MANUTENÇÃO DE ESCRITÓRIO DE APOIO À ATIVIDADE PARLAMENTAR,940.0,AMORETTO CAFES EXPRESSO LTDA
220699,2024,7,MANUTENÇÃO DE ESCRITÓRIO DE APOIO À ATIVIDADE PARLAMENTAR,940.0,Amoretto cafes expresso ltda
220699,2024,8,MANUTENÇÃO DE ESCRITÓRIO DE APOIO À ATIVIDADE PARLAMENTAR,940.0,AMORETTO CAFES EXPRESSO LTDA
220699,2024,9,MANUTENÇÃO DE ESCRITÓRIO DE APOIO À ATIVIDADE PARLAMENTAR,940.0,AMORETTO CAFES EXPRESSO LTDA
220699,2024,10,MANUTENÇÃO DE ESCRITÓRIO DE APOIO À ATIVIDADE PARLAMENTAR,940.0,AMORETTO CAFES EXPRESSO LTDA
220699,2024,11,MANUTENÇÃO DE ESCRITÓRIO DE APOIO À ATIVIDADE PARLAMENTAR,940.0,AMORETTO CAFES EXPRESSO LTDA
220699,2024,12,MANUTENÇÃO DE ESCRITÓRIO DE APOIO À ATIVIDADE PARLAMENTAR,940.0,AMORETTO CAFES EXPRESSO LTDA
220699,2024,1,MANUTENÇÃO DE ESCRITÓRIO DE APOIO À ATIVIDADE PARLAMENTAR,920.0,AMORETTO CAFES EXPRESSO LTDA
220699,2024,2,MANUTENÇÃO DE ESCRITÓRIO DE APOIO À ATIVIDADE PARLAMENTAR,123.94,Companhia Energética do Piauí
220699,2024,7,MANUTENÇÃO DE ESCRITÓRIO DE APOIO À ATIVIDADE PARLAMENTAR,127.46,Companhia Energética do Piauí
220699,2024,8,MANUTENÇÃO DE ESCRITÓRIO DE APOIO À ATIVIDADE PARLAMENTAR,141.19,Companhia Energética do Piauí
220699,2024,4,MANUTENÇÃO DE ESCRITÓRIO DE APOIO À ATIVIDADE PARLAMENTAR,119.9,Grupo Mevlox
220699,2024,8,MANUTENÇÃO DE ESCRITÓRIO DE APOIO À ATIVIDADE PARLAMENTAR,119.9,Grupo Mevlox
220699,2024,2,MANUTENÇÃO DE ESCRITÓRIO DE APOIO À ATIVIDADE PARLAMENTAR,2496.0,KEYLANE RIOS SPODE
220699,2024,3,MANUTENÇÃO DE ESCRITÓRIO DE APOIO À ATIVIDADE PARLAMENTAR,2496.0,KEYLANE RIOS SPODE
220699,2024,4,MANUTENÇÃO DE ESCRITÓRIO DE APOIO À ATIVIDADE PARLAMENTAR,2496.0,KEYLANE RIOS SPODE
220699,2024,5,MANUTENÇÃO DE ESCRITÓRIO DE APOIO À ATIVIDADE PARLAMENTAR,2496.0,KEYLANE RIOS SPODE
220699,2024,6,MANUTENÇÃO DE ESCRITÓRIO DE APOIO À ATIVIDADE PARLAMENTAR,2496.0,KEYLANE RIOS SPODE
220699,2024,7,MANUTENÇÃO DE ESCRITÓRIO DE APOIO À ATIVIDADE PARLAMENTAR,2496.0,KEYLANE RIOS SPODE
220699,2024,8,MANUTENÇÃO DE ESCRITÓRIO DE APOIO À ATIVIDADE PARLAMENTAR,2496.0,KEYLANE RIOS SPODE
220699,2024,9,MANUTENÇÃO DE ESCRITÓRIO DE APOIO À ATIVIDADE PARLAMENTAR,2496.0,KEYLANE RIOS SPODE
220699,2024,11,MANUTENÇÃO DE ESCRITÓRIO DE APOIO À ATIVIDADE PARLAMENTAR,2496.0,KEYLANE RIOS SPODE
220699,2024,10,MANUTENÇÃO DE ESCRITÓRIO DE APOIO À ATIVIDADE PARLAMENTAR,2496.0,KEYLANE RIOS SPODE
220699,2024,1,MANUTENÇÃO DE ESCRITÓRIO DE APOIO À ATIVIDADE PARLAMENTAR,2496.0,KEYLANE RIOS SPODE
220699,2024,1,MANUTENÇÃO DE ESCRITÓRIO DE APOIO À ATIVIDADE PARLAMENTAR,1190.0,NEVES E FERREIRA TECNOLOGIA LTDA
220699,2024,2,MANUTENÇÃO DE ESCRITÓRIO DE APOIO À ATIVIDADE PARLAMENTAR,1190.0,NEVES E FERREIRA TECNOLOGIA LTDA
220699,2024,3,MANUTENÇÃO DE ESCRITÓRIO DE APOIO À ATIVIDADE PARLAMENTAR,1190.0,NEVES E FERREIRA TECNOLOGIA LTDA
220699,2024,4,MANUTENÇÃO DE ESCRITÓRIO DE APOIO À ATIVIDADE PARLAMENTAR,1190.0,NEVES E FERREIRA TECNOLOGIA LTDA
220699,2024,6,MANUTENÇÃO DE ESCRITÓRIO DE APOIO À ATIVIDADE PARLAMENTAR,1190.0,NEVES E FERREIRA TECNOLOGIA LTDA
220699,2024,7,MANUTENÇÃO DE ESCRITÓRIO DE APOIO À ATIVIDADE PARLAMENTAR,1190.0,NEVES E FERREIRA TECNOLOGIA LTDA
220699,2024,8,MANUTENÇÃO DE ESCRITÓRIO DE APOIO À ATIVIDADE PARLAMENTAR,1190.0,NEVES E FERREIRA TECNOLOGIA LTDA
220699,2024,10,MANUTENÇÃO DE ESCRITÓRIO DE APOIO À ATIVIDADE PARLAMENTAR,1190.0,NEVES E FERREIRA TECNOLOGIA LTDA
220699,2024,11,MANUTENÇÃO DE ESCRITÓRIO DE APOIO À ATIVIDADE PARLAMENTAR,1190.0,NEVES E FERREIRA TECNOLOGIA LTDA
220699,2024,12,MANUTENÇÃO DE ESCRITÓRIO DE APOIO À ATIVIDADE PARLAMENTAR,1190.0,NEVES E FERREIRA TECNOLOGIA LTDA
220699,2024,9,MANUTENÇÃO DE ESCRITÓRIO DE APOIO À ATIVIDADE PARLAMENTAR,153.9,WMS COMERCIO DE ARTIGOS DE PAPELARIA LTDA
220699,2024,9,MANUTENÇÃO DE ESCRITÓRIO DE APOIO À ATIVIDADE PARLAMENTAR,229.0,WMS COMERCIO DE ARTIGOS DE PAPELARIA LTDA
220699,2024,3,MANUTENÇÃO DE ESCRITÓRIO DE APOIO À ATIVIDADE PARLAMENTAR,392.0,WMS COMERCIO DE ARTIGOS DE PAPELARIA LTDA-ME
220699,2024,5,MANUTENÇÃO DE ESCRITÓRIO DE APOIO À ATIVIDADE PARLAMENTAR,299.0,WMS COMERCIO DE ARTIGOS DE PAPELARIA LTDA-ME
220699,2024,2,COMBUSTÍVEIS E LUBRIFICANTES.,40.0,031 - 302 NORTE - CASCOL COMBUSTIVEIS PARA VEICULOS LTDA
220699,2024,2,COMBUSTÍVEIS E LUBRIFICANTES.,30.0,031 - 302 NORTE - CASCOL COMBUSTIVEIS PARA VEICULOS LTDA
220699,2024,2,COMBUSTÍVEIS E LUBRIFICANTES.,250.0,031 - 302 NORTE - CASCOL COMBUSTIVEIS PARA VEICULOS LTDA
220699,2024,3,COMBUSTÍVEIS E LUBRIFICANTES.,50.0,031 - 302 NORTE - CASCOL COMBUSTIVEIS PARA VEICULOS LTDA
220699,2024,3,COMBUSTÍVEIS E LUBRIFICANTES.,120.0,031 - 302 NORTE - CASCOL COMBUSTIVEIS PARA VEICULOS LTDA
220699,2024,3,COMBUSTÍVEIS E LUBRIFICANTES.,120.0,031 - 302 NORTE - CASCOL COMBUSTIVEIS PARA VEICULOS LTDA
220699,2024,4,COMBUSTÍVEIS E LUBRIFICANTES.,100.0,031 - 302 NORTE - CASCOL COMBUSTIVEIS PARA VEICULOS LTDA
220699,2024,4,COMBUSTÍVEIS E LUBRIFICANTES.,130.0,031 - 302 NORTE - CASCOL COMBUSTIVEIS PARA VEICULOS LTDA
220699,2024,6,COMBUSTÍVEIS E LUBRIFICANTES.,100.0,031 - 302 NORTE - CASCOL COMBUSTIVEIS PARA VEICULOS LTDA
220699,2024,6,COMBUSTÍVEIS E LUBRIFICANTES.,100.0,031 - 302 NORTE - CASCOL COMBUSTIVEIS PARA VEICULOS LTDA
220699,2024,9,COMBUSTÍVEIS E LUBRIFICANTES.,120.0,031 - 302 NORTE - CASCOL COMBUSTIVEIS PARA VEICULOS LTDA
220699,2024,9,COMBUSTÍVEIS E LUBRIFICANTES.,60.0,031 - 302 NORTE - CASCOL COMBUSTIVEIS PARA VEICULOS LTDA
220699,2024,10,COMBUSTÍVEIS E LUBRIFICANTES.,120.0,031 - 302 NORTE - CASCOL COMBUSTIVEIS PARA VEICULOS LTDA
220699,2024,6,COMBUSTÍVEIS E LUBRIFICANTES.,120.0,038 - GUANABARA - CASCOL COMBUSTIVEIS PARA VEICULOS LTDA
220699,2024,4,COMBUSTÍVEIS E LUBRIFICANTES.,200.0,A F COMBUSTIVEIS LTDA
220699,2024,3,COMBUSTÍVEIS E LUBRIFICANTES.,330.01,ALCIDES FIGUEIREDO & MENDES LTDA
220699,2024,8,COMBUSTÍVEIS E LUBRIFICANTES.,300.03,ARMECINDA PEREIRA RIBEIRO
220699,2024,6,COMBUSTÍVEIS E LUBRIFICANTES.,65.0,AUTO POSTO 303 NORTE LTDA
220699,2024,3,COMBUSTÍVEIS E LUBRIFICANTES.,120.0,AUTO POSTO 303 NORTE LTDA
220699,2024,6,COMBUSTÍVEIS E LUBRIFICANTES.,100.0,AUTO POSTO 303 NORTE LTDA
220699,2024,1,COMBUSTÍVEIS E LUBRIFICANTES.,150.0,AUTO POSTO 306 NORTE LTDA
220699,2024,3,COMBUSTÍVEIS E LUBRIFICANTES.,56.0,AUTO POSTO CINCO ESTRELAS LTDA
220699,2024,2,COMBUSTÍVEIS E LUBRIFICANTES.,72.0,AUTO POSTO CINCO ESTRELAS LTDA
220699,2024,4,COMBUSTÍVEIS E LUBRIFICANTES.,200.0,AUTO POSTO G A LTDA
220699,2024,3,COMBUSTÍVEIS E LUBRIFICANTES.,60.0,AUTO POSTO MORADA DOS NOBRES LTDA
220699,2024,2,COMBUSTÍVEIS E LUBRIFICANTES.,300.19,AUTO POSTO SAO CRISTOVAO LTDA
220699,2024,9,COMBUSTÍVEIS E LUBRIFICANTES.,200.0,AUTO POSTO SAO JOSE LTDA
220699,2024,3,COMBUSTÍVEIS E LUBRIFICANTES.,100.0,AUTO POSTO VIA ESTRUTURAL LTDA - PLANALTINA
220699,2024,3,COMBUSTÍVEIS E LUBRIFICANTES.,120.0,AUTO POSTO VIA ESTRUTURAL LTDA - PLANALTINA
220699,2024,3,COMBUSTÍVEIS E LUBRIFICANTES.,100.0,AUTO POSTO VIA ESTRUTURAL LTDA - PLANALTINA
220699,2024,6,COMBUSTÍVEIS E LUBRIFICANTES.,150.0,AUTO POSTO VIA ESTRUTURAL LTDA - PLANALTINA
220699,2024,9,COMBUSTÍVEIS E LUBRIFICANTES.,100.0,AUTO POSTO VIA ESTRUTURAL LTDA - PLANALTINA
220699,2024,11,COMBUSTÍVEIS E LUBRIFICANTES.,100.0,AVALLON COMBUSTIVEIS LTDA
220699,2024,5,COMBUSTÍVEIS E LUBRIFICANTES.,400.0,BONTEMPO PETROLEO LTDA
220699,2024,4,COMBUSTÍVEIS E LUBRIFICANTES.,200.0,CACIQUE PETROLEO LTDA
220699,2024,5,COMBUSTÍVEIS E LUBRIFICANTES.,200.0,CACIQUE PETROLEO LTDA
220699,2024,7,COMBUSTÍVEIS E LUBRIFICANTES.,200.0,CACIQUE PETROLEO LTDA
220699,2024,7,COMBUSTÍVEIS E LUBRIFICANTES.,400.13,CACIQUE PETROLEO LTDA
220699,2024,3,COMBUSTÍVEIS E LUBRIFICANTES.,100.0,CACIQUE PETROLEO LTDA
220699,2024,11,COMBUSTÍVEIS E LUBRIFICANTES.,435.09,CACIQUE PETROLEO LTDA
220699,2024,10,COMBUSTÍVEIS E LUBRIFICANTES.,100.0,CACIQUE PETROLEO LTDA
220699,2024,9,COMBUSTÍVEIS E LUBRIFICANTES.,100.0,CACIQUE PETROLEO LTDA
220699,2024,11,COMBUSTÍVEIS E LUBRIFICANTES.,385.01,CACIQUE PETROLEO LTDA
220699,2024,7,COMBUSTÍVEIS E LUBRIFICANTES.,200.0,CACIQUE PETROLEO LTDA
220699,2024,1,COMBUSTÍVEIS E LUBRIFICANTES.,225.03,CACIQUE PETROLEO LTDA
220699,2024,7,COMBUSTÍVEIS E LUBRIFICANTES.,379.99,CACIQUE PETROLEO LTDA
220699,2024,12,COMBUSTÍVEIS E LUBRIFICANTES.,350.0,CACIQUE PETROLEO LTDA
220699,2024,4,COMBUSTÍVEIS E LUBRIFICANTES.,100.0,CACIQUE PETROLEO LTDA
220699,2024,4,COMBUSTÍVEIS E LUBRIFICANTES.,310.01,CACIQUE PETROLEO LTDA
220699,2024,6,COMBUSTÍVEIS E LUBRIFICANTES.,100.0,CACIQUE PETROLEO LTDA
220699,2024,5,COMBUSTÍVEIS E LUBRIFICANTES.,100.0,CACIQUE PETROLEO LTDA
220699,2024,1,COMBUSTÍVEIS E LUBRIFICANTES.,400.02,CACIQUE PETROLEO LTDA
220699,2024,1,COMBUSTÍVEIS E LUBRIFICANTES.,356.02,CACIQUE PETROLEO LTDA
220699,2024,2,COMBUSTÍVEIS E LUBRIFICANTES.,222.62,CACIQUE PETROLEO LTDA
220699,2024,3,COMBUSTÍVEIS E LUBRIFICANTES.,45.0,CACIQUE PETROLEO LTDA
220699,2024,4,COMBUSTÍVEIS E LUBRIFICANTES.,200.0,CACIQUE PETROLEO LTDA
220699,2024,5,COMBUSTÍVEIS E LUBRIFICANTES.,195.0,CACIQUE PETROLEO LTDA
220699,2024,5,COMBUSTÍVEIS E LUBRIFICANTES.,100.0,CACIQUE PETROLEO LTDA
220699,2024,6,COMBUSTÍVEIS E LUBRIFICANTES.,260.0,CACIQUE PETROLEO LTDA
220699,2024,8,COMBUSTÍVEIS E LUBRIFICANTES.,200.0,CACIQUE PETROLEO LTDA
220699,2024,1,COMBUSTÍVEIS E LUBRIFICANTES.,435.15,CACIQUE PETROLEO LTDA
220699,2024,1,COMBUSTÍVEIS E LUBRIFICANTES.,370.58,CACIQUE PETROLEO LTDA
220699,2024,1,COMBUSTÍVEIS E LUBRIFICANTES.,240.05,CACIQUE PETROLEO LTDA
220699,2024,7,COMBUSTÍVEIS E LUBRIFICANTES.,260.03,CACIQUE PETROLEO LTDA
220699,2024,10,COMBUSTÍVEIS E LUBRIFICANTES.,260.03,CACIQUE PETROLEO LTDA
220699,2024,4,COMBUSTÍVEIS E LUBRIFICANTES.,200.0,CACIQUE PETROLEO LTDA
220699,2024,4,COMBUSTÍVEIS E LUBRIFICANTES.,339.99,CACIQUE PETROLEO LTDA
220699,2024,6,COMBUSTÍVEIS E LUBRIFICANTES.,340.08,CACIQUE PETROLEO LTDA
220699,2024,7,COMBUSTÍVEIS E LUBRIFICANTES.,370.04,CACIQUE PETROLEO LTDA
220699,2024,12,COMBUSTÍVEIS E LUBRIFICANTES.,430.05,CACIQUE PETROLEO LTDA
220699,2024,9,COMBUSTÍVEIS E LUBRIFICANTES.,100.0,CACIQUE PETROLEO LTDA
220699,2024,9,COMBUSTÍVEIS E LUBRIFICANTES.,370.0,CACIQUE PETROLEO LTDA
220699,2024,12,COMBUSTÍVEIS E LUBRIFICANTES.,140.0,CARVALHO & CARVALHO POSTO DE GASOLINA LTDA
220699,2024,10,COMBUSTÍVEIS E LUBRIFICANTES.,200.0,CARVALHO & CARVALHO POSTO DE GASOLINA LTDA
220699,2024,11,COMBUSTÍVEIS E LUBRIFICANTES.,100.0,CARVALHO & CARVALHO POSTO DE GASOLINA LTDA
220699,2024,8,COMBUSTÍVEIS E LUBRIFICANTES.,100.0,CIA BRASILEIRA DE DISTRIBUICAO
220699,2024,7,COMBUSTÍVEIS E LUBRIFICANTES.,300.0,COELHO & SILVA COMBUSTIVEL LTDA
220699,2024,7,COMBUSTÍVEIS E LUBRIFICANTES.,360.0,DEMERVAL LOBAO COMERCIO DE COMBUSTIVEL LTDA
220699,2024,2,COMBUSTÍVEIS E LUBRIFICANTES.,200.0,DRA4 DERIVADOS DE PETROLEO LTDA
220699,2024,5,COMBUSTÍVEIS E LUBRIFICANTES.,161.3,DRA4 DERIVADOS DE PETROLEO LTDA
220699,2024,6,COMBUSTÍVEIS E LUBRIFICANTES.,150.0,DRA4 DERIVADOS DE PETROLEO LTDA
220699,2024,11,COMBUSTÍVEIS E LUBRIFICANTES.,300.0,FCN.X CARVALHO COMBUSTIVEL LTDA
220699,2024,12,COMBUSTÍVEIS E LUBRIFICANTES.,200.0,FCN.X CARVALHO COMBUSTIVEL LTDA
220699,2024,3,COMBUSTÍVEIS E LUBRIFICANTES.,374.0,FCN.X CARVALHO COMBUSTIVEL LTDA
220699,2024,3,COMBUSTÍVEIS E LUBRIFICANTES.,100.0,FCN.X CARVALHO COMBUSTIVEL LTDA
220699,2024,8,COMBUSTÍVEIS E LUBRIFICANTES.,400.0,FCN.X CARVALHO COMBUSTIVEL LTDA
220699,2024,7,COMBUSTÍVEIS E LUBRIFICANTES.,300.0,FCN.X CARVALHO COMBUSTIVEL LTDA
220699,2024,5,COMBUSTÍVEIS E LUBRIFICANTES.,60.0,FCN.X CARVALHO COMBUSTIVEL LTDA
220699,2024,9,COMBUSTÍVEIS E LUBRIFICANTES.,200.0,FCN.X CARVALHO COMBUSTIVEL LTDA
220699,2024,8,COMBUSTÍVEIS E LUBRIFICANTES.,330.0,FERREIRA E COSTA LTDA
220699,2024,3,COMBUSTÍVEIS E LUBRIFICANTES.,260.04,FERREIRA E COSTA LTDA
220699,2024,10,COMBUSTÍVEIS E LUBRIFICANTES.,390.0,FERREIRA E COSTA LTDA
220699,2024,8,COMBUSTÍVEIS E LUBRIFICANTES.,360.04,FERREIRA E COSTA LTDA
220699,2024,9,COMBUSTÍVEIS E LUBRIFICANTES.,450.0,FERREIRA E COSTA LTDA
220699,2024,10,COMBUSTÍVEIS E LUBRIFICANTES.,442.06,FERREIRA E COSTA LTDA
220699,2024,10,COMBUSTÍVEIS E LUBRIFICANTES.,280.02,FERREIRA E COSTA LTDA
220699,2024,11,COMBUSTÍVEIS E LUBRIFICANTES.,390.0,FERREIRA E COSTA LTDA
220699,2024,11,COMBUSTÍVEIS E LUBRIFICANTES.,399.75,FERREIRA E COSTA LTDA
220699,2024,11,COMBUSTÍVEIS E LUBRIFICANTES.,319.67,FERREIRA E COSTA LTDA
220699,2024,11,COMBUSTÍVEIS E LUBRIFICANTES.,334.75,FERREIRA E COSTA LTDA
220699,2024,11,COMBUSTÍVEIS E LUBRIFICANTES.,350.02,FERREIRA E COSTA LTDA
220699,2024,11,COMBUSTÍVEIS E LUBRIFICANTES.,370.04,FERREIRA E COSTA LTDA
220699,2024,12,COMBUSTÍVEIS E LUBRIFICANTES.,393.7,FERREIRA E COSTA LTDA
220699,2024,2,COMBUSTÍVEIS E LUBRIFICANTES.,380.39,GILDA E JOAO LTDA
220699,2024,7,COMBUSTÍVEIS E LUBRIFICANTES.,380.34,GILDA E JOAO LTDA
220699,2024,8,COMBUSTÍVEIS E LUBRIFICANTES.,390.48,GILDA E JOAO LTDA
220699,2024,11,COMBUSTÍVEIS E LUBRIFICANTES.,200.05,GILDA E JOAO LTDA
220699,2024,11,COMBUSTÍVEIS E LUBRIFICANTES.,289.5,GILDA E JOAO LTDA
220699,2024,2,COMBUSTÍVEIS E LUBRIFICANTES.,48.0,GMCM COMERCIO DE COMBUSTIVEIS LTDA
220699,2024,4,COMBUSTÍVEIS E LUBRIFICANTES.,125.0,GMCM COMERCIO DE COMBUSTIVEIS LTDA
220699,2024,3,COMBUSTÍVEIS E LUBRIFICANTES.,300.0,HD PETROLEO ALBERTAO LTDA
220699,2024,8,COMBUSTÍVEIS E LUBRIFICANTES.,100.0,HD PETROLEO ESTAIADA LTDA
220699,2024,11,COMBUSTÍVEIS E LUBRIFICANTES.,200.0,HD PETROLEO ESTAIADA LTDA
220699,2024,10,COMBUSTÍVEIS E LUBRIFICANTES.,100.0,HD PETROLEO ESTAIADA LTDA
220699,2024,2,COMBUSTÍVEIS E LUBRIFICANTES.,330.03,HD PETROLEO LAGOA LTDA
220699,2024,6,COMBUSTÍVEIS E LUBRIFICANTES.,200.0,HD PETROLEO URUGUAI LTDA
220699,2024,9,COMBUSTÍVEIS E LUBRIFICANTES.,100.0,HD PETROLEO URUGUAI LTDA
220699,2024,9,COMBUSTÍVEIS E LUBRIFICANTES.,100.0,HD PETROLEO URUGUAI LTDA
220699,2024,11,COMBUSTÍVEIS E LUBRIFICANTES.,100.0,HD PETROLEO URUGUAI LTDA
220699,2024,11,COMBUSTÍVEIS E LUBRIFICANTES.,100.0,HD PETROLEO URUGUAI LTDA
220699,2024,11,COMBUSTÍVEIS E LUBRIFICANTES.,100.0,HD PETROLEO URUGUAI LTDA
220699,2024,12,COMBUSTÍVEIS E LUBRIFICANTES.,100.0,HD PETROLEO URUGUAI LTDA
220699,2024,12,COMBUSTÍVEIS E LUBRIFICANTES.,200.0,IMM COM VAREJISTA DE PRODUTOS DERIV DE PETROLEO LTDA
220699,2024,8,COMBUSTÍVEIS E LUBRIFICANTES.,300.04,J P ROCHA & CIA LTDA
220699,2024,4,COMBUSTÍVEIS E LUBRIFICANTES.,200.0,J S SANTOS LTDA
220699,2024,4,COMBUSTÍVEIS E LUBRIFICANTES.,290.04,J. A. SILVA MERCADINHO
220699,2024,6,COMBUSTÍVEIS E LUBRIFICANTES.,340.04,J. A. SILVA MERCADINHO
220699,2024,6,COMBUSTÍVEIS E LUBRIFICANTES.,281.6,J. A. SILVA MERCADINHO
220699,2024,7,COMBUSTÍVEIS E LUBRIFICANTES.,415.01,JESUS JOSE NOGUEIRA JUNIOR LTDA
220699,2024,3,COMBUSTÍVEIS E LUBRIFICANTES.,336.05,JJ BATISTA COM VAREJISTA DE COMBUSTIVEL LTDA
220699,2024,4,COMBUSTÍVEIS E LUBRIFICANTES.,200.38,JJ BATISTA COM VAREJISTA DE COMBUSTIVEL LTDA
220699,2024,5,COMBUSTÍVEIS E LUBRIFICANTES.,290.1,JJ BATISTA COM VAREJISTA DE COMBUSTIVEL LTDA
220699,2024,8,COMBUSTÍVEIS E LUBRIFICANTES.,375.01,JJ BATISTA COM VAREJISTA DE COMBUSTIVEL LTDA
220699,2024,3,COMBUSTÍVEIS E LUBRIFICANTES.,410.01,JOALANDRO COELHO DE SOUSA LTDA
220699,2024,4,COMBUSTÍVEIS E LUBRIFICANTES.,300.01,JOSE FRANCISCO FILHO MERCADORIA
220699,2024,9,COMBUSTÍVEIS E LUBRIFICANTES.,494.0,JOSE FRANCISCO FILHO MERCADORIA
220699,2024,9,COMBUSTÍVEIS E LUBRIFICANTES.,200.0,JOSE MARIA DE SOUZA
220699,2024,11,COMBUSTÍVEIS E LUBRIFICANTES.,250.0,JR COMERCIO DE COMBUSTIVEIS LTDA
220699,2024,9,COMBUSTÍVEIS E LUBRIFICANTES.,600.03,LIDER POSTO DE COMBUSTIVEIS LTDA
220699,2024,9,COMBUSTÍVEIS E LUBRIFICANTES.,421.02,LIDER POSTO DE COMBUSTIVEIS LTDA
220699,2024,9,COMBUSTÍVEIS E LUBRIFICANTES.,325.07,LIDER POSTO DE COMBUSTIVEIS LTDA
220699,2024,2,COMBUSTÍVEIS E LUBRIFICANTES.,300.0,MAXXI MEGA PETROLEO LTDA
220699,2024,2,COMBUSTÍVEIS E LUBRIFICANTES.,310.0,MAXXI MEGA PETROLEO LTDA
220699,2024,4,COMBUSTÍVEIS E LUBRIFICANTES.,440.23,N C LOPES DOS SANTOS - ME
220699,2024,3,COMBUSTÍVEIS E LUBRIFICANTES.,314.02,NENO AUTO POSTO LTDA
220699,2024,12,COMBUSTÍVEIS E LUBRIFICANTES.,417.0,NERIS E SAMPAIO LTDA
220699,2024,6,COMBUSTÍVEIS E LUBRIFICANTES.,300.0,NOVO DERIVADO DE PETROLEO LTDA
220699,2024,7,COMBUSTÍVEIS E LUBRIFICANTES.,200.01,NOVO DERIVADO DE PETROLEO LTDA
220699,2024,7,COMBUSTÍVEIS E LUBRIFICANTES.,275.01,NOVO DERIVADO DE PETROLEO LTDA
220699,2024,7,COMBUSTÍVEIS E LUBRIFICANTES.,300.02,NOVO DERIVADO DE PETROLEO LTDA
220699,2024,8,COMBUSTÍVEIS E LUBRIFICANTES.,225.02,NOVO DERIVADO DE PETROLEO LTDA
220699,2024,9,COMBUSTÍVEIS E LUBRIFICANTES.,322.08,NOVO DERIVADO DE PETROLEO LTDA
220699,2024,9,COMBUSTÍVEIS E LUBRIFICANTES.,200.02,NOVO DERIVADO DE PETROLEO LTDA
220699,2024,12,COMBUSTÍVEIS E LUBRIFICANTES.,200.01,NOVO DERIVADO DE PETROLEO LTDA
220699,2024,3,COMBUSTÍVEIS E LUBRIFICANTES.,235.01,PARENTE & ARAUJO COMBUSTIVEL LTDA EPP
220699,2024,7,COMBUSTÍVEIS E LUBRIFICANTES.,400.0,PETROLEO SAO FRANCISCO LTDA
220699,2024,10,COMBUSTÍVEIS E LUBRIFICANTES.,50.0,PLANALTO PETROLEO AEROPORTO LTDA
220699,2024,8,COMBUSTÍVEIS E LUBRIFICANTES.,250.0,PLANALTO PETROLEO BOLA LTDA
220699,2024,3,COMBUSTÍVEIS E LUBRIFICANTES.,320.0,PLANALTO PETROLEO CAJUINA LTDA
220699,2024,6,COMBUSTÍVEIS E LUBRIFICANTES.,300.0,PLANALTO PETROLEO FATIMA LTDA
220699,2024,11,COMBUSTÍVEIS E LUBRIFICANTES.,240.0,PLANALTO PETROLEO HOMERO LTDA
220699,2024,8,COMBUSTÍVEIS E LUBRIFICANTES.,300.0,PLANALTO PETROLEO HOMERO LTDA
220699,2024,10,COMBUSTÍVEIS E LUBRIFICANTES.,300.04,PLANALTO PETROLEO MARECHAL LTDA
220699,2024,2,COMBUSTÍVEIS E LUBRIFICANTES.,100.0,PLANALTO PETROLEO MIGUEL ROSA LTDA
220699,2024,7,COMBUSTÍVEIS E LUBRIFICANTES.,220.02,PLANALTO PETROLEO RESSURREICAO LTDA
220699,2024,8,COMBUSTÍVEIS E LUBRIFICANTES.,280.0,PLANALTO PETROLEO RESSURREICAO LTDA
220699,2024,7,COMBUSTÍVEIS E LUBRIFICANTES.,200.0,PLANALTO PETROLEO SACI LTDA
220699,2024,7,COMBUSTÍVEIS E LUBRIFICANTES.,100.0,PLANALTO PETROLEO SACI LTDA
220699,2024,4,COMBUSTÍVEIS E LUBRIFICANTES.,200.08,POSTO BAZILAO LTDA
220699,2024,8,COMBUSTÍVEIS E LUBRIFICANTES.,100.0,POSTO CERTO LTDA
220699,2024,9,COMBUSTÍVEIS E LUBRIFICANTES.,360.04,POSTO CONFIANCA SJP LTDA
220699,2024,11,COMBUSTÍVEIS E LUBRIFICANTES.,200.01,POSTO DE COMBUSTIVEL AGUIA LTDA
220699,2024,11,COMBUSTÍVEIS E LUBRIFICANTES.,200.01,POSTO DE COMBUSTIVEL AGUIA LTDA
220699,2024,11,COMBUSTÍVEIS E LUBRIFICANTES.,200.01,POSTO DE COMBUSTIVEL AGUIA LTDA
220699,2024,11,COMBUSTÍVEIS E LUBRIFICANTES.,200.0,POSTO DE COMBUSTIVEL AGUIA LTDA
220699,2024,12,COMBUSTÍVEIS E LUBRIFICANTES.,200.0,POSTO DE COMBUSTIVEL AGUIA LTDA
220699,2024,12,COMBUSTÍVEIS E LUBRIFICANTES.,200.0,POSTO DE COMBUSTIVEL AGUIA LTDA
220699,2024,3,COMBUSTÍVEIS E LUBRIFICANTES.,200.0,POSTO DE COMBUSTIVEL AGUIA LTDA
220699,2024,5,COMBUSTÍVEIS E LUBRIFICANTES.,300.0,POSTO DE COMBUSTIVEL CAJUINA LTDA
220699,2024,11,COMBUSTÍVEIS E LUBRIFICANTES.,200.0,POSTO DEZ 3 LTDA
220699,2024,11,COMBUSTÍVEIS E LUBRIFICANTES.,200.0,POSTO DEZ 3 LTDA
220699,2024,3,COMBUSTÍVEIS E LUBRIFICANTES.,365.14,POSTO MAIS 2 IRMAOS LTDA
220699,2024,3,COMBUSTÍVEIS E LUBRIFICANTES.,325.0,POSTO MAIS 2 IRMAOS LTDA
220699,2024,2,COMBUSTÍVEIS E LUBRIFICANTES.,351.87,POSTO MAIS GURUPI LTDA
220699,2024,2,COMBUSTÍVEIS E LUBRIFICANTES.,92.0,POSTO MAIS JOAO XXIII LTDA
220699,2024,6,COMBUSTÍVEIS E LUBRIFICANTES.,200.0,POSTO MAIS JOAO XXIII LTDA
220699,2024,7,COMBUSTÍVEIS E LUBRIFICANTES.,100.0,POSTO MAIS JOAO XXIII LTDA
220699,2024,11,COMBUSTÍVEIS E LUBRIFICANTES.,300.0,POSTO MAIS JOAO XXIII LTDA
220699,2024,2,COMBUSTÍVEIS E LUBRIFICANTES.,100.0,POSTO MAIS JOAO XXIII LTDA
220699,2024,2,COMBUSTÍVEIS E LUBRIFICANTES.,200.0,POSTO MAIS JOAO XXIII LTDA
220699,2024,2,COMBUSTÍVEIS E LUBRIFICANTES.,260.0,POSTO MAIS JOAO XXIII LTDA
220699,2024,3,COMBUSTÍVEIS E LUBRIFICANTES.,200.0,POSTO MAIS JOAO XXIII LTDA
220699,2024,3,COMBUSTÍVEIS E LUBRIFICANTES.,200.0,POSTO MAIS JOAO XXIII LTDA
220699,2024,4,COMBUSTÍVEIS E LUBRIFICANTES.,100.0,POSTO MAIS JOAO XXIII LTDA
220699,2024,4,COMBUSTÍVEIS E LUBRIFICANTES.,200.0,POSTO MAIS JOAO XXIII LTDA
220699,2024,5,COMBUSTÍVEIS E LUBRIFICANTES.,200.0,POSTO MAIS JOAO XXIII LTDA
220699,2024,6,COMBUSTÍVEIS E LUBRIFICANTES.,140.0,POSTO MAIS JOAO XXIII LTDA
220699,2024,6,COMBUSTÍVEIS E LUBRIFICANTES.,200.0,POSTO MAIS JOAO XXIII LTDA
220699,2024,9,COMBUSTÍVEIS E LUBRIFICANTES.,200.0,POSTO MAIS JOAO XXIII LTDA
220699,2024,9,COMBUSTÍVEIS E LUBRIFICANTES.,150.0,POSTO MAIS JOAO XXIII LTDA
220699,2024,11,COMBUSTÍVEIS E LUBRIFICANTES.,300.0,POSTO MAIS JOAO XXIII LTDA
220699,2024,6,COMBUSTÍVEIS E LUBRIFICANTES.,100.0,POSTO MAIS VALE LTDA
220699,2024,5,COMBUSTÍVEIS E LUBRIFICANTES.,300.0,POSTO MARTINEZ LTDA
220699,2024,8,COMBUSTÍVEIS E LUBRIFICANTES.,200.0,POSTO MARTINEZ LTDA
220699,2024,9,COMBUSTÍVEIS E LUBRIFICANTES.,200.0,POSTO MARTINEZ LTDA
220699,2024,10,COMBUSTÍVEIS E LUBRIFICANTES.,200.0,POSTO MARTINEZ LTDA
220699,2024,11,COMBUSTÍVEIS E LUBRIFICANTES.,200.0,POSTO MARTINEZ LTDA
220699,2024,11,COMBUSTÍVEIS E LUBRIFICANTES.,100.0,POSTO MARTINEZ LTDA
220699,2024,11,COMBUSTÍVEIS E LUBRIFICANTES.,300.0,POSTO MARTINEZ LTDA
220699,2024,5,COMBUSTÍVEIS E LUBRIFICANTES.,281.53,POSTO P. DA SILVA LTDA - ME
220699,2024,5,COMBUSTÍVEIS E LUBRIFICANTES.,200.06,POSTO P. DA SILVA LTDA - ME
220699,2024,6,COMBUSTÍVEIS E LUBRIFICANTES.,315.03,POSTO PAPALEGUAS LTDA
220699,2024,6,COMBUSTÍVEIS E LUBRIFICANTES.,280.0,POSTO PAPALEGUAS LTDA
220699,2024,5,COMBUSTÍVEIS E LUBRIFICANTES.,100.0,POSTO PAPALEGUAS LTDA
220699,2024,5,COMBUSTÍVEIS E LUBRIFICANTES.,350.0,POSTO PAPALEGUAS LTDA
220699,2024,7,COMBUSTÍVEIS E LUBRIFICANTES.,300.0,POSTO SANTA LUCIA LTDA.
220699,2024,5,COMBUSTÍVEIS E LUBRIFICANTES.,410.02,POSTO SAO BENEDITO PETROLEO LTDA
220699,2024,2,COMBUSTÍVEIS E LUBRIFICANTES.,100.0,POSTO SAO BENEDITO PETROLEO LTDA
220699,2024,2,COMBUSTÍVEIS E LUBRIFICANTES.,130.0,POSTO SAO BENEDITO PETROLEO LTDA
220699,2024,4,COMBUSTÍVEIS E LUBRIFICANTES.,420.02,POSTO SAO BENEDITO PETROLEO LTDA
220699,2024,9,COMBUSTÍVEIS E LUBRIFICANTES.,190.0,POSTO SAO BENEDITO PETROLEO LTDA
220699,2024,5,COMBUSTÍVEIS E LUBRIFICANTES.,254.97,POSTO SAO BENEDITO PETROLEO LTDA
220699,2024,6,COMBUSTÍVEIS E LUBRIFICANTES.,300.0,POSTO SAO BENEDITO PETROLEO LTDA
220699,2024,2,COMBUSTÍVEIS E LUBRIFICANTES.,200.0,POSTO SAO RAIMUNDO LTDA
220699,2024,2,COMBUSTÍVEIS E LUBRIFICANTES.,200.0,POSTO SAO RAIMUNDO LTDA
220699,2024,3,COMBUSTÍVEIS E LUBRIFICANTES.,360.03,POSTO SERRA AZUL EIRELI LTDA
220699,2024,3,COMBUSTÍVEIS E LUBRIFICANTES.,390.02,POSTO SERRA AZUL EIRELI LTDA
220699,2024,7,COMBUSTÍVEIS E LUBRIFICANTES.,295.0,POSTO TATU LTDA
220699,2024,4,COMBUSTÍVEIS E LUBRIFICANTES.,100.0,POSTO UCHOA LTDA ME
220699,2024,9,COMBUSTÍVEIS E LUBRIFICANTES.,300.0,POSTO UCHOA LTDA ME
220699,2024,7,COMBUSTÍVEIS E LUBRIFICANTES.,356.02,RAIMUNDO NONATO DOS SANTOS GAS
220699,2024,6,COMBUSTÍVEIS E LUBRIFICANTES.,200.02,REINALDO PINHEIRO FREITAS
220699,2024,8,COMBUSTÍVEIS E LUBRIFICANTES.,400.01,REINALDO PINHEIRO FREITAS
220699,2024,9,COMBUSTÍVEIS E LUBRIFICANTES.,200.01,REINALDO PINHEIRO FREITAS
220699,2024,1,COMBUSTÍVEIS E LUBRIFICANTES.,100.0,RIBEIRO & SILVA LTDA
220699,2024,11,COMBUSTÍVEIS E LUBRIFICANTES.,100.0,S P MAGALHAES EMPREENDIMENTOS LTDA
220699,2024,8,COMBUSTÍVEIS E LUBRIFICANTES.,100.0,S P MAGALHAES EMPREENDIMENTOS LTDA
220699,2024,9,COMBUSTÍVEIS E LUBRIFICANTES.,200.0,S P MAGALHAES EMPREENDIMENTOS LTDA
220699,2024,1,COMBUSTÍVEIS E LUBRIFICANTES.,360.05,SIQUEIRA SOARES LTDA - EPP
220699,2024,1,COMBUSTÍVEIS E LUBRIFICANTES.,367.03,SIQUEIRA SOARES LTDA - EPP
220699,2024,1,COMBUSTÍVEIS E LUBRIFICANTES.,330.07,SIQUEIRA SOARES LTDA - EPP
220699,2024,2,COMBUSTÍVEIS E LUBRIFICANTES.,348.68,SIQUEIRA SOARES LTDA - EPP
220699,2024,2,COMBUSTÍVEIS E LUBRIFICANTES.,317.47,SIQUEIRA SOARES LTDA - EPP
220699,2024,2,COMBUSTÍVEIS E LUBRIFICANTES.,326.02,SIQUEIRA SOARES LTDA - EPP
220699,2024,3,COMBUSTÍVEIS E LUBRIFICANTES.,345.04,SIQUEIRA SOARES LTDA - EPP
220699,2024,3,COMBUSTÍVEIS E LUBRIFICANTES.,300.05,SIQUEIRA SOARES LTDA - EPP
220699,2024,3,COMBUSTÍVEIS E LUBRIFICANTES.,230.07,SIQUEIRA SOARES LTDA - EPP
220699,2024,4,COMBUSTÍVEIS E LUBRIFICANTES.,366.01,SIQUEIRA SOARES LTDA - EPP
220699,2024,6,COMBUSTÍVEIS E LUBRIFICANTES.,413.13,SIQUEIRA SOARES LTDA - EPP
220699,2024,6,COMBUSTÍVEIS E LUBRIFICANTES.,320.04,SIQUEIRA SOARES LTDA - EPP
220699,2024,6,COMBUSTÍVEIS E LUBRIFICANTES.,370.08,SIQUEIRA SOARES LTDA - EPP
220699,2024,6,COMBUSTÍVEIS E LUBRIFICANTES.,200.02,SIQUEIRA SOARES LTDA - EPP
220699,2024,6,COMBUSTÍVEIS E LUBRIFICANTES.,200.09,SIQUEIRA SOARES LTDA - EPP
220699,2024,6,COMBUSTÍVEIS E LUBRIFICANTES.,365.0,SIQUEIRA SOARES LTDA - EPP
220699,2024,7,COMBUSTÍVEIS E LUBRIFICANTES.,180.02,SIQUEIRA SOARES LTDA - EPP
220699,2024,7,COMBUSTÍVEIS E LUBRIFICANTES.,170.05,SIQUEIRA SOARES LTDA - EPP
220699,2024,7,COMBUSTÍVEIS E LUBRIFICANTES.,200.0,SIQUEIRA SOARES LTDA - EPP
220699,2024,7,COMBUSTÍVEIS E LUBRIFICANTES.,423.08,SIQUEIRA SOARES LTDA - EPP
220699,2024,7,COMBUSTÍVEIS E LUBRIFICANTES.,350.02,SIQUEIRA SOARES LTDA - EPP
220699,2024,7,COMBUSTÍVEIS E LUBRIFICANTES.,300.04,SIQUEIRA SOARES LTDA - EPP
220699,2024,7,COMBUSTÍVEIS E LUBRIFICANTES.,400.08,SIQUEIRA SOARES LTDA - EPP
220699,2024,7,COMBUSTÍVEIS E LUBRIFICANTES.,230.04,SIQUEIRA SOARES LTDA - EPP
220699,2024,8,COMBUSTÍVEIS E LUBRIFICANTES.,420.03,SIQUEIRA SOARES LTDA - EPP
220699,2024,8,COMBUSTÍVEIS E LUBRIFICANTES.,189.0,SIQUEIRA SOARES LTDA - EPP
220699,2024,8,COMBUSTÍVEIS E LUBRIFICANTES.,450.02,SUSANNE RIBEIRO SILVA BRITO
220699,2024,8,COMBUSTÍVEIS E LUBRIFICANTES.,300.0,SUSANNE RIBEIRO SILVA BRITO
220699,2024,3,COMBUSTÍVEIS E LUBRIFICANTES.,200.0,TEPEL - TERESINA PETROLEO LTDA
220699,2024,10,DIVULGAÇÃO DA ATIVIDADE PARLAMENTAR.,7780.0,COPIA & COPIADORA EIRELI
220699,2024,9,DIVULGAÇÃO DA ATIVIDADE PARLAMENTAR.,6160.0,COPIA &amp; COPIADORA EIRELI
220699,2024,8,DIVULGAÇÃO DA ATIVIDADE PARLAMENTAR.,12500.0,DUPLO ALPHA LTDA
220699,2024,9,DIVULGAÇÃO DA ATIVIDADE PARLAMENTAR.,12500.0,DUPLO ALPHA LTDA
220699,2024,10,DIVULGAÇÃO DA ATIVIDADE PARLAMENTAR.,12500.0,DUPLO ALPHA LTDA
220699,2024,11,DIVULGAÇÃO DA ATIVIDADE PARLAMENTAR.,12500.0,DUPLO ALPHA LTDA
220699,2024,2,DIVULGAÇÃO DA ATIVIDADE PARLAMENTAR.,3500.0,FRANCISCA BEATRIZ NUNES DOS SANTOS ALBUQUERQUE
220699,2024,9,DIVULGAÇÃO DA ATIVIDADE PARLAMENTAR.,6000.0,FRANCISCA BEATRIZ NUNES DOS SANTOS ALBUQUERQUE
220699,2024,10,DIVULGAÇÃO DA ATIVIDADE PARLAMENTAR.,6000.0,FRANCISCA BEATRIZ NUNES DOS SANTOS ALBUQUERQUE
220699,2024,11,DIVULGAÇÃO DA ATIVIDADE PARLAMENTAR.,5700.75,FRANCISCA BEATRIZ NUNES DOS SANTOS ALBUQUERQUE
220699,2024,3,DIVULGAÇÃO DA ATIVIDADE PARLAMENTAR.,3500.0,FRANCISCA BEATRIZ NUNES DOS SANTOS ALBUQUERQUE
220699,2024,5,DIVULGAÇÃO DA ATIVIDADE PARLAMENTAR.,3500.0,FRANCISCA BEATRIZ NUNES DOS SANTOS ALBUQUERQUE
220699,2024,6,DIVULGAÇÃO DA ATIVIDADE PARLAMENTAR.,6000.0,FRANCISCA BEATRIZ NUNES DOS SANTOS ALBUQUERQUE
220699,2024,7,DIVULGAÇÃO DA ATIVIDADE PARLAMENTAR.,6000.0,FRANCISCA BEATRIZ NUNES DOS SANTOS ALBUQUERQUE
220699,2024,8,DIVULGAÇÃO DA ATIVIDADE PARLAMENTAR.,6000.0,FRANCISCA BEATRIZ NUNES DOS SANTOS ALBUQUERQUE
220699,2024,4,DIVULGAÇÃO DA ATIVIDADE PARLAMENTAR.,1200.0,I R DE MACEDO
220699,2024,5,DIVULGAÇÃO DA ATIVIDADE PARLAMENTAR.,6100.0,JGF PRODUCAO DE TEXTOS E EVENTOS LTDA
220699,2024,10,DIVULGAÇÃO DA ATIVIDADE PARLAMENTAR.,1000.0,JGF PRODUCAO DE TEXTOS E EVENTOS LTDA
220699,2024,1,DIVULGAÇÃO DA ATIVIDADE PARLAMENTAR.,6100.0,JGF PRODUCAO DE TEXTOS E EVENTOS LTDA
220699,2024,2,DIVULGAÇÃO DA ATIVIDADE PARLAMENTAR.,6100.0,JGF PRODUCAO DE TEXTOS E EVENTOS LTDA
220699,2024,3,DIVULGAÇÃO DA ATIVIDADE PARLAMENTAR.,6100.0,JGF PRODUCAO DE TEXTOS E EVENTOS LTDA
220699,2024,4,DIVULGAÇÃO DA ATIVIDADE PARLAMENTAR.,6100.0,JGF PRODUCAO DE TEXTOS E EVENTOS LTDA
220699,2024,4,DIVULGAÇÃO DA ATIVIDADE PARLAMENTAR.,4300.0,SMARTPRINT LTDA
220699,2024,2,TELEFONIA,117.72,CELULAR FUNCIONAL
220699,2024,4,"HOSPEDAGEM ,EXCETO DO PARLAMENTAR NO DISTRITO FEDERAL.",600.0,ARAUJO E MARTINS EMPREENDIMENTOS LTDA
220699,2024,4,"HOSPEDAGEM ,EXCETO DO PARLAMENTAR NO DISTRITO FEDERAL.",510.0,ARAUJO E MARTINS EMPREENDIMENTOS LTDA
220699,2024,4,"HOSPEDAGEM ,EXCETO DO PARLAMENTAR NO DISTRITO FEDERAL.",510.0,ARAUJO E MARTINS EMPREENDIMENTOS LTDA
220699,2024,3,"HOSPEDAGEM ,EXCETO DO PARLAMENTAR NO DISTRITO FEDERAL.",933.75,Atlantica Hotels Internacional Brasil Ltda.
220699,2024,5,"HOSPEDAGEM ,EXCETO DO PARLAMENTAR NO DISTRITO FEDERAL.",540.0,EDVALDO GOMES BARBOSA-ME
220699,2024,5,"HOSPEDAGEM ,EXCETO DO PARLAMENTAR NO DISTRITO FEDERAL.",337.0,EDVALDO GOMES BARBOSA-ME
220699,2024,5,"HOSPEDAGEM ,EXCETO DO PARLAMENTAR NO DISTRITO FEDERAL.",337.0,EDVALDO GOMES BARBOSA-ME
220699,2024,7,"HOSPEDAGEM ,EXCETO DO PARLAMENTAR NO DISTRITO FEDERAL.",220.0,EDVALDO GOMES BARBOSA-ME
220699,2024,7,"HOSPEDAGEM ,EXCETO DO PARLAMENTAR NO DISTRITO FEDERAL.",176.5,EDVALDO GOMES BARBOSA-ME
220699,2024,7,"HOSPEDAGEM ,EXCETO DO PARLAMENTAR NO DISTRITO FEDERAL.",176.5,EDVALDO GOMES BARBOSA-ME
220699,2024,9,"HOSPEDAGEM ,EXCETO DO PARLAMENTAR NO DISTRITO FEDERAL.",182.3,EDVALDO GOMES BARBOSA-ME
220699,2024,9,"HOSPEDAGEM ,EXCETO DO PARLAMENTAR NO DISTRITO FEDERAL.",218.9,EDVALDO GOMES BARBOSA-ME
220699,2024,4,"HOSPEDAGEM ,EXCETO DO PARLAMENTAR NO DISTRITO FEDERAL.",338.31,EUROPA INVESTIMENTOS LTDA
220699,2024,1,"HOSPEDAGEM ,EXCETO DO PARLAMENTAR NO DISTRITO FEDERAL.",200.0,HOTEL AVANTE LTDA ME
220699,2024,1,"HOSPEDAGEM ,EXCETO DO PARLAMENTAR NO DISTRITO FEDERAL.",180.0,HOTEL AVANTE LTDA ME
220699,2024,3,"HOSPEDAGEM ,EXCETO DO PARLAMENTAR NO DISTRITO FEDERAL.",115.0,HOTEL AVANTE LTDA ME
220699,2024,3,"HOSPEDAGEM ,EXCETO DO PARLAMENTAR NO DISTRITO FEDERAL.",200.0,HOTEL AVANTE LTDA ME
220699,2024,4,"HOSPEDAGEM ,EXCETO DO PARLAMENTAR NO DISTRITO FEDERAL.",180.0,HOTEL AVANTE LTDA ME
220699,2024,4,"HOSPEDAGEM ,EXCETO DO PARLAMENTAR NO DISTRITO FEDERAL.",100.0,HOTEL AVANTE LTDA ME
220699,2024,5,"HOSPEDAGEM ,EXCETO DO PARLAMENTAR NO DISTRITO FEDERAL.",2420.0,HOTEL PHENICIA LTDA
220699,2024,5,"HOSPEDAGEM ,EXCETO DO PARLAMENTAR NO DISTRITO FEDERAL.",164.0,I L DE OLIVEIRA
220699,2024,3,"HOSPEDAGEM ,EXCETO DO PARLAMENTAR NO DISTRITO FEDERAL.",144.25,MEGA EXPRESS HOTEL LTDA
220699,2024,4,"HOSPEDAGEM ,EXCETO DO PARLAMENTAR NO DISTRITO FEDERAL.",127.25,MEGA EXPRESS HOTEL LTDA
220699,2024,4,"HOSPEDAGEM ,EXCETO DO PARLAMENTAR NO DISTRITO FEDERAL.",127.25,MEGA EXPRESS HOTEL LTDA
220699,2024,4,"HOSPEDAGEM ,EXCETO DO PARLAMENTAR NO DISTRITO FEDERAL.",310.0,MEGA EXPRESS HOTEL LTDA
220699,2024,4,"HOSPEDAGEM ,EXCETO DO PARLAMENTAR NO DISTRITO FEDERAL.",423.0,MEGA EXPRESS HOTEL LTDA
220699,2024,9,"HOSPEDAGEM ,EXCETO DO PARLAMENTAR NO DISTRITO FEDERAL.",90.0,MEGA EXPRESS HOTEL LTDA
220699,2024,5,"HOSPEDAGEM ,EXCETO DO PARLAMENTAR NO DISTRITO FEDERAL.",147.5,MEGA EXPRESS HOTEL LTDA
220699,2024,5,"HOSPEDAGEM ,EXCETO DO PARLAMENTAR NO DISTRITO FEDERAL.",147.5,MEGA EXPRESS HOTEL LTDA
220699,2024,9,"HOSPEDAGEM ,EXCETO DO PARLAMENTAR NO DISTRITO FEDERAL.",130.0,MEGA EXPRESS HOTEL LTDA
220699,2024,3,"HOSPEDAGEM ,EXCETO DO PARLAMENTAR NO DISTRITO FEDERAL.",1876.24,MH BRASILIA ADMINISTRADORA DE EMPREENDIMENTOS LTDA
220699,2024,4,"HOSPEDAGEM ,EXCETO DO PARLAMENTAR NO DISTRITO FEDERAL.",450.0,NOBILE HOTEL ARARIPINA
220699,2024,4,"HOSPEDAGEM ,EXCETO DO PARLAMENTAR NO DISTRITO FEDERAL.",300.0,NOBILE HOTEL ARARIPINA
220699,2024,5,"HOSPEDAGEM ,EXCETO DO PARLAMENTAR NO DISTRITO FEDERAL.",470.0,PICOS HOTEL
220699,2024,5,"HOSPEDAGEM ,EXCETO DO PARLAMENTAR NO DISTRITO FEDERAL.",392.0,PICOS HOTEL
220699,2024,7,"HOSPEDAGEM ,EXCETO DO PARLAMENTAR NO DISTRITO FEDERAL.",610.9,PICOS HOTEL
220699,2024,7,"HOSPEDAGEM ,EXCETO DO PARLAMENTAR NO DISTRITO FEDERAL.",304.0,PICOS HOTEL
220699,2024,7,"HOSPEDAGEM ,EXCETO DO PARLAMENTAR NO DISTRITO FEDERAL.",304.0,PICOS HOTEL
220699,2024,7,"HOSPEDAGEM ,EXCETO DO PARLAMENTAR NO DISTRITO FEDERAL.",290.0,PICOS HOTEL
220699,2024,7,"HOSPEDAGEM ,EXCETO DO PARLAMENTAR NO DISTRITO FEDERAL.",180.0,PICOS HOTEL
220699,2024,9,"HOSPEDAGEM ,EXCETO DO PARLAMENTAR NO DISTRITO FEDERAL.",255.0,PICOS HOTEL
220699,2024,9,"HOSPEDAGEM ,EXCETO DO PARLAMENTAR NO DISTRITO FEDERAL.",155.0,PICOS HOTEL
220699,2024,9,"HOSPEDAGEM ,EXCETO DO PARLAMENTAR NO DISTRITO FEDERAL.",140.0,PICOS HOTEL
220699,2024,9,"HOSPEDAGEM ,EXCETO DO PARLAMENTAR NO DISTRITO FEDERAL.",170.0,PICOS HOTEL
220699,2024,7,"HOSPEDAGEM ,EXCETO DO PARLAMENTAR NO DISTRITO FEDERAL.",580.0,REAL HOTEL EMPREENDIMENTOS  LTDA
220699,2024,7,"HOSPEDAGEM ,EXCETO DO PARLAMENTAR NO DISTRITO FEDERAL.",1237.0,REAL HOTEL EMPREENDIMENTOS  LTDA
220699,2024,7,"HOSPEDAGEM ,EXCETO DO PARLAMENTAR NO DISTRITO FEDERAL.",630.0,REAL HOTEL EMPREENDIMENTOS  LTDA
220699,2024,7,"HOSPEDAGEM ,EXCETO DO PARLAMENTAR NO DISTRITO FEDERAL.",350.0,REAL HOTEL EMPREENDIMENTOS  LTDA
220699,2024,8,"HOSPEDAGEM ,EXCETO DO PARLAMENTAR NO DISTRITO FEDERAL.",346.75,REAL HOTEL EMPREENDIMENTOS  LTDA
220699,2024,8,"HOSPEDAGEM ,EXCETO DO PARLAMENTAR NO DISTRITO FEDERAL.",346.75,REAL HOTEL EMPREENDIMENTOS  LTDA
220699,2024,8,"HOSPEDAGEM ,EXCETO DO PARLAMENTAR NO DISTRITO FEDERAL.",396.0,REAL HOTEL EMPREENDIMENTOS  LTDA
220699,2024,8,"HOSPEDAGEM ,EXCETO DO PARLAMENTAR NO DISTRITO FEDERAL.",145.0,SESC Serviço Social de Comércio
220699,2024,8,"HOSPEDAGEM ,EXCETO DO PARLAMENTAR NO DISTRITO FEDERAL.",145.0,SESC Serviço Social de Comércio
220699,2024,8,"HOSPEDAGEM ,EXCETO DO PARLAMENTAR NO DISTRITO FEDERAL.",145.0,SESC Serviço Social de Comércio
220699,2024,9,"HOSPEDAGEM ,EXCETO DO PARLAMENTAR NO DISTRITO FEDERAL.",145.0,SESC Serviço Social de Comércio
220699,2024,9,"HOSPEDAGEM ,EXCETO DO PARLAMENTAR NO DISTRITO FEDERAL.",145.0,SESC Serviço Social de Comércio
220699,2024,8,LOCAÇÃO OU FRETAMENTO DE VEÍCULOS AUTOMOTORES,3500.0,Nacional Rent a Car Locação de Veiculos LTDA
220699,2024,9,LOCAÇÃO OU FRETAMENTO DE VEÍCULOS AUTOMOTORES,2713.0,Nacional Rent a Car Locação de Veiculos LTDA
220699,2024,10,LOCAÇÃO OU FRETAMENTO DE VEÍCULOS AUTOMOTORES,3500.0,Nacional Rent a Car Locação de Veiculos LTDA
220699,2024,11,LOCAÇÃO OU FRETAMENTO DE VEÍCULOS AUTOMOTORES,2713.0,Nacional Rent a Car Locação de Veiculos LTDA
220699,2024,1,LOCAÇÃO OU FRETAMENTO DE VEÍCULOS AUTOMOTORES,12700.0,R. L EMPREENDIMENTOS E SERVIÇOS LTDA
220699,2024,2,LOCAÇÃO OU FRETAMENTO DE VEÍCULOS AUTOMOTORES,12700.0,R. L EMPREENDIMENTOS E SERVIÇOS LTDA
220699,2024,3,LOCAÇÃO OU FRETAMENTO DE VEÍCULOS AUTOMOTORES,12700.0,R. L EMPREENDIMENTOS E SERVIÇOS LTDA
220699,2024,4,LOCAÇÃO OU FRETAMENTO DE VEÍCULOS AUTOMOTORES,12700.0,R. L EMPREENDIMENTOS E SERVIÇOS LTDA
220699,2024,5,LOCAÇÃO OU FRETAMENTO DE VEÍCULOS AUTOMOTORES,10000.0,R. L EMPREENDIMENTOS E SERVIÇOS LTDA
220699,2024,6,LOCAÇÃO OU FRETAMENTO DE VEÍCULOS AUTOMOTORES,10000.0,R. L EMPREENDIMENTOS E SERVIÇOS LTDA
220699,2024,7,LOCAÇÃO OU FRETAMENTO DE VEÍCULOS AUTOMOTORES,10000.0,R. L EMPREENDIMENTOS E SERVIÇOS LTDA
220699,2024,8,LOCAÇÃO OU FRETAMENTO DE VEÍCULOS AUTOMOTORES,9213.0,R. L EMPREENDIMENTOS E SERVIÇOS LTDA
220699,2024,9,LOCAÇÃO OU FRETAMENTO DE VEÍCULOS AUTOMOTORES,10000.0,R. L EMPREENDIMENTOS E SERVIÇOS LTDA
220699,2024,10,LOCAÇÃO OU FRETAMENTO DE VEÍCULOS AUTOMOTORES,9213.0,R. L EMPREENDIMENTOS E SERVIÇOS LTDA
220699,2024,11,LOCAÇÃO OU FRETAMENTO DE VEÍCULOS AUTOMOTORES,10000.0,R. L EMPREENDIMENTOS E SERVIÇOS LTDA
220699,2024,12,LOCAÇÃO OU FRETAMENTO DE VEÍCULOS AUTOMOTORES,10000.0,R. L EMPREENDIMENTOS E SERVIÇOS LTDA
220699,2024,2,"SERVIÇO DE TÁXI, PEDÁGIO E ESTACIONAMENTO",48.28,UBER DO BRASIL TECNOLOGIA LTDA.
220699,2024,1,"SERVIÇO DE TÁXI, PEDÁGIO E ESTACIONAMENTO",47.18,UBER DO BRASIL TECNOLOGIA LTDA.
220699,2024,3,"SERVIÇO DE TÁXI, PEDÁGIO E ESTACIONAMENTO",34.92,UBER DO BRASIL TECNOLOGIA LTDA.
220699,2024,7,"PARTICIPAÇÃO EM CURSO, PALESTRA OU EVENTO SIMILAR",8500.0,Navona Comunicação e Marketing LTDA
220699,2024,7,PASSAGEM AÉREA - SIGEPA,1357.21,AZUL
220699,2024,2,PASSAGEM AÉREA - SIGEPA,1964.45,GOL
220699,2024,3,PASSAGEM AÉREA - SIGEPA,1801.25,GOL
220699,2024,3,PASSAGEM AÉREA - SIGEPA,50.0,GOL
220699,2024,3,PASSAGEM AÉREA - SIGEPA,735.16,GOL
220699,2024,3,PASSAGEM AÉREA - SIGEPA,50.0,GOL
220699,2024,3,PASSAGEM AÉREA - SIGEPA,735.16,GOL
220699,2024,3,PASSAGEM AÉREA - SIGEPA,971.71,GOL
220699,2024,3,PASSAGEM AÉREA - SIGEPA,2491.56,GOL
220699,2024,4,PASSAGEM AÉREA - SIGEPA,1875.65,GOL
220699,2024,4,PASSAGEM AÉREA - SIGEPA,908.06,GOL
220699,2024,4,PASSAGEM AÉREA - SIGEPA,1891.7,GOL
220699,2024,4,PASSAGEM AÉREA - SIGEPA,1717.7,GOL
220699,2024,7,PASSAGEM AÉREA - SIGEPA,2843.41,GOL
220699,2024,1,PASSAGEM AÉREA - SIGEPA,1031.67,TAM
220699,2024,1,PASSAGEM AÉREA - SIGEPA,-1141.03,TAM
220699,2024,1,PASSAGEM AÉREA - SIGEPA,1141.03,TAM
220699,2024,1,PASSAGEM AÉREA - SIGEPA,1823.34,TAM
220699,2024,1,PASSAGEM AÉREA - SIGEPA,1381.34,TAM
220699,2024,1,PASSAGEM AÉREA - SIGEPA,1809.51,TAM
220699,2024,1,PASSAGEM AÉREA - SIGEPA,1367.51,TAM
220699,2024,1,PASSAGEM AÉREA - SIGEPA,-1367.51,TAM
220699,2024,1,PASSAGEM AÉREA - SIGEPA,1367.51,TAM
220699,2024,2,PASSAGEM AÉREA - SIGEPA,-1367.51,TAM
220699,2024,2,PASSAGEM AÉREA - SIGEPA,1367.51,TAM
220699,2024,2,PASSAGEM AÉREA - SIGEPA,-1380.29,TAM
220699,2024,2,PASSAGEM AÉREA - SIGEPA,1380.29,TAM
220699,2024,2,PASSAGEM AÉREA - SIGEPA,-1879.24,TAM
220699,2024,2,PASSAGEM AÉREA - SIGEPA,1879.24,TAM
220699,2024,2,PASSAGEM AÉREA - SIGEPA,900.47,TAM
220699,2024,2,PASSAGEM AÉREA - SIGEPA,1136.39,TAM
220699,2024,2,PASSAGEM AÉREA - SIGEPA,620.39,TAM
220699,2024,2,PASSAGEM AÉREA - SIGEPA,706.72,TAM
220699,2024,2,PASSAGEM AÉREA - SIGEPA,-620.39,TAM
220699,2024,2,PASSAGEM AÉREA - SIGEPA,620.39,TAM
220699,2024,2,PASSAGEM AÉREA - SIGEPA,1823.34,TAM
220699,2024,2,PASSAGEM AÉREA - SIGEPA,1325.58,TAM
220699,2024,2,PASSAGEM AÉREA - SIGEPA,-1316.6,TAM
220699,2024,2,PASSAGEM AÉREA - SIGEPA,1316.6,TAM
220699,2024,2,PASSAGEM AÉREA - SIGEPA,1367.51,TAM
220699,2024,2,PASSAGEM AÉREA - SIGEPA,1381.34,TAM
220699,2024,3,PASSAGEM AÉREA - SIGEPA,-1823.34,TAM
220699,2024,3,PASSAGEM AÉREA - SIGEPA,1823.34,TAM
220699,2024,3,PASSAGEM AÉREA - SIGEPA,-1823.34,TAM
220699,2024,3,PASSAGEM AÉREA - SIGEPA,1823.34,TAM
220699,2024,3,PASSAGEM AÉREA - SIGEPA,-944.65,TAM
220699,2024,3,PASSAGEM AÉREA - SIGEPA,944.65,TAM
220699,2024,3,PASSAGEM AÉREA - SIGEPA,-1221.79,TAM
220699,2024,3,PASSAGEM AÉREA - SIGEPA,1221.79,TAM
220699,2024,3,PASSAGEM AÉREA - SIGEPA,1367.51,TAM
220699,2024,3,PASSAGEM AÉREA - SIGEPA,1367.51,TAM
220699,2024,3,PASSAGEM AÉREA - SIGEPA,87.0,TAM
220699,2024,3,PASSAGEM AÉREA - SIGEPA,1381.34,TAM
220699,2024,3,PASSAGEM AÉREA - SIGEPA,975.16,TAM
220699,2024,3,PASSAGEM AÉREA - SIGEPA,975.16,TAM
220699,2024,3,PASSAGEM AÉREA - SIGEPA,-29.51,TAM
220699,2024,3,PASSAGEM AÉREA - SIGEPA,476.58,TAM
220699,2024,3,PASSAGEM AÉREA - SIGEPA,-618.2,TAM
220699,2024,3,PASSAGEM AÉREA - SIGEPA,618.2,TAM
220699,2024,3,PASSAGEM AÉREA - SIGEPA,-1116.78,TAM
220699,2024,3,PASSAGEM AÉREA - SIGEPA,1116.78,TAM
220699,2024,3,PASSAGEM AÉREA - SIGEPA,1383.56,TAM
220699,2024,3,PASSAGEM AÉREA - SIGEPA,-613.35,TAM
220699,2024,3,PASSAGEM AÉREA - SIGEPA,613.35,TAM
220699,2024,3,PASSAGEM AÉREA - SIGEPA,1383.56,TAM
220699,2024,4,PASSAGEM AÉREA - SIGEPA,1383.56,TAM
220699,2024,4,PASSAGEM AÉREA - SIGEPA,1367.51,TAM
220699,2024,4,PASSAGEM AÉREA - SIGEPA,613.35,TAM
220699,2024,4,PASSAGEM AÉREA - SIGEPA,-1367.51,TAM
220699,2024,4,PASSAGEM AÉREA - SIGEPA,1367.51,TAM
220699,2024,4,PASSAGEM AÉREA - SIGEPA,1367.51,TAM
220699,2024,4,PASSAGEM AÉREA - SIGEPA,1367.51,TAM
220699,2024,4,PASSAGEM AÉREA - SIGEPA,1367.51,TAM
220699,2024,4,PASSAGEM AÉREA - SIGEPA,1367.51,TAM
220699,2024,4,PASSAGEM AÉREA - SIGEPA,1626.56,TAM
220699,2024,5,PASSAGEM AÉREA - SIGEPA,329.8,TAM
220699,2024,5,PASSAGEM AÉREA - SIGEPA,1575.15,TAM
220699,2024,5,PASSAGEM AÉREA - SIGEPA,-948.0,TAM
220699,2024,5,PASSAGEM AÉREA - SIGEPA,948.0,TAM
220699,2024,5,PASSAGEM AÉREA - SIGEPA,-698.71,TAM
220699,2024,5,PASSAGEM AÉREA - SIGEPA,698.71,TAM
220699,2024,5,PASSAGEM AÉREA - SIGEPA,714.76,TAM
220699,2024,5,PASSAGEM AÉREA - SIGEPA,1367.51,TAM
220699,2024,5,PASSAGEM AÉREA - SIGEPA,1383.56,TAM
220699,2024,5,PASSAGEM AÉREA - SIGEPA,-29.51,TAM
220699,2024,5,PASSAGEM AÉREA - SIGEPA,392.35,TAM
220699,2024,5,PASSAGEM AÉREA - SIGEPA,1572.68,TAM
220699,2024,5,PASSAGEM AÉREA - SIGEPA,-1055.67,TAM
220699,2024,5,PASSAGEM AÉREA - SIGEPA,1055.67,TAM
220699,2024,6,PASSAGEM AÉREA - SIGEPA,1383.56,TAM
220699,2024,6,PASSAGEM AÉREA - SIGEPA,1367.51,TAM
220699,2024,6,PASSAGEM AÉREA - SIGEPA,1367.51,TAM
220699,2024,6,PASSAGEM AÉREA - SIGEPA,-1316.16,TAM
220699,2024,6,PASSAGEM AÉREA - SIGEPA,1316.16,TAM
220699,2024,6,PASSAGEM AÉREA - SIGEPA,1009.11,TAM
220699,2024,6,PASSAGEM AÉREA - SIGEPA,1367.51,TAM
220699,2024,6,PASSAGEM AÉREA - SIGEPA,1383.56,TAM
220699,2024,6,PASSAGEM AÉREA - SIGEPA,-1825.56,TAM
220699,2024,6,PASSAGEM AÉREA - SIGEPA,1825.56,TAM
220699,2024,6,PASSAGEM AÉREA - SIGEPA,-1464.04,TAM
220699,2024,6,PASSAGEM AÉREA - SIGEPA,1464.04,TAM
220699,2024,6,PASSAGEM AÉREA - SIGEPA,886.45,TAM
220699,2024,6,PASSAGEM AÉREA - SIGEPA,891.74,TAM
220699,2024,6,PASSAGEM AÉREA - SIGEPA,1484.56,TAM
220699,2024,6,PASSAGEM AÉREA - SIGEPA,1468.51,TAM
220699,2024,6,PASSAGEM AÉREA - SIGEPA,1415.1,TAM
220699,2024,6,PASSAGEM AÉREA - SIGEPA,-1222.51,TAM
220699,2024,6,PASSAGEM AÉREA - SIGEPA,1222.51,TAM
220699,2024,7,PASSAGEM AÉREA - SIGEPA,1468.51,TAM
220699,2024,7,PASSAGEM AÉREA - SIGEPA,1484.56,TAM
220699,2024,7,PASSAGEM AÉREA - SIGEPA,-756.91,TAM
220699,2024,7,PASSAGEM AÉREA - SIGEPA,756.91,TAM
220699,2024,7,PASSAGEM AÉREA - SIGEPA,-855.15,TAM
220699,2024,7,PASSAGEM AÉREA - SIGEPA,855.15,TAM
220699,2024,7,PASSAGEM AÉREA - SIGEPA,-1429.0,TAM
220699,2024,7,PASSAGEM AÉREA - SIGEPA,3238.51,TAM
220699,2024,7,PASSAGEM AÉREA - SIGEPA,1395.7,TAM
220699,2024,7,PASSAGEM AÉREA - SIGEPA,686.1,TAM
220699,2024,7,PASSAGEM AÉREA - SIGEPA,1072.69,TAM
220699,2024,7,PASSAGEM AÉREA - SIGEPA,-706.03,TAM
220699,2024,7,PASSAGEM AÉREA - SIGEPA,706.03,TAM
220699,2024,7,PASSAGEM AÉREA - SIGEPA,810.41,TAM
220699,2024,7,PASSAGEM AÉREA - SIGEPA,689.98,TAM
220699,2024,7,PASSAGEM AÉREA - SIGEPA,975.69,TAM
220699,2024,7,PASSAGEM AÉREA - SIGEPA,1468.51,TAM
220699,2024,7,PASSAGEM AÉREA - SIGEPA,-598.8,TAM
220699,2024,7,PASSAGEM AÉREA - SIGEPA,598.8,TAM
220699,2024,8,PASSAGEM AÉREA - SIGEPA,-1743.41,TAM
220699,2024,8,PASSAGEM AÉREA - SIGEPA,100.0,TAM
220699,2024,8,PASSAGEM AÉREA - SIGEPA,1743.41,TAM
220699,2024,8,PASSAGEM AÉREA - SIGEPA,-783.63,TAM
220699,2024,8,PASSAGEM AÉREA - SIGEPA,783.63,TAM
220699,2024,8,PASSAGEM AÉREA - SIGEPA,-1291.38,TAM
220699,2024,8,PASSAGEM AÉREA - SIGEPA,601.4,TAM
220699,2024,8,PASSAGEM AÉREA - SIGEPA,-1574.18,TAM
220699,2024,8,PASSAGEM AÉREA - SIGEPA,1574.18,TAM
220699,2024,8,PASSAGEM AÉREA - SIGEPA,-1944.95,TAM
220699,2024,8,PASSAGEM AÉREA - SIGEPA,1944.95,TAM
220699,2024,9,PASSAGEM AÉREA - SIGEPA,1712.83,TAM
220699,2024,10,PASSAGEM AÉREA - SIGEPA,-1398.61,TAM
220699,2024,10,PASSAGEM AÉREA - SIGEPA,1398.61,TAM
220699,2024,10,PASSAGEM AÉREA - SIGEPA,-1278.33,TAM
220699,2024,10,PASSAGEM AÉREA - SIGEPA,1278.33,TAM
220699,2024,10,PASSAGEM AÉREA - SIGEPA,-1133.74,TAM
220699,2024,10,PASSAGEM AÉREA - SIGEPA,1133.74,TAM
220699,2024,10,PASSAGEM AÉREA - SIGEPA,-1382.06,TAM
220699,2024,10,PASSAGEM AÉREA - SIGEPA,1382.06,TAM
220699,2024,10,PASSAGEM AÉREA - SIGEPA,1484.56,TAM
220699,2024,10,PASSAGEM AÉREA - SIGEPA,1944.95,TAM
220699,2024,10,PASSAGEM AÉREA - SIGEPA,1484.56,TAM
220699,2024,10,PASSAGEM AÉREA - SIGEPA,1244.32,TAM
220699,2024,10,PASSAGEM AÉREA - SIGEPA,1258.93,TAM
220699,2024,10,PASSAGEM AÉREA - SIGEPA,1469.95,TAM
220699,2024,10,PASSAGEM AÉREA - SIGEPA,1484.56,TAM
220699,2024,10,PASSAGEM AÉREA - SIGEPA,1959.56,TAM
220699,2024,10,PASSAGEM AÉREA - SIGEPA,-1944.95,TAM
220699,2024,10,PASSAGEM AÉREA - SIGEPA,1944.95,TAM
220699,2024,11,PASSAGEM AÉREA - SIGEPA,-1959.56,TAM
220699,2024,11,PASSAGEM AÉREA - SIGEPA,1959.56,TAM
220699,2024,11,PASSAGEM AÉREA - SIGEPA,-1469.95,TAM
220699,2024,11,PASSAGEM AÉREA - SIGEPA,1469.95,TAM
220699,2024,11,PASSAGEM AÉREA - SIGEPA,-1469.95,TAM
220699,2024,11,PASSAGEM AÉREA - SIGEPA,1469.95,TAM
220699,2024,11,PASSAGEM AÉREA - SIGEPA,1944.95,TAM
220699,2024,11,PASSAGEM AÉREA - SIGEPA,1469.95,TAM
220699,2024,11,PASSAGEM AÉREA - SIGEPA,75.0,TAM
220699,2024,11,PASSAGEM AÉREA - SIGEPA,1484.56,TAM
220699,2024,11,PASSAGEM AÉREA - SIGEPA,1317.13,TAM
220699,2024,11,PASSAGEM AÉREA - SIGEPA,75.0,TAM
220699,2024,11,PASSAGEM AÉREA - SIGEPA,1469.95,TAM
220699,2024,12,PASSAGEM AÉREA - SIGEPA,85.0,TAM
220699,2024,12,PASSAGEM AÉREA - SIGEPA,1469.95,TAM
220699,2024,12,PASSAGEM AÉREA - SIGEPA,893.24,TAM
220699,2024,12,PASSAGEM AÉREA - SIGEPA,-989.27,TAM
220699,2024,12,PASSAGEM AÉREA - SIGEPA,989.27,TAM
220699,2024,12,PASSAGEM AÉREA - SIGEPA,-1469.95,TAM
220699,2024,12,PASSAGEM AÉREA - SIGEPA,1469.95,TAM
220699,2024,12,PASSAGEM AÉREA - SIGEPA,1469.95,TAM
220699,2024,12,PASSAGEM AÉREA - SIGEPA,1021.28,TAM
220699,2025,1,MANUTENÇÃO DE ESCRITÓRIO DE APOIO À ATIVIDADE PARLAMENTAR,940.0,AMORETTO CAFES EXPRESSO LTDA
220699,2025,3,MANUTENÇÃO DE ESCRITÓRIO DE APOIO À ATIVIDADE PARLAMENTAR,987.0,AMORETTO CAFES EXPRESSO LTDA
220699,2025,4,MANUTENÇÃO DE ESCRITÓRIO DE APOIO À ATIVIDADE PARLAMENTAR,987.0,AMORETTO CAFES EXPRESSO LTDA
220699,2025,5,MANUTENÇÃO DE ESCRITÓRIO DE APOIO À ATIVIDADE PARLAMENTAR,987.0,AMORETTO CAFES EXPRESSO LTDA
220699,2025,6,MANUTENÇÃO DE ESCRITÓRIO DE APOIO À ATIVIDADE PARLAMENTAR,987.0,AMORETTO CAFES EXPRESSO LTDA
220699,2025,7,MANUTENÇÃO DE ESCRITÓRIO DE APOIO À ATIVIDADE PARLAMENTAR,987.0,AMORETTO CAFES EXPRESSO LTDA
220699,2025,8,MANUTENÇÃO DE ESCRITÓRIO DE APOIO À ATIVIDADE PARLAMENTAR,987.0,AMORETTO CAFES EXPRESSO LTDA
220699,2025,9,MANUTENÇÃO DE ESCRITÓRIO DE APOIO À ATIVIDADE PARLAMENTAR,987.0,AMORETTO CAFES EXPRESSO LTDA
220699,2025,10,MANUTENÇÃO DE ESCRITÓRIO DE APOIO À ATIVIDADE PARLAMENTAR,987.0,AMORETTO CAFES EXPRESSO LTDA
220699,2025,11,MANUTENÇÃO DE ESCRITÓRIO DE APOIO À ATIVIDADE PARLAMENTAR,987.0,AMORETTO CAFES EXPRESSO LTDA
220699,2025,12,MANUTENÇÃO DE ESCRITÓRIO DE APOIO À ATIVIDADE PARLAMENTAR,987.0,AMORETTO CAFES EXPRESSO LTDA
220699,2025,11,MANUTENÇÃO DE ESCRITÓRIO DE APOIO À ATIVIDADE PARLAMENTAR,494.0,E&M LOCACAO DE MAQUINAS LTDA
220699,2025,12,MANUTENÇÃO DE ESCRITÓRIO DE APOIO À ATIVIDADE PARLAMENTAR,494.0,E&M LOCACAO DE MAQUINAS LTDA
220699,2025,1,MANUTENÇÃO DE ESCRITÓRIO DE APOIO À ATIVIDADE PARLAMENTAR,2496.0,KEYLANE RIOS SPODE
220699,2025,2,MANUTENÇÃO DE ESCRITÓRIO DE APOIO À ATIVIDADE PARLAMENTAR,2496.0,KEYLANE RIOS SPODE
220699,2025,3,MANUTENÇÃO DE ESCRITÓRIO DE APOIO À ATIVIDADE PARLAMENTAR,2496.0,KEYLANE RIOS SPODE
220699,2025,4,MANUTENÇÃO DE ESCRITÓRIO DE APOIO À ATIVIDADE PARLAMENTAR,2796.0,KEYLANE RIOS SPODE
220699,2025,5,MANUTENÇÃO DE ESCRITÓRIO DE APOIO À ATIVIDADE PARLAMENTAR,2796.0,KEYLANE RIOS SPODE
220699,2025,6,MANUTENÇÃO DE ESCRITÓRIO DE APOIO À ATIVIDADE PARLAMENTAR,2796.0,KEYLANE RIOS SPODE
220699,2025,7,MANUTENÇÃO DE ESCRITÓRIO DE APOIO À ATIVIDADE PARLAMENTAR,2796.0,KEYLANE RIOS SPODE
220699,2025,8,MANUTENÇÃO DE ESCRITÓRIO DE APOIO À ATIVIDADE PARLAMENTAR,2796.0,KEYLANE RIOS SPODE
220699,2025,9,MANUTENÇÃO DE ESCRITÓRIO DE APOIO À ATIVIDADE PARLAMENTAR,2796.0,KEYLANE RIOS SPODE
220699,2025,10,MANUTENÇÃO DE ESCRITÓRIO DE APOIO À ATIVIDADE PARLAMENTAR,2796.0,KEYLANE RIOS SPODE
220699,2025,11,MANUTENÇÃO DE ESCRITÓRIO DE APOIO À ATIVIDADE PARLAMENTAR,2796.0,KEYLANE RIOS SPODE
220699,2025,12,MANUTENÇÃO DE ESCRITÓRIO DE APOIO À ATIVIDADE PARLAMENTAR,2796.0,KEYLANE RIOS SPODE
220699,2025,1,MANUTENÇÃO DE ESCRITÓRIO DE APOIO À ATIVIDADE PARLAMENTAR,1190.0,NEVES E FERREIRA TECNOLOGIA LTDA
220699,2025,2,MANUTENÇÃO DE ESCRITÓRIO DE APOIO À ATIVIDADE PARLAMENTAR,1190.0,NEVES E FERREIRA TECNOLOGIA LTDA
220699,2025,3,MANUTENÇÃO DE ESCRITÓRIO DE APOIO À ATIVIDADE PARLAMENTAR,1190.0,NEVES E FERREIRA TECNOLOGIA LTDA
220699,2025,4,MANUTENÇÃO DE ESCRITÓRIO DE APOIO À ATIVIDADE PARLAMENTAR,1290.0,NEVES E FERREIRA TECNOLOGIA LTDA
220699,2025,5,MANUTENÇÃO DE ESCRITÓRIO DE APOIO À ATIVIDADE PARLAMENTAR,1290.0,NEVES E FERREIRA TECNOLOGIA LTDA
220699,2025,6,MANUTENÇÃO DE ESCRITÓRIO DE APOIO À ATIVIDADE PARLAMENTAR,1290.0,NEVES E FERREIRA TECNOLOGIA LTDA
220699,2025,7,MANUTENÇÃO DE ESCRITÓRIO DE APOIO À ATIVIDADE PARLAMENTAR,1290.0,NEVES E FERREIRA TECNOLOGIA LTDA
220699,2025,8,MANUTENÇÃO DE ESCRITÓRIO DE APOIO À ATIVIDADE PARLAMENTAR,1290.0,NEVES E FERREIRA TECNOLOGIA LTDA
220699,2025,9,MANUTENÇÃO DE ESCRITÓRIO DE APOIO À ATIVIDADE PARLAMENTAR,1290.0,NEVES E FERREIRA TECNOLOGIA LTDA
220699,2025,10,MANUTENÇÃO DE ESCRITÓRIO DE APOIO À ATIVIDADE PARLAMENTAR,1290.0,NEVES E FERREIRA TECNOLOGIA LTDA
220699,2025,5,MANUTENÇÃO DE ESCRITÓRIO DE APOIO À ATIVIDADE PARLAMENTAR,339.0,WMS COMERCIO DE ARTIGOS DE PAPELARIA LTDA
220699,2025,4,COMBUSTÍVEIS E LUBRIFICANTES.,140.0,031 - 302 NORTE - CASCOL COMBUSTIVEIS PARA VEICULOS LTDA
220699,2025,5,COMBUSTÍVEIS E LUBRIFICANTES.,100.0,031 - 302 NORTE - CASCOL COMBUSTIVEIS PARA VEICULOS LTDA
220699,2025,5,COMBUSTÍVEIS E LUBRIFICANTES.,140.0,AUTO POSTO 303 NORTE LTDA
220699,2025,5,COMBUSTÍVEIS E LUBRIFICANTES.,120.0,AUTO POSTO 303 NORTE LTDA
220699,2025,5,COMBUSTÍVEIS E LUBRIFICANTES.,150.0,AUTO POSTO 303 NORTE LTDA
220699,2025,6,COMBUSTÍVEIS E LUBRIFICANTES.,189.15,AUTO POSTO 303 NORTE LTDA
220699,2025,6,COMBUSTÍVEIS E LUBRIFICANTES.,130.0,AUTO POSTO 303 NORTE LTDA
220699,2025,5,COMBUSTÍVEIS E LUBRIFICANTES.,100.0,AUTO POSTO CINCO ESTRELAS LTDA
220699,2025,5,COMBUSTÍVEIS E LUBRIFICANTES.,180.0,AUTO POSTO MORADA DOS NOBRES LTDA
220699,2025,5,COMBUSTÍVEIS E LUBRIFICANTES.,90.0,AUTO POSTO SOF NORTE LTDA
220699,2025,3,COMBUSTÍVEIS E LUBRIFICANTES.,250.02,CACIQUE PETROLEO LTDA
220699,2025,3,COMBUSTÍVEIS E LUBRIFICANTES.,100.0,CACIQUE PETROLEO LTDA
220699,2025,4,COMBUSTÍVEIS E LUBRIFICANTES.,100.0,CACIQUE PETROLEO LTDA
220699,2025,2,COMBUSTÍVEIS E LUBRIFICANTES.,100.0,CACIQUE PETROLEO LTDA
220699,2025,3,COMBUSTÍVEIS E LUBRIFICANTES.,100.13,CACIQUE PETROLEO LTDA
220699,2025,3,COMBUSTÍVEIS E LUBRIFICANTES.,100.0,CACIQUE PETROLEO LTDA
220699,2025,8,COMBUSTÍVEIS E LUBRIFICANTES.,400.04,CACIQUE PETROLEO LTDA
220699,2025,8,COMBUSTÍVEIS E LUBRIFICANTES.,300.0,CACIQUE PETROLEO LTDA
220699,2025,3,COMBUSTÍVEIS E LUBRIFICANTES.,150.0,CACIQUE PETROLEO LTDA
220699,2025,4,COMBUSTÍVEIS E LUBRIFICANTES.,100.01,CACIQUE PETROLEO LTDA
220699,2025,5,COMBUSTÍVEIS E LUBRIFICANTES.,100.05,CACIQUE PETROLEO LTDA
220699,2025,7,COMBUSTÍVEIS E LUBRIFICANTES.,150.0,CACIQUE PETROLEO LTDA
220699,2025,2,COMBUSTÍVEIS E LUBRIFICANTES.,190.0,CACIQUE PETROLEO LTDA
220699,2025,4,COMBUSTÍVEIS E LUBRIFICANTES.,350.0,CACIQUE PETROLEO LTDA
220699,2025,5,COMBUSTÍVEIS E LUBRIFICANTES.,200.0,CACIQUE PETROLEO LTDA
220699,2025,7,COMBUSTÍVEIS E LUBRIFICANTES.,300.0,CACIQUE PETROLEO LTDA
220699,2025,5,COMBUSTÍVEIS E LUBRIFICANTES.,330.04,CACIQUE PETROLEO LTDA
220699,2025,6,COMBUSTÍVEIS E LUBRIFICANTES.,300.0,CACIQUE PETROLEO LTDA
220699,2025,4,COMBUSTÍVEIS E LUBRIFICANTES.,200.0,CACIQUE PETROLEO LTDA
220699,2025,6,COMBUSTÍVEIS E LUBRIFICANTES.,300.0,CACIQUE PETROLEO LTDA
220699,2025,3,COMBUSTÍVEIS E LUBRIFICANTES.,200.0,CARVALHO & CARVALHO POSTO DE GASOLINA LTDA
220699,2025,4,COMBUSTÍVEIS E LUBRIFICANTES.,200.0,CARVALHO & CARVALHO POSTO DE GASOLINA LTDA
220699,2025,3,COMBUSTÍVEIS E LUBRIFICANTES.,350.0,CARVALHO & CARVALHO POSTO DE GASOLINA LTDA
220699,2025,3,COMBUSTÍVEIS E LUBRIFICANTES.,200.0,CARVALHO & CARVALHO POSTO DE GASOLINA LTDA
220699,2025,2,COMBUSTÍVEIS E LUBRIFICANTES.,260.0,CASAS DO JOSE LTDA
220699,2025,8,COMBUSTÍVEIS E LUBRIFICANTES.,390.06,CASAS DO JOSE LTDA
220699,2025,4,COMBUSTÍVEIS E LUBRIFICANTES.,100.0,COMERCIO DE COMBUSTIVEIS AEROPOSTO LTDA
220699,2025,6,COMBUSTÍVEIS E LUBRIFICANTES.,376.45,COMERCIO DE COMBUSTIVEIS AEROPOSTO LTDA
220699,2025,3,COMBUSTÍVEIS E LUBRIFICANTES.,100.0,FCN.X CARVALHO COMBUSTIVEL LTDA
220699,2025,4,COMBUSTÍVEIS E LUBRIFICANTES.,200.0,FCN.X CARVALHO COMBUSTIVEL LTDA
220699,2025,4,COMBUSTÍVEIS E LUBRIFICANTES.,200.0,FCN.X CARVALHO COMBUSTIVEL LTDA
220699,2025,4,COMBUSTÍVEIS E LUBRIFICANTES.,200.0,FCN.X CARVALHO COMBUSTIVEL LTDA
220699,2025,4,COMBUSTÍVEIS E LUBRIFICANTES.,195.0,FCN.X CARVALHO COMBUSTIVEL LTDA
220699,2025,4,COMBUSTÍVEIS E LUBRIFICANTES.,300.0,FCN.X CARVALHO COMBUSTIVEL LTDA
220699,2025,5,COMBUSTÍVEIS E LUBRIFICANTES.,323.8,FERREIRA E COSTA LTDA
220699,2025,2,COMBUSTÍVEIS E LUBRIFICANTES.,340.06,FERREIRA E COSTA LTDA
220699,2025,6,COMBUSTÍVEIS E LUBRIFICANTES.,400.04,FERREIRA E COSTA LTDA
220699,2025,4,COMBUSTÍVEIS E LUBRIFICANTES.,312.02,GILDA E JOAO LTDA
220699,2025,4,COMBUSTÍVEIS E LUBRIFICANTES.,294.55,GILDA E JOAO LTDA
220699,2025,5,COMBUSTÍVEIS E LUBRIFICANTES.,306.33,GILDA E JOAO LTDA
220699,2025,8,COMBUSTÍVEIS E LUBRIFICANTES.,100.0,HD PETROLEO URUGUAI LTDA
220699,2025,5,COMBUSTÍVEIS E LUBRIFICANTES.,235.02,J. A. SILVA MERCADINHO
220699,2025,5,COMBUSTÍVEIS E LUBRIFICANTES.,200.01,JJ BATISTA COM VAREJISTA DE COMBUSTIVEL LTDA
220699,2025,5,COMBUSTÍVEIS E LUBRIFICANTES.,376.82,NOSSO POSTO COMBUSTIVEL LTDA
220699,2025,4,COMBUSTÍVEIS E LUBRIFICANTES.,268.06,NOVO DERIVADO DE PETROLEO LTDA
220699,2025,5,COMBUSTÍVEIS E LUBRIFICANTES.,150.0,PETROLEO COMBUSTIVEL III LTDA
220699,2025,5,COMBUSTÍVEIS E LUBRIFICANTES.,300.03,PETROLEO COMBUSTIVEL III LTDA
220699,2025,5,COMBUSTÍVEIS E LUBRIFICANTES.,203.36,PIONEIRO COM. VAREJ. DE DERIVADOS DE PETROLEO LTDA
220699,2025,7,COMBUSTÍVEIS E LUBRIFICANTES.,200.0,PLANALTO PETROLEO VERMELHA LTDA
220699,2025,5,COMBUSTÍVEIS E LUBRIFICANTES.,100.0,PN PETROLEO LTDA
220699,2025,3,COMBUSTÍVEIS E LUBRIFICANTES.,300.0,POSTO ALTOS LTDA
220699,2025,2,COMBUSTÍVEIS E LUBRIFICANTES.,200.01,POSTO DE COMBUSTIVEL AGUIA LTDA
220699,2025,2,COMBUSTÍVEIS E LUBRIFICANTES.,100.0,POSTO DEZ 3 LTDA
220699,2025,7,COMBUSTÍVEIS E LUBRIFICANTES.,250.03,POSTO DEZ 3 LTDA
220699,2025,8,COMBUSTÍVEIS E LUBRIFICANTES.,200.0,POSTO DEZ 3 LTDA
220699,2025,5,COMBUSTÍVEIS E LUBRIFICANTES.,434.03,POSTO DEZ 3 LTDA
220699,2025,8,COMBUSTÍVEIS E LUBRIFICANTES.,200.0,POSTO DEZ 3 LTDA
220699,2025,3,COMBUSTÍVEIS E LUBRIFICANTES.,200.0,POSTO MAIS JOAO XXIII LTDA
220699,2025,4,COMBUSTÍVEIS E LUBRIFICANTES.,200.0,POSTO MAIS JOAO XXIII LTDA
220699,2025,2,COMBUSTÍVEIS E LUBRIFICANTES.,300.0,POSTO MAIS JOAO XXIII LTDA
220699,2025,3,COMBUSTÍVEIS E LUBRIFICANTES.,100.0,POSTO MARTINEZ LTDA
220699,2025,3,COMBUSTÍVEIS E LUBRIFICANTES.,300.0,POSTO MARTINEZ LTDA
220699,2025,5,COMBUSTÍVEIS E LUBRIFICANTES.,100.0,POSTO MARTINEZ LTDA
220699,2025,5,COMBUSTÍVEIS E LUBRIFICANTES.,150.0,POSTO MARTINEZ LTDA
220699,2025,5,COMBUSTÍVEIS E LUBRIFICANTES.,100.0,POSTO MARTINEZ LTDA
220699,2025,5,COMBUSTÍVEIS E LUBRIFICANTES.,200.0,POSTO MARTINEZ LTDA
220699,2025,5,COMBUSTÍVEIS E LUBRIFICANTES.,200.0,POSTO MARTINEZ LTDA
220699,2025,7,COMBUSTÍVEIS E LUBRIFICANTES.,120.02,POSTO MARTINEZ LTDA
220699,2025,8,COMBUSTÍVEIS E LUBRIFICANTES.,400.01,POSTO NOSSA SENHORA DE FATIMA EMPREENDIMENTOS LTDA
220699,2025,5,COMBUSTÍVEIS E LUBRIFICANTES.,300.01,POSTO SANTA LUCIA LTDA.
220699,2025,3,COMBUSTÍVEIS E LUBRIFICANTES.,300.0,POSTO SAO BENEDITO PETROLEO LTDA
220699,2025,3,COMBUSTÍVEIS E LUBRIFICANTES.,100.0,POSTO SAO BENEDITO PETROLEO LTDA
220699,2025,7,COMBUSTÍVEIS E LUBRIFICANTES.,200.0,POSTO SAO BENEDITO PETROLEO LTDA
220699,2025,6,COMBUSTÍVEIS E LUBRIFICANTES.,200.0,POSTO TATU LTDA
220699,2025,6,COMBUSTÍVEIS E LUBRIFICANTES.,100.09,R. DEMES E CIA LTDA
220699,2025,6,COMBUSTÍVEIS E LUBRIFICANTES.,250.01,REINALDO PINHEIRO FREITAS
220699,2025,5,COMBUSTÍVEIS E LUBRIFICANTES.,100.0,S P MAGALHAES EMPREENDIMENTOS LTDA
220699,2025,8,COMBUSTÍVEIS E LUBRIFICANTES.,210.0,SAO FRANCISCO PETROLEO LTDA
220699,2025,7,COMBUSTÍVEIS E LUBRIFICANTES.,200.02,SIQUEIRA SOARES LTDA - EPP
220699,2025,4,DIVULGAÇÃO DA ATIVIDADE PARLAMENTAR.,6000.0,FRANCISCA BEATRIZ NUNES DOS SANTOS ALBUQUERQUE
220699,2025,1,DIVULGAÇÃO DA ATIVIDADE PARLAMENTAR.,6000.0,FRANCISCA BEATRIZ NUNES DOS SANTOS ALBUQUERQUE
220699,2025,2,DIVULGAÇÃO DA ATIVIDADE PARLAMENTAR.,6000.0,FRANCISCA BEATRIZ NUNES DOS SANTOS ALBUQUERQUE
220699,2025,3,DIVULGAÇÃO DA ATIVIDADE PARLAMENTAR.,6000.0,FRANCISCA BEATRIZ NUNES DOS SANTOS ALBUQUERQUE
220699,2025,4,DIVULGAÇÃO DA ATIVIDADE PARLAMENTAR.,6000.0,FRANCISCA BEATRIZ NUNES DOS SANTOS ALBUQUERQUE
220699,2025,6,DIVULGAÇÃO DA ATIVIDADE PARLAMENTAR.,8000.0,FRANCISCA BEATRIZ NUNES DOS SANTOS ALBUQUERQUE
220699,2025,6,DIVULGAÇÃO DA ATIVIDADE PARLAMENTAR.,8000.0,FRANCISCA BEATRIZ NUNES DOS SANTOS ALBUQUERQUE
220699,2025,7,DIVULGAÇÃO DA ATIVIDADE PARLAMENTAR.,8000.0,FRANCISCA BEATRIZ NUNES DOS SANTOS ALBUQUERQUE
220699,2025,8,DIVULGAÇÃO DA ATIVIDADE PARLAMENTAR.,8000.0,FRANCISCA BEATRIZ NUNES DOS SANTOS ALBUQUERQUE
220699,2025,9,DIVULGAÇÃO DA ATIVIDADE PARLAMENTAR.,10900.0,FRANCISCA BEATRIZ NUNES DOS SANTOS ALBUQUERQUE
220699,2025,12,DIVULGAÇÃO DA ATIVIDADE PARLAMENTAR.,1300.0,GUSTAVO WILER QUINTAO
220699,2025,3,DIVULGAÇÃO DA ATIVIDADE PARLAMENTAR.,15000.0,INOP - INSTITUTO NACIONAL DE ORCAMENTO PUBLICO LTDA
220699,2025,4,DIVULGAÇÃO DA ATIVIDADE PARLAMENTAR.,15000.0,INOP - INSTITUTO NACIONAL DE ORCAMENTO PUBLICO LTDA
220699,2025,6,DIVULGAÇÃO DA ATIVIDADE PARLAMENTAR.,15000.0,INOP - INSTITUTO NACIONAL DE ORCAMENTO PUBLICO LTDA
220699,2025,7,DIVULGAÇÃO DA ATIVIDADE PARLAMENTAR.,15000.0,INOP - INSTITUTO NACIONAL DE ORCAMENTO PUBLICO LTDA
220699,2025,8,DIVULGAÇÃO DA ATIVIDADE PARLAMENTAR.,15000.0,INOP - INSTITUTO NACIONAL DE ORCAMENTO PUBLICO LTDA
220699,2025,9,DIVULGAÇÃO DA ATIVIDADE PARLAMENTAR.,15000.0,INOP - INSTITUTO NACIONAL DE ORCAMENTO PUBLICO LTDA
220699,2025,1,DIVULGAÇÃO DA ATIVIDADE PARLAMENTAR.,1000.0,JGF PRODUCAO DE TEXTOS E EVENTOS LTDA
220699,2025,3,DIVULGAÇÃO DA ATIVIDADE PARLAMENTAR.,1000.0,JGF PRODUCAO DE TEXTOS E EVENTOS LTDA
220699,2025,3,DIVULGAÇÃO DA ATIVIDADE PARLAMENTAR.,1000.0,JGF PRODUCAO DE TEXTOS E EVENTOS LTDA
220699,2025,4,DIVULGAÇÃO DA ATIVIDADE PARLAMENTAR.,1000.0,JGF PRODUCAO DE TEXTOS E EVENTOS LTDA
220699,2025,5,DIVULGAÇÃO DA ATIVIDADE PARLAMENTAR.,1000.0,JGF PRODUCAO DE TEXTOS E EVENTOS LTDA
220699,2025,6,DIVULGAÇÃO DA ATIVIDADE PARLAMENTAR.,1000.0,JGF PRODUCAO DE TEXTOS E EVENTOS LTDA
220699,2025,7,DIVULGAÇÃO DA ATIVIDADE PARLAMENTAR.,1000.0,JGF PRODUCAO DE TEXTOS E EVENTOS LTDA
220699,2025,8,DIVULGAÇÃO DA ATIVIDADE PARLAMENTAR.,1000.0,JGF PRODUCAO DE TEXTOS E EVENTOS LTDA
220699,2025,9,DIVULGAÇÃO DA ATIVIDADE PARLAMENTAR.,1000.0,JGF PRODUCAO DE TEXTOS E EVENTOS LTDA
220699,2025,10,DIVULGAÇÃO DA ATIVIDADE PARLAMENTAR.,1000.0,JGF PRODUCAO DE TEXTOS E EVENTOS LTDA
220699,2025,11,DIVULGAÇÃO DA ATIVIDADE PARLAMENTAR.,1000.0,JGF PRODUCAO DE TEXTOS E EVENTOS LTDA
220699,2025,12,DIVULGAÇÃO DA ATIVIDADE PARLAMENTAR.,1000.0,JGF PRODUCAO DE TEXTOS E EVENTOS LTDA
220699,2025,12,DIVULGAÇÃO DA ATIVIDADE PARLAMENTAR.,11000.0,MARCA COMUNICACAO LTDA
220699,2025,1,DIVULGAÇÃO DA ATIVIDADE PARLAMENTAR.,3600.0,SMARTPRINT LTDA
220699,2025,2,DIVULGAÇÃO DA ATIVIDADE PARLAMENTAR.,6615.0,THIAGO BASTOS MACHADO SERVICOS DE ASSESSORIA EM COMUNICACAO
220699,2025,3,DIVULGAÇÃO DA ATIVIDADE PARLAMENTAR.,6615.0,THIAGO BASTOS MACHADO SERVICOS DE ASSESSORIA EM COMUNICACAO
220699,2025,4,DIVULGAÇÃO DA ATIVIDADE PARLAMENTAR.,6615.0,THIAGO BASTOS MACHADO SERVICOS DE ASSESSORIA EM COMUNICACAO
220699,2025,5,DIVULGAÇÃO DA ATIVIDADE PARLAMENTAR.,6615.0,THIAGO BASTOS MACHADO SERVICOS DE ASSESSORIA EM COMUNICACAO
220699,2025,6,DIVULGAÇÃO DA ATIVIDADE PARLAMENTAR.,6615.0,THIAGO BASTOS MACHADO SERVICOS DE ASSESSORIA EM COMUNICACAO
220699,2025,7,DIVULGAÇÃO DA ATIVIDADE PARLAMENTAR.,6615.0,THIAGO BASTOS MACHADO SERVICOS DE ASSESSORIA EM COMUNICACAO
220699,2025,8,DIVULGAÇÃO DA ATIVIDADE PARLAMENTAR.,6615.0,THIAGO BASTOS MACHADO SERVICOS DE ASSESSORIA EM COMUNICACAO
220699,2025,9,DIVULGAÇÃO DA ATIVIDADE PARLAMENTAR.,6615.0,THIAGO BASTOS MACHADO SERVICOS DE ASSESSORIA EM COMUNICACAO
220699,2025,10,DIVULGAÇÃO DA ATIVIDADE PARLAMENTAR.,6615.0,THIAGO BASTOS MACHADO SERVICOS DE ASSESSORIA EM COMUNICACAO
220699,2025,12,DIVULGAÇÃO DA ATIVIDADE PARLAMENTAR.,6615.0,THIAGO BASTOS MACHADO SERVICOS DE ASSESSORIA EM COMUNICACAO
220699,2025,10,"HOSPEDAGEM ,EXCETO DO PARLAMENTAR NO DISTRITO FEDERAL.",307.0,EDVALDO GOMES BARBOSA-ME
220699,2025,10,"HOSPEDAGEM ,EXCETO DO PARLAMENTAR NO DISTRITO FEDERAL.",307.0,EDVALDO GOMES BARBOSA-ME
220699,2025,10,"HOSPEDAGEM ,EXCETO DO PARLAMENTAR NO DISTRITO FEDERAL.",307.0,EDVALDO GOMES BARBOSA-ME
220699,2025,7,"HOSPEDAGEM ,EXCETO DO PARLAMENTAR NO DISTRITO FEDERAL.",617.0,GURGUEIA PALACE HOTEL
220699,2025,7,"HOSPEDAGEM ,EXCETO DO PARLAMENTAR NO DISTRITO FEDERAL.",617.0,GURGUEIA PALACE HOTEL
220699,2025,7,"HOSPEDAGEM ,EXCETO DO PARLAMENTAR NO DISTRITO FEDERAL.",170.0,MEGA EXPRESS HOTEL LTDA
220699,2025,7,"HOSPEDAGEM ,EXCETO DO PARLAMENTAR NO DISTRITO FEDERAL.",170.0,MEGA EXPRESS HOTEL LTDA
220699,2025,8,"HOSPEDAGEM ,EXCETO DO PARLAMENTAR NO DISTRITO FEDERAL.",319.0,MEGA EXPRESS HOTEL LTDA
220699,2025,8,"HOSPEDAGEM ,EXCETO DO PARLAMENTAR NO DISTRITO FEDERAL.",227.0,MEGA EXPRESS HOTEL LTDA
220699,2025,9,"HOSPEDAGEM ,EXCETO DO PARLAMENTAR NO DISTRITO FEDERAL.",261.25,MEGA EXPRESS HOTEL LTDA
220699,2025,9,"HOSPEDAGEM ,EXCETO DO PARLAMENTAR NO DISTRITO FEDERAL.",261.25,MEGA EXPRESS HOTEL LTDA
220699,2025,12,"HOSPEDAGEM ,EXCETO DO PARLAMENTAR NO DISTRITO FEDERAL.",324.0,MEGA EXPRESS HOTEL LTDA
220699,2025,12,"HOSPEDAGEM ,EXCETO DO PARLAMENTAR NO DISTRITO FEDERAL.",324.0,MEGA EXPRESS HOTEL LTDA
220699,2025,2,"HOSPEDAGEM ,EXCETO DO PARLAMENTAR NO DISTRITO FEDERAL.",1062.06,MH BRASILIA ADMINISTRADORA DE EMPREENDIMENTOS LTDA
220699,2025,2,"HOSPEDAGEM ,EXCETO DO PARLAMENTAR NO DISTRITO FEDERAL.",700.0,PICOS HOTEL
220699,2025,2,"HOSPEDAGEM ,EXCETO DO PARLAMENTAR NO DISTRITO FEDERAL.",667.92,PICOS HOTEL
220699,2025,2,"HOSPEDAGEM ,EXCETO DO PARLAMENTAR NO DISTRITO FEDERAL.",667.92,PICOS HOTEL
220699,2025,8,"HOSPEDAGEM ,EXCETO DO PARLAMENTAR NO DISTRITO FEDERAL.",567.0,PICOS HOTEL
220699,2025,8,"HOSPEDAGEM ,EXCETO DO PARLAMENTAR NO DISTRITO FEDERAL.",567.0,PICOS HOTEL
220699,2025,8,"HOSPEDAGEM ,EXCETO DO PARLAMENTAR NO DISTRITO FEDERAL.",567.0,PICOS HOTEL
220699,2025,12,"HOSPEDAGEM ,EXCETO DO PARLAMENTAR NO DISTRITO FEDERAL.",645.5,PICOS HOTEL
220699,2025,12,"HOSPEDAGEM ,EXCETO DO PARLAMENTAR NO DISTRITO FEDERAL.",645.0,PICOS HOTEL
220699,2025,12,"HOSPEDAGEM ,EXCETO DO PARLAMENTAR NO DISTRITO FEDERAL.",800.0,PICOS HOTEL
220699,2025,9,"HOSPEDAGEM ,EXCETO DO PARLAMENTAR NO DISTRITO FEDERAL.",1343.14,R3 ADMINISTRACAO HOTELEIRA LTDA
220699,2025,6,"HOSPEDAGEM ,EXCETO DO PARLAMENTAR NO DISTRITO FEDERAL.",1520.22,REAL HOTEL EMPREENDIMENTOS  LTDA
220699,2025,6,"HOSPEDAGEM ,EXCETO DO PARLAMENTAR NO DISTRITO FEDERAL.",1520.22,REAL HOTEL EMPREENDIMENTOS  LTDA
220699,2025,1,LOCAÇÃO OU FRETAMENTO DE VEÍCULOS AUTOMOTORES,2713.0,Nacional Rent a Car Locação de Veiculos LTDA
220699,2025,2,LOCAÇÃO OU FRETAMENTO DE VEÍCULOS AUTOMOTORES,2713.0,Nacional Rent a Car Locação de Veiculos LTDA
220699,2025,4,LOCAÇÃO OU FRETAMENTO DE VEÍCULOS AUTOMOTORES,3500.0,Nacional Rent a Car Locação de Veiculos LTDA
220699,2025,5,LOCAÇÃO OU FRETAMENTO DE VEÍCULOS AUTOMOTORES,3500.0,Nacional Rent a Car Locação de Veiculos LTDA
220699,2025,6,LOCAÇÃO OU FRETAMENTO DE VEÍCULOS AUTOMOTORES,3500.0,Nacional Rent a Car Locação de Veiculos LTDA
220699,2025,7,LOCAÇÃO OU FRETAMENTO DE VEÍCULOS AUTOMOTORES,3500.0,Nacional Rent a Car Locação de Veiculos LTDA
220699,2025,1,LOCAÇÃO OU FRETAMENTO DE VEÍCULOS AUTOMOTORES,10000.0,R. L EMPREENDIMENTOS E SERVIÇOS LTDA
220699,2025,2,LOCAÇÃO OU FRETAMENTO DE VEÍCULOS AUTOMOTORES,10000.0,R. L EMPREENDIMENTOS E SERVIÇOS LTDA
220699,2025,7,LOCAÇÃO OU FRETAMENTO DE VEÍCULOS AUTOMOTORES,15470.4,WELSON VEICULOS LTDA
220699,2025,6,LOCAÇÃO OU FRETAMENTO DE VEÍCULOS AUTOMOTORES,15470.4,WELSON VEICULOS LTDA
220699,2025,9,LOCAÇÃO OU FRETAMENTO DE VEÍCULOS AUTOMOTORES,15470.0,WELSON VEICULOS LTDA
220699,2025,8,LOCAÇÃO OU FRETAMENTO DE VEÍCULOS AUTOMOTORES,15470.0,WELSON VEICULOS LTDA
220699,2025,10,LOCAÇÃO OU FRETAMENTO DE VEÍCULOS AUTOMOTORES,15470.0,WELSON VEICULOS LTDA
220699,2025,11,LOCAÇÃO OU FRETAMENTO DE VEÍCULOS AUTOMOTORES,15470.0,WELSON VEICULOS LTDA
220699,2025,12,LOCAÇÃO OU FRETAMENTO DE VEÍCULOS AUTOMOTORES,15470.0,WELSON VEICULOS LTDA
220699,2025,10,PASSAGEM AÉREA - SIGEPA,2028.58,Gol Linhas Aéreas
220699,2025,11,PASSAGEM AÉREA - SIGEPA,2857.44,Gol Linhas Aéreas
220699,2025,11,PASSAGEM AÉREA - SIGEPA,-2857.44,Gol Linhas Aéreas
220699,2025,8,PASSAGEM AÉREA - SIGEPA,1701.29,LATAM Airlines Brasil
220699,2025,8,PASSAGEM AÉREA - SIGEPA,-694.03,LATAM Airlines Brasil
220699,2025,8,PASSAGEM AÉREA - SIGEPA,694.03,LATAM Airlines Brasil
220699,2025,8,PASSAGEM AÉREA - SIGEPA,1511.47,LATAM Airlines Brasil
220699,2025,8,PASSAGEM AÉREA - SIGEPA,1192.29,LATAM Airlines Brasil
220699,2025,8,PASSAGEM AÉREA - SIGEPA,2961.94,LATAM Airlines Brasil
220699,2025,8,PASSAGEM AÉREA - SIGEPA,-2649.4,LATAM Airlines Brasil
220699,2025,8,PASSAGEM AÉREA - SIGEPA,2649.4,LATAM Airlines Brasil
220699,2025,8,PASSAGEM AÉREA - SIGEPA,2134.34,LATAM Airlines Brasil
220699,2025,8,PASSAGEM AÉREA - SIGEPA,-1762.13,LATAM Airlines Brasil
220699,2025,8,PASSAGEM AÉREA - SIGEPA,1762.13,LATAM Airlines Brasil
220699,2025,8,PASSAGEM AÉREA - SIGEPA,1493.21,LATAM Airlines Brasil
220699,2025,8,PASSAGEM AÉREA - SIGEPA,1194.78,LATAM Airlines Brasil
220699,2025,9,PASSAGEM AÉREA - SIGEPA,132.0,LATAM Airlines Brasil
220699,2025,9,PASSAGEM AÉREA - SIGEPA,676.49,LATAM Airlines Brasil
220699,2025,9,PASSAGEM AÉREA - SIGEPA,682.04,LATAM Airlines Brasil
220699,2025,9,PASSAGEM AÉREA - SIGEPA,16.35,LATAM Airlines Brasil
220699,2025,9,PASSAGEM AÉREA - SIGEPA,351.92,LATAM Airlines Brasil
220699,2025,9,PASSAGEM AÉREA - SIGEPA,1783.34,LATAM Airlines Brasil
220699,2025,9,PASSAGEM AÉREA - SIGEPA,-1992.04,LATAM Airlines Brasil
220699,2025,9,PASSAGEM AÉREA - SIGEPA,1992.04,LATAM Airlines Brasil
220699,2025,10,PASSAGEM AÉREA - SIGEPA,-2090.35,LATAM Airlines Brasil
220699,2025,10,PASSAGEM AÉREA - SIGEPA,2090.35,LATAM Airlines Brasil
220699,2025,10,PASSAGEM AÉREA - SIGEPA,1971.66,LATAM Airlines Brasil
220699,2025,10,PASSAGEM AÉREA - SIGEPA,1945.93,LATAM Airlines Brasil
220699,2025,12,PASSAGEM AÉREA - SIGEPA,3020.04,LATAM Airlines Brasil
220699,2025,1,PASSAGEM AÉREA - SIGEPA,1944.95,TAM
220699,2025,1,PASSAGEM AÉREA - SIGEPA,1484.56,TAM
220699,2025,1,PASSAGEM AÉREA - SIGEPA,1469.95,TAM
220699,2025,1,PASSAGEM AÉREA - SIGEPA,353.08,TAM
220699,2025,1,PASSAGEM AÉREA - SIGEPA,110.0,TAM
220699,2025,1,PASSAGEM AÉREA - SIGEPA,1484.56,TAM
220699,2025,1,PASSAGEM AÉREA - SIGEPA,-30.95,TAM
220699,2025,1,PASSAGEM AÉREA - SIGEPA,110.0,TAM
220699,2025,1,PASSAGEM AÉREA - SIGEPA,816.95,TAM
220699,2025,1,PASSAGEM AÉREA - SIGEPA,1484.56,TAM
220699,2025,1,PASSAGEM AÉREA - SIGEPA,-30.95,TAM
220699,2025,1,PASSAGEM AÉREA - SIGEPA,1594.85,TAM
220699,2025,1,PASSAGEM AÉREA - SIGEPA,1484.56,TAM
220699,2025,1,PASSAGEM AÉREA - SIGEPA,1469.95,TAM
220699,2025,2,PASSAGEM AÉREA - SIGEPA,1484.56,TAM
220699,2025,2,PASSAGEM AÉREA - SIGEPA,849.31,TAM
220699,2025,2,PASSAGEM AÉREA - SIGEPA,-1065.84,TAM
220699,2025,2,PASSAGEM AÉREA - SIGEPA,1065.84,TAM
220699,2025,2,PASSAGEM AÉREA - SIGEPA,-1215.22,TAM
220699,2025,2,PASSAGEM AÉREA - SIGEPA,1215.22,TAM
220699,2025,3,PASSAGEM AÉREA - SIGEPA,1418.92,TAM
220699,2025,3,PASSAGEM AÉREA - SIGEPA,-1435.41,TAM
220699,2025,3,PASSAGEM AÉREA - SIGEPA,1435.41,TAM
220699,2025,3,PASSAGEM AÉREA - SIGEPA,646.34,TAM
220699,2025,3,PASSAGEM AÉREA - SIGEPA,646.34,TAM
220699,2025,3,PASSAGEM AÉREA - SIGEPA,1469.95,TAM
220699,2025,3,PASSAGEM AÉREA - SIGEPA,956.23,TAM
220699,2025,4,PASSAGEM AÉREA - SIGEPA,1470.33,TAM
220699,2025,4,PASSAGEM AÉREA - SIGEPA,1567.08,TAM
220699,2025,5,PASSAGEM AÉREA - SIGEPA,928.81,TAM
220699,2025,5,PASSAGEM AÉREA - SIGEPA,-912.32,TAM
220699,2025,5,PASSAGEM AÉREA - SIGEPA,912.32,TAM
220699,2025,5,PASSAGEM AÉREA - SIGEPA,-831.81,TAM
220699,2025,5,PASSAGEM AÉREA - SIGEPA,831.81,TAM
220699,2025,5,PASSAGEM AÉREA - SIGEPA,-583.53,TAM
220699,2025,5,PASSAGEM AÉREA - SIGEPA,583.53,TAM
220699,2025,5,PASSAGEM AÉREA - SIGEPA,3142.51,TAM
220699,2025,5,PASSAGEM AÉREA - SIGEPA,-2500.11,TAM
220699,2025,5,PASSAGEM AÉREA - SIGEPA,2500.11,TAM
220699,2025,6,PASSAGEM AÉREA - SIGEPA,102.0,TAM
220699,2025,6,PASSAGEM AÉREA - SIGEPA,819.36,TAM
220699,2025,6,PASSAGEM AÉREA - SIGEPA,132.0,TAM
220699,2025,6,PASSAGEM AÉREA - SIGEPA,1489.24,TAM
220699,2025,7,PASSAGEM AÉREA - SIGEPA,2573.04,TAM
220699,2025,7,PASSAGEM AÉREA - SIGEPA,2539.95,TAM
220699,2025,7,PASSAGEM AÉREA - SIGEPA,-3159.11,TAM
220699,2025,7,PASSAGEM AÉREA - SIGEPA,3159.11,TAM
220699,2025,7,PASSAGEM AÉREA - SIGEPA,2976.62,TAM
220699,2025,7,PASSAGEM AÉREA - SIGEPA,-1744.7,TAM
220699,2025,7,PASSAGEM AÉREA - SIGEPA,1744.7,TAM
220699,2025,7,PASSAGEM AÉREA - SIGEPA,1403.68,TAM
220699,2025,7,PASSAGEM AÉREA - SIGEPA,1337.17,TAM
220699,2025,7,PASSAGEM AÉREA - SIGEPA,1127.98,TAM
220699,2025,7,PASSAGEM AÉREA - SIGEPA,1827.7,TAM
220699,2026,4,MANUTENÇÃO DE ESCRITÓRIO DE APOIO À ATIVIDADE PARLAMENTAR,1000.0,3142AMORETTO CAFES EXPRESSO LTDA
220699,2026,5,MANUTENÇÃO DE ESCRITÓRIO DE APOIO À ATIVIDADE PARLAMENTAR,1000.0,3142AMORETTO CAFES EXPRESSO LTDA
220699,2026,1,MANUTENÇÃO DE ESCRITÓRIO DE APOIO À ATIVIDADE PARLAMENTAR,987.0,AMORETTO CAFES EXPRESSO LTDA
220699,2026,2,MANUTENÇÃO DE ESCRITÓRIO DE APOIO À ATIVIDADE PARLAMENTAR,1000.0,AMORETTO CAFES EXPRESSO LTDA
220699,2026,3,MANUTENÇÃO DE ESCRITÓRIO DE APOIO À ATIVIDADE PARLAMENTAR,1000.0,AMORETTO CAFES EXPRESSO LTDA
220699,2026,6,MANUTENÇÃO DE ESCRITÓRIO DE APOIO À ATIVIDADE PARLAMENTAR,1000.0,AMORETTO CAFES EXPRESSO LTDA
220699,2026,7,MANUTENÇÃO DE ESCRITÓRIO DE APOIO À ATIVIDADE PARLAMENTAR,1000.0,AMORETTO CAFES EXPRESSO LTDA
220699,2026,8,MANUTENÇÃO DE ESCRITÓRIO DE APOIO À ATIVIDADE PARLAMENTAR,1000.0,AMORETTO CAFES EXPRESSO LTDA
220699,2026,7,MANUTENÇÃO DE ESCRITÓRIO DE APOIO À ATIVIDADE PARLAMENTAR,8000.0,DIADORIM SYSTEMS CONSULTORIA EM TI LTDA
220699,2026,1,MANUTENÇÃO DE ESCRITÓRIO DE APOIO À ATIVIDADE PARLAMENTAR,2796.0,KEYLANE RIOS SPODE
220699,2026,5,MANUTENÇÃO DE ESCRITÓRIO DE APOIO À ATIVIDADE PARLAMENTAR,3600.0,KEYLANE RIOS SPODE
220699,2026,7,MANUTENÇÃO DE ESCRITÓRIO DE APOIO À ATIVIDADE PARLAMENTAR,3600.0,KEYLANE RIOS SPODE
220699,2026,3,MANUTENÇÃO DE ESCRITÓRIO DE APOIO À ATIVIDADE PARLAMENTAR,3600.0,KEYLANE RIOS SPODE
220699,2026,8,MANUTENÇÃO DE ESCRITÓRIO DE APOIO À ATIVIDADE PARLAMENTAR,3600.0,KEYLANE RIOS SPODE
220699,2026,4,MANUTENÇÃO DE ESCRITÓRIO DE APOIO À ATIVIDADE PARLAMENTAR,3600.0,KEYLANE RIOS SPODE
220699,2026,6,MANUTENÇÃO DE ESCRITÓRIO DE APOIO À ATIVIDADE PARLAMENTAR,3600.0,KEYLANE RIOS SPODE
220699,2026,6,COMBUSTÍVEIS E LUBRIFICANTES.,200.01,AUTO POSTO SAO CRISTOVAO LTDA
220699,2026,6,COMBUSTÍVEIS E LUBRIFICANTES.,100.04,CACIQUE PETROLEO LTDA
220699,2026,6,COMBUSTÍVEIS E LUBRIFICANTES.,332.3,CACIQUE PETROLEO LTDA
220699,2026,6,COMBUSTÍVEIS E LUBRIFICANTES.,489.45,CACIQUE PETROLEO LTDA
220699,2026,6,COMBUSTÍVEIS E LUBRIFICANTES.,510.01,CACIQUE PETROLEO LTDA
220699,2026,6,COMBUSTÍVEIS E LUBRIFICANTES.,410.11,COMERCIAL DE PETROLEO CAFE LTDA - EPP
220699,2026,2,COMBUSTÍVEIS E LUBRIFICANTES.,100.0,COMERCIO DE COMBUSTIVEIS AEROPOSTO LTDA
220699,2026,2,COMBUSTÍVEIS E LUBRIFICANTES.,100.0,COMERCIO DE COMBUSTIVEIS AEROPOSTO LTDA
220699,2026,6,COMBUSTÍVEIS E LUBRIFICANTES.,510.04,D. GUERRA LTDA
220699,2026,6,COMBUSTÍVEIS E LUBRIFICANTES.,499.61,DIAS & DIAS COMERCIO DE COMBUSTIVEIS LTDA
220699,2026,2,COMBUSTÍVEIS E LUBRIFICANTES.,400.0,FCN.X CARVALHO COMBUSTIVEL LTDA
220699,2026,6,COMBUSTÍVEIS E LUBRIFICANTES.,300.0,IRMAOS OLIVEIRA COMBUSTIVEL LTDA
220699,2026,2,COMBUSTÍVEIS E LUBRIFICANTES.,360.03,J. A. SILVA MERCADINHO
220699,2026,2,COMBUSTÍVEIS E LUBRIFICANTES.,200.01,MANOEL FRAGOSO E CIA
220699,2026,2,COMBUSTÍVEIS E LUBRIFICANTES.,200.0,MAXXI MEGA PETROLEO LTDA
220699,2026,2,COMBUSTÍVEIS E LUBRIFICANTES.,310.46,PETROLEO COMBUSTIVEL III LTDA
220699,2026,6,COMBUSTÍVEIS E LUBRIFICANTES.,380.05,PIPEL PICOS PETROLEO LTDA
220699,2026,6,COMBUSTÍVEIS E LUBRIFICANTES.,100.0,PLANALTO PETROLEO AEROPORTO LTDA
220699,2026,6,COMBUSTÍVEIS E LUBRIFICANTES.,400.0,PLANALTO PETROLEO BOLA LTDA
220699,2026,6,COMBUSTÍVEIS E LUBRIFICANTES.,100.0,POSTO AEROPOSTO COMERCIO LTDA
220699,2026,2,COMBUSTÍVEIS E LUBRIFICANTES.,300.0,POSTO DEZ 3 LTDA
220699,2026,2,COMBUSTÍVEIS E LUBRIFICANTES.,332.44,POSTO DEZ 3 LTDA
220699,2026,2,COMBUSTÍVEIS E LUBRIFICANTES.,150.05,POSTO DEZ 3 LTDA
220699,2026,6,COMBUSTÍVEIS E LUBRIFICANTES.,450.0,POSTO DEZ 3 LTDA
220699,2026,6,COMBUSTÍVEIS E LUBRIFICANTES.,430.0,POSTO NOVA ESPERANCA LTDA
220699,2026,6,COMBUSTÍVEIS E LUBRIFICANTES.,490.03,POSTO P. DA SILVA LTDA - ME
220699,2026,6,COMBUSTÍVEIS E LUBRIFICANTES.,234.02,POSTO P. DA SILVA LTDA - ME
220699,2026,6,COMBUSTÍVEIS E LUBRIFICANTES.,440.06,POSTO SANTA LUCIA LTDA.
220699,2026,6,COMBUSTÍVEIS E LUBRIFICANTES.,340.02,POSTO SANTA LUCIA LTDA.
220699,2026,6,COMBUSTÍVEIS E LUBRIFICANTES.,300.0,POSTO SANTA LUCIA LTDA.
220699,2026,6,COMBUSTÍVEIS E LUBRIFICANTES.,400.01,POSTO SANTA LUCIA LTDA.
220699,2026,2,COMBUSTÍVEIS E LUBRIFICANTES.,300.1,POSTO SAO RAIMUNDO LTDA
220699,2026,6,COMBUSTÍVEIS E LUBRIFICANTES.,540.08,SARAIVA COMBUSTIVEL DERIVADOS DE PETROLE
220699,2026,1,DIVULGAÇÃO DA ATIVIDADE PARLAMENTAR.,1300.0,GUSTAVO WILER QUINTAO
220699,2026,3,DIVULGAÇÃO DA ATIVIDADE PARLAMENTAR.,1300.0,GUSTAVO WILER QUINTAO
220699,2026,4,DIVULGAÇÃO DA ATIVIDADE PARLAMENTAR.,1300.0,GUSTAVO WILER QUINTAO
220699,2026,5,DIVULGAÇÃO DA ATIVIDADE PARLAMENTAR.,1300.0,GUSTAVO WILER QUINTAO
220699,2026,1,DIVULGAÇÃO DA ATIVIDADE PARLAMENTAR.,1000.0,JGF PRODUCAO DE TEXTOS E EVENTOS LTDA
220699,2026,2,DIVULGAÇÃO DA ATIVIDADE PARLAMENTAR.,1000.0,JGF PRODUCAO DE TEXTOS E EVENTOS LTDA
220699,2026,3,DIVULGAÇÃO DA ATIVIDADE PARLAMENTAR.,2000.0,JGF PRODUCAO DE TEXTOS E EVENTOS LTDA
220699,2026,1,DIVULGAÇÃO DA ATIVIDADE PARLAMENTAR.,13000.0,MARCA COMUNICACAO LTDA
220699,2026,2,DIVULGAÇÃO DA ATIVIDADE PARLAMENTAR.,13000.0,MARCA COMUNICACAO LTDA
220699,2026,3,DIVULGAÇÃO DA ATIVIDADE PARLAMENTAR.,13000.0,MARCA COMUNICACAO LTDA
220699,2026,4,DIVULGAÇÃO DA ATIVIDADE PARLAMENTAR.,13000.0,MARCA COMUNICACAO LTDA
220699,2026,1,DIVULGAÇÃO DA ATIVIDADE PARLAMENTAR.,6615.0,THIAGO BASTOS MACHADO SERVICOS DE ASSESSORIA EM COMUNICACAO
220699,2026,2,DIVULGAÇÃO DA ATIVIDADE PARLAMENTAR.,6615.0,THIAGO BASTOS MACHADO SERVICOS DE ASSESSORIA EM COMUNICACAO
220699,2026,3,DIVULGAÇÃO DA ATIVIDADE PARLAMENTAR.,6615.0,THIAGO BASTOS MACHADO SERVICOS DE ASSESSORIA EM COMUNICACAO
220699,2026,4,DIVULGAÇÃO DA ATIVIDADE PARLAMENTAR.,6615.0,THIAGO BASTOS MACHADO SERVICOS DE ASSESSORIA EM COMUNICACAO
220699,2026,5,DIVULGAÇÃO DA ATIVIDADE PARLAMENTAR.,6615.0,THIAGO BASTOS MACHADO SERVICOS DE ASSESSORIA EM COMUNICACAO
220699,2026,1,"HOSPEDAGEM ,EXCETO DO PARLAMENTAR NO DISTRITO FEDERAL.",353.0,EDVALDO GOMES BARBOSA-ME
220699,2026,1,"HOSPEDAGEM ,EXCETO DO PARLAMENTAR NO DISTRITO FEDERAL.",353.0,EDVALDO GOMES BARBOSA-ME
220699,2026,1,"HOSPEDAGEM ,EXCETO DO PARLAMENTAR NO DISTRITO FEDERAL.",788.0,EDVALDO GOMES BARBOSA-ME
220699,2026,1,"HOSPEDAGEM ,EXCETO DO PARLAMENTAR NO DISTRITO FEDERAL.",500.0,EDVALDO GOMES BARBOSA-ME
220699,2026,1,"HOSPEDAGEM ,EXCETO DO PARLAMENTAR NO DISTRITO FEDERAL.",500.0,EDVALDO GOMES BARBOSA-ME
220699,2026,5,"HOSPEDAGEM ,EXCETO DO PARLAMENTAR NO DISTRITO FEDERAL.",556.0,GURGUEIA PALACE HOTEL
220699,2026,4,"HOSPEDAGEM ,EXCETO DO PARLAMENTAR NO DISTRITO FEDERAL.",556.0,GURGUEIA PALACE HOTEL
220699,2026,5,"HOSPEDAGEM ,EXCETO DO PARLAMENTAR NO DISTRITO FEDERAL.",556.0,GURGUEIA PALACE HOTEL
220699,2026,5,"HOSPEDAGEM ,EXCETO DO PARLAMENTAR NO DISTRITO FEDERAL.",556.0,GURGUEIA PALACE HOTEL
220699,2026,4,"HOSPEDAGEM ,EXCETO DO PARLAMENTAR NO DISTRITO FEDERAL.",459.9,GURGUEIA PALACE HOTEL
220699,2026,4,"HOSPEDAGEM ,EXCETO DO PARLAMENTAR NO DISTRITO FEDERAL.",459.9,GURGUEIA PALACE HOTEL
220699,2026,4,"HOSPEDAGEM ,EXCETO DO PARLAMENTAR NO DISTRITO FEDERAL.",600.0,GURGUEIA PALACE HOTEL
220699,2026,4,"HOSPEDAGEM ,EXCETO DO PARLAMENTAR NO DISTRITO FEDERAL.",240.0,HOTEL ATLANTA
220699,2026,4,"HOSPEDAGEM ,EXCETO DO PARLAMENTAR NO DISTRITO FEDERAL.",240.0,HOTEL ATLANTA
220699,2026,1,"HOSPEDAGEM ,EXCETO DO PARLAMENTAR NO DISTRITO FEDERAL.",261.5,MEGA EXPRESS HOTEL LTDA
220699,2026,1,"HOSPEDAGEM ,EXCETO DO PARLAMENTAR NO DISTRITO FEDERAL.",261.5,MEGA EXPRESS HOTEL LTDA
220699,2026,1,"HOSPEDAGEM ,EXCETO DO PARLAMENTAR NO DISTRITO FEDERAL.",270.0,MEGA EXPRESS HOTEL LTDA
220699,2026,1,"HOSPEDAGEM ,EXCETO DO PARLAMENTAR NO DISTRITO FEDERAL.",270.0,MEGA EXPRESS HOTEL LTDA
220699,2026,4,"HOSPEDAGEM ,EXCETO DO PARLAMENTAR NO DISTRITO FEDERAL.",980.75,MEGA EXPRESS HOTEL LTDA
220699,2026,4,"HOSPEDAGEM ,EXCETO DO PARLAMENTAR NO DISTRITO FEDERAL.",980.75,MEGA EXPRESS HOTEL LTDA
220699,2026,4,"HOSPEDAGEM ,EXCETO DO PARLAMENTAR NO DISTRITO FEDERAL.",430.0,MEGA EXPRESS HOTEL LTDA
220699,2026,4,"HOSPEDAGEM ,EXCETO DO PARLAMENTAR NO DISTRITO FEDERAL.",430.0,MEGA EXPRESS HOTEL LTDA
220699,2026,4,"HOSPEDAGEM ,EXCETO DO PARLAMENTAR NO DISTRITO FEDERAL.",831.93,PICOS HOTEL
220699,2026,4,"HOSPEDAGEM ,EXCETO DO PARLAMENTAR NO DISTRITO FEDERAL.",831.93,PICOS HOTEL
220699,2026,4,"HOSPEDAGEM ,EXCETO DO PARLAMENTAR NO DISTRITO FEDERAL.",831.93,PICOS HOTEL
220699,2026,4,"HOSPEDAGEM ,EXCETO DO PARLAMENTAR NO DISTRITO FEDERAL.",520.0,PICOS HOTEL
220699,2026,4,"HOSPEDAGEM ,EXCETO DO PARLAMENTAR NO DISTRITO FEDERAL.",468.5,PICOS HOTEL
220699,2026,4,"HOSPEDAGEM ,EXCETO DO PARLAMENTAR NO DISTRITO FEDERAL.",468.5,PICOS HOTEL
220699,2026,4,"HOSPEDAGEM ,EXCETO DO PARLAMENTAR NO DISTRITO FEDERAL.",367.5,PICOS HOTEL
220699,2026,4,"HOSPEDAGEM ,EXCETO DO PARLAMENTAR NO DISTRITO FEDERAL.",367.5,PICOS HOTEL
220699,2026,5,"HOSPEDAGEM ,EXCETO DO PARLAMENTAR NO DISTRITO FEDERAL.",427.25,PICOS HOTEL
220699,2026,5,"HOSPEDAGEM ,EXCETO DO PARLAMENTAR NO DISTRITO FEDERAL.",427.25,PICOS HOTEL
220699,2026,6,"HOSPEDAGEM ,EXCETO DO PARLAMENTAR NO DISTRITO FEDERAL.",425.0,PICOS HOTEL
220699,2026,6,"HOSPEDAGEM ,EXCETO DO PARLAMENTAR NO DISTRITO FEDERAL.",425.0,PICOS HOTEL
220699,2026,6,"HOSPEDAGEM ,EXCETO DO PARLAMENTAR NO DISTRITO FEDERAL.",425.0,PICOS HOTEL
220699,2026,6,"HOSPEDAGEM ,EXCETO DO PARLAMENTAR NO DISTRITO FEDERAL.",525.0,PICOS HOTEL
220699,2026,1,LOCAÇÃO OU FRETAMENTO DE VEÍCULOS AUTOMOTORES,15470.0,WELSON VEICULOS LTDA
220699,2026,2,LOCAÇÃO OU FRETAMENTO DE VEÍCULOS AUTOMOTORES,15470.0,WELSON VEICULOS LTDA
220699,2026,3,LOCAÇÃO OU FRETAMENTO DE VEÍCULOS AUTOMOTORES,15470.0,WELSON VEICULOS LTDA
220699,2026,5,LOCAÇÃO OU FRETAMENTO DE VEÍCULOS AUTOMOTORES,15470.0,WELSON VEICULOS LTDA
220699,2026,4,LOCAÇÃO OU FRETAMENTO DE VEÍCULOS AUTOMOTORES,15470.0,WELSON VEICULOS LTDA
220699,2026,6,LOCAÇÃO OU FRETAMENTO DE VEÍCULOS AUTOMOTORES,15500.0,WELSON VEICULOS LTDA
220699,2026,7,LOCAÇÃO OU FRETAMENTO DE VEÍCULOS AUTOMOTORES,15500.0,WELSON VEICULOS LTDA
220699,2026,8,LOCAÇÃO OU FRETAMENTO DE VEÍCULOS AUTOMOTORES,15500.0,WELSON VEICULOS LTDA
220699,2026,1,PASSAGEM AÉREA - SIGEPA,-1074.43,LATAM Airlines Brasil
220699,2026,1,PASSAGEM AÉREA - SIGEPA,-163.0,LATAM Airlines Brasil
220699,2026,1,PASSAGEM AÉREA - SIGEPA,163.0,LATAM Airlines Brasil
220699,2026,1,PASSAGEM AÉREA - SIGEPA,1074.43,LATAM Airlines Brasil
220699,2026,1,PASSAGEM AÉREA - SIGEPA,-1101.45,LATAM Airlines Brasil
220699,2026,1,PASSAGEM AÉREA - SIGEPA,1101.45,LATAM Airlines Brasil
220699,2026,1,PASSAGEM AÉREA - SIGEPA,1169.88,LATAM Airlines Brasil
220699,2026,1,PASSAGEM AÉREA - SIGEPA,1101.45,LATAM Airlines Brasil
220699,2026,2,PASSAGEM AÉREA - SIGEPA,-1859.61,LATAM Airlines Brasil
220699,2026,2,PASSAGEM AÉREA - SIGEPA,1859.61,LATAM Airlines Brasil
220699,2026,2,PASSAGEM AÉREA - SIGEPA,1419.71,LATAM Airlines Brasil
220699,2026,2,PASSAGEM AÉREA - SIGEPA,1799.48,LATAM Airlines Brasil
220699,2026,2,PASSAGEM AÉREA - SIGEPA,1874.18,LATAM Airlines Brasil
220699,2026,2,PASSAGEM AÉREA - SIGEPA,2077.9,LATAM Airlines Brasil
220699,2026,2,PASSAGEM AÉREA - SIGEPA,-3026.31,LATAM Airlines Brasil
220699,2026,2,PASSAGEM AÉREA - SIGEPA,3026.31,LATAM Airlines Brasil
220699,2026,2,PASSAGEM AÉREA - SIGEPA,-2315.74,LATAM Airlines Brasil
220699,2026,2,PASSAGEM AÉREA - SIGEPA,2315.74,LATAM Airlines Brasil
220699,2026,2,PASSAGEM AÉREA - SIGEPA,-2301.17,LATAM Airlines Brasil
220699,2026,2,PASSAGEM AÉREA - SIGEPA,2301.17,LATAM Airlines Brasil
220699,2026,3,PASSAGEM AÉREA - SIGEPA,2352.63,LATAM Airlines Brasil
220699,2026,3,PASSAGEM AÉREA - SIGEPA,2769.75,LATAM Airlines Brasil
220699,2026,3,PASSAGEM AÉREA - SIGEPA,2393.3,LATAM Airlines Brasil
220699,2026,3,PASSAGEM AÉREA - SIGEPA,-1949.25,LATAM Airlines Brasil
220699,2026,3,PASSAGEM AÉREA - SIGEPA,1949.25,LATAM Airlines Brasil
220699,2026,3,PASSAGEM AÉREA - SIGEPA,1963.82,LATAM Airlines Brasil
220699,2026,3,PASSAGEM AÉREA - SIGEPA,2951.83,LATAM Airlines Brasil
220699,2026,3,PASSAGEM AÉREA - SIGEPA,588.85,LATAM Airlines Brasil
220699,2026,3,PASSAGEM AÉREA - SIGEPA,588.85,LATAM Airlines Brasil
220699,2026,3,PASSAGEM AÉREA - SIGEPA,2731.79,LATAM Airlines Brasil
220699,2026,3,PASSAGEM AÉREA - SIGEPA,2731.79,LATAM Airlines Brasil
220699,2026,3,PASSAGEM AÉREA - SIGEPA,2937.26,LATAM Airlines Brasil
220699,2026,3,PASSAGEM AÉREA - SIGEPA,2468.83,LATAM Airlines Brasil
220699,2026,4,PASSAGEM AÉREA - SIGEPA,2837.7,LATAM Airlines Brasil
220699,2026,4,PASSAGEM AÉREA - SIGEPA,3225.31,LATAM Airlines Brasil
220699,2026,4,PASSAGEM AÉREA - SIGEPA,-2884.18,LATAM Airlines Brasil
220699,2026,4,PASSAGEM AÉREA - SIGEPA,2884.18,LATAM Airlines Brasil
220699,2026,4,PASSAGEM AÉREA - SIGEPA,-3347.89,LATAM Airlines Brasil
220699,2026,4,PASSAGEM AÉREA - SIGEPA,3347.89,LATAM Airlines Brasil
220699,2026,4,PASSAGEM AÉREA - SIGEPA,-2530.38,LATAM Airlines Brasil
220699,2026,4,PASSAGEM AÉREA - SIGEPA,2530.38,LATAM Airlines Brasil
220699,2026,4,PASSAGEM AÉREA - SIGEPA,2476.1,LATAM Airlines Brasil
220699,2026,5,PASSAGEM AÉREA - SIGEPA,924.77,LATAM Airlines Brasil
220699,2026,5,PASSAGEM AÉREA - SIGEPA,1024.91,LATAM Airlines Brasil
220699,2026,5,PASSAGEM AÉREA - SIGEPA,1744.64,LATAM Airlines Brasil
220699,2026,6,PASSAGEM AÉREA - SIGEPA,-2592.02,LATAM Airlines Brasil
220699,2026,6,PASSAGEM AÉREA - SIGEPA,2592.02,LATAM Airlines Brasil
220699,2026,6,PASSAGEM AÉREA - SIGEPA,-32.87,LATAM Airlines Brasil
220699,2026,6,PASSAGEM AÉREA - SIGEPA,2394.13,LATAM Airlines Brasil
220699,2026,6,PASSAGEM AÉREA - SIGEPA,2172.87,LATAM Airlines Brasil
220699,2026,6,PASSAGEM AÉREA - SIGEPA,-2150.94,LATAM Airlines Brasil
220699,2026,6,PASSAGEM AÉREA - SIGEPA,2150.94,LATAM Airlines Brasil
220688,2023,2,MANUTENÇÃO DE ESCRITÓRIO DE APOIO À ATIVIDADE PARLAMENTAR,36.62,AGUAS DE TERESINA SAN. SPE SA
220688,2023,3,MANUTENÇÃO DE ESCRITÓRIO DE APOIO À ATIVIDADE PARLAMENTAR,36.62,AGUAS DE TERESINA SAN. SPE SA
220688,2023,4,MANUTENÇÃO DE ESCRITÓRIO DE APOIO À ATIVIDADE PARLAMENTAR,43.44,AGUAS DE TERESINA SAN. SPE SA
220688,2023,5,MANUTENÇÃO DE ESCRITÓRIO DE APOIO À ATIVIDADE PARLAMENTAR,36.62,AGUAS DE TERESINA SAN. SPE SA
220688,2023,6,MANUTENÇÃO DE ESCRITÓRIO DE APOIO À ATIVIDADE PARLAMENTAR,36.62,AGUAS DE TERESINA SAN. SPE SA
220688,2023,7,MANUTENÇÃO DE ESCRITÓRIO DE APOIO À ATIVIDADE PARLAMENTAR,37.36,AGUAS DE TERESINA SAN. SPE SA
220688,2023,8,MANUTENÇÃO DE ESCRITÓRIO DE APOIO À ATIVIDADE PARLAMENTAR,41.11,AGUAS DE TERESINA SAN. SPE SA
220688,2023,9,MANUTENÇÃO DE ESCRITÓRIO DE APOIO À ATIVIDADE PARLAMENTAR,41.11,AGUAS DE TERESINA SAN. SPE SA
220688,2023,10,MANUTENÇÃO DE ESCRITÓRIO DE APOIO À ATIVIDADE PARLAMENTAR,41.11,AGUAS DE TERESINA SAN. SPE SA
220688,2023,11,MANUTENÇÃO DE ESCRITÓRIO DE APOIO À ATIVIDADE PARLAMENTAR,41.11,AGUAS DE TERESINA SAN. SPE SA
220688,2023,2,MANUTENÇÃO DE ESCRITÓRIO DE APOIO À ATIVIDADE PARLAMENTAR,103.6,ATACADAO S.A.
220688,2023,2,MANUTENÇÃO DE ESCRITÓRIO DE APOIO À ATIVIDADE PARLAMENTAR,789.63,Companhia Energética do Piauí
220688,2023,3,MANUTENÇÃO DE ESCRITÓRIO DE APOIO À ATIVIDADE PARLAMENTAR,1202.56,Companhia Energética do Piauí
220688,2023,4,MANUTENÇÃO DE ESCRITÓRIO DE APOIO À ATIVIDADE PARLAMENTAR,840.83,Companhia Energética do Piauí
220688,2023,5,MANUTENÇÃO DE ESCRITÓRIO DE APOIO À ATIVIDADE PARLAMENTAR,893.83,Companhia Energética do Piauí
220688,2023,6,MANUTENÇÃO DE ESCRITÓRIO DE APOIO À ATIVIDADE PARLAMENTAR,965.28,Companhia Energética do Piauí
220688,2023,7,MANUTENÇÃO DE ESCRITÓRIO DE APOIO À ATIVIDADE PARLAMENTAR,962.84,Companhia Energética do Piauí
220688,2023,8,MANUTENÇÃO DE ESCRITÓRIO DE APOIO À ATIVIDADE PARLAMENTAR,960.42,Companhia Energética do Piauí
220688,2023,9,MANUTENÇÃO DE ESCRITÓRIO DE APOIO À ATIVIDADE PARLAMENTAR,1107.19,Companhia Energética do Piauí
220688,2023,10,MANUTENÇÃO DE ESCRITÓRIO DE APOIO À ATIVIDADE PARLAMENTAR,1111.69,Companhia Energética do Piauí
220688,2023,11,MANUTENÇÃO DE ESCRITÓRIO DE APOIO À ATIVIDADE PARLAMENTAR,1407.84,Companhia Energética do Piauí
220688,2023,12,MANUTENÇÃO DE ESCRITÓRIO DE APOIO À ATIVIDADE PARLAMENTAR,861.3,Companhia Energética do Piauí
220688,2023,7,MANUTENÇÃO DE ESCRITÓRIO DE APOIO À ATIVIDADE PARLAMENTAR,92.97,DISTRIBUICAO DE ALIMENTOS VANGUARDA S A
220688,2023,12,MANUTENÇÃO DE ESCRITÓRIO DE APOIO À ATIVIDADE PARLAMENTAR,3000.0,J & M EMPREENDIMENTOS IMOBILIÁRIOS LTDA
220688,2023,2,MANUTENÇÃO DE ESCRITÓRIO DE APOIO À ATIVIDADE PARLAMENTAR,2500.0,J & M EMPREENDIMENTOS IMOBILIÁRIOS LTDA
220688,2023,4,MANUTENÇÃO DE ESCRITÓRIO DE APOIO À ATIVIDADE PARLAMENTAR,3000.0,J & M EMPREENDIMENTOS IMOBILIÁRIOS LTDA
220688,2023,5,MANUTENÇÃO DE ESCRITÓRIO DE APOIO À ATIVIDADE PARLAMENTAR,3000.0,J & M EMPREENDIMENTOS IMOBILIÁRIOS LTDA
220688,2023,8,MANUTENÇÃO DE ESCRITÓRIO DE APOIO À ATIVIDADE PARLAMENTAR,3000.0,J & M EMPREENDIMENTOS IMOBILIÁRIOS LTDA
220688,2023,9,MANUTENÇÃO DE ESCRITÓRIO DE APOIO À ATIVIDADE PARLAMENTAR,3000.0,J & M EMPREENDIMENTOS IMOBILIÁRIOS LTDA
220688,2023,10,MANUTENÇÃO DE ESCRITÓRIO DE APOIO À ATIVIDADE PARLAMENTAR,3000.0,J & M EMPREENDIMENTOS IMOBILIÁRIOS LTDA
220688,2023,11,MANUTENÇÃO DE ESCRITÓRIO DE APOIO À ATIVIDADE PARLAMENTAR,3000.0,J & M EMPREENDIMENTOS IMOBILIÁRIOS LTDA
220688,2023,6,MANUTENÇÃO DE ESCRITÓRIO DE APOIO À ATIVIDADE PARLAMENTAR,3000.0,J & M EMPREENDIMENTOS IMOBILIÁRIOS LTDA
220688,2023,3,MANUTENÇÃO DE ESCRITÓRIO DE APOIO À ATIVIDADE PARLAMENTAR,3000.0,J & M EMPREENDIMENTOS IMOBILIÁRIOS LTDA
220688,2023,7,MANUTENÇÃO DE ESCRITÓRIO DE APOIO À ATIVIDADE PARLAMENTAR,3000.0,JEPHISON ARAUJO DA SILVA
220688,2023,3,MANUTENÇÃO DE ESCRITÓRIO DE APOIO À ATIVIDADE PARLAMENTAR,127.0,M & W SOARES DE ARAUJO
220688,2023,11,MANUTENÇÃO DE ESCRITÓRIO DE APOIO À ATIVIDADE PARLAMENTAR,232.65,M F DISTRIBUIDORA E LIVRARIA LTDA
220688,2023,4,MANUTENÇÃO DE ESCRITÓRIO DE APOIO À ATIVIDADE PARLAMENTAR,177.12,M F DISTRIBUIDORA E LIVRARIA LTDA
220688,2023,8,MANUTENÇÃO DE ESCRITÓRIO DE APOIO À ATIVIDADE PARLAMENTAR,206.55,M F DISTRIBUIDORA E LIVRARIA LTDA
220688,2023,3,MANUTENÇÃO DE ESCRITÓRIO DE APOIO À ATIVIDADE PARLAMENTAR,118.31,NEIDA MARQUES FERNANDES CIA LTDA
220688,2023,6,MANUTENÇÃO DE ESCRITÓRIO DE APOIO À ATIVIDADE PARLAMENTAR,1216.0,PARLANET WEB E TECNOLOGIA EIRELI
220688,2023,8,MANUTENÇÃO DE ESCRITÓRIO DE APOIO À ATIVIDADE PARLAMENTAR,800.0,PARLANET WEB E TECNOLOGIA EIRELI
220688,2023,9,MANUTENÇÃO DE ESCRITÓRIO DE APOIO À ATIVIDADE PARLAMENTAR,800.0,PARLANET WEB E TECNOLOGIA EIRELI
220688,2023,10,MANUTENÇÃO DE ESCRITÓRIO DE APOIO À ATIVIDADE PARLAMENTAR,800.0,PARLANET WEB E TECNOLOGIA EIRELI
220688,2023,11,MANUTENÇÃO DE ESCRITÓRIO DE APOIO À ATIVIDADE PARLAMENTAR,800.0,PARLANET WEB E TECNOLOGIA EIRELI
220688,2023,12,MANUTENÇÃO DE ESCRITÓRIO DE APOIO À ATIVIDADE PARLAMENTAR,800.0,PARLANET WEB E TECNOLOGIA EIRELI
220688,2023,7,MANUTENÇÃO DE ESCRITÓRIO DE APOIO À ATIVIDADE PARLAMENTAR,800.0,PARLANET WEB E TECNOLOGIA LTDA
220688,2023,8,MANUTENÇÃO DE ESCRITÓRIO DE APOIO À ATIVIDADE PARLAMENTAR,2059.73,Prefeitura Municipal de Teresina
220688,2023,8,MANUTENÇÃO DE ESCRITÓRIO DE APOIO À ATIVIDADE PARLAMENTAR,177.1,RMC COMERCIO DE ALIMENTOS LTDA BARAO
220688,2023,4,MANUTENÇÃO DE ESCRITÓRIO DE APOIO À ATIVIDADE PARLAMENTAR,43.8,RMC COMERCIO DE ALIMENTOS LTDA BARAO
220688,2023,6,MANUTENÇÃO DE ESCRITÓRIO DE APOIO À ATIVIDADE PARLAMENTAR,84.0,SENDAS DISTRIBUIDORA S/A
220688,2023,2,MANUTENÇÃO DE ESCRITÓRIO DE APOIO À ATIVIDADE PARLAMENTAR,2448.76,WMS COMERCIO DE ARTIGOS DE PAPELARIA LTDA-ME
220688,2023,5,MANUTENÇÃO DE ESCRITÓRIO DE APOIO À ATIVIDADE PARLAMENTAR,1090.3,WMS COMERCIO DE ARTIGOS DE PAPELARIA LTDA-ME
220688,2023,8,MANUTENÇÃO DE ESCRITÓRIO DE APOIO À ATIVIDADE PARLAMENTAR,260.0,WMS COMERCIO DE ARTIGOS DE PAPELARIA LTDA-ME
220688,2023,9,MANUTENÇÃO DE ESCRITÓRIO DE APOIO À ATIVIDADE PARLAMENTAR,836.3,WMS COMERCIO DE ARTIGOS DE PAPELARIA LTDA-ME
220688,2023,10,MANUTENÇÃO DE ESCRITÓRIO DE APOIO À ATIVIDADE PARLAMENTAR,1253.0,WMS COMERCIO DE ARTIGOS DE PAPELARIA LTDA-ME
220688,2023,11,MANUTENÇÃO DE ESCRITÓRIO DE APOIO À ATIVIDADE PARLAMENTAR,2154.3,WMS COMERCIO DE ARTIGOS DE PAPELARIA LTDA-ME
220688,2023,2,COMBUSTÍVEIS E LUBRIFICANTES.,200.0,025 - SIG - CASCOL COMBUSTIVEIS PARA VEICULOS LTDA
220688,2023,3,COMBUSTÍVEIS E LUBRIFICANTES.,207.72,031 - 302 NORTE - CASCOL COMBUSTIVEIS PARA VEICULOS LTDA
220688,2023,2,COMBUSTÍVEIS E LUBRIFICANTES.,147.82,063 - 311 SUL - CASCOL COMBUSTIVEIS PARA VEICULOS LTDA
220688,2023,3,COMBUSTÍVEIS E LUBRIFICANTES.,50.0,076 - MELHOR 10 - CASCOL COMBUSTIVEIS PARA VEICULOS LTDA
220688,2023,2,COMBUSTÍVEIS E LUBRIFICANTES.,167.65,AUTO POSTO AEROPORTO LTDA
220688,2023,2,COMBUSTÍVEIS E LUBRIFICANTES.,145.75,AUTO POSTO AEROPORTO LTDA
220688,2023,4,COMBUSTÍVEIS E LUBRIFICANTES.,150.0,CACIQUE PETROLEO LTDA
220688,2023,3,COMBUSTÍVEIS E LUBRIFICANTES.,100.01,CARDOSO COMERCIO E DISTRIBUICAO DE DERIV
220688,2023,2,COMBUSTÍVEIS E LUBRIFICANTES.,350.16,COMERCIAL AGRICOLA SUSSUAPARA LTDA
220688,2023,3,COMBUSTÍVEIS E LUBRIFICANTES.,314.7,COMERCIAL AGRICOLA SUSSUAPARA LTDA
220688,2023,5,COMBUSTÍVEIS E LUBRIFICANTES.,238.03,COMERCIAL AGRICOLA SUSSUAPARA LTDA
220688,2023,5,COMBUSTÍVEIS E LUBRIFICANTES.,306.03,EVANDO P DE SOUSA COMERCIO DE COMBUSTIVEIS EIRELI
220688,2023,6,COMBUSTÍVEIS E LUBRIFICANTES.,291.08,EVANDO P DE SOUSA COMERCIO DE COMBUSTIVEIS EIRELI
220688,2023,6,COMBUSTÍVEIS E LUBRIFICANTES.,136.0,EVANDO P DE SOUSA COMERCIO DE COMBUSTIVEIS EIRELI
220688,2023,9,COMBUSTÍVEIS E LUBRIFICANTES.,365.04,F W A DE CARVALHO
220688,2023,4,COMBUSTÍVEIS E LUBRIFICANTES.,390.79,FABIO DE OLIVEIRA COMERCIO DE COMBUSTIVEIS
220688,2023,9,COMBUSTÍVEIS E LUBRIFICANTES.,365.05,FRANCISCO BORGES MONTEIRO LTDA
220688,2023,4,COMBUSTÍVEIS E LUBRIFICANTES.,300.02,GILDA E JOAO LTDA
220688,2023,2,COMBUSTÍVEIS E LUBRIFICANTES.,77.38,"GOES COMBUSTIVEIS, LUBRIFICANTES E GLP LTDA"
220688,2023,2,COMBUSTÍVEIS E LUBRIFICANTES.,300.01,HD PETROLEO PICOS LTDA
220688,2023,4,COMBUSTÍVEIS E LUBRIFICANTES.,210.01,IRMAOS RODRIGUES E SANTOS LTDA
220688,2023,9,COMBUSTÍVEIS E LUBRIFICANTES.,450.02,IRMAOS RODRIGUES E SANTOS LTDA
220688,2023,7,COMBUSTÍVEIS E LUBRIFICANTES.,199.51,J L CARVALHO DA SILVA ME
220688,2023,11,COMBUSTÍVEIS E LUBRIFICANTES.,450.03,JJ BATISTA COM VAREJISTA DE COMBUSTIVEL LTDA
220688,2023,2,COMBUSTÍVEIS E LUBRIFICANTES.,350.02,JK PETROLEO EIRELI EPP
220688,2023,5,COMBUSTÍVEIS E LUBRIFICANTES.,326.0,JK PETROLEO EIRELI EPP
220688,2023,6,COMBUSTÍVEIS E LUBRIFICANTES.,300.02,JK PETROLEO EIRELI EPP
220688,2023,7,COMBUSTÍVEIS E LUBRIFICANTES.,265.0,JK PETROLEO EIRELI EPP
220688,2023,8,COMBUSTÍVEIS E LUBRIFICANTES.,305.9,JK PETROLEO EIRELI EPP
220688,2023,11,COMBUSTÍVEIS E LUBRIFICANTES.,303.73,JK PETROLEO EIRELI EPP
220688,2023,4,COMBUSTÍVEIS E LUBRIFICANTES.,300.11,JOSE FRANCISCO FILHO MERCADORIA
220688,2023,5,COMBUSTÍVEIS E LUBRIFICANTES.,200.0,KENNEDY E KHADAFI LTDA ME
220688,2023,3,COMBUSTÍVEIS E LUBRIFICANTES.,266.02,MANOEL FRAGOSO E CIA
220688,2023,4,COMBUSTÍVEIS E LUBRIFICANTES.,290.02,MANOEL FRAGOSO E CIA
220688,2023,5,COMBUSTÍVEIS E LUBRIFICANTES.,100.03,NOVO DERIVADO DE PETROLEO LTDA
220688,2023,4,COMBUSTÍVEIS E LUBRIFICANTES.,360.04,PIPEL - PICOS PETROLEO LTDA
220688,2023,6,COMBUSTÍVEIS E LUBRIFICANTES.,211.14,PIPEL - PICOS PETROLEO LTDA
220688,2023,8,COMBUSTÍVEIS E LUBRIFICANTES.,430.01,PIPEL - PICOS PETROLEO LTDA
220688,2023,9,COMBUSTÍVEIS E LUBRIFICANTES.,290.03,PIPEL - PICOS PETROLEO LTDA
220688,2023,9,COMBUSTÍVEIS E LUBRIFICANTES.,310.02,PIPEL - PICOS PETROLEO LTDA
220688,2023,9,COMBUSTÍVEIS E LUBRIFICANTES.,415.03,PIPEL - PICOS PETROLEO LTDA
220688,2023,11,COMBUSTÍVEIS E LUBRIFICANTES.,360.04,PIPEL - PICOS PETROLEO LTDA
220688,2023,12,COMBUSTÍVEIS E LUBRIFICANTES.,320.03,PIPEL - PICOS PETROLEO LTDA
220688,2023,7,COMBUSTÍVEIS E LUBRIFICANTES.,263.04,PIPEL PICOS PETROLEO LTDA
220688,2023,11,COMBUSTÍVEIS E LUBRIFICANTES.,200.0,PLANALTO PETROLEO BOLA LTDA
220688,2023,7,COMBUSTÍVEIS E LUBRIFICANTES.,212.24,POSTO ALIANCA LTDA
220688,2023,11,COMBUSTÍVEIS E LUBRIFICANTES.,166.02,POSTO CLEMENTINO LTDA
220688,2023,3,COMBUSTÍVEIS E LUBRIFICANTES.,1500.0,POSTO DA TORRE EIRELI EPP
220688,2023,3,COMBUSTÍVEIS E LUBRIFICANTES.,1500.0,POSTO DA TORRE EIRELI EPP
220688,2023,4,COMBUSTÍVEIS E LUBRIFICANTES.,1500.0,POSTO DA TORRE EIRELI EPP
220688,2023,5,COMBUSTÍVEIS E LUBRIFICANTES.,1500.0,POSTO DA TORRE EIRELI EPP
220688,2023,7,COMBUSTÍVEIS E LUBRIFICANTES.,1000.0,POSTO DA TORRE EIRELI EPP
220688,2023,8,COMBUSTÍVEIS E LUBRIFICANTES.,1500.0,POSTO DA TORRE EIRELI EPP
220688,2023,9,COMBUSTÍVEIS E LUBRIFICANTES.,1500.0,POSTO DA TORRE EIRELI EPP
220688,2023,10,COMBUSTÍVEIS E LUBRIFICANTES.,1300.0,POSTO DA TORRE EIRELI EPP
220688,2023,11,COMBUSTÍVEIS E LUBRIFICANTES.,1500.0,POSTO DA TORRE EIRELI EPP
220688,2023,4,COMBUSTÍVEIS E LUBRIFICANTES.,250.02,POSTO KENNEDY LTDA
220688,2023,4,COMBUSTÍVEIS E LUBRIFICANTES.,300.04,POSTO KENNEDY LTDA
220688,2023,8,COMBUSTÍVEIS E LUBRIFICANTES.,270.04,POSTO KENNEDY LTDA
220688,2023,7,COMBUSTÍVEIS E LUBRIFICANTES.,252.0,POSTO KENNEDY LTDA
220688,2023,12,COMBUSTÍVEIS E LUBRIFICANTES.,310.04,POSTO MOREIRA FLORIANO LTDA
220688,2023,11,COMBUSTÍVEIS E LUBRIFICANTES.,215.04,Posto Moreira Floriano Ltda
220688,2023,12,COMBUSTÍVEIS E LUBRIFICANTES.,212.02,POSTO PAPALEGUAS LTDA
220688,2023,2,COMBUSTÍVEIS E LUBRIFICANTES.,200.05,POSTO VIA ESTRUTURAL COMERCIO DE DERIVADOS DE PETROLEO LTDA
220688,2023,2,COMBUSTÍVEIS E LUBRIFICANTES.,350.02,R. DEMES E CIA LTDA
220688,2023,3,COMBUSTÍVEIS E LUBRIFICANTES.,225.01,R. DEMES E CIA LTDA
220688,2023,6,COMBUSTÍVEIS E LUBRIFICANTES.,230.0,R. DEMES E CIA LTDA
220688,2023,7,COMBUSTÍVEIS E LUBRIFICANTES.,240.0,R. DEMES E CIA LTDA
220688,2023,7,COMBUSTÍVEIS E LUBRIFICANTES.,335.0,R. DEMES E CIA LTDA
220688,2023,7,COMBUSTÍVEIS E LUBRIFICANTES.,200.05,R. DEMES E CIA LTDA
220688,2023,8,COMBUSTÍVEIS E LUBRIFICANTES.,310.0,R. DEMES E CIA LTDA
220688,2023,9,COMBUSTÍVEIS E LUBRIFICANTES.,265.03,R. DEMES E CIA LTDA
220688,2023,7,COMBUSTÍVEIS E LUBRIFICANTES.,214.63,TRANSSERVICE PETROLEO LTDA
220688,2023,10,COMBUSTÍVEIS E LUBRIFICANTES.,220.06,TRANSSERVICE PETROLEO LTDA
220688,2023,10,COMBUSTÍVEIS E LUBRIFICANTES.,200.05,TRANSSERVICE PETROLEO LTDA
220688,2023,8,COMBUSTÍVEIS E LUBRIFICANTES.,2422.03,TRANSSERVICE PETROLEO LTDA
220688,2023,9,COMBUSTÍVEIS E LUBRIFICANTES.,1266.07,TRANSSERVICE PETROLEO LTDA
220688,2023,11,COMBUSTÍVEIS E LUBRIFICANTES.,1899.07,TRANSSERVICE PETROLEO LTDA
220688,2023,12,COMBUSTÍVEIS E LUBRIFICANTES.,2286.18,TRANSSERVICE PETROLEO LTDA
220688,2023,7,COMBUSTÍVEIS E LUBRIFICANTES.,267.14,TRANSSERVICE PETROLEO LTDA
220688,2023,7,COMBUSTÍVEIS E LUBRIFICANTES.,218.05,TRANSSERVICE PETROLEO LTDA
220688,2023,7,COMBUSTÍVEIS E LUBRIFICANTES.,269.45,TRANSSERVICE PETROLEO LTDA
220688,2023,7,COMBUSTÍVEIS E LUBRIFICANTES.,274.89,TRANSSERVICE PETROLEO LTDA
220688,2023,7,COMBUSTÍVEIS E LUBRIFICANTES.,252.33,TRANSSERVICE PETROLEO LTDA
220688,2023,7,COMBUSTÍVEIS E LUBRIFICANTES.,278.94,TRANSSERVICE PETROLEO LTDA
220688,2023,7,COMBUSTÍVEIS E LUBRIFICANTES.,215.25,TRANSSERVICE PETROLEO LTDA
220688,2023,10,COMBUSTÍVEIS E LUBRIFICANTES.,266.06,TRANSSERVICE PETROLEO LTDA
220688,2023,10,COMBUSTÍVEIS E LUBRIFICANTES.,218.8,TRANSSERVICE PETROLEO LTDA
220688,2023,10,COMBUSTÍVEIS E LUBRIFICANTES.,281.98,TRANSSERVICE PETROLEO LTDA
220688,2023,10,COMBUSTÍVEIS E LUBRIFICANTES.,210.1,TRANSSERVICE PETROLEO LTDA
220688,2023,10,COMBUSTÍVEIS E LUBRIFICANTES.,276.75,TRANSSERVICE PETROLEO LTDA
220688,2023,10,COMBUSTÍVEIS E LUBRIFICANTES.,278.43,TRANSSERVICE PETROLEO LTDA
220688,2023,7,COMBUSTÍVEIS E LUBRIFICANTES.,226.08,TRANSSERVICE PETROLEO LTDA
220688,2023,7,COMBUSTÍVEIS E LUBRIFICANTES.,273.4,TRANSSERVICE PETROLEO LTDA
220688,2023,7,COMBUSTÍVEIS E LUBRIFICANTES.,208.35,TRANSSERVICE PETROLEO LTDA
220688,2023,7,COMBUSTÍVEIS E LUBRIFICANTES.,274.67,TRANSSERVICE PETROLEO LTDA
220688,2023,2,COMBUSTÍVEIS E LUBRIFICANTES.,5155.4,TRANSSERVICE PETROLEO LTDA
220688,2023,3,COMBUSTÍVEIS E LUBRIFICANTES.,4626.35,TRANSSERVICE PETROLEO LTDA
220688,2023,4,COMBUSTÍVEIS E LUBRIFICANTES.,4211.33,TRANSSERVICE PETROLEO LTDA
220688,2023,5,COMBUSTÍVEIS E LUBRIFICANTES.,6217.91,TRANSSERVICE PETROLEO LTDA
220688,2023,6,COMBUSTÍVEIS E LUBRIFICANTES.,6665.92,TRANSSERVICE PETROLEO LTDA
220688,2023,8,COMBUSTÍVEIS E LUBRIFICANTES.,2825.47,TRANSSERVICE PETROLEO LTDA
220688,2023,9,COMBUSTÍVEIS E LUBRIFICANTES.,3949.17,TRANSSERVICE PETROLEO LTDA
220688,2023,10,COMBUSTÍVEIS E LUBRIFICANTES.,3780.5,TRANSSERVICE PETROLEO LTDA
220688,2023,11,COMBUSTÍVEIS E LUBRIFICANTES.,3618.39,TRANSSERVICE PETROLEO LTDA
220688,2023,12,COMBUSTÍVEIS E LUBRIFICANTES.,5279.9,TRANSSERVICE PETROLEO LTDA
220688,2023,7,COMBUSTÍVEIS E LUBRIFICANTES.,214.77,TRANSSERVICE PETROLEO LTDA
220688,2023,7,COMBUSTÍVEIS E LUBRIFICANTES.,289.12,TRANSSERVICE PETROLEO LTDA
220688,2023,7,COMBUSTÍVEIS E LUBRIFICANTES.,320.02,TRANSSERVICE PETROLEO LTDA
220688,2023,7,COMBUSTÍVEIS E LUBRIFICANTES.,290.63,TRANSSERVICE PETROLEO LTDA
220688,2023,7,COMBUSTÍVEIS E LUBRIFICANTES.,240.06,TRANSSERVICE PETROLEO LTDA
220688,2023,6,DIVULGAÇÃO DA ATIVIDADE PARLAMENTAR.,1000.0,ELDORADO COMUNICACAO E JORNALISMO LTDA
220688,2023,8,DIVULGAÇÃO DA ATIVIDADE PARLAMENTAR.,1000.0,ELDORADO COMUNICACAO E JORNALISMO LTDA
220688,2023,11,DIVULGAÇÃO DA ATIVIDADE PARLAMENTAR.,1000.0,ELDORADO COMUNICACAO E JORNALISMO LTDA
220688,2023,3,DIVULGAÇÃO DA ATIVIDADE PARLAMENTAR.,3000.0,RAFAEL DA SILVA OLIVEIRA
220688,2023,4,DIVULGAÇÃO DA ATIVIDADE PARLAMENTAR.,3000.0,RAFAEL DA SILVA OLIVEIRA
220688,2023,5,DIVULGAÇÃO DA ATIVIDADE PARLAMENTAR.,3000.0,RAFAEL DA SILVA OLIVEIRA
220688,2023,6,DIVULGAÇÃO DA ATIVIDADE PARLAMENTAR.,3000.0,RAFAEL DA SILVA OLIVEIRA
220688,2023,7,DIVULGAÇÃO DA ATIVIDADE PARLAMENTAR.,8000.0,RAFAEL DA SILVA OLIVEIRA
220688,2023,8,DIVULGAÇÃO DA ATIVIDADE PARLAMENTAR.,3000.0,RAFAEL DA SILVA OLIVEIRA
220688,2023,9,DIVULGAÇÃO DA ATIVIDADE PARLAMENTAR.,3000.0,RAFAEL DA SILVA OLIVEIRA
220688,2023,10,DIVULGAÇÃO DA ATIVIDADE PARLAMENTAR.,3000.0,RAFAEL DA SILVA OLIVEIRA
220688,2023,11,DIVULGAÇÃO DA ATIVIDADE PARLAMENTAR.,3000.0,RAFAEL DA SILVA OLIVEIRA
220688,2023,12,DIVULGAÇÃO DA ATIVIDADE PARLAMENTAR.,3000.0,RAFAEL DA SILVA OLIVEIRA
220688,2023,7,DIVULGAÇÃO DA ATIVIDADE PARLAMENTAR.,400.0,RAIMUNDO NONATO BARROS PUBLICIDADE
220688,2023,2,DIVULGAÇÃO DA ATIVIDADE PARLAMENTAR.,12000.0,ZION - COMUNICACAO & ESTRATEGIA LTDA
220688,2023,6,DIVULGAÇÃO DA ATIVIDADE PARLAMENTAR.,12000.0,ZION - COMUNICACAO & ESTRATEGIA LTDA
220688,2023,3,DIVULGAÇÃO DA ATIVIDADE PARLAMENTAR.,12000.0,ZION COMUNICAÇÃO E ESTRATEGIA LTDA
220688,2023,4,DIVULGAÇÃO DA ATIVIDADE PARLAMENTAR.,12000.0,ZION COMUNICAÇÃO E ESTRATEGIA LTDA
220688,2023,5,DIVULGAÇÃO DA ATIVIDADE PARLAMENTAR.,12000.0,ZION COMUNICAÇÃO E ESTRATEGIA LTDA
220688,2023,7,DIVULGAÇÃO DA ATIVIDADE PARLAMENTAR.,12000.0,ZION COMUNICAÇÃO E ESTRATEGIA LTDA
220688,2023,8,DIVULGAÇÃO DA ATIVIDADE PARLAMENTAR.,12000.0,ZION COMUNICAÇÃO E ESTRATEGIA LTDA
220688,2023,9,DIVULGAÇÃO DA ATIVIDADE PARLAMENTAR.,12000.0,ZION COMUNICAÇÃO E ESTRATEGIA LTDA
220688,2023,10,DIVULGAÇÃO DA ATIVIDADE PARLAMENTAR.,12000.0,ZION COMUNICAÇÃO E ESTRATEGIA LTDA
220688,2023,11,DIVULGAÇÃO DA ATIVIDADE PARLAMENTAR.,12000.0,ZION COMUNICAÇÃO E ESTRATEGIA LTDA
220688,2023,12,DIVULGAÇÃO DA ATIVIDADE PARLAMENTAR.,12000.0,ZION COMUNICAÇÃO E ESTRATEGIA LTDA
220688,2023,3,SERVIÇO DE SEGURANÇA PRESTADO POR EMPRESA ESPECIALIZADA.,8359.15,BRASAO VIGILANCIA E SEGURANCA LTDA
220688,2023,6,SERVIÇO DE SEGURANÇA PRESTADO POR EMPRESA ESPECIALIZADA.,8700.0,SERVFAZ SERVICOS DE SEGURANCA LTDA
220688,2023,8,SERVIÇO DE SEGURANÇA PRESTADO POR EMPRESA ESPECIALIZADA.,8700.0,SERVFAZ SERVIÇOS DE SEGURANÇA LTDA
220688,2023,9,SERVIÇO DE SEGURANÇA PRESTADO POR EMPRESA ESPECIALIZADA.,8700.0,SERVFAZ SERVIÇOS DE SEGURANÇA LTDA
220688,2023,10,SERVIÇO DE SEGURANÇA PRESTADO POR EMPRESA ESPECIALIZADA.,8700.0,SERVFAZ SERVIÇOS DE SEGURANÇA LTDA
220688,2023,11,SERVIÇO DE SEGURANÇA PRESTADO POR EMPRESA ESPECIALIZADA.,8700.0,SERVFAZ SERVIÇOS DE SEGURANÇA LTDA
220688,2023,12,SERVIÇO DE SEGURANÇA PRESTADO POR EMPRESA ESPECIALIZADA.,8700.0,SERVFAZ SERVIÇOS DE SEGURANÇA LTDA
220688,2023,7,SERVIÇO DE SEGURANÇA PRESTADO POR EMPRESA ESPECIALIZADA.,8700.0,SERVFAZ SERVIÇOS DE SEGURANÇA LTDA
220688,2023,4,TELEFONIA,93.8,CELULAR FUNCIONAL
220688,2023,4,TELEFONIA,117.9,CELULAR FUNCIONAL
220688,2023,6,TELEFONIA,117.9,CELULAR FUNCIONAL
220688,2023,7,TELEFONIA,120.78,CELULAR FUNCIONAL
220688,2023,8,TELEFONIA,120.78,CELULAR FUNCIONAL
220688,2023,9,TELEFONIA,120.78,CELULAR FUNCIONAL
220688,2023,9,TELEFONIA,116.51,CELULAR FUNCIONAL
220688,2023,11,TELEFONIA,116.51,CELULAR FUNCIONAL
220688,2023,11,TELEFONIA,116.51,CELULAR FUNCIONAL
220688,2023,12,TELEFONIA,116.51,CELULAR FUNCIONAL
220688,2023,2,TELEFONIA,173.12,CLARO S.A.
220688,2023,3,TELEFONIA,239.26,CLARO S.A.
220688,2023,4,TELEFONIA,240.74,CLARO S.A.
220688,2023,5,TELEFONIA,240.74,CLARO S.A.
220688,2023,6,TELEFONIA,240.74,CLARO S.A.
220688,2023,7,TELEFONIA,240.74,CLARO S.A.
220688,2023,8,TELEFONIA,240.74,CLARO S.A.
220688,2023,10,TELEFONIA,240.74,CLARO S.A.
220688,2023,11,TELEFONIA,240.74,CLARO S.A.
220688,2023,12,TELEFONIA,240.74,CLARO S.A.
220688,2023,9,TELEFONIA,240.74,CLARO S.A.
220688,2023,4,TELEFONIA,54.7,OI SA - EM RECUPERAÇÃO JUDICIAL
220688,2023,5,TELEFONIA,99.77,OI SA - EM RECUPERAÇÃO JUDICIAL
220688,2023,6,TELEFONIA,99.97,OI SA - EM RECUPERAÇÃO JUDICIAL
220688,2023,7,TELEFONIA,99.97,OI SA - EM RECUPERAÇÃO JUDICIAL
220688,2023,8,TELEFONIA,99.69,OI SA - EM RECUPERAÇÃO JUDICIAL
220688,2023,9,TELEFONIA,99.69,OI SA - EM RECUPERAÇÃO JUDICIAL
220688,2023,10,TELEFONIA,99.69,OI SA - EM RECUPERAÇÃO JUDICIAL
220688,2023,12,TELEFONIA,99.69,OI SA - EM RECUPERAÇÃO JUDICIAL
220688,2023,3,TELEFONIA,102.38,TELEFÔNICA BRASIL S.A
220688,2023,4,TELEFONIA,101.74,TELEFÔNICA BRASIL S.A
220688,2023,9,TELEFONIA,112.0,Telefônica Brasil S.A.
220688,2023,5,TELEFONIA,112.0,Telefônica Brasil S.A. VIVO
220688,2023,6,TELEFONIA,112.0,Telefônica Brasil S.A. VIVO
220688,2023,11,TELEFONIA,151.99,Telefônica Brasil S.A. VIVO
220688,2023,7,TELEFONIA,112.0,Telefônica Brasil S.A. VIVO
220688,2023,10,TELEFONIA,112.0,Telefônica Brasil S.A. VIVO
220688,2023,8,TELEFONIA,112.0,Telefônica Brasil S.A. VIVO
220688,2023,12,TELEFONIA,151.99,Telefônica Brasil S.A. VIVO
220688,2023,2,TELEFONIA,78.58,TELEFONÔNICA BRASIL S.A
220688,2023,5,FORNECIMENTO DE ALIMENTAÇÃO DO PARLAMENTAR,63.0,BRASILIA GRILL BAR E RESTAURANTE LTDA
220688,2023,5,FORNECIMENTO DE ALIMENTAÇÃO DO PARLAMENTAR,89.9,C.B. BRASILIA COMERCIO DE ALIMENTOS LTDA
220688,2023,5,FORNECIMENTO DE ALIMENTAÇÃO DO PARLAMENTAR,47.0,CPQ Brasil S A
220688,2023,5,FORNECIMENTO DE ALIMENTAÇÃO DO PARLAMENTAR,63.0,DL CONFEITARIA E COMERCIO LTDA
220688,2023,4,FORNECIMENTO DE ALIMENTAÇÃO DO PARLAMENTAR,45.0,DOOG ORIGINAL S/A
220688,2023,2,FORNECIMENTO DE ALIMENTAÇÃO DO PARLAMENTAR,27.9,GREEN S ALIMENTOS EIRELI
220688,2023,4,FORNECIMENTO DE ALIMENTAÇÃO DO PARLAMENTAR,27.9,GREEN S ALIMENTOS EIRELI
220688,2023,3,FORNECIMENTO DE ALIMENTAÇÃO DO PARLAMENTAR,35.45,L&T COMERCIO DE ALIMENTOS E BEBIDAS LTDA ME
220688,2023,4,FORNECIMENTO DE ALIMENTAÇÃO DO PARLAMENTAR,26.85,L&T COMERCIO DE ALIMENTOS E BEBIDAS LTDA ME
220688,2023,4,FORNECIMENTO DE ALIMENTAÇÃO DO PARLAMENTAR,32.0,LOMA RESTAURANTE LTDA
220688,2023,5,FORNECIMENTO DE ALIMENTAÇÃO DO PARLAMENTAR,109.8,MULT COMERCIO DE PRODUTOS ALIMENTICIOS LTDA
220688,2023,8,FORNECIMENTO DE ALIMENTAÇÃO DO PARLAMENTAR,58.8,MULT COMERCIO DE PRODUTOS ALIMENTICIOS LTDA
220688,2023,3,FORNECIMENTO DE ALIMENTAÇÃO DO PARLAMENTAR,31.96,PD PAES E DELICIAS COMERCIO E INDUSTRIA
220688,2023,3,FORNECIMENTO DE ALIMENTAÇÃO DO PARLAMENTAR,16.49,PD PAES E DELICIAS COMERCIO E INDUSTRIA
220688,2023,4,FORNECIMENTO DE ALIMENTAÇÃO DO PARLAMENTAR,42.96,PD PAES E DELICIAS COMERCIO E INDUSTRIA
220688,2023,4,FORNECIMENTO DE ALIMENTAÇÃO DO PARLAMENTAR,111.0,POLIGNANO A MARE PARTICIPACOES S.A
220688,2023,2,FORNECIMENTO DE ALIMENTAÇÃO DO PARLAMENTAR,37.68,RESTAURANTE DAS MINAS LTDA
220688,2023,3,FORNECIMENTO DE ALIMENTAÇÃO DO PARLAMENTAR,47.28,RESTAURANTE DAS MINAS LTDA
220688,2023,5,FORNECIMENTO DE ALIMENTAÇÃO DO PARLAMENTAR,36.77,SERVICO NACIONAL DE APRENDIZAGEM COMERCIAL SENAC
220688,2023,5,FORNECIMENTO DE ALIMENTAÇÃO DO PARLAMENTAR,31.77,SERVICO NACIONAL DE APRENDIZAGEM COMERCIAL SENAC
220688,2023,5,FORNECIMENTO DE ALIMENTAÇÃO DO PARLAMENTAR,17.2,SERVICO NACIONAL DE APRENDIZAGEM COMERCIAL SENAC
220688,2023,2,FORNECIMENTO DE ALIMENTAÇÃO DO PARLAMENTAR,74.63,SERVICO NACIONAL DE APRENDIZAGEM COMERCIAL SENAC
220688,2023,5,FORNECIMENTO DE ALIMENTAÇÃO DO PARLAMENTAR,41.11,SERVICO NACIONAL DE APRENDIZAGEM COMERCIAL SENAC
220688,2023,4,FORNECIMENTO DE ALIMENTAÇÃO DO PARLAMENTAR,84.27,SERVICO NACIONAL DE APRENDIZAGEM COMERCIAL SENAC
220688,2023,4,FORNECIMENTO DE ALIMENTAÇÃO DO PARLAMENTAR,83.37,SERVICO NACIONAL DE APRENDIZAGEM COMERCIAL SENAC
220688,2023,4,FORNECIMENTO DE ALIMENTAÇÃO DO PARLAMENTAR,79.03,SERVICO NACIONAL DE APRENDIZAGEM COMERCIAL SENAC
220688,2023,4,FORNECIMENTO DE ALIMENTAÇÃO DO PARLAMENTAR,83.37,SERVICO NACIONAL DE APRENDIZAGEM COMERCIAL SENAC
220688,2023,5,FORNECIMENTO DE ALIMENTAÇÃO DO PARLAMENTAR,83.37,SERVICO NACIONAL DE APRENDIZAGEM COMERCIAL SENAC
220688,2023,5,FORNECIMENTO DE ALIMENTAÇÃO DO PARLAMENTAR,79.03,SERVICO NACIONAL DE APRENDIZAGEM COMERCIAL SENAC
220688,2023,6,FORNECIMENTO DE ALIMENTAÇÃO DO PARLAMENTAR,79.03,SERVICO NACIONAL DE APRENDIZAGEM COMERCIAL SENAC
220688,2023,6,FORNECIMENTO DE ALIMENTAÇÃO DO PARLAMENTAR,79.03,SERVICO NACIONAL DE APRENDIZAGEM COMERCIAL SENAC
220688,2023,8,FORNECIMENTO DE ALIMENTAÇÃO DO PARLAMENTAR,83.37,SERVICO NACIONAL DE APRENDIZAGEM COMERCIAL SENAC
220688,2023,10,FORNECIMENTO DE ALIMENTAÇÃO DO PARLAMENTAR,83.37,SERVICO NACIONAL DE APRENDIZAGEM COMERCIAL SENAC
220688,2023,10,FORNECIMENTO DE ALIMENTAÇÃO DO PARLAMENTAR,84.27,SERVICO NACIONAL DE APRENDIZAGEM COMERCIAL SENAC
220688,2023,3,FORNECIMENTO DE ALIMENTAÇÃO DO PARLAMENTAR,83.37,SERVICO NACIONAL DE APRENDIZAGEM COMERCIAL SENAC
220688,2023,2,FORNECIMENTO DE ALIMENTAÇÃO DO PARLAMENTAR,78.73,SERVICO NACIONAL DE APRENDIZAGEM COMERCIAL SENAC
220688,2023,3,FORNECIMENTO DE ALIMENTAÇÃO DO PARLAMENTAR,83.37,SERVICO NACIONAL DE APRENDIZAGEM COMERCIAL SENAC
220688,2023,3,FORNECIMENTO DE ALIMENTAÇÃO DO PARLAMENTAR,78.73,SERVICO NACIONAL DE APRENDIZAGEM COMERCIAL SENAC
220688,2023,3,FORNECIMENTO DE ALIMENTAÇÃO DO PARLAMENTAR,79.03,SERVICO NACIONAL DE APRENDIZAGEM COMERCIAL SENAC
220688,2023,3,FORNECIMENTO DE ALIMENTAÇÃO DO PARLAMENTAR,79.03,SERVICO NACIONAL DE APRENDIZAGEM COMERCIAL SENAC
220688,2023,3,FORNECIMENTO DE ALIMENTAÇÃO DO PARLAMENTAR,79.03,SERVICO NACIONAL DE APRENDIZAGEM COMERCIAL SENAC
220688,2023,3,FORNECIMENTO DE ALIMENTAÇÃO DO PARLAMENTAR,84.27,SERVICO NACIONAL DE APRENDIZAGEM COMERCIAL SENAC
220688,2023,4,FORNECIMENTO DE ALIMENTAÇÃO DO PARLAMENTAR,83.37,SERVICO NACIONAL DE APRENDIZAGEM COMERCIAL SENAC
220688,2023,6,FORNECIMENTO DE ALIMENTAÇÃO DO PARLAMENTAR,84.27,SERVICO NACIONAL DE APRENDIZAGEM COMERCIAL SENAC
220688,2023,7,FORNECIMENTO DE ALIMENTAÇÃO DO PARLAMENTAR,58.8,TMCB COMERCIO DE ALIMENTOS LTDA
220688,2023,7,"HOSPEDAGEM ,EXCETO DO PARLAMENTAR NO DISTRITO FEDERAL.",566.0,ENTRE RIOS HOTEL
220688,2023,9,"HOSPEDAGEM ,EXCETO DO PARLAMENTAR NO DISTRITO FEDERAL.",2200.0,ENTRE RIOS HOTEL
220688,2023,4,"HOSPEDAGEM ,EXCETO DO PARLAMENTAR NO DISTRITO FEDERAL.",455.0,PICOS HOTEL
220688,2023,4,LOCAÇÃO OU FRETAMENTO DE VEÍCULOS AUTOMOTORES,2762.81,LOCALIZA RENT A CAR S.A
220688,2023,3,LOCAÇÃO OU FRETAMENTO DE VEÍCULOS AUTOMOTORES,2807.62,LOCALIZA RENT A CAR SA
220688,2023,3,LOCAÇÃO OU FRETAMENTO DE VEÍCULOS AUTOMOTORES,1935.9,MOVIDA LOCAÇÃO DE VEICULOS S.A
220688,2023,4,LOCAÇÃO OU FRETAMENTO DE VEÍCULOS AUTOMOTORES,1935.9,MOVIDA LOCAÇÃO DE VEICULOS S.A
220688,2023,5,LOCAÇÃO OU FRETAMENTO DE VEÍCULOS AUTOMOTORES,1313.0,MOVIDA LOCAÇÃO DE VEICULOS S.A
220688,2023,6,LOCAÇÃO OU FRETAMENTO DE VEÍCULOS AUTOMOTORES,1969.5,MOVIDA LOCAÇÃO DE VEICULOS S.A
220688,2023,7,LOCAÇÃO OU FRETAMENTO DE VEÍCULOS AUTOMOTORES,1969.5,MOVIDA LOCAÇÃO DE VEICULOS S.A
220688,2023,8,LOCAÇÃO OU FRETAMENTO DE VEÍCULOS AUTOMOTORES,1969.5,MOVIDA LOCAÇÃO DE VEICULOS S.A
220688,2023,9,LOCAÇÃO OU FRETAMENTO DE VEÍCULOS AUTOMOTORES,1969.5,MOVIDA LOCAÇÃO DE VEICULOS S.A
220688,2023,2,LOCAÇÃO OU FRETAMENTO DE VEÍCULOS AUTOMOTORES,4940.0,MY CAR LOCACAO DE VEICULOS LTDA
220688,2023,2,LOCAÇÃO OU FRETAMENTO DE VEÍCULOS AUTOMOTORES,4370.0,MY CAR LOCAÇÃO DE VEICULOS LTDA
220688,2023,3,LOCAÇÃO OU FRETAMENTO DE VEÍCULOS AUTOMOTORES,3000.0,MY CAR LOCAÇÃO DE VEICULOS LTDA
220688,2023,3,LOCAÇÃO OU FRETAMENTO DE VEÍCULOS AUTOMOTORES,4100.0,MY CAR LOCAÇÃO DE VEICULOS LTDA
220688,2023,4,LOCAÇÃO OU FRETAMENTO DE VEÍCULOS AUTOMOTORES,3000.0,MY CAR LOCAÇÃO DE VEICULOS LTDA
220688,2023,4,LOCAÇÃO OU FRETAMENTO DE VEÍCULOS AUTOMOTORES,4100.0,MY CAR LOCAÇÃO DE VEICULOS LTDA
220688,2023,5,LOCAÇÃO OU FRETAMENTO DE VEÍCULOS AUTOMOTORES,3000.0,MY CAR LOCAÇÃO DE VEICULOS LTDA
220688,2023,5,LOCAÇÃO OU FRETAMENTO DE VEÍCULOS AUTOMOTORES,4100.0,MY CAR LOCAÇÃO DE VEICULOS LTDA
220688,2023,6,LOCAÇÃO OU FRETAMENTO DE VEÍCULOS AUTOMOTORES,3000.0,MY CAR LOCAÇÃO DE VEICULOS LTDA
220688,2023,6,LOCAÇÃO OU FRETAMENTO DE VEÍCULOS AUTOMOTORES,4100.0,MY CAR LOCAÇÃO DE VEICULOS LTDA
220688,2023,7,LOCAÇÃO OU FRETAMENTO DE VEÍCULOS AUTOMOTORES,3000.0,MY CAR LOCAÇÃO DE VEICULOS LTDA
220688,2023,7,LOCAÇÃO OU FRETAMENTO DE VEÍCULOS AUTOMOTORES,4100.0,MY CAR LOCAÇÃO DE VEICULOS LTDA
220688,2023,8,LOCAÇÃO OU FRETAMENTO DE VEÍCULOS AUTOMOTORES,3000.0,MY CAR LOCAÇÃO DE VEICULOS LTDA
220688,2023,8,LOCAÇÃO OU FRETAMENTO DE VEÍCULOS AUTOMOTORES,4100.0,MY CAR LOCAÇÃO DE VEICULOS LTDA
220688,2023,9,LOCAÇÃO OU FRETAMENTO DE VEÍCULOS AUTOMOTORES,3000.0,MY CAR LOCAÇÃO DE VEICULOS LTDA
220688,2023,9,LOCAÇÃO OU FRETAMENTO DE VEÍCULOS AUTOMOTORES,4100.0,MY CAR LOCAÇÃO DE VEICULOS LTDA
220688,2023,10,LOCAÇÃO OU FRETAMENTO DE VEÍCULOS AUTOMOTORES,3000.0,MY CAR LOCAÇÃO DE VEICULOS LTDA
220688,2023,10,LOCAÇÃO OU FRETAMENTO DE VEÍCULOS AUTOMOTORES,4100.0,MY CAR LOCAÇÃO DE VEICULOS LTDA
220688,2023,11,LOCAÇÃO OU FRETAMENTO DE VEÍCULOS AUTOMOTORES,3000.0,MY CAR LOCAÇÃO DE VEICULOS LTDA
220688,2023,11,LOCAÇÃO OU FRETAMENTO DE VEÍCULOS AUTOMOTORES,4100.0,MY CAR LOCAÇÃO DE VEICULOS LTDA
220688,2023,12,LOCAÇÃO OU FRETAMENTO DE VEÍCULOS AUTOMOTORES,3000.0,MY CAR LOCAÇÃO DE VEICULOS LTDA
220688,2023,12,LOCAÇÃO OU FRETAMENTO DE VEÍCULOS AUTOMOTORES,4100.0,MY CAR LOCAÇÃO DE VEICULOS LTDA
220688,2023,2,LOCAÇÃO OU FRETAMENTO DE VEÍCULOS AUTOMOTORES,510.0,PANTANAL VEÍCULOS LTDA
220688,2023,2,LOCAÇÃO OU FRETAMENTO DE VEÍCULOS AUTOMOTORES,510.0,PANTANAL VEÍCULOS LTDA
220688,2023,2,LOCAÇÃO OU FRETAMENTO DE VEÍCULOS AUTOMOTORES,510.0,PANTANAL VEÍCULOS LTDA
220688,2023,7,PASSAGEM AÉREA - SIGEPA,-381.59,AZUL
220688,2023,7,PASSAGEM AÉREA - SIGEPA,2161.4,AZUL
220688,2023,6,PASSAGEM AÉREA - SIGEPA,1753.88,GOL
220688,2023,3,PASSAGEM AÉREA - SIGEPA,1366.37,TAM
220688,2023,5,PASSAGEM AÉREA - SIGEPA,1366.37,TAM
220688,2023,5,PASSAGEM AÉREA - SIGEPA,1381.34,TAM
220688,2023,5,PASSAGEM AÉREA - SIGEPA,1381.34,TAM
220688,2023,6,PASSAGEM AÉREA - SIGEPA,1381.34,TAM
220688,2023,6,PASSAGEM AÉREA - SIGEPA,1381.34,TAM
220688,2023,6,PASSAGEM AÉREA - SIGEPA,1366.37,TAM
220688,2023,7,PASSAGEM AÉREA - SIGEPA,-43.34,TAM
220688,2023,7,PASSAGEM AÉREA - SIGEPA,192.86,TAM
220688,2023,7,PASSAGEM AÉREA - SIGEPA,-1366.37,TAM
220688,2023,7,PASSAGEM AÉREA - SIGEPA,1366.37,TAM
220688,2023,8,PASSAGEM AÉREA - SIGEPA,-1367.51,TAM
220688,2023,8,PASSAGEM AÉREA - SIGEPA,1367.51,TAM
220688,2023,10,PASSAGEM AÉREA - SIGEPA,1367.51,TAM
220688,2023,10,PASSAGEM AÉREA - SIGEPA,79.0,TAM
220688,2023,10,PASSAGEM AÉREA - SIGEPA,1367.51,TAM
220688,2023,11,PASSAGEM AÉREA - SIGEPA,79.0,TAM
220688,2023,11,PASSAGEM AÉREA - SIGEPA,1381.34,TAM
220688,2024,1,MANUTENÇÃO DE ESCRITÓRIO DE APOIO À ATIVIDADE PARLAMENTAR,43.2,AGUAS DE TERESINA SAN. SPE SA
220688,2024,3,MANUTENÇÃO DE ESCRITÓRIO DE APOIO À ATIVIDADE PARLAMENTAR,41.11,AGUAS DE TERESINA SAN. SPE SA
220688,2024,4,MANUTENÇÃO DE ESCRITÓRIO DE APOIO À ATIVIDADE PARLAMENTAR,41.11,AGUAS DE TERESINA SAN. SPE SA
220688,2024,6,MANUTENÇÃO DE ESCRITÓRIO DE APOIO À ATIVIDADE PARLAMENTAR,82.22,AGUAS DE TERESINA SAN. SPE SA
220688,2024,7,MANUTENÇÃO DE ESCRITÓRIO DE APOIO À ATIVIDADE PARLAMENTAR,83.02,AGUAS DE TERESINA SAN. SPE SA
220688,2024,8,MANUTENÇÃO DE ESCRITÓRIO DE APOIO À ATIVIDADE PARLAMENTAR,89.49,AGUAS DE TERESINA SAN. SPE SA
220688,2024,9,MANUTENÇÃO DE ESCRITÓRIO DE APOIO À ATIVIDADE PARLAMENTAR,85.08,AGUAS DE TERESINA SAN. SPE SA
220688,2024,10,MANUTENÇÃO DE ESCRITÓRIO DE APOIO À ATIVIDADE PARLAMENTAR,85.08,AGUAS DE TERESINA SAN. SPE SA
220688,2024,1,MANUTENÇÃO DE ESCRITÓRIO DE APOIO À ATIVIDADE PARLAMENTAR,1131.05,Companhia Energética do Piauí
220688,2024,2,MANUTENÇÃO DE ESCRITÓRIO DE APOIO À ATIVIDADE PARLAMENTAR,1137.79,Companhia Energética do Piauí
220688,2024,3,MANUTENÇÃO DE ESCRITÓRIO DE APOIO À ATIVIDADE PARLAMENTAR,1284.92,Companhia Energética do Piauí
220688,2024,4,MANUTENÇÃO DE ESCRITÓRIO DE APOIO À ATIVIDADE PARLAMENTAR,1201.95,Companhia Energética do Piauí
220688,2024,6,MANUTENÇÃO DE ESCRITÓRIO DE APOIO À ATIVIDADE PARLAMENTAR,1530.89,Companhia Energética do Piauí
220688,2024,7,MANUTENÇÃO DE ESCRITÓRIO DE APOIO À ATIVIDADE PARLAMENTAR,1270.94,Companhia Energética do Piauí
220688,2024,8,MANUTENÇÃO DE ESCRITÓRIO DE APOIO À ATIVIDADE PARLAMENTAR,1403.48,Companhia Energética do Piauí
220688,2024,9,MANUTENÇÃO DE ESCRITÓRIO DE APOIO À ATIVIDADE PARLAMENTAR,1570.6,Companhia Energética do Piauí
220688,2024,10,MANUTENÇÃO DE ESCRITÓRIO DE APOIO À ATIVIDADE PARLAMENTAR,1717.08,Companhia Energética do Piauí
220688,2024,11,MANUTENÇÃO DE ESCRITÓRIO DE APOIO À ATIVIDADE PARLAMENTAR,1638.55,Companhia Energética do Piauí
220688,2024,12,MANUTENÇÃO DE ESCRITÓRIO DE APOIO À ATIVIDADE PARLAMENTAR,1015.57,Companhia Energética do Piauí
220688,2024,5,MANUTENÇÃO DE ESCRITÓRIO DE APOIO À ATIVIDADE PARLAMENTAR,1419.51,Equatorial Piaui Distribuidora de Energia S.A.
220688,2024,5,MANUTENÇÃO DE ESCRITÓRIO DE APOIO À ATIVIDADE PARLAMENTAR,264.0,F W SOARES DE ARAUJO
220688,2024,7,MANUTENÇÃO DE ESCRITÓRIO DE APOIO À ATIVIDADE PARLAMENTAR,3500.0,J & M EMPREENDIMENTOS IMOBILIÁRIOS LTDA
220688,2024,3,MANUTENÇÃO DE ESCRITÓRIO DE APOIO À ATIVIDADE PARLAMENTAR,3500.0,J & M EMPREENDIMENTOS IMOBILIÁRIOS LTDA
220688,2024,5,MANUTENÇÃO DE ESCRITÓRIO DE APOIO À ATIVIDADE PARLAMENTAR,3500.0,J & M EMPREENDIMENTOS IMOBILIÁRIOS LTDA
220688,2024,6,MANUTENÇÃO DE ESCRITÓRIO DE APOIO À ATIVIDADE PARLAMENTAR,3500.0,J & M EMPREENDIMENTOS IMOBILIÁRIOS LTDA
220688,2024,9,MANUTENÇÃO DE ESCRITÓRIO DE APOIO À ATIVIDADE PARLAMENTAR,3500.0,J & M EMPREENDIMENTOS IMOBILIÁRIOS LTDA
220688,2024,10,MANUTENÇÃO DE ESCRITÓRIO DE APOIO À ATIVIDADE PARLAMENTAR,3500.0,J & M EMPREENDIMENTOS IMOBILIÁRIOS LTDA
220688,2024,12,MANUTENÇÃO DE ESCRITÓRIO DE APOIO À ATIVIDADE PARLAMENTAR,3500.0,J & M EMPREENDIMENTOS IMOBILIÁRIOS LTDA
220688,2024,2,MANUTENÇÃO DE ESCRITÓRIO DE APOIO À ATIVIDADE PARLAMENTAR,3000.0,J & M EMPREENDIMENTOS IMOBILIÁRIOS LTDA
220688,2024,4,MANUTENÇÃO DE ESCRITÓRIO DE APOIO À ATIVIDADE PARLAMENTAR,3500.0,J & M EMPREENDIMENTOS IMOBILIÁRIOS LTDA
220688,2024,8,MANUTENÇÃO DE ESCRITÓRIO DE APOIO À ATIVIDADE PARLAMENTAR,3500.0,J & M EMPREENDIMENTOS IMOBILIÁRIOS LTDA
220688,2024,1,MANUTENÇÃO DE ESCRITÓRIO DE APOIO À ATIVIDADE PARLAMENTAR,3000.0,J & M EMPREENDIMENTOS IMOBILIÁRIOS LTDA
220688,2024,11,MANUTENÇÃO DE ESCRITÓRIO DE APOIO À ATIVIDADE PARLAMENTAR,3500.0,J & M EMPREENDIMENTOS IMOBILIÁRIOS LTDA
220688,2024,1,MANUTENÇÃO DE ESCRITÓRIO DE APOIO À ATIVIDADE PARLAMENTAR,210.5,M F DISTRIBUIDORA E LIVRARIA LTDA
220688,2024,3,MANUTENÇÃO DE ESCRITÓRIO DE APOIO À ATIVIDADE PARLAMENTAR,278.1,M F DISTRIBUIDORA E LIVRARIA LTDA
220688,2024,7,MANUTENÇÃO DE ESCRITÓRIO DE APOIO À ATIVIDADE PARLAMENTAR,352.17,M F DISTRIBUIDORA E LIVRARIA LTDA
220688,2024,10,MANUTENÇÃO DE ESCRITÓRIO DE APOIO À ATIVIDADE PARLAMENTAR,249.8,M F DISTRIBUIDORA E LIVRARIA LTDA
220688,2024,11,MANUTENÇÃO DE ESCRITÓRIO DE APOIO À ATIVIDADE PARLAMENTAR,2998.62,N REGO GONCALVES STORE EIRELI
220688,2024,1,MANUTENÇÃO DE ESCRITÓRIO DE APOIO À ATIVIDADE PARLAMENTAR,800.0,PARLANET WEB E TECNOLOGIA EIRELI
220688,2024,2,MANUTENÇÃO DE ESCRITÓRIO DE APOIO À ATIVIDADE PARLAMENTAR,800.0,PARLANET WEB E TECNOLOGIA EIRELI
220688,2024,3,MANUTENÇÃO DE ESCRITÓRIO DE APOIO À ATIVIDADE PARLAMENTAR,800.0,PARLANET WEB E TECNOLOGIA EIRELI
220688,2024,4,MANUTENÇÃO DE ESCRITÓRIO DE APOIO À ATIVIDADE PARLAMENTAR,800.0,PARLANET WEB E TECNOLOGIA EIRELI
220688,2024,5,MANUTENÇÃO DE ESCRITÓRIO DE APOIO À ATIVIDADE PARLAMENTAR,800.0,PARLANET WEB E TECNOLOGIA EIRELI
220688,2024,6,MANUTENÇÃO DE ESCRITÓRIO DE APOIO À ATIVIDADE PARLAMENTAR,800.0,PARLANET WEB E TECNOLOGIA EIRELI
220688,2024,7,MANUTENÇÃO DE ESCRITÓRIO DE APOIO À ATIVIDADE PARLAMENTAR,800.0,PARLANET WEB E TECNOLOGIA EIRELI
220688,2024,8,MANUTENÇÃO DE ESCRITÓRIO DE APOIO À ATIVIDADE PARLAMENTAR,800.0,PARLANET WEB E TECNOLOGIA EIRELI
220688,2024,9,MANUTENÇÃO DE ESCRITÓRIO DE APOIO À ATIVIDADE PARLAMENTAR,800.0,PARLANET WEB E TECNOLOGIA EIRELI
220688,2024,10,MANUTENÇÃO DE ESCRITÓRIO DE APOIO À ATIVIDADE PARLAMENTAR,800.0,PARLANET WEB E TECNOLOGIA EIRELI
220688,2024,11,MANUTENÇÃO DE ESCRITÓRIO DE APOIO À ATIVIDADE PARLAMENTAR,800.0,PARLANET WEB E TECNOLOGIA EIRELI
220688,2024,12,MANUTENÇÃO DE ESCRITÓRIO DE APOIO À ATIVIDADE PARLAMENTAR,800.0,PARLANET WEB E TECNOLOGIA EIRELI
220688,2024,5,MANUTENÇÃO DE ESCRITÓRIO DE APOIO À ATIVIDADE PARLAMENTAR,2175.01,Prefeitura Municipal de Teresina
220688,2024,9,MANUTENÇÃO DE ESCRITÓRIO DE APOIO À ATIVIDADE PARLAMENTAR,342.0,WMS COMERCIO DE ARTIGOS DE PAPELARIA LTDA
220688,2024,4,MANUTENÇÃO DE ESCRITÓRIO DE APOIO À ATIVIDADE PARLAMENTAR,2185.0,WMS COMERCIO DE ARTIGOS DE PAPELARIA LTDA-ME
220688,2024,5,COMBUSTÍVEIS E LUBRIFICANTES.,390.0,ALCIDES FIGUEIREDO & MENDES LTDA
220688,2024,10,COMBUSTÍVEIS E LUBRIFICANTES.,310.04,ALO COMBUSTIVEIS LTDA
220688,2024,4,COMBUSTÍVEIS E LUBRIFICANTES.,215.04,ARMECINDA PEREIRA RIBEIRO
220688,2024,3,COMBUSTÍVEIS E LUBRIFICANTES.,300.0,AUTOPOSTO AGUA BRANCA LTDA
220688,2024,5,COMBUSTÍVEIS E LUBRIFICANTES.,358.02,BARROS &amp; MOURA LTDA
220688,2024,8,COMBUSTÍVEIS E LUBRIFICANTES.,357.49,BARROS &amp; MOURA LTDA
220688,2024,10,COMBUSTÍVEIS E LUBRIFICANTES.,351.0,BARROS &amp; MOURA LTDA
220688,2024,11,COMBUSTÍVEIS E LUBRIFICANTES.,200.04,BEETHOVEN B EMPR LTDA (MTZ)/PSC
220688,2024,4,COMBUSTÍVEIS E LUBRIFICANTES.,420.01,CARVALHO E ALMEIDA LTDA
220688,2024,2,COMBUSTÍVEIS E LUBRIFICANTES.,380.01,CARVALHO E ALMEIDA LTDA
220688,2024,5,COMBUSTÍVEIS E LUBRIFICANTES.,255.02,CARVALHO E ALMEIDA LTDA
220688,2024,5,COMBUSTÍVEIS E LUBRIFICANTES.,430.04,CARVALHO E ALMEIDA LTDA
220688,2024,6,COMBUSTÍVEIS E LUBRIFICANTES.,302.37,CARVALHO E ALMEIDA LTDA
220688,2024,9,COMBUSTÍVEIS E LUBRIFICANTES.,239.94,CARVALHO E ALMEIDA LTDA
220688,2024,10,COMBUSTÍVEIS E LUBRIFICANTES.,412.46,CARVALHO E ALMEIDA LTDA
220688,2024,10,COMBUSTÍVEIS E LUBRIFICANTES.,450.16,CARVALHO E ALMEIDA LTDA
220688,2024,7,COMBUSTÍVEIS E LUBRIFICANTES.,250.04,CARVALHO E ALMEIDA LTDA
220688,2024,7,COMBUSTÍVEIS E LUBRIFICANTES.,364.99,CARVALHO E ALMEIDA LTDA
220688,2024,11,COMBUSTÍVEIS E LUBRIFICANTES.,361.98,CARVALHO E ALMEIDA LTDA
220688,2024,7,COMBUSTÍVEIS E LUBRIFICANTES.,292.95,CARVALHO E ALMEIDA LTDA
220688,2024,8,COMBUSTÍVEIS E LUBRIFICANTES.,361.81,CARVALHO E ALMEIDA LTDA
220688,2024,9,COMBUSTÍVEIS E LUBRIFICANTES.,423.01,CARVALHO E ALMEIDA LTDA
220688,2024,9,COMBUSTÍVEIS E LUBRIFICANTES.,298.98,CARVALHO E ALMEIDA LTDA
220688,2024,9,COMBUSTÍVEIS E LUBRIFICANTES.,370.62,CARVALHO E ALMEIDA LTDA
220688,2024,10,COMBUSTÍVEIS E LUBRIFICANTES.,325.08,CARVALHO E ALMEIDA LTDA
220688,2024,10,COMBUSTÍVEIS E LUBRIFICANTES.,290.03,CARVALHO E ALMEIDA LTDA
220688,2024,2,COMBUSTÍVEIS E LUBRIFICANTES.,397.01,CARVALHO E ALMEIDA LTDA
220688,2024,11,COMBUSTÍVEIS E LUBRIFICANTES.,440.01,CARVALHO E ALMEIDA LTDA
220688,2024,11,COMBUSTÍVEIS E LUBRIFICANTES.,260.04,CARVALHO E ALMEIDA LTDA
220688,2024,2,COMBUSTÍVEIS E LUBRIFICANTES.,376.81,CARVALHO E ALMEIDA LTDA
220688,2024,4,COMBUSTÍVEIS E LUBRIFICANTES.,272.02,CARVALHO E ALMEIDA LTDA
220688,2024,3,COMBUSTÍVEIS E LUBRIFICANTES.,287.55,CARVALHO E ALMEIDA LTDA
220688,2024,3,COMBUSTÍVEIS E LUBRIFICANTES.,243.84,CARVALHO E ALMEIDA LTDA
220688,2024,3,COMBUSTÍVEIS E LUBRIFICANTES.,384.99,CARVALHO E ALMEIDA LTDA
220688,2024,1,COMBUSTÍVEIS E LUBRIFICANTES.,225.05,CARVALHO E ALMEIDA LTDA
220688,2024,4,COMBUSTÍVEIS E LUBRIFICANTES.,466.02,CARVALHO E ALMEIDA LTDA
220688,2024,12,COMBUSTÍVEIS E LUBRIFICANTES.,245.02,COMERCIAL AGRICOLA SUSSUAPARA LTDA
220688,2024,6,COMBUSTÍVEIS E LUBRIFICANTES.,260.04,EDIVALDO ABREU SOUSA EIRELI
220688,2024,3,COMBUSTÍVEIS E LUBRIFICANTES.,1500.0,"GOES COMBUSTIVEIS, LUBRIFICANTES E GLP LTDA"
220688,2024,5,COMBUSTÍVEIS E LUBRIFICANTES.,1500.0,"GOES COMBUSTIVEIS, LUBRIFICANTES E GLP LTDA"
220688,2024,7,COMBUSTÍVEIS E LUBRIFICANTES.,1500.0,"GOES COMBUSTIVEIS, LUBRIFICANTES E GLP LTDA"
220688,2024,8,COMBUSTÍVEIS E LUBRIFICANTES.,1000.0,"GOES COMBUSTIVEIS, LUBRIFICANTES E GLP LTDA"
220688,2024,10,COMBUSTÍVEIS E LUBRIFICANTES.,1000.0,"GOES COMBUSTIVEIS, LUBRIFICANTES E GLP LTDA"
220688,2024,11,COMBUSTÍVEIS E LUBRIFICANTES.,1000.0,"GOES COMBUSTIVEIS, LUBRIFICANTES E GLP LTDA"
220688,2024,12,COMBUSTÍVEIS E LUBRIFICANTES.,1000.0,"GOES COMBUSTIVEIS, LUBRIFICANTES E GLP LTDA"
220688,2024,8,COMBUSTÍVEIS E LUBRIFICANTES.,326.02,IRMAOS RODRIGUES E SANTOS LTDA
220688,2024,9,COMBUSTÍVEIS E LUBRIFICANTES.,313.01,IRMAOS RODRIGUES E SANTOS LTDA
220688,2024,8,COMBUSTÍVEIS E LUBRIFICANTES.,213.03,ISADORA KALINE DE SOUSA SANTOS EIRELI
220688,2024,4,COMBUSTÍVEIS E LUBRIFICANTES.,332.21,J L CARVALHO DA SILVA ME
220688,2024,5,COMBUSTÍVEIS E LUBRIFICANTES.,300.0,JK PETROLEO EIRELI EPP
220688,2024,5,COMBUSTÍVEIS E LUBRIFICANTES.,250.08,JK PETROLEO EIRELI EPP
220688,2024,5,COMBUSTÍVEIS E LUBRIFICANTES.,340.02,JK PETROLEO EIRELI EPP
220688,2024,6,COMBUSTÍVEIS E LUBRIFICANTES.,312.45,JK PETROLEO EIRELI EPP
220688,2024,7,COMBUSTÍVEIS E LUBRIFICANTES.,375.0,JK PETROLEO EIRELI EPP
220688,2024,8,COMBUSTÍVEIS E LUBRIFICANTES.,235.01,JK PETROLEO EIRELI EPP
220688,2024,8,COMBUSTÍVEIS E LUBRIFICANTES.,385.04,JK PETROLEO EIRELI EPP
220688,2024,10,COMBUSTÍVEIS E LUBRIFICANTES.,390.37,L C PETROLEO LTDA
220688,2024,6,COMBUSTÍVEIS E LUBRIFICANTES.,392.02,M DE J C SAMPAIO LTDA
220688,2024,7,COMBUSTÍVEIS E LUBRIFICANTES.,260.02,MANOEL FRAGOSO E CIA
220688,2024,9,COMBUSTÍVEIS E LUBRIFICANTES.,425.01,MANOEL FRAGOSO E CIA
220688,2024,9,COMBUSTÍVEIS E LUBRIFICANTES.,250.02,MANOEL FRAGOSO E CIA
220688,2024,4,COMBUSTÍVEIS E LUBRIFICANTES.,290.02,MARIA DA CONCEICAO CARVALHO REIS
220688,2024,3,COMBUSTÍVEIS E LUBRIFICANTES.,339.67,NOVO DERIVADO DE PETROLEO LTDA
220688,2024,10,COMBUSTÍVEIS E LUBRIFICANTES.,200.03,NOVO DERIVADO DE PETROLEO LTDA
220688,2024,10,COMBUSTÍVEIS E LUBRIFICANTES.,160.02,NOVO DERIVADO DE PETROLEO LTDA
220688,2024,12,COMBUSTÍVEIS E LUBRIFICANTES.,201.03,NOVO DERIVADO DE PETROLEO LTDA
220688,2024,2,COMBUSTÍVEIS E LUBRIFICANTES.,285.03,PIPEL - PICOS PETROLEO LTDA
220688,2024,3,COMBUSTÍVEIS E LUBRIFICANTES.,340.0,PIPEL - PICOS PETROLEO LTDA
220688,2024,4,COMBUSTÍVEIS E LUBRIFICANTES.,320.0,PIPEL - PICOS PETROLEO LTDA
220688,2024,7,COMBUSTÍVEIS E LUBRIFICANTES.,150.0,PIPEL - PICOS PETROLEO LTDA
220688,2024,7,COMBUSTÍVEIS E LUBRIFICANTES.,360.0,PIPEL - PICOS PETROLEO LTDA
220688,2024,9,COMBUSTÍVEIS E LUBRIFICANTES.,380.03,PIPEL - PICOS PETROLEO LTDA
220688,2024,9,COMBUSTÍVEIS E LUBRIFICANTES.,360.0,PIPEL - PICOS PETROLEO LTDA
220688,2024,9,COMBUSTÍVEIS E LUBRIFICANTES.,280.01,PIPEL - PICOS PETROLEO LTDA
220688,2024,9,COMBUSTÍVEIS E LUBRIFICANTES.,200.0,POSTAO 9 CENTRO LTDA
220688,2024,6,COMBUSTÍVEIS E LUBRIFICANTES.,350.1,POSTO BAZILAO LTDA
220688,2024,1,COMBUSTÍVEIS E LUBRIFICANTES.,195.01,POSTO CLEMENTINO LTDA
220688,2024,9,COMBUSTÍVEIS E LUBRIFICANTES.,350.0,POSTO CRISTO REI LTDA
220688,2024,2,COMBUSTÍVEIS E LUBRIFICANTES.,250.0,POSTO KENNEDY LTDA
220688,2024,9,COMBUSTÍVEIS E LUBRIFICANTES.,245.0,POSTO KENNEDY LTDA
220688,2024,2,COMBUSTÍVEIS E LUBRIFICANTES.,150.0,POSTO MARTINEZ LTDA
220688,2024,6,COMBUSTÍVEIS E LUBRIFICANTES.,174.0,POSTO NOSSA SENHORA DA CONCEICAO DE APARECIDA LTDA
220688,2024,6,COMBUSTÍVEIS E LUBRIFICANTES.,250.0,POSTO P. DA SILVA LTDA - ME
220688,2024,6,COMBUSTÍVEIS E LUBRIFICANTES.,349.02,POSTO P. DA SILVA LTDA - ME
220688,2024,4,COMBUSTÍVEIS E LUBRIFICANTES.,365.0,POSTO SANTA LUCIA LTDA.
220688,2024,1,COMBUSTÍVEIS E LUBRIFICANTES.,155.03,POSTO SERRA AZUL EIRELI LTDA
220688,2024,10,COMBUSTÍVEIS E LUBRIFICANTES.,340.04,POSTO SERRA AZUL EIRELI LTDA
220688,2024,12,COMBUSTÍVEIS E LUBRIFICANTES.,255.04,POSTO SERRA AZUL EIRELI LTDA
220688,2024,1,COMBUSTÍVEIS E LUBRIFICANTES.,220.0,R. DEMES E CIA LTDA
220688,2024,8,COMBUSTÍVEIS E LUBRIFICANTES.,240.04,Sousa Bezerra Ltda
220688,2024,3,COMBUSTÍVEIS E LUBRIFICANTES.,220.04,TRANSSERVICE PETROLEO LTDA
220688,2024,3,COMBUSTÍVEIS E LUBRIFICANTES.,290.42,TRANSSERVICE PETROLEO LTDA
220688,2024,5,COMBUSTÍVEIS E LUBRIFICANTES.,222.83,TRANSSERVICE PETROLEO LTDA
220688,2024,5,COMBUSTÍVEIS E LUBRIFICANTES.,287.27,TRANSSERVICE PETROLEO LTDA
220688,2024,5,COMBUSTÍVEIS E LUBRIFICANTES.,280.0,TRANSSERVICE PETROLEO LTDA
220688,2024,6,COMBUSTÍVEIS E LUBRIFICANTES.,241.88,TRANSSERVICE PETROLEO LTDA
220688,2024,6,COMBUSTÍVEIS E LUBRIFICANTES.,206.55,TRANSSERVICE PETROLEO LTDA
220688,2024,6,COMBUSTÍVEIS E LUBRIFICANTES.,337.14,TRANSSERVICE PETROLEO LTDA
220688,2024,2,COMBUSTÍVEIS E LUBRIFICANTES.,2412.94,TRANSSERVICE PETROLEO LTDA
220688,2024,7,COMBUSTÍVEIS E LUBRIFICANTES.,1817.68,TRANSSERVICE PETROLEO LTDA
220688,2024,8,COMBUSTÍVEIS E LUBRIFICANTES.,2549.36,TRANSSERVICE PETROLEO LTDA
220688,2024,9,COMBUSTÍVEIS E LUBRIFICANTES.,2194.79,TRANSSERVICE PETROLEO LTDA
220688,2024,10,COMBUSTÍVEIS E LUBRIFICANTES.,2462.95,TRANSSERVICE PETROLEO LTDA
220688,2024,11,COMBUSTÍVEIS E LUBRIFICANTES.,3091.96,TRANSSERVICE PETROLEO LTDA
220688,2024,12,COMBUSTÍVEIS E LUBRIFICANTES.,2637.78,TRANSSERVICE PETROLEO LTDA
220688,2024,3,COMBUSTÍVEIS E LUBRIFICANTES.,226.49,TRANSSERVICE PETROLEO LTDA
220688,2024,3,COMBUSTÍVEIS E LUBRIFICANTES.,271.82,TRANSSERVICE PETROLEO LTDA
220688,2024,3,COMBUSTÍVEIS E LUBRIFICANTES.,225.04,TRANSSERVICE PETROLEO LTDA
220688,2024,3,COMBUSTÍVEIS E LUBRIFICANTES.,273.79,TRANSSERVICE PETROLEO LTDA
220688,2024,3,COMBUSTÍVEIS E LUBRIFICANTES.,229.98,TRANSSERVICE PETROLEO LTDA
220688,2024,3,COMBUSTÍVEIS E LUBRIFICANTES.,284.99,TRANSSERVICE PETROLEO LTDA
220688,2024,5,COMBUSTÍVEIS E LUBRIFICANTES.,280.45,TRANSSERVICE PETROLEO LTDA
220688,2024,5,COMBUSTÍVEIS E LUBRIFICANTES.,284.03,TRANSSERVICE PETROLEO LTDA
220688,2024,6,COMBUSTÍVEIS E LUBRIFICANTES.,250.94,TRANSSERVICE PETROLEO LTDA
220688,2024,6,COMBUSTÍVEIS E LUBRIFICANTES.,224.77,TRANSSERVICE PETROLEO LTDA
220688,2024,6,COMBUSTÍVEIS E LUBRIFICANTES.,290.01,TRANSSERVICE PETROLEO LTDA
220688,2024,6,COMBUSTÍVEIS E LUBRIFICANTES.,223.66,TRANSSERVICE PETROLEO LTDA
220688,2024,6,COMBUSTÍVEIS E LUBRIFICANTES.,178.49,TRANSSERVICE PETROLEO LTDA
220688,2024,6,COMBUSTÍVEIS E LUBRIFICANTES.,223.88,TRANSSERVICE PETROLEO LTDA
220688,2024,6,COMBUSTÍVEIS E LUBRIFICANTES.,352.84,TRANSSERVICE PETROLEO LTDA
220688,2024,1,COMBUSTÍVEIS E LUBRIFICANTES.,5890.0,TRANSSERVICE PETROLEO LTDA
220688,2024,2,COMBUSTÍVEIS E LUBRIFICANTES.,2576.89,TRANSSERVICE PETROLEO LTDA
220688,2024,4,COMBUSTÍVEIS E LUBRIFICANTES.,4175.14,TRANSSERVICE PETROLEO LTDA
220688,2024,7,COMBUSTÍVEIS E LUBRIFICANTES.,2547.24,TRANSSERVICE PETROLEO LTDA
220688,2024,8,COMBUSTÍVEIS E LUBRIFICANTES.,3454.28,TRANSSERVICE PETROLEO LTDA
220688,2024,9,COMBUSTÍVEIS E LUBRIFICANTES.,2850.83,TRANSSERVICE PETROLEO LTDA
220688,2024,10,COMBUSTÍVEIS E LUBRIFICANTES.,2447.92,TRANSSERVICE PETROLEO LTDA
220688,2024,11,COMBUSTÍVEIS E LUBRIFICANTES.,3888.46,TRANSSERVICE PETROLEO LTDA
220688,2024,12,COMBUSTÍVEIS E LUBRIFICANTES.,2326.1,TRANSSERVICE PETROLEO LTDA
220688,2024,3,COMBUSTÍVEIS E LUBRIFICANTES.,290.04,TRANSSERVICE PETROLEO LTDA
220688,2024,3,COMBUSTÍVEIS E LUBRIFICANTES.,240.13,TRANSSERVICE PETROLEO LTDA
220688,2024,3,COMBUSTÍVEIS E LUBRIFICANTES.,365.59,TRANSSERVICE PETROLEO LTDA
220688,2024,3,COMBUSTÍVEIS E LUBRIFICANTES.,298.16,TRANSSERVICE PETROLEO LTDA
220688,2024,5,COMBUSTÍVEIS E LUBRIFICANTES.,252.02,TRANSSERVICE PETROLEO LTDA
220688,2024,5,COMBUSTÍVEIS E LUBRIFICANTES.,266.92,TRANSSERVICE PETROLEO LTDA
220688,2024,5,COMBUSTÍVEIS E LUBRIFICANTES.,311.81,TRANSSERVICE PETROLEO LTDA
220688,2024,5,COMBUSTÍVEIS E LUBRIFICANTES.,225.21,TRANSSERVICE PETROLEO LTDA
220688,2024,5,COMBUSTÍVEIS E LUBRIFICANTES.,307.83,TRANSSERVICE PETROLEO LTDA
220688,2024,6,COMBUSTÍVEIS E LUBRIFICANTES.,378.8,TRANSSERVICE PETROLEO LTDA
220688,2024,5,COMBUSTÍVEIS E LUBRIFICANTES.,240.0,TRANSSERVICE PETROLEO LTDA
220688,2024,5,COMBUSTÍVEIS E LUBRIFICANTES.,295.37,TRANSSERVICE PETROLEO LTDA
220688,2024,5,COMBUSTÍVEIS E LUBRIFICANTES.,271.07,TRANSSERVICE PETROLEO LTDA
220688,2024,6,COMBUSTÍVEIS E LUBRIFICANTES.,171.61,TRANSSERVICE PETROLEO LTDA
220688,2024,6,COMBUSTÍVEIS E LUBRIFICANTES.,161.02,TRANSSERVICE PETROLEO LTDA
220688,2024,6,COMBUSTÍVEIS E LUBRIFICANTES.,306.25,TRANSSERVICE PETROLEO LTDA
220688,2024,6,COMBUSTÍVEIS E LUBRIFICANTES.,270.04,TRANSSERVICE PETROLEO LTDA
220688,2024,6,COMBUSTÍVEIS E LUBRIFICANTES.,300.05,TRANSSERVICE PETROLEO LTDA
220688,2024,6,COMBUSTÍVEIS E LUBRIFICANTES.,250.02,TRANSSERVICE PETROLEO LTDA
220688,2024,6,COMBUSTÍVEIS E LUBRIFICANTES.,214.43,TRANSSERVICE PETROLEO LTDA
220688,2024,6,COMBUSTÍVEIS E LUBRIFICANTES.,55.33,TRANSSERVICE PETROLEO LTDA
220688,2024,6,COMBUSTÍVEIS E LUBRIFICANTES.,223.94,TRANSSERVICE PETROLEO LTDA
220688,2024,3,COMBUSTÍVEIS E LUBRIFICANTES.,324.91,TRANSSERVICE PETROLEO LTDA
220688,2024,3,COMBUSTÍVEIS E LUBRIFICANTES.,305.41,TRANSSERVICE PETROLEO LTDA
220688,2024,3,COMBUSTÍVEIS E LUBRIFICANTES.,313.2,TRANSSERVICE PETROLEO LTDA
220688,2024,3,COMBUSTÍVEIS E LUBRIFICANTES.,267.8,TRANSSERVICE PETROLEO LTDA
220688,2024,3,COMBUSTÍVEIS E LUBRIFICANTES.,287.57,TRANSSERVICE PETROLEO LTDA
220688,2024,3,COMBUSTÍVEIS E LUBRIFICANTES.,270.05,TRANSSERVICE PETROLEO LTDA
220688,2024,3,COMBUSTÍVEIS E LUBRIFICANTES.,361.32,TRANSSERVICE PETROLEO LTDA
220688,2024,5,COMBUSTÍVEIS E LUBRIFICANTES.,205.22,TRANSSERVICE PETROLEO LTDA
220688,2024,5,COMBUSTÍVEIS E LUBRIFICANTES.,203.03,TRANSSERVICE PETROLEO LTDA
220688,2024,5,COMBUSTÍVEIS E LUBRIFICANTES.,329.7,TRANSSERVICE PETROLEO LTDA
220688,2024,5,COMBUSTÍVEIS E LUBRIFICANTES.,232.18,TRANSSERVICE PETROLEO LTDA
220688,2024,5,COMBUSTÍVEIS E LUBRIFICANTES.,275.51,TRANSSERVICE PETROLEO LTDA
220688,2024,5,COMBUSTÍVEIS E LUBRIFICANTES.,195.39,TRANSSERVICE PETROLEO LTDA
220688,2024,6,COMBUSTÍVEIS E LUBRIFICANTES.,392.59,TRANSSERVICE PETROLEO LTDA
220688,2024,6,COMBUSTÍVEIS E LUBRIFICANTES.,169.31,TRANSSERVICE PETROLEO LTDA
220688,2024,6,COMBUSTÍVEIS E LUBRIFICANTES.,200.05,TRANSSERVICE PETROLEO LTDA
220688,2024,6,COMBUSTÍVEIS E LUBRIFICANTES.,373.61,TRANSSERVICE PETROLEO LTDA
220688,2024,6,COMBUSTÍVEIS E LUBRIFICANTES.,357.74,TRANSSERVICE PETROLEO LTDA
220688,2024,12,DIVULGAÇÃO DA ATIVIDADE PARLAMENTAR.,1500.0,AGENCIA VIXE LTDA
220688,2024,12,DIVULGAÇÃO DA ATIVIDADE PARLAMENTAR.,1000.0,ALFA COMUNICAÇÃO E MARKETING DIGITAL LTDA
220688,2024,12,DIVULGAÇÃO DA ATIVIDADE PARLAMENTAR.,6000.0,BIANCA LAURA DA SILVA RAMOS 43045390862
220688,2024,5,DIVULGAÇÃO DA ATIVIDADE PARLAMENTAR.,1000.0,ELDORADO COMUNICACAO E JORNALISMO LTDA
220688,2024,6,DIVULGAÇÃO DA ATIVIDADE PARLAMENTAR.,1000.0,ELDORADO COMUNICACAO E JORNALISMO LTDA
220688,2024,9,DIVULGAÇÃO DA ATIVIDADE PARLAMENTAR.,1000.0,ELDORADO COMUNICACAO E JORNALISMO LTDA
220688,2024,10,DIVULGAÇÃO DA ATIVIDADE PARLAMENTAR.,1000.0,ELDORADO COMUNICACAO E JORNALISMO LTDA
220688,2024,12,DIVULGAÇÃO DA ATIVIDADE PARLAMENTAR.,1000.0,ELDORADO COMUNICACAO E JORNALISMO LTDA
220688,2024,5,DIVULGAÇÃO DA ATIVIDADE PARLAMENTAR.,3000.0,GOMO COMUNICAÇÂO LTDA
220688,2024,1,DIVULGAÇÃO DA ATIVIDADE PARLAMENTAR.,3000.0,RAFAEL DA SILVA OLIVEIRA
220688,2024,2,DIVULGAÇÃO DA ATIVIDADE PARLAMENTAR.,3000.0,RAFAEL DA SILVA OLIVEIRA
220688,2024,3,DIVULGAÇÃO DA ATIVIDADE PARLAMENTAR.,3000.0,RAFAEL DA SILVA OLIVEIRA
220688,2024,4,DIVULGAÇÃO DA ATIVIDADE PARLAMENTAR.,3000.0,RAFAEL DA SILVA OLIVEIRA
220688,2024,5,DIVULGAÇÃO DA ATIVIDADE PARLAMENTAR.,3000.0,RAFAEL DA SILVA OLIVEIRA
220688,2024,6,DIVULGAÇÃO DA ATIVIDADE PARLAMENTAR.,3000.0,RAFAEL DA SILVA OLIVEIRA
220688,2024,7,DIVULGAÇÃO DA ATIVIDADE PARLAMENTAR.,3000.0,RAFAEL DA SILVA OLIVEIRA
220688,2024,8,DIVULGAÇÃO DA ATIVIDADE PARLAMENTAR.,3000.0,RAFAEL DA SILVA OLIVEIRA
220688,2024,9,DIVULGAÇÃO DA ATIVIDADE PARLAMENTAR.,3000.0,RAFAEL DA SILVA OLIVEIRA
220688,2024,10,DIVULGAÇÃO DA ATIVIDADE PARLAMENTAR.,3000.0,RAFAEL DA SILVA OLIVEIRA
220688,2024,11,DIVULGAÇÃO DA ATIVIDADE PARLAMENTAR.,3000.0,RAFAEL DA SILVA OLIVEIRA
220688,2024,12,DIVULGAÇÃO DA ATIVIDADE PARLAMENTAR.,3000.0,RAFAEL DA SILVA OLIVEIRA
220688,2024,10,DIVULGAÇÃO DA ATIVIDADE PARLAMENTAR.,5500.0,SOPHIA LUSTOSADE CASTRO CARNEIRO
220688,2024,11,DIVULGAÇÃO DA ATIVIDADE PARLAMENTAR.,5500.0,SOPHIA LUSTOSADE CASTRO CARNEIRO
220688,2024,12,DIVULGAÇÃO DA ATIVIDADE PARLAMENTAR.,5500.0,SOPHIA LUSTOSADE CASTRO CARNEIRO
220688,2024,1,DIVULGAÇÃO DA ATIVIDADE PARLAMENTAR.,12000.0,ZION COMUNICAÇÃO E ESTRATEGIA LTDA
220688,2024,2,DIVULGAÇÃO DA ATIVIDADE PARLAMENTAR.,12000.0,ZION COMUNICAÇÃO E ESTRATEGIA LTDA
220688,2024,3,DIVULGAÇÃO DA ATIVIDADE PARLAMENTAR.,12000.0,ZION COMUNICAÇÃO E ESTRATEGIA LTDA
220688,2024,1,SERVIÇO DE SEGURANÇA PRESTADO POR EMPRESA ESPECIALIZADA.,8700.0,SERVFAZ SERVIÇOS DE SEGURANÇA LTDA
220688,2024,2,SERVIÇO DE SEGURANÇA PRESTADO POR EMPRESA ESPECIALIZADA.,8700.0,SERVFAZ SERVIÇOS DE SEGURANÇA LTDA
220688,2024,3,SERVIÇO DE SEGURANÇA PRESTADO POR EMPRESA ESPECIALIZADA.,8700.0,SERVFAZ SERVIÇOS DE SEGURANÇA LTDA
220688,2024,4,SERVIÇO DE SEGURANÇA PRESTADO POR EMPRESA ESPECIALIZADA.,8700.0,SERVFAZ SERVIÇOS DE SEGURANÇA LTDA
220688,2024,5,SERVIÇO DE SEGURANÇA PRESTADO POR EMPRESA ESPECIALIZADA.,8700.0,SERVFAZ SERVIÇOS DE SEGURANÇA LTDA
220688,2024,6,SERVIÇO DE SEGURANÇA PRESTADO POR EMPRESA ESPECIALIZADA.,8700.0,SERVFAZ SERVIÇOS DE SEGURANÇA LTDA
220688,2024,7,SERVIÇO DE SEGURANÇA PRESTADO POR EMPRESA ESPECIALIZADA.,8700.0,SERVFAZ SERVIÇOS DE SEGURANÇA LTDA
220688,2024,8,SERVIÇO DE SEGURANÇA PRESTADO POR EMPRESA ESPECIALIZADA.,8700.0,SERVFAZ SERVIÇOS DE SEGURANÇA LTDA
220688,2024,9,SERVIÇO DE SEGURANÇA PRESTADO POR EMPRESA ESPECIALIZADA.,8700.0,SERVFAZ SERVIÇOS DE SEGURANÇA LTDA
220688,2024,10,SERVIÇO DE SEGURANÇA PRESTADO POR EMPRESA ESPECIALIZADA.,8700.0,SERVFAZ SERVIÇOS DE SEGURANÇA LTDA
220688,2024,11,SERVIÇO DE SEGURANÇA PRESTADO POR EMPRESA ESPECIALIZADA.,8700.0,SERVFAZ SERVIÇOS DE SEGURANÇA LTDA
220688,2024,12,SERVIÇO DE SEGURANÇA PRESTADO POR EMPRESA ESPECIALIZADA.,8700.0,SERVFAZ SERVIÇOS DE SEGURANÇA LTDA
220688,2024,2,TELEFONIA,117.72,CELULAR FUNCIONAL
220688,2024,1,TELEFONIA,232.99,CLARO S.A.
220688,2024,2,TELEFONIA,228.23,CLARO S.A.
220688,2024,3,TELEFONIA,228.23,CLARO S.A.
220688,2024,4,TELEFONIA,228.23,CLARO S.A.
220688,2024,5,TELEFONIA,246.16,CLARO S.A.
220688,2024,6,TELEFONIA,246.16,CLARO S.A.
220688,2024,8,TELEFONIA,246.16,CLARO S.A.
220688,2024,9,TELEFONIA,246.16,CLARO S.A.
220688,2024,10,TELEFONIA,246.16,CLARO S.A.
220688,2024,11,TELEFONIA,246.16,CLARO S.A.
220688,2024,12,TELEFONIA,246.16,CLARO S.A.
220688,2024,12,TELEFONIA,120.41,OI FIBRA
220688,2024,5,TELEFONIA,119.69,OI SA - EM RECUPERAÇÃO JUDICIAL
220688,2024,6,TELEFONIA,119.69,OI SA - EM RECUPERAÇÃO JUDICIAL
220688,2024,1,TELEFONIA,99.69,OI SA - EM RECUPERAÇÃO JUDICIAL
220688,2024,2,TELEFONIA,99.69,OI SA - EM RECUPERAÇÃO JUDICIAL
220688,2024,3,TELEFONIA,99.69,OI SA - EM RECUPERAÇÃO JUDICIAL
220688,2024,4,TELEFONIA,110.66,OI SA - EM RECUPERAÇÃO JUDICIAL
220688,2024,7,TELEFONIA,119.69,OI SA - EM RECUPERAÇÃO JUDICIAL
220688,2024,8,TELEFONIA,120.41,OI SA - EM RECUPERAÇÃO JUDICIAL
220688,2024,9,TELEFONIA,120.41,OI SA - EM RECUPERAÇÃO JUDICIAL
220688,2024,10,TELEFONIA,120.41,OI SA - EM RECUPERAÇÃO JUDICIAL
220688,2024,11,TELEFONIA,120.41,OI SA - EM RECUPERAÇÃO JUDICIAL
220688,2024,10,TELEFONIA,113.27,TELEFONIA BRASIL S/A
220688,2024,3,TELEFONIA,105.92,Telefônica Brasil S A
220688,2024,12,TELEFONIA,113.92,Telefônica Brasil S.A.
220688,2024,1,TELEFONIA,105.92,TELEFONICA BRASIL S.A.
220688,2024,4,TELEFONIA,185.9,Telefônica Brasil S.A. VIVO
220688,2024,7,TELEFONIA,113.92,TELEFONICA BRASIL S.A. VIVO
220688,2024,9,TELEFONIA,113.92,Telefônica Brasil S.A. VIVO
220688,2024,2,TELEFONIA,105.92,TELEFÔNICA BRASIL S/A
220688,2024,8,TELEFONIA,113.46,TELEFÔNICA BRASIL S/A - VIVO
220688,2024,11,TELEFONIA,113.92,TELEFÔNICA BRASIL S/A VIVO
220688,2024,6,TELEFONIA,113.92,TELEFONICA BRASIL SA
220688,2024,5,TELEFONIA,113.92,VIVO TELEFONIA BRASIL S/A
220688,2024,8,FORNECIMENTO DE ALIMENTAÇÃO DO PARLAMENTAR,36.24,CHURRASCARIA E LANCHONETE DOIS IRMAOS LTDA
220688,2024,7,FORNECIMENTO DE ALIMENTAÇÃO DO PARLAMENTAR,39.0,ROZOSTOLATO COMERCIAL DE ALIMENTOS LTDA
220688,2024,10,FORNECIMENTO DE ALIMENTAÇÃO DO PARLAMENTAR,39.0,ROZOSTOLATO COMERCIAL DE ALIMENTOS LTDA
220688,2024,2,FORNECIMENTO DE ALIMENTAÇÃO DO PARLAMENTAR,83.37,SERVICO NACIONAL DE APRENDIZAGEM COMERCIAL SENAC
220688,2024,12,FORNECIMENTO DE ALIMENTAÇÃO DO PARLAMENTAR,87.27,SERVICO NACIONAL DE APRENDIZAGEM COMERCIAL SENAC
220688,2024,2,"HOSPEDAGEM ,EXCETO DO PARLAMENTAR NO DISTRITO FEDERAL.",350.0,ENTRE RIOS HOTEL
220688,2024,9,"HOSPEDAGEM ,EXCETO DO PARLAMENTAR NO DISTRITO FEDERAL.",150.0,ENTRE RIOS HOTEL
220688,2024,9,"HOSPEDAGEM ,EXCETO DO PARLAMENTAR NO DISTRITO FEDERAL.",200.0,ENTRE RIOS HOTEL
220688,2024,6,"HOSPEDAGEM ,EXCETO DO PARLAMENTAR NO DISTRITO FEDERAL.",460.0,PICOS HOTEL
220688,2024,8,"HOSPEDAGEM ,EXCETO DO PARLAMENTAR NO DISTRITO FEDERAL.",340.0,PICOS HOTEL
220688,2024,9,"HOSPEDAGEM ,EXCETO DO PARLAMENTAR NO DISTRITO FEDERAL.",340.0,PICOS HOTEL
220688,2024,9,"HOSPEDAGEM ,EXCETO DO PARLAMENTAR NO DISTRITO FEDERAL.",340.0,PICOS HOTEL
220688,2024,8,"HOSPEDAGEM ,EXCETO DO PARLAMENTAR NO DISTRITO FEDERAL.",480.0,SERRA DA CAPIVARA HOTEL RESORT E CONVENTION SPE LTDA
220688,2024,1,LOCAÇÃO OU FRETAMENTO DE VEÍCULOS AUTOMOTORES,4100.0,MY CAR LOCAÇÃO DE VEICULOS LTDA
220688,2024,1,LOCAÇÃO OU FRETAMENTO DE VEÍCULOS AUTOMOTORES,3000.0,MY CAR LOCAÇÃO DE VEICULOS LTDA
220688,2024,2,LOCAÇÃO OU FRETAMENTO DE VEÍCULOS AUTOMOTORES,4100.0,MY CAR LOCAÇÃO DE VEICULOS LTDA
220688,2024,2,LOCAÇÃO OU FRETAMENTO DE VEÍCULOS AUTOMOTORES,3000.0,MY CAR LOCAÇÃO DE VEICULOS LTDA
220688,2024,3,LOCAÇÃO OU FRETAMENTO DE VEÍCULOS AUTOMOTORES,2600.0,MY CAR LOCAÇÃO DE VEICULOS LTDA
220688,2024,3,LOCAÇÃO OU FRETAMENTO DE VEÍCULOS AUTOMOTORES,2800.0,MY CAR LOCAÇÃO DE VEICULOS LTDA
220688,2024,3,LOCAÇÃO OU FRETAMENTO DE VEÍCULOS AUTOMOTORES,4300.0,MY CAR LOCAÇÃO DE VEICULOS LTDA
220688,2024,4,LOCAÇÃO OU FRETAMENTO DE VEÍCULOS AUTOMOTORES,2600.0,MY CAR LOCAÇÃO DE VEICULOS LTDA
220688,2024,4,LOCAÇÃO OU FRETAMENTO DE VEÍCULOS AUTOMOTORES,2800.0,MY CAR LOCAÇÃO DE VEICULOS LTDA
220688,2024,4,LOCAÇÃO OU FRETAMENTO DE VEÍCULOS AUTOMOTORES,4300.0,MY CAR LOCAÇÃO DE VEICULOS LTDA
220688,2024,5,LOCAÇÃO OU FRETAMENTO DE VEÍCULOS AUTOMOTORES,2600.0,MY CAR LOCAÇÃO DE VEICULOS LTDA
220688,2024,5,LOCAÇÃO OU FRETAMENTO DE VEÍCULOS AUTOMOTORES,2800.0,MY CAR LOCAÇÃO DE VEICULOS LTDA
220688,2024,5,LOCAÇÃO OU FRETAMENTO DE VEÍCULOS AUTOMOTORES,4300.0,MY CAR LOCAÇÃO DE VEICULOS LTDA
220688,2024,6,LOCAÇÃO OU FRETAMENTO DE VEÍCULOS AUTOMOTORES,2600.0,MY CAR LOCAÇÃO DE VEICULOS LTDA
220688,2024,6,LOCAÇÃO OU FRETAMENTO DE VEÍCULOS AUTOMOTORES,2800.0,MY CAR LOCAÇÃO DE VEICULOS LTDA
220688,2024,6,LOCAÇÃO OU FRETAMENTO DE VEÍCULOS AUTOMOTORES,4300.0,MY CAR LOCAÇÃO DE VEICULOS LTDA
220688,2024,7,LOCAÇÃO OU FRETAMENTO DE VEÍCULOS AUTOMOTORES,2600.0,MY CAR LOCAÇÃO DE VEICULOS LTDA
220688,2024,7,LOCAÇÃO OU FRETAMENTO DE VEÍCULOS AUTOMOTORES,2800.0,MY CAR LOCAÇÃO DE VEICULOS LTDA
220688,2024,7,LOCAÇÃO OU FRETAMENTO DE VEÍCULOS AUTOMOTORES,4300.0,MY CAR LOCAÇÃO DE VEICULOS LTDA
220688,2024,8,LOCAÇÃO OU FRETAMENTO DE VEÍCULOS AUTOMOTORES,2600.0,MY CAR LOCAÇÃO DE VEICULOS LTDA
220688,2024,8,LOCAÇÃO OU FRETAMENTO DE VEÍCULOS AUTOMOTORES,2800.0,MY CAR LOCAÇÃO DE VEICULOS LTDA
220688,2024,8,LOCAÇÃO OU FRETAMENTO DE VEÍCULOS AUTOMOTORES,4300.0,MY CAR LOCAÇÃO DE VEICULOS LTDA
220688,2024,9,LOCAÇÃO OU FRETAMENTO DE VEÍCULOS AUTOMOTORES,2600.0,MY CAR LOCAÇÃO DE VEICULOS LTDA
220688,2024,9,LOCAÇÃO OU FRETAMENTO DE VEÍCULOS AUTOMOTORES,2800.0,MY CAR LOCAÇÃO DE VEICULOS LTDA
220688,2024,9,LOCAÇÃO OU FRETAMENTO DE VEÍCULOS AUTOMOTORES,4300.0,MY CAR LOCAÇÃO DE VEICULOS LTDA
220688,2024,10,LOCAÇÃO OU FRETAMENTO DE VEÍCULOS AUTOMOTORES,2600.0,MY CAR LOCAÇÃO DE VEICULOS LTDA
220688,2024,10,LOCAÇÃO OU FRETAMENTO DE VEÍCULOS AUTOMOTORES,2800.0,MY CAR LOCAÇÃO DE VEICULOS LTDA
220688,2024,10,LOCAÇÃO OU FRETAMENTO DE VEÍCULOS AUTOMOTORES,4300.0,MY CAR LOCAÇÃO DE VEICULOS LTDA
220688,2024,11,LOCAÇÃO OU FRETAMENTO DE VEÍCULOS AUTOMOTORES,2600.0,MY CAR LOCAÇÃO DE VEICULOS LTDA
220688,2024,11,LOCAÇÃO OU FRETAMENTO DE VEÍCULOS AUTOMOTORES,2800.0,MY CAR LOCAÇÃO DE VEICULOS LTDA
220688,2024,11,LOCAÇÃO OU FRETAMENTO DE VEÍCULOS AUTOMOTORES,4300.0,MY CAR LOCAÇÃO DE VEICULOS LTDA
220688,2024,12,LOCAÇÃO OU FRETAMENTO DE VEÍCULOS AUTOMOTORES,2600.0,MY CAR LOCAÇÃO DE VEICULOS LTDA
220688,2024,12,LOCAÇÃO OU FRETAMENTO DE VEÍCULOS AUTOMOTORES,2800.0,MY CAR LOCAÇÃO DE VEICULOS LTDA
220688,2024,12,LOCAÇÃO OU FRETAMENTO DE VEÍCULOS AUTOMOTORES,4300.0,MY CAR LOCAÇÃO DE VEICULOS LTDA
220688,2024,7,PASSAGEM AÉREA - SIGEPA,940.4,AZUL
220688,2024,7,PASSAGEM AÉREA - SIGEPA,-940.4,AZUL
220688,2024,7,PASSAGEM AÉREA - SIGEPA,807.27,AZUL
220688,2024,7,PASSAGEM AÉREA - SIGEPA,-807.27,AZUL
220688,2024,1,PASSAGEM AÉREA - SIGEPA,50.0,GOL
220688,2024,1,PASSAGEM AÉREA - SIGEPA,554.41,GOL
220688,2024,2,PASSAGEM AÉREA - SIGEPA,1808.23,GOL
220688,2024,5,PASSAGEM AÉREA - SIGEPA,53.0,GOL
220688,2024,5,PASSAGEM AÉREA - SIGEPA,1609.39,GOL
220688,2024,2,PASSAGEM AÉREA - SIGEPA,1367.51,TAM
220688,2024,2,PASSAGEM AÉREA - SIGEPA,1382.56,TAM
220688,2024,3,PASSAGEM AÉREA - SIGEPA,61.0,TAM
220688,2024,3,PASSAGEM AÉREA - SIGEPA,1367.51,TAM
220688,2024,3,PASSAGEM AÉREA - SIGEPA,87.0,TAM
220688,2024,3,PASSAGEM AÉREA - SIGEPA,1381.34,TAM
220688,2024,4,PASSAGEM AÉREA - SIGEPA,78.0,TAM
220688,2024,4,PASSAGEM AÉREA - SIGEPA,1383.56,TAM
220688,2024,5,PASSAGEM AÉREA - SIGEPA,-446.96,TAM
220688,2024,5,PASSAGEM AÉREA - SIGEPA,78.0,TAM
220688,2024,5,PASSAGEM AÉREA - SIGEPA,1383.56,TAM
220688,2024,5,PASSAGEM AÉREA - SIGEPA,1367.51,TAM
220688,2024,5,PASSAGEM AÉREA - SIGEPA,90.0,TAM
220688,2024,5,PASSAGEM AÉREA - SIGEPA,1245.38,TAM
220688,2024,5,PASSAGEM AÉREA - SIGEPA,111.52,TAM
220688,2024,6,PASSAGEM AÉREA - SIGEPA,1383.56,TAM
220688,2024,6,PASSAGEM AÉREA - SIGEPA,86.0,TAM
220688,2024,6,PASSAGEM AÉREA - SIGEPA,1367.51,TAM
220688,2024,6,PASSAGEM AÉREA - SIGEPA,1367.51,TAM
220688,2024,7,PASSAGEM AÉREA - SIGEPA,75.0,TAM
220688,2024,7,PASSAGEM AÉREA - SIGEPA,1484.56,TAM
220688,2024,8,PASSAGEM AÉREA - SIGEPA,100.0,TAM
220688,2024,8,PASSAGEM AÉREA - SIGEPA,1468.51,TAM
220688,2024,8,PASSAGEM AÉREA - SIGEPA,-1484.56,TAM
220688,2024,8,PASSAGEM AÉREA - SIGEPA,16.05,TAM
220688,2024,8,PASSAGEM AÉREA - SIGEPA,100.0,TAM
220688,2024,8,PASSAGEM AÉREA - SIGEPA,1469.95,TAM
220688,2024,8,PASSAGEM AÉREA - SIGEPA,-1484.56,TAM
220688,2024,8,PASSAGEM AÉREA - SIGEPA,80.0,TAM
220688,2024,8,PASSAGEM AÉREA - SIGEPA,1484.56,TAM
220688,2024,8,PASSAGEM AÉREA - SIGEPA,-1484.56,TAM
220688,2024,8,PASSAGEM AÉREA - SIGEPA,14.61,TAM
220688,2024,9,PASSAGEM AÉREA - SIGEPA,100.0,TAM
220688,2024,9,PASSAGEM AÉREA - SIGEPA,1484.56,TAM
220688,2024,10,PASSAGEM AÉREA - SIGEPA,120.0,TAM
220688,2024,10,PASSAGEM AÉREA - SIGEPA,1469.95,TAM
220688,2024,10,PASSAGEM AÉREA - SIGEPA,-296.9,TAM
220688,2024,10,PASSAGEM AÉREA - SIGEPA,100.0,TAM
220688,2024,10,PASSAGEM AÉREA - SIGEPA,1781.46,TAM
220688,2024,10,PASSAGEM AÉREA - SIGEPA,76.0,TAM
220688,2024,10,PASSAGEM AÉREA - SIGEPA,1469.95,TAM
220688,2024,10,PASSAGEM AÉREA - SIGEPA,-1483.27,TAM
220688,2024,10,PASSAGEM AÉREA - SIGEPA,54.0,TAM
220688,2024,10,PASSAGEM AÉREA - SIGEPA,1483.27,TAM
220688,2024,10,PASSAGEM AÉREA - SIGEPA,100.0,TAM
220688,2024,10,PASSAGEM AÉREA - SIGEPA,1469.95,TAM
220688,2024,10,PASSAGEM AÉREA - SIGEPA,76.0,TAM
220688,2024,10,PASSAGEM AÉREA - SIGEPA,1452.87,TAM
220688,2024,10,PASSAGEM AÉREA - SIGEPA,76.0,TAM
220688,2024,10,PASSAGEM AÉREA - SIGEPA,1483.27,TAM
220688,2024,10,PASSAGEM AÉREA - SIGEPA,94.0,TAM
220688,2024,10,PASSAGEM AÉREA - SIGEPA,1483.27,TAM
220688,2024,10,PASSAGEM AÉREA - SIGEPA,-1469.95,TAM
220688,2024,10,PASSAGEM AÉREA - SIGEPA,61.0,TAM
220688,2024,10,PASSAGEM AÉREA - SIGEPA,1469.95,TAM
220688,2024,11,PASSAGEM AÉREA - SIGEPA,76.0,TAM
220688,2024,11,PASSAGEM AÉREA - SIGEPA,1417.95,TAM
220688,2024,11,PASSAGEM AÉREA - SIGEPA,72.0,TAM
220688,2024,11,PASSAGEM AÉREA - SIGEPA,1483.27,TAM
220688,2024,12,PASSAGEM AÉREA - SIGEPA,1944.95,TAM
220688,2024,12,PASSAGEM AÉREA - SIGEPA,-1194.91,TAM
220688,2024,12,PASSAGEM AÉREA - SIGEPA,100.0,TAM
220688,2024,12,PASSAGEM AÉREA - SIGEPA,1194.91,TAM
220688,2024,12,PASSAGEM AÉREA - SIGEPA,-606.06,TAM
220688,2024,12,PASSAGEM AÉREA - SIGEPA,100.0,TAM
220688,2024,12,PASSAGEM AÉREA - SIGEPA,606.06,TAM
220688,2024,12,PASSAGEM AÉREA - SIGEPA,-909.46,TAM
220688,2024,12,PASSAGEM AÉREA - SIGEPA,909.46,TAM
220688,2024,12,PASSAGEM AÉREA - SIGEPA,-1469.95,TAM
220688,2024,12,PASSAGEM AÉREA - SIGEPA,100.0,TAM
220688,2024,12,PASSAGEM AÉREA - SIGEPA,1469.95,TAM
220688,2025,3,MANUTENÇÃO DE ESCRITÓRIO DE APOIO À ATIVIDADE PARLAMENTAR,85.08,AGUAS DE TERESINA SAN. SPE SA
220688,2025,4,MANUTENÇÃO DE ESCRITÓRIO DE APOIO À ATIVIDADE PARLAMENTAR,76.57,AGUAS DE TERESINA SAN. SPE SA
220688,2025,5,MANUTENÇÃO DE ESCRITÓRIO DE APOIO À ATIVIDADE PARLAMENTAR,76.57,AGUAS DE TERESINA SAN. SPE SA
220688,2025,6,MANUTENÇÃO DE ESCRITÓRIO DE APOIO À ATIVIDADE PARLAMENTAR,76.57,AGUAS DE TERESINA SAN. SPE SA
220688,2025,7,MANUTENÇÃO DE ESCRITÓRIO DE APOIO À ATIVIDADE PARLAMENTAR,77.36,AGUAS DE TERESINA SAN. SPE SA
220688,2025,8,MANUTENÇÃO DE ESCRITÓRIO DE APOIO À ATIVIDADE PARLAMENTAR,79.06,AGUAS DE TERESINA SAN. SPE SA
220688,2025,9,MANUTENÇÃO DE ESCRITÓRIO DE APOIO À ATIVIDADE PARLAMENTAR,79.06,AGUAS DE TERESINA SAN. SPE SA
220688,2025,10,MANUTENÇÃO DE ESCRITÓRIO DE APOIO À ATIVIDADE PARLAMENTAR,93.79,AGUAS DE TERESINA SAN. SPE SA
220688,2025,11,MANUTENÇÃO DE ESCRITÓRIO DE APOIO À ATIVIDADE PARLAMENTAR,79.06,AGUAS DE TERESINA SAN. SPE SA
220688,2025,12,MANUTENÇÃO DE ESCRITÓRIO DE APOIO À ATIVIDADE PARLAMENTAR,79.06,AGUAS DE TERESINA SAN. SPE SA
220688,2025,2,MANUTENÇÃO DE ESCRITÓRIO DE APOIO À ATIVIDADE PARLAMENTAR,85.08,AGUAS DE TERESINA SAN. SPE SA
220688,2025,1,MANUTENÇÃO DE ESCRITÓRIO DE APOIO À ATIVIDADE PARLAMENTAR,850.81,Companhia Energética do Piauí
220688,2025,2,MANUTENÇÃO DE ESCRITÓRIO DE APOIO À ATIVIDADE PARLAMENTAR,1361.04,Companhia Energética do Piauí
220688,2025,3,MANUTENÇÃO DE ESCRITÓRIO DE APOIO À ATIVIDADE PARLAMENTAR,1066.84,Companhia Energética do Piauí
220688,2025,4,MANUTENÇÃO DE ESCRITÓRIO DE APOIO À ATIVIDADE PARLAMENTAR,1297.33,Companhia Energética do Piauí
220688,2025,5,MANUTENÇÃO DE ESCRITÓRIO DE APOIO À ATIVIDADE PARLAMENTAR,1416.4,Companhia Energética do Piauí
220688,2025,6,MANUTENÇÃO DE ESCRITÓRIO DE APOIO À ATIVIDADE PARLAMENTAR,1343.84,Companhia Energética do Piauí
220688,2025,7,MANUTENÇÃO DE ESCRITÓRIO DE APOIO À ATIVIDADE PARLAMENTAR,1344.43,Companhia Energética do Piauí
220688,2025,8,MANUTENÇÃO DE ESCRITÓRIO DE APOIO À ATIVIDADE PARLAMENTAR,1674.45,Companhia Energética do Piauí
220688,2025,9,MANUTENÇÃO DE ESCRITÓRIO DE APOIO À ATIVIDADE PARLAMENTAR,2093.94,Companhia Energética do Piauí
220688,2025,10,MANUTENÇÃO DE ESCRITÓRIO DE APOIO À ATIVIDADE PARLAMENTAR,1800.72,Companhia Energética do Piauí
220688,2025,11,MANUTENÇÃO DE ESCRITÓRIO DE APOIO À ATIVIDADE PARLAMENTAR,1869.66,Companhia Energética do Piauí
220688,2025,12,MANUTENÇÃO DE ESCRITÓRIO DE APOIO À ATIVIDADE PARLAMENTAR,1305.98,Companhia Energética do Piauí
220688,2025,4,MANUTENÇÃO DE ESCRITÓRIO DE APOIO À ATIVIDADE PARLAMENTAR,4000.0,J & M EMPREENDIMENTOS IMOBILIÁRIOS LTDA
220688,2025,6,MANUTENÇÃO DE ESCRITÓRIO DE APOIO À ATIVIDADE PARLAMENTAR,4000.0,J & M EMPREENDIMENTOS IMOBILIÁRIOS LTDA
220688,2025,7,MANUTENÇÃO DE ESCRITÓRIO DE APOIO À ATIVIDADE PARLAMENTAR,4000.0,J & M EMPREENDIMENTOS IMOBILIÁRIOS LTDA
220688,2025,9,MANUTENÇÃO DE ESCRITÓRIO DE APOIO À ATIVIDADE PARLAMENTAR,4000.0,J & M EMPREENDIMENTOS IMOBILIÁRIOS LTDA
220688,2025,12,MANUTENÇÃO DE ESCRITÓRIO DE APOIO À ATIVIDADE PARLAMENTAR,4000.0,J & M EMPREENDIMENTOS IMOBILIÁRIOS LTDA
220688,2025,10,MANUTENÇÃO DE ESCRITÓRIO DE APOIO À ATIVIDADE PARLAMENTAR,4000.0,J & M EMPREENDIMENTOS IMOBILIÁRIOS LTDA
220688,2025,8,MANUTENÇÃO DE ESCRITÓRIO DE APOIO À ATIVIDADE PARLAMENTAR,4000.0,J & M EMPREENDIMENTOS IMOBILIÁRIOS LTDA
220688,2025,1,MANUTENÇÃO DE ESCRITÓRIO DE APOIO À ATIVIDADE PARLAMENTAR,3500.0,J & M EMPREENDIMENTOS IMOBILIÁRIOS LTDA
220688,2025,11,MANUTENÇÃO DE ESCRITÓRIO DE APOIO À ATIVIDADE PARLAMENTAR,4000.0,J & M EMPREENDIMENTOS IMOBILIÁRIOS LTDA
220688,2025,2,MANUTENÇÃO DE ESCRITÓRIO DE APOIO À ATIVIDADE PARLAMENTAR,3500.0,J & M EMPREENDIMENTOS IMOBILIÁRIOS LTDA
220688,2025,3,MANUTENÇÃO DE ESCRITÓRIO DE APOIO À ATIVIDADE PARLAMENTAR,4000.0,J & M EMPREENDIMENTOS IMOBILIÁRIOS LTDA
220688,2025,5,MANUTENÇÃO DE ESCRITÓRIO DE APOIO À ATIVIDADE PARLAMENTAR,4000.0,J & M EMPREENDIMENTOS IMOBILIÁRIOS LTDA
220688,2025,10,MANUTENÇÃO DE ESCRITÓRIO DE APOIO À ATIVIDADE PARLAMENTAR,449.0,M F DISTRIBUIDORA E LIVRARIA LTDA
220688,2025,1,MANUTENÇÃO DE ESCRITÓRIO DE APOIO À ATIVIDADE PARLAMENTAR,800.0,PARLANET WEB E TECNOLOGIA EIRELI
220688,2025,2,MANUTENÇÃO DE ESCRITÓRIO DE APOIO À ATIVIDADE PARLAMENTAR,800.0,PARLANET WEB E TECNOLOGIA EIRELI
220688,2025,3,MANUTENÇÃO DE ESCRITÓRIO DE APOIO À ATIVIDADE PARLAMENTAR,800.0,PARLANET WEB E TECNOLOGIA EIRELI
220688,2025,4,MANUTENÇÃO DE ESCRITÓRIO DE APOIO À ATIVIDADE PARLAMENTAR,800.0,PARLANET WEB E TECNOLOGIA EIRELI
220688,2025,5,MANUTENÇÃO DE ESCRITÓRIO DE APOIO À ATIVIDADE PARLAMENTAR,800.0,PARLANET WEB E TECNOLOGIA EIRELI
220688,2025,6,MANUTENÇÃO DE ESCRITÓRIO DE APOIO À ATIVIDADE PARLAMENTAR,800.0,PARLANET WEB E TECNOLOGIA EIRELI
220688,2025,7,MANUTENÇÃO DE ESCRITÓRIO DE APOIO À ATIVIDADE PARLAMENTAR,800.0,PARLANET WEB E TECNOLOGIA EIRELI
220688,2025,8,MANUTENÇÃO DE ESCRITÓRIO DE APOIO À ATIVIDADE PARLAMENTAR,800.0,PARLANET WEB E TECNOLOGIA EIRELI
220688,2025,9,MANUTENÇÃO DE ESCRITÓRIO DE APOIO À ATIVIDADE PARLAMENTAR,800.0,PARLANET WEB E TECNOLOGIA EIRELI
220688,2025,10,MANUTENÇÃO DE ESCRITÓRIO DE APOIO À ATIVIDADE PARLAMENTAR,800.0,PARLANET WEB E TECNOLOGIA EIRELI
220688,2025,11,MANUTENÇÃO DE ESCRITÓRIO DE APOIO À ATIVIDADE PARLAMENTAR,800.0,PARLANET WEB E TECNOLOGIA EIRELI
220688,2025,12,MANUTENÇÃO DE ESCRITÓRIO DE APOIO À ATIVIDADE PARLAMENTAR,800.0,PARLANET WEB E TECNOLOGIA EIRELI
220688,2025,8,MANUTENÇÃO DE ESCRITÓRIO DE APOIO À ATIVIDADE PARLAMENTAR,2258.56,Prefeitura Municipal de Teresina
220688,2025,4,MANUTENÇÃO DE ESCRITÓRIO DE APOIO À ATIVIDADE PARLAMENTAR,416.4,WMS COMERCIO DE ARTIGOS DE PAPELARIA LTDA
220688,2025,7,MANUTENÇÃO DE ESCRITÓRIO DE APOIO À ATIVIDADE PARLAMENTAR,576.7,WMS COMERCIO DE ARTIGOS DE PAPELARIA LTDA
220688,2025,11,MANUTENÇÃO DE ESCRITÓRIO DE APOIO À ATIVIDADE PARLAMENTAR,616.6,WMS COMERCIO DE ARTIGOS DE PAPELARIA LTDA
220688,2025,8,COMBUSTÍVEIS E LUBRIFICANTES.,242.01,A F COMBUSTIVEL LTDA
220688,2025,2,COMBUSTÍVEIS E LUBRIFICANTES.,410.03,ALO COMBUSTIVEIS LTDA
220688,2025,5,COMBUSTÍVEIS E LUBRIFICANTES.,212.01,ANTONIA ABREU DE SOUSA EPP
220688,2025,4,COMBUSTÍVEIS E LUBRIFICANTES.,300.07,ARMECINDA PEREIRA RIBEIRO
220688,2025,3,COMBUSTÍVEIS E LUBRIFICANTES.,364.05,AUTO COMERCIAL PIRAJA LTDA
220688,2025,5,COMBUSTÍVEIS E LUBRIFICANTES.,353.06,BARROS &amp; MOURA LTDA
220688,2025,8,COMBUSTÍVEIS E LUBRIFICANTES.,340.04,BARROS &amp; MOURA LTDA
220688,2025,9,COMBUSTÍVEIS E LUBRIFICANTES.,335.01,BARROS &amp; MOURA LTDA
220688,2025,1,COMBUSTÍVEIS E LUBRIFICANTES.,345.0,CARVALHO E ALMEIDA LTDA
220688,2025,1,COMBUSTÍVEIS E LUBRIFICANTES.,200.0,CARVALHO E ALMEIDA LTDA
220688,2025,4,COMBUSTÍVEIS E LUBRIFICANTES.,250.03,CARVALHO E ALMEIDA LTDA
220688,2025,5,COMBUSTÍVEIS E LUBRIFICANTES.,288.44,CARVALHO E ALMEIDA LTDA
220688,2025,6,COMBUSTÍVEIS E LUBRIFICANTES.,410.05,CARVALHO E ALMEIDA LTDA
220688,2025,1,COMBUSTÍVEIS E LUBRIFICANTES.,400.01,CARVALHO E ALMEIDA LTDA
220688,2025,8,COMBUSTÍVEIS E LUBRIFICANTES.,286.01,CARVALHO E ALMEIDA LTDA
220688,2025,2,COMBUSTÍVEIS E LUBRIFICANTES.,375.91,CARVALHO E ALMEIDA LTDA
220688,2025,12,COMBUSTÍVEIS E LUBRIFICANTES.,293.08,CARVALHO E ALMEIDA LTDA
220688,2025,1,COMBUSTÍVEIS E LUBRIFICANTES.,320.04,CARVALHO E ALMEIDA LTDA
220688,2025,3,COMBUSTÍVEIS E LUBRIFICANTES.,369.99,CARVALHO E ALMEIDA LTDA
220688,2025,3,COMBUSTÍVEIS E LUBRIFICANTES.,380.05,CARVALHO E ALMEIDA LTDA
220688,2025,3,COMBUSTÍVEIS E LUBRIFICANTES.,325.0,CARVALHO E ALMEIDA LTDA
220688,2025,5,COMBUSTÍVEIS E LUBRIFICANTES.,135.05,CARVALHO E ALMEIDA LTDA
220688,2025,5,COMBUSTÍVEIS E LUBRIFICANTES.,215.12,CARVALHO E ALMEIDA LTDA
220688,2025,5,COMBUSTÍVEIS E LUBRIFICANTES.,343.0,CARVALHO E ALMEIDA LTDA
220688,2025,5,COMBUSTÍVEIS E LUBRIFICANTES.,300.0,CARVALHO E ALMEIDA LTDA
220688,2025,6,COMBUSTÍVEIS E LUBRIFICANTES.,330.68,CARVALHO E ALMEIDA LTDA
220688,2025,8,COMBUSTÍVEIS E LUBRIFICANTES.,340.01,CARVALHO E ALMEIDA LTDA
220688,2025,8,COMBUSTÍVEIS E LUBRIFICANTES.,410.05,CARVALHO E ALMEIDA LTDA
220688,2025,9,COMBUSTÍVEIS E LUBRIFICANTES.,340.01,CARVALHO E ALMEIDA LTDA
220688,2025,9,COMBUSTÍVEIS E LUBRIFICANTES.,275.03,CARVALHO E ALMEIDA LTDA
220688,2025,9,COMBUSTÍVEIS E LUBRIFICANTES.,285.05,CARVALHO E ALMEIDA LTDA
220688,2025,10,COMBUSTÍVEIS E LUBRIFICANTES.,330.04,CARVALHO E ALMEIDA LTDA
220688,2025,12,COMBUSTÍVEIS E LUBRIFICANTES.,400.04,CARVALHO E ALMEIDA LTDA
220688,2025,1,COMBUSTÍVEIS E LUBRIFICANTES.,150.06,COMERCIAL AGRICOLA SUSSUAPARA LTDA
220688,2025,1,COMBUSTÍVEIS E LUBRIFICANTES.,150.03,COMERCIAL AGRICOLA SUSSUAPARA LTDA
220688,2025,8,COMBUSTÍVEIS E LUBRIFICANTES.,275.02,ENERGY COMBUSTIVEIS LTDA
220688,2025,6,COMBUSTÍVEIS E LUBRIFICANTES.,211.39,EVANDO P DE SOUSA COMERCIO DE COMBUSTIVEIS EIRELI
220688,2025,7,COMBUSTÍVEIS E LUBRIFICANTES.,305.13,F GLEUDIMAR R BARROSO
220688,2025,8,COMBUSTÍVEIS E LUBRIFICANTES.,360.01,FCN.X CARVALHO COMBUSTIVEL LTDA
220688,2025,9,COMBUSTÍVEIS E LUBRIFICANTES.,232.29,FCN.X CARVALHO COMBUSTIVEL LTDA
220688,2025,10,COMBUSTÍVEIS E LUBRIFICANTES.,350.01,FRANCISCO AVELINO DA SILVA E CIA LTDA
220688,2025,3,COMBUSTÍVEIS E LUBRIFICANTES.,386.79,GILDA E JOAO LTDA
220688,2025,2,COMBUSTÍVEIS E LUBRIFICANTES.,1000.0,"GOES COMBUSTIVEIS, LUBRIFICANTES E GLP LTDA"
220688,2025,3,COMBUSTÍVEIS E LUBRIFICANTES.,1500.0,"GOES COMBUSTIVEIS, LUBRIFICANTES E GLP LTDA"
220688,2025,4,COMBUSTÍVEIS E LUBRIFICANTES.,1500.0,"GOES COMBUSTIVEIS, LUBRIFICANTES E GLP LTDA"
220688,2025,5,COMBUSTÍVEIS E LUBRIFICANTES.,1500.0,"GOES COMBUSTIVEIS, LUBRIFICANTES E GLP LTDA"
220688,2025,7,COMBUSTÍVEIS E LUBRIFICANTES.,1500.0,"GOES COMBUSTIVEIS, LUBRIFICANTES E GLP LTDA"
220688,2025,7,COMBUSTÍVEIS E LUBRIFICANTES.,1000.0,"GOES COMBUSTIVEIS, LUBRIFICANTES E GLP LTDA"
220688,2025,8,COMBUSTÍVEIS E LUBRIFICANTES.,1200.0,"GOES COMBUSTIVEIS, LUBRIFICANTES E GLP LTDA"
220688,2025,11,COMBUSTÍVEIS E LUBRIFICANTES.,1000.0,"GOES COMBUSTIVEIS, LUBRIFICANTES E GLP LTDA"
220688,2025,12,COMBUSTÍVEIS E LUBRIFICANTES.,1100.0,"GOES COMBUSTIVEIS, LUBRIFICANTES E GLP LTDA"
220688,2025,6,COMBUSTÍVEIS E LUBRIFICANTES.,330.02,IRMAOS RODRIGUES E SANTOS LTDA
220688,2025,9,COMBUSTÍVEIS E LUBRIFICANTES.,296.02,IRMAOS RODRIGUES E SANTOS LTDA
220688,2025,7,COMBUSTÍVEIS E LUBRIFICANTES.,291.33,J L CARVALHO DA SILVA ME
220688,2025,7,COMBUSTÍVEIS E LUBRIFICANTES.,277.55,J L CARVALHO DA SILVA ME
220688,2025,12,COMBUSTÍVEIS E LUBRIFICANTES.,318.06,J L CARVALHO DA SILVA ME
220688,2025,8,COMBUSTÍVEIS E LUBRIFICANTES.,200.0,JK PETROLEO EIRELI EPP
220688,2025,12,COMBUSTÍVEIS E LUBRIFICANTES.,240.01,JK PETROLEO EIRELI EPP
220688,2025,3,COMBUSTÍVEIS E LUBRIFICANTES.,350.02,JOSE MARIA DE SOUZA
220688,2025,12,COMBUSTÍVEIS E LUBRIFICANTES.,200.02,JOZENILDA HENRIQUE DA SILVA LTDA
220688,2025,3,COMBUSTÍVEIS E LUBRIFICANTES.,350.02,L C PETROLEO LTDA
220688,2025,5,COMBUSTÍVEIS E LUBRIFICANTES.,345.0,L C PETROLEO LTDA
220688,2025,12,COMBUSTÍVEIS E LUBRIFICANTES.,250.03,M DE J C SAMPAIO LTDA
220688,2025,5,COMBUSTÍVEIS E LUBRIFICANTES.,260.1,MANOEL FRAGOSO E CIA
220688,2025,3,COMBUSTÍVEIS E LUBRIFICANTES.,230.01,NOVO DERIVADO DE PETROLEO LTDA
220688,2025,9,COMBUSTÍVEIS E LUBRIFICANTES.,365.0,NOVO DERIVADO DE PETROLEO LTDA
220688,2025,12,COMBUSTÍVEIS E LUBRIFICANTES.,220.03,NOVO DERIVADO DE PETROLEO LTDA
220688,2025,1,COMBUSTÍVEIS E LUBRIFICANTES.,185.06,PIPEL - PICOS PETROLEO LTDA
220688,2025,1,COMBUSTÍVEIS E LUBRIFICANTES.,300.01,PIPEL - PICOS PETROLEO LTDA
220688,2025,1,COMBUSTÍVEIS E LUBRIFICANTES.,300.25,PIPEL - PICOS PETROLEO LTDA
220688,2025,2,COMBUSTÍVEIS E LUBRIFICANTES.,343.01,PIPEL - PICOS PETROLEO LTDA
220688,2025,4,COMBUSTÍVEIS E LUBRIFICANTES.,285.01,PIPEL - PICOS PETROLEO LTDA
220688,2025,6,COMBUSTÍVEIS E LUBRIFICANTES.,310.0,PIPEL - PICOS PETROLEO LTDA
220688,2025,12,COMBUSTÍVEIS E LUBRIFICANTES.,200.02,PIPEL - PICOS PETROLEO LTDA
220688,2025,12,COMBUSTÍVEIS E LUBRIFICANTES.,300.03,PIPEL - PICOS PETROLEO LTDA
220688,2025,12,COMBUSTÍVEIS E LUBRIFICANTES.,310.01,PIPEL - PICOS PETROLEO LTDA
220688,2025,1,COMBUSTÍVEIS E LUBRIFICANTES.,150.0,POSTO ANGICO LTDA
220688,2025,8,COMBUSTÍVEIS E LUBRIFICANTES.,370.02,POSTO BOM JESUS LTDA - ME
220688,2025,4,COMBUSTÍVEIS E LUBRIFICANTES.,320.05,POSTO CLEMENTINO LTDA
220688,2025,1,COMBUSTÍVEIS E LUBRIFICANTES.,360.04,POSTO KENNEDY LTDA
220688,2025,1,COMBUSTÍVEIS E LUBRIFICANTES.,180.02,POSTO KENNEDY LTDA
220688,2025,12,COMBUSTÍVEIS E LUBRIFICANTES.,250.0,POSTO KENNEDY LTDA
220688,2025,12,COMBUSTÍVEIS E LUBRIFICANTES.,200.0,POSTO KENNEDY LTDA
220688,2025,12,COMBUSTÍVEIS E LUBRIFICANTES.,300.04,POSTO MAIS 2 IRMAOS LTDA
220688,2025,4,COMBUSTÍVEIS E LUBRIFICANTES.,381.2,POSTO SANTA ISABEL LTDA
220688,2025,9,COMBUSTÍVEIS E LUBRIFICANTES.,280.01,POSTO SANTA LUCIA LTDA.
220688,2025,12,COMBUSTÍVEIS E LUBRIFICANTES.,350.03,POSTO SANTA LUCIA LTDA.
220688,2025,3,COMBUSTÍVEIS E LUBRIFICANTES.,300.0,POSTO SANTA LUCIA LTDA.
220688,2025,5,COMBUSTÍVEIS E LUBRIFICANTES.,240.07,POSTO SANTA LUCIA LTDA.
220688,2025,3,COMBUSTÍVEIS E LUBRIFICANTES.,340.03,POSTO SERRA AZUL EIRELI LTDA
220688,2025,6,COMBUSTÍVEIS E LUBRIFICANTES.,250.04,R. DEMES E CIA LTDA
220688,2025,12,COMBUSTÍVEIS E LUBRIFICANTES.,210.81,S.P. MAGALHAES EMPREENDIMENTOS LTDA
220688,2025,4,COMBUSTÍVEIS E LUBRIFICANTES.,142.84,TRANSSERVICE PETROLEO LTDA
220688,2025,4,COMBUSTÍVEIS E LUBRIFICANTES.,153.61,TRANSSERVICE PETROLEO LTDA
220688,2025,4,COMBUSTÍVEIS E LUBRIFICANTES.,206.18,TRANSSERVICE PETROLEO LTDA
220688,2025,7,COMBUSTÍVEIS E LUBRIFICANTES.,180.41,TRANSSERVICE PETROLEO LTDA
220688,2025,7,COMBUSTÍVEIS E LUBRIFICANTES.,188.14,TRANSSERVICE PETROLEO LTDA
220688,2025,1,COMBUSTÍVEIS E LUBRIFICANTES.,3982.5,TRANSSERVICE PETROLEO LTDA
220688,2025,2,COMBUSTÍVEIS E LUBRIFICANTES.,3100.37,TRANSSERVICE PETROLEO LTDA
220688,2025,6,COMBUSTÍVEIS E LUBRIFICANTES.,1428.15,TRANSSERVICE PETROLEO LTDA
220688,2025,8,COMBUSTÍVEIS E LUBRIFICANTES.,1358.35,TRANSSERVICE PETROLEO LTDA
220688,2025,9,COMBUSTÍVEIS E LUBRIFICANTES.,373.27,TRANSSERVICE PETROLEO LTDA
220688,2025,10,COMBUSTÍVEIS E LUBRIFICANTES.,666.98,TRANSSERVICE PETROLEO LTDA
220688,2025,11,COMBUSTÍVEIS E LUBRIFICANTES.,986.19,TRANSSERVICE PETROLEO LTDA
220688,2025,12,COMBUSTÍVEIS E LUBRIFICANTES.,1229.59,TRANSSERVICE PETROLEO LTDA
220688,2025,4,COMBUSTÍVEIS E LUBRIFICANTES.,165.98,TRANSSERVICE PETROLEO LTDA
220688,2025,4,COMBUSTÍVEIS E LUBRIFICANTES.,192.17,TRANSSERVICE PETROLEO LTDA
220688,2025,7,COMBUSTÍVEIS E LUBRIFICANTES.,226.82,TRANSSERVICE PETROLEO LTDA
220688,2025,7,COMBUSTÍVEIS E LUBRIFICANTES.,379.47,TRANSSERVICE PETROLEO LTDA
220688,2025,7,COMBUSTÍVEIS E LUBRIFICANTES.,217.18,TRANSSERVICE PETROLEO LTDA
220688,2025,7,COMBUSTÍVEIS E LUBRIFICANTES.,231.66,TRANSSERVICE PETROLEO LTDA
220688,2025,2,COMBUSTÍVEIS E LUBRIFICANTES.,3823.46,TRANSSERVICE PETROLEO LTDA
220688,2025,3,COMBUSTÍVEIS E LUBRIFICANTES.,3728.4,TRANSSERVICE PETROLEO LTDA
220688,2025,6,COMBUSTÍVEIS E LUBRIFICANTES.,3846.73,TRANSSERVICE PETROLEO LTDA
220688,2025,8,COMBUSTÍVEIS E LUBRIFICANTES.,3288.35,TRANSSERVICE PETROLEO LTDA
220688,2025,9,COMBUSTÍVEIS E LUBRIFICANTES.,3485.79,TRANSSERVICE PETROLEO LTDA
220688,2025,10,COMBUSTÍVEIS E LUBRIFICANTES.,3989.14,TRANSSERVICE PETROLEO LTDA
220688,2025,11,COMBUSTÍVEIS E LUBRIFICANTES.,2456.83,TRANSSERVICE PETROLEO LTDA
220688,2025,12,COMBUSTÍVEIS E LUBRIFICANTES.,1587.42,TRANSSERVICE PETROLEO LTDA
220688,2025,1,COMBUSTÍVEIS E LUBRIFICANTES.,269.47,TRANSSERVICE PETROLEO LTDA
220688,2025,1,COMBUSTÍVEIS E LUBRIFICANTES.,175.03,TRANSSERVICE PETROLEO LTDA
220688,2025,1,COMBUSTÍVEIS E LUBRIFICANTES.,185.16,TRANSSERVICE PETROLEO LTDA
220688,2025,1,COMBUSTÍVEIS E LUBRIFICANTES.,215.97,TRANSSERVICE PETROLEO LTDA
220688,2025,1,COMBUSTÍVEIS E LUBRIFICANTES.,209.6,TRANSSERVICE PETROLEO LTDA
220688,2025,1,COMBUSTÍVEIS E LUBRIFICANTES.,179.49,TRANSSERVICE PETROLEO LTDA
220688,2025,1,COMBUSTÍVEIS E LUBRIFICANTES.,248.68,TRANSSERVICE PETROLEO LTDA
220688,2025,1,COMBUSTÍVEIS E LUBRIFICANTES.,304.45,TRANSSERVICE PETROLEO LTDA
220688,2025,5,COMBUSTÍVEIS E LUBRIFICANTES.,285.08,TRANSSERVICE PETROLEO LTDA
220688,2025,4,COMBUSTÍVEIS E LUBRIFICANTES.,400.11,TRANSSERVICE PETROLEO LTDA
220688,2025,4,COMBUSTÍVEIS E LUBRIFICANTES.,222.47,TRANSSERVICE PETROLEO LTDA
220688,2025,4,COMBUSTÍVEIS E LUBRIFICANTES.,186.12,TRANSSERVICE PETROLEO LTDA
220688,2025,4,COMBUSTÍVEIS E LUBRIFICANTES.,366.57,TRANSSERVICE PETROLEO LTDA
220688,2025,4,COMBUSTÍVEIS E LUBRIFICANTES.,180.07,TRANSSERVICE PETROLEO LTDA
220688,2025,4,COMBUSTÍVEIS E LUBRIFICANTES.,256.55,TRANSSERVICE PETROLEO LTDA
220688,2025,4,COMBUSTÍVEIS E LUBRIFICANTES.,267.04,TRANSSERVICE PETROLEO LTDA
220688,2025,7,COMBUSTÍVEIS E LUBRIFICANTES.,211.75,TRANSSERVICE PETROLEO LTDA
220688,2025,7,COMBUSTÍVEIS E LUBRIFICANTES.,236.15,TRANSSERVICE PETROLEO LTDA
220688,2025,7,COMBUSTÍVEIS E LUBRIFICANTES.,275.26,TRANSSERVICE PETROLEO LTDA
220688,2025,7,COMBUSTÍVEIS E LUBRIFICANTES.,273.53,TRANSSERVICE PETROLEO LTDA
220688,2025,7,COMBUSTÍVEIS E LUBRIFICANTES.,221.0,TRANSSERVICE PETROLEO LTDA
220688,2025,7,COMBUSTÍVEIS E LUBRIFICANTES.,179.61,TRANSSERVICE PETROLEO LTDA
220688,2025,4,COMBUSTÍVEIS E LUBRIFICANTES.,250.03,TRANSSERVICE PETROLEO LTDA
220688,2025,4,COMBUSTÍVEIS E LUBRIFICANTES.,186.3,TRANSSERVICE PETROLEO LTDA
220688,2025,4,COMBUSTÍVEIS E LUBRIFICANTES.,191.31,TRANSSERVICE PETROLEO LTDA
220688,2025,4,COMBUSTÍVEIS E LUBRIFICANTES.,200.0,TRANSSERVICE PETROLEO LTDA
220688,2025,4,COMBUSTÍVEIS E LUBRIFICANTES.,238.49,TRANSSERVICE PETROLEO LTDA
220688,2025,4,COMBUSTÍVEIS E LUBRIFICANTES.,183.49,TRANSSERVICE PETROLEO LTDA
220688,2025,1,COMBUSTÍVEIS E LUBRIFICANTES.,42.09,TRANSSERVICE PETROLEO LTDA
220688,2025,1,COMBUSTÍVEIS E LUBRIFICANTES.,342.49,TRANSSERVICE PETROLEO LTDA
220688,2025,1,COMBUSTÍVEIS E LUBRIFICANTES.,196.55,TRANSSERVICE PETROLEO LTDA
220688,2025,4,COMBUSTÍVEIS E LUBRIFICANTES.,286.04,TRANSSERVICE PETROLEO LTDA
220688,2025,4,COMBUSTÍVEIS E LUBRIFICANTES.,355.37,TRANSSERVICE PETROLEO LTDA
220688,2025,7,COMBUSTÍVEIS E LUBRIFICANTES.,206.15,TRANSSERVICE PETROLEO LTDA
220688,2025,7,COMBUSTÍVEIS E LUBRIFICANTES.,240.04,TRANSSERVICE PETROLEO LTDA
220688,2025,7,COMBUSTÍVEIS E LUBRIFICANTES.,186.26,TRANSSERVICE PETROLEO LTDA
220688,2025,7,COMBUSTÍVEIS E LUBRIFICANTES.,229.81,TRANSSERVICE PETROLEO LTDA
220688,2025,7,COMBUSTÍVEIS E LUBRIFICANTES.,225.52,TRANSSERVICE PETROLEO LTDA
220688,2025,7,COMBUSTÍVEIS E LUBRIFICANTES.,327.35,TRANSSERVICE PETROLEO LTDA
220688,2025,9,COMBUSTÍVEIS E LUBRIFICANTES.,1500.0,"GOES COMBUSTIVEIS, LUBRIFICANTES E GLP LTDA"
220688,2025,1,DIVULGAÇÃO DA ATIVIDADE PARLAMENTAR.,1500.0,AGENCIA VIXE LTDA
220688,2025,2,DIVULGAÇÃO DA ATIVIDADE PARLAMENTAR.,1500.0,AGENCIA VIXE LTDA
220688,2025,3,DIVULGAÇÃO DA ATIVIDADE PARLAMENTAR.,1500.0,AGENCIA VIXE LTDA
220688,2025,4,DIVULGAÇÃO DA ATIVIDADE PARLAMENTAR.,1500.0,AGENCIA VIXE LTDA
220688,2025,5,DIVULGAÇÃO DA ATIVIDADE PARLAMENTAR.,1500.0,AGENCIA VIXE LTDA
220688,2025,6,DIVULGAÇÃO DA ATIVIDADE PARLAMENTAR.,1500.0,AGENCIA VIXE LTDA
220688,2025,7,DIVULGAÇÃO DA ATIVIDADE PARLAMENTAR.,1500.0,AGENCIA VIXE LTDA
220688,2025,8,DIVULGAÇÃO DA ATIVIDADE PARLAMENTAR.,1500.0,AGENCIA VIXE LTDA
220688,2025,9,DIVULGAÇÃO DA ATIVIDADE PARLAMENTAR.,1500.0,AGENCIA VIXE LTDA
220688,2025,10,DIVULGAÇÃO DA ATIVIDADE PARLAMENTAR.,1500.0,AGENCIA VIXE LTDA
220688,2025,11,DIVULGAÇÃO DA ATIVIDADE PARLAMENTAR.,1500.0,AGENCIA VIXE LTDA
220688,2025,12,DIVULGAÇÃO DA ATIVIDADE PARLAMENTAR.,1500.0,AGENCIA VIXE LTDA
220688,2025,1,DIVULGAÇÃO DA ATIVIDADE PARLAMENTAR.,1000.0,ALFA COMUNICAÇÃO E MARKETING DIGITAL LTDA
220688,2025,3,DIVULGAÇÃO DA ATIVIDADE PARLAMENTAR.,1000.0,ALFA COMUNICAÇÃO E MARKETING DIGITAL LTDA
220688,2025,7,DIVULGAÇÃO DA ATIVIDADE PARLAMENTAR.,1000.0,ALFA COMUNICAÇÃO E MARKETING DIGITAL LTDA
220688,2025,9,DIVULGAÇÃO DA ATIVIDADE PARLAMENTAR.,1000.0,ALFA COMUNICAÇÃO E MARKETING DIGITAL LTDA
220688,2025,10,DIVULGAÇÃO DA ATIVIDADE PARLAMENTAR.,1000.0,ALFA COMUNICAÇÃO E MARKETING DIGITAL LTDA
220688,2025,11,DIVULGAÇÃO DA ATIVIDADE PARLAMENTAR.,1000.0,ALFA COMUNICAÇÃO E MARKETING DIGITAL LTDA
220688,2025,12,DIVULGAÇÃO DA ATIVIDADE PARLAMENTAR.,1000.0,ALFA COMUNICAÇÃO E MARKETING DIGITAL LTDA
220688,2025,5,DIVULGAÇÃO DA ATIVIDADE PARLAMENTAR.,1000.0,ALFA COMUNICAÇÃO E MARKETING DIGITAL LTDA.
220688,2025,10,DIVULGAÇÃO DA ATIVIDADE PARLAMENTAR.,2240.0,ANA PATRICIA DE SOUSA RODRIGUES
220688,2025,3,DIVULGAÇÃO DA ATIVIDADE PARLAMENTAR.,2240.0,ANA PATRICIA DE SOUSA RODRIGUES
220688,2025,4,DIVULGAÇÃO DA ATIVIDADE PARLAMENTAR.,2240.0,ANA PATRICIA DE SOUSA RODRIGUES
220688,2025,5,DIVULGAÇÃO DA ATIVIDADE PARLAMENTAR.,2240.0,ANA PATRICIA DE SOUSA RODRIGUES
220688,2025,6,DIVULGAÇÃO DA ATIVIDADE PARLAMENTAR.,2240.0,ANA PATRICIA DE SOUSA RODRIGUES
220688,2025,7,DIVULGAÇÃO DA ATIVIDADE PARLAMENTAR.,2240.0,ANA PATRICIA DE SOUSA RODRIGUES
220688,2025,8,DIVULGAÇÃO DA ATIVIDADE PARLAMENTAR.,2240.0,ANA PATRICIA DE SOUSA RODRIGUES
220688,2025,9,DIVULGAÇÃO DA ATIVIDADE PARLAMENTAR.,2240.0,ANA PATRICIA DE SOUSA RODRIGUES
220688,2025,11,DIVULGAÇÃO DA ATIVIDADE PARLAMENTAR.,2240.0,ANA PATRICIA DE SOUSA RODRIGUES
220688,2025,12,DIVULGAÇÃO DA ATIVIDADE PARLAMENTAR.,2240.0,ANA PATRICIA DE SOUSA RODRIGUES
220688,2025,8,DIVULGAÇÃO DA ATIVIDADE PARLAMENTAR.,2200.0,BARBARA PETRIA DE OLIVEIRA SOUSA MATTAR
220688,2025,9,DIVULGAÇÃO DA ATIVIDADE PARLAMENTAR.,5500.0,BARBARA PETRIA DE OLIVEIRA SOUSA MATTAR
220688,2025,10,DIVULGAÇÃO DA ATIVIDADE PARLAMENTAR.,5500.0,BARBARA PETRIA DE OLIVEIRA SOUSA MATTAR
220688,2025,12,DIVULGAÇÃO DA ATIVIDADE PARLAMENTAR.,5500.0,BARBARA PETRIA DE OLIVEIRA SOUSA MATTAR
220688,2025,2,DIVULGAÇÃO DA ATIVIDADE PARLAMENTAR.,1000.0,ELDORADO COMUNICACAO E JORNALISMO LTDA
220688,2025,4,DIVULGAÇÃO DA ATIVIDADE PARLAMENTAR.,1000.0,ELDORADO COMUNICACAO E JORNALISMO LTDA
220688,2025,6,DIVULGAÇÃO DA ATIVIDADE PARLAMENTAR.,1000.0,ELDORADO COMUNICACAO E JORNALISMO LTDA
220688,2025,8,DIVULGAÇÃO DA ATIVIDADE PARLAMENTAR.,1000.0,ELDORADO COMUNICACAO E JORNALISMO LTDA
220688,2025,10,DIVULGAÇÃO DA ATIVIDADE PARLAMENTAR.,1000.0,ELDORADO COMUNICACAO E JORNALISMO LTDA
220688,2025,11,DIVULGAÇÃO DA ATIVIDADE PARLAMENTAR.,1000.0,ELDORADO COMUNICACAO E JORNALISMO LTDA
220688,2025,12,DIVULGAÇÃO DA ATIVIDADE PARLAMENTAR.,1000.0,ELDORADO COMUNICACAO E JORNALISMO LTDA
220688,2025,6,DIVULGAÇÃO DA ATIVIDADE PARLAMENTAR.,1500.0,GOMO COMUNICAÇÂO LTDA
220688,2025,2,DIVULGAÇÃO DA ATIVIDADE PARLAMENTAR.,3000.0,RAFAEL DA SILVA OLIVEIRA
220688,2025,3,DIVULGAÇÃO DA ATIVIDADE PARLAMENTAR.,3000.0,RAFAEL DA SILVA OLIVEIRA
220688,2025,4,DIVULGAÇÃO DA ATIVIDADE PARLAMENTAR.,3000.0,RAFAEL DA SILVA OLIVEIRA
220688,2025,5,DIVULGAÇÃO DA ATIVIDADE PARLAMENTAR.,3000.0,RAFAEL DA SILVA OLIVEIRA
220688,2025,6,DIVULGAÇÃO DA ATIVIDADE PARLAMENTAR.,3000.0,RAFAEL DA SILVA OLIVEIRA
220688,2025,7,DIVULGAÇÃO DA ATIVIDADE PARLAMENTAR.,3000.0,RAFAEL DA SILVA OLIVEIRA
220688,2025,8,DIVULGAÇÃO DA ATIVIDADE PARLAMENTAR.,3000.0,RAFAEL DA SILVA OLIVEIRA
220688,2025,9,DIVULGAÇÃO DA ATIVIDADE PARLAMENTAR.,3000.0,RAFAEL DA SILVA OLIVEIRA
220688,2025,10,DIVULGAÇÃO DA ATIVIDADE PARLAMENTAR.,3000.0,RAFAEL DA SILVA OLIVEIRA
220688,2025,11,DIVULGAÇÃO DA ATIVIDADE PARLAMENTAR.,3000.0,RAFAEL DA SILVA OLIVEIRA
220688,2025,12,DIVULGAÇÃO DA ATIVIDADE PARLAMENTAR.,3000.0,RAFAEL DA SILVA OLIVEIRA
220688,2025,1,DIVULGAÇÃO DA ATIVIDADE PARLAMENTAR.,5500.0,SOPHIA LUSTOSADE CASTRO CARNEIRO
220688,2025,2,DIVULGAÇÃO DA ATIVIDADE PARLAMENTAR.,5500.0,SOPHIA LUSTOSADE CASTRO CARNEIRO
220688,2025,3,DIVULGAÇÃO DA ATIVIDADE PARLAMENTAR.,5500.0,SOPHIA LUSTOSADE CASTRO CARNEIRO
220688,2025,4,DIVULGAÇÃO DA ATIVIDADE PARLAMENTAR.,5500.0,SOPHIA LUSTOSADE CASTRO CARNEIRO
220688,2025,5,DIVULGAÇÃO DA ATIVIDADE PARLAMENTAR.,5500.0,SOPHIA LUSTOSADE CASTRO CARNEIRO
220688,2025,6,DIVULGAÇÃO DA ATIVIDADE PARLAMENTAR.,5500.0,SOPHIA LUSTOSADE CASTRO CARNEIRO
220688,2025,7,DIVULGAÇÃO DA ATIVIDADE PARLAMENTAR.,5500.0,SOPHIA LUSTOSADE CASTRO CARNEIRO
220688,2025,8,DIVULGAÇÃO DA ATIVIDADE PARLAMENTAR.,2750.0,SOPHIA LUSTOSADE CASTRO CARNEIRO
220688,2025,1,SERVIÇO DE SEGURANÇA PRESTADO POR EMPRESA ESPECIALIZADA.,8700.0,SERVFAZ SERVIÇOS DE SEGURANÇA LTDA
220688,2025,2,SERVIÇO DE SEGURANÇA PRESTADO POR EMPRESA ESPECIALIZADA.,8700.0,SERVFAZ SERVIÇOS DE SEGURANÇA LTDA
220688,2025,3,SERVIÇO DE SEGURANÇA PRESTADO POR EMPRESA ESPECIALIZADA.,8700.0,SERVFAZ SERVIÇOS DE SEGURANÇA LTDA
220688,2025,4,SERVIÇO DE SEGURANÇA PRESTADO POR EMPRESA ESPECIALIZADA.,8700.0,SERVFAZ SERVIÇOS DE SEGURANÇA LTDA
220688,2025,5,SERVIÇO DE SEGURANÇA PRESTADO POR EMPRESA ESPECIALIZADA.,8700.0,SERVFAZ SERVIÇOS DE SEGURANÇA LTDA
220688,2025,6,SERVIÇO DE SEGURANÇA PRESTADO POR EMPRESA ESPECIALIZADA.,8700.0,SERVFAZ SERVIÇOS DE SEGURANÇA LTDA
220688,2025,7,SERVIÇO DE SEGURANÇA PRESTADO POR EMPRESA ESPECIALIZADA.,8700.0,SERVFAZ SERVIÇOS DE SEGURANÇA LTDA
220688,2025,8,SERVIÇO DE SEGURANÇA PRESTADO POR EMPRESA ESPECIALIZADA.,8700.0,SERVFAZ SERVIÇOS DE SEGURANÇA LTDA
220688,2025,9,SERVIÇO DE SEGURANÇA PRESTADO POR EMPRESA ESPECIALIZADA.,8700.0,SERVFAZ SERVIÇOS DE SEGURANÇA LTDA
220688,2025,10,SERVIÇO DE SEGURANÇA PRESTADO POR EMPRESA ESPECIALIZADA.,8700.0,SERVFAZ SERVIÇOS DE SEGURANÇA LTDA
220688,2025,11,SERVIÇO DE SEGURANÇA PRESTADO POR EMPRESA ESPECIALIZADA.,8700.0,SERVFAZ SERVIÇOS DE SEGURANÇA LTDA
220688,2025,12,SERVIÇO DE SEGURANÇA PRESTADO POR EMPRESA ESPECIALIZADA.,8700.0,SERVFAZ SERVIÇOS DE SEGURANÇA LTDA
220688,2025,1,TELEFONIA,246.16,CLARO S.A.
220688,2025,2,TELEFONIA,246.16,CLARO S.A.
220688,2025,5,TELEFONIA,273.17,CLARO S.A.
220688,2025,8,TELEFONIA,273.17,CLARO S.A.
220688,2025,9,TELEFONIA,273.17,CLARO S.A.
220688,2025,1,TELEFONIA,120.41,OI FIBRA
220688,2025,2,TELEFONIA,120.41,OI FIBRA
220688,2025,6,TELEFONIA,120.35,OI FIBRA
220688,2025,4,TELEFONIA,123.92,TELEFONIA BRASIL S/A
220688,2025,2,TELEFONIA,113.92,TELEFONICA BRASIL S.A.
220688,2025,3,TELEFONIA,113.92,Telefônica Brasil S.A. VIVO
220688,2025,9,TELEFONIA,123.92,Telefônica Brasil S.A. VIVO
220688,2025,5,TELEFONIA,123.92,TELEFÔNICA BRASIL S/A - VIVO
220688,2025,6,TELEFONIA,123.92,TELEFÔNICA BRASIL S/A - VIVO
220688,2025,7,TELEFONIA,123.92,TELEFÔNICA BRASIL S/A - VIVO
220688,2025,8,TELEFONIA,123.92,TELEFÔNICA BRASIL S/A - VIVO
220688,2025,10,TELEFONIA,123.92,TELEFÔNICA BRASIL S/A - VIVO
220688,2025,11,TELEFONIA,123.92,VIVO TELEFONIA BRASIL S/A
220688,2025,1,TELEFONIA,113.92,VIVO TELEFONIA BRASIL S/A
220688,2025,12,TELEFONIA,123.92,VIVO TELEFONICA BRASIL S.A. VIVO
220688,2025,8,FORNECIMENTO DE ALIMENTAÇÃO DO PARLAMENTAR,195.0,RESTAURANTE O TRAIRAO LTDA
220688,2025,4,FORNECIMENTO DE ALIMENTAÇÃO DO PARLAMENTAR,41.0,ROZOSTOLATO COMERCIAL DE ALIMENTOS LTDA
220688,2025,8,FORNECIMENTO DE ALIMENTAÇÃO DO PARLAMENTAR,44.9,ROZOSTOLATO COMERCIAL DE ALIMENTOS LTDA
220688,2025,8,FORNECIMENTO DE ALIMENTAÇÃO DO PARLAMENTAR,52.8,ROZOSTOLATO COMERCIAL DE ALIMENTOS LTDA
220688,2025,10,"HOSPEDAGEM ,EXCETO DO PARLAMENTAR NO DISTRITO FEDERAL.",420.0,PICOS HOTEL
220688,2025,1,LOCAÇÃO OU FRETAMENTO DE VEÍCULOS AUTOMOTORES,2600.0,MY CAR LOCAÇÃO DE VEICULOS LTDA
220688,2025,1,LOCAÇÃO OU FRETAMENTO DE VEÍCULOS AUTOMOTORES,2800.0,MY CAR LOCAÇÃO DE VEICULOS LTDA
220688,2025,1,LOCAÇÃO OU FRETAMENTO DE VEÍCULOS AUTOMOTORES,4300.0,MY CAR LOCAÇÃO DE VEICULOS LTDA
220688,2025,2,LOCAÇÃO OU FRETAMENTO DE VEÍCULOS AUTOMOTORES,2600.0,MY CAR LOCAÇÃO DE VEICULOS LTDA
220688,2025,2,LOCAÇÃO OU FRETAMENTO DE VEÍCULOS AUTOMOTORES,2800.0,MY CAR LOCAÇÃO DE VEICULOS LTDA
220688,2025,2,LOCAÇÃO OU FRETAMENTO DE VEÍCULOS AUTOMOTORES,4300.0,MY CAR LOCAÇÃO DE VEICULOS LTDA
220688,2025,3,LOCAÇÃO OU FRETAMENTO DE VEÍCULOS AUTOMOTORES,3000.0,MY CAR LOCAÇÃO DE VEICULOS LTDA
220688,2025,3,LOCAÇÃO OU FRETAMENTO DE VEÍCULOS AUTOMOTORES,3000.0,MY CAR LOCAÇÃO DE VEICULOS LTDA
220688,2025,3,LOCAÇÃO OU FRETAMENTO DE VEÍCULOS AUTOMOTORES,4500.0,MY CAR LOCAÇÃO DE VEICULOS LTDA
220688,2025,4,LOCAÇÃO OU FRETAMENTO DE VEÍCULOS AUTOMOTORES,3000.0,MY CAR LOCAÇÃO DE VEICULOS LTDA
220688,2025,4,LOCAÇÃO OU FRETAMENTO DE VEÍCULOS AUTOMOTORES,3000.0,MY CAR LOCAÇÃO DE VEICULOS LTDA
220688,2025,4,LOCAÇÃO OU FRETAMENTO DE VEÍCULOS AUTOMOTORES,4500.0,MY CAR LOCAÇÃO DE VEICULOS LTDA
220688,2025,5,LOCAÇÃO OU FRETAMENTO DE VEÍCULOS AUTOMOTORES,3000.0,MY CAR LOCAÇÃO DE VEICULOS LTDA
220688,2025,5,LOCAÇÃO OU FRETAMENTO DE VEÍCULOS AUTOMOTORES,3000.0,MY CAR LOCAÇÃO DE VEICULOS LTDA
220688,2025,5,LOCAÇÃO OU FRETAMENTO DE VEÍCULOS AUTOMOTORES,4500.0,MY CAR LOCAÇÃO DE VEICULOS LTDA
220688,2025,6,LOCAÇÃO OU FRETAMENTO DE VEÍCULOS AUTOMOTORES,3000.0,MY CAR LOCAÇÃO DE VEICULOS LTDA
220688,2025,6,LOCAÇÃO OU FRETAMENTO DE VEÍCULOS AUTOMOTORES,3000.0,MY CAR LOCAÇÃO DE VEICULOS LTDA
220688,2025,6,LOCAÇÃO OU FRETAMENTO DE VEÍCULOS AUTOMOTORES,4500.0,MY CAR LOCAÇÃO DE VEICULOS LTDA
220688,2025,7,LOCAÇÃO OU FRETAMENTO DE VEÍCULOS AUTOMOTORES,3000.0,MY CAR LOCAÇÃO DE VEICULOS LTDA
220688,2025,7,LOCAÇÃO OU FRETAMENTO DE VEÍCULOS AUTOMOTORES,3000.0,MY CAR LOCAÇÃO DE VEICULOS LTDA
220688,2025,7,LOCAÇÃO OU FRETAMENTO DE VEÍCULOS AUTOMOTORES,4500.0,MY CAR LOCAÇÃO DE VEICULOS LTDA
220688,2025,8,LOCAÇÃO OU FRETAMENTO DE VEÍCULOS AUTOMOTORES,3000.0,MY CAR LOCAÇÃO DE VEICULOS LTDA
220688,2025,8,LOCAÇÃO OU FRETAMENTO DE VEÍCULOS AUTOMOTORES,3000.0,MY CAR LOCAÇÃO DE VEICULOS LTDA
220688,2025,8,LOCAÇÃO OU FRETAMENTO DE VEÍCULOS AUTOMOTORES,4500.0,MY CAR LOCAÇÃO DE VEICULOS LTDA
220688,2025,9,LOCAÇÃO OU FRETAMENTO DE VEÍCULOS AUTOMOTORES,3000.0,MY CAR LOCAÇÃO DE VEICULOS LTDA
220688,2025,9,LOCAÇÃO OU FRETAMENTO DE VEÍCULOS AUTOMOTORES,3000.0,MY CAR LOCAÇÃO DE VEICULOS LTDA
220688,2025,9,LOCAÇÃO OU FRETAMENTO DE VEÍCULOS AUTOMOTORES,4500.0,MY CAR LOCAÇÃO DE VEICULOS LTDA
220688,2025,10,LOCAÇÃO OU FRETAMENTO DE VEÍCULOS AUTOMOTORES,3000.0,MY CAR LOCAÇÃO DE VEICULOS LTDA
220688,2025,10,LOCAÇÃO OU FRETAMENTO DE VEÍCULOS AUTOMOTORES,3000.0,MY CAR LOCAÇÃO DE VEICULOS LTDA
220688,2025,10,LOCAÇÃO OU FRETAMENTO DE VEÍCULOS AUTOMOTORES,4500.0,MY CAR LOCAÇÃO DE VEICULOS LTDA
220688,2025,11,LOCAÇÃO OU FRETAMENTO DE VEÍCULOS AUTOMOTORES,3000.0,MY CAR LOCAÇÃO DE VEICULOS LTDA
220688,2025,11,LOCAÇÃO OU FRETAMENTO DE VEÍCULOS AUTOMOTORES,3000.0,MY CAR LOCAÇÃO DE VEICULOS LTDA
220688,2025,11,LOCAÇÃO OU FRETAMENTO DE VEÍCULOS AUTOMOTORES,4500.0,MY CAR LOCAÇÃO DE VEICULOS LTDA
220688,2025,12,LOCAÇÃO OU FRETAMENTO DE VEÍCULOS AUTOMOTORES,3000.0,MY CAR LOCAÇÃO DE VEICULOS LTDA
220688,2025,12,LOCAÇÃO OU FRETAMENTO DE VEÍCULOS AUTOMOTORES,3000.0,MY CAR LOCAÇÃO DE VEICULOS LTDA
220688,2025,12,LOCAÇÃO OU FRETAMENTO DE VEÍCULOS AUTOMOTORES,2107.45,MY CAR LOCAÇÃO DE VEICULOS LTDA
220688,2025,4,PASSAGEM AÉREA - SIGEPA,1876.7,GOL
220688,2025,8,PASSAGEM AÉREA - SIGEPA,-2685.2,LATAM Airlines Brasil
220688,2025,8,PASSAGEM AÉREA - SIGEPA,2685.2,LATAM Airlines Brasil
220688,2025,8,PASSAGEM AÉREA - SIGEPA,102.0,LATAM Airlines Brasil
220688,2025,8,PASSAGEM AÉREA - SIGEPA,2550.63,LATAM Airlines Brasil
220688,2025,8,PASSAGEM AÉREA - SIGEPA,102.0,LATAM Airlines Brasil
220688,2025,8,PASSAGEM AÉREA - SIGEPA,2976.51,LATAM Airlines Brasil
220688,2025,8,PASSAGEM AÉREA - SIGEPA,1433.56,LATAM Airlines Brasil
220688,2025,8,PASSAGEM AÉREA - SIGEPA,-1433.56,LATAM Airlines Brasil
220688,2025,8,PASSAGEM AÉREA - SIGEPA,102.0,LATAM Airlines Brasil
220688,2025,8,PASSAGEM AÉREA - SIGEPA,2535.23,LATAM Airlines Brasil
220688,2025,9,PASSAGEM AÉREA - SIGEPA,158.0,LATAM Airlines Brasil
220688,2025,9,PASSAGEM AÉREA - SIGEPA,1693.78,LATAM Airlines Brasil
220688,2025,9,PASSAGEM AÉREA - SIGEPA,158.0,LATAM Airlines Brasil
220688,2025,9,PASSAGEM AÉREA - SIGEPA,2549.8,LATAM Airlines Brasil
220688,2025,10,PASSAGEM AÉREA - SIGEPA,2350.14,LATAM Airlines Brasil
220688,2025,10,PASSAGEM AÉREA - SIGEPA,-1576.58,LATAM Airlines Brasil
220688,2025,10,PASSAGEM AÉREA - SIGEPA,186.0,LATAM Airlines Brasil
220688,2025,10,PASSAGEM AÉREA - SIGEPA,1576.58,LATAM Airlines Brasil
220688,2025,10,PASSAGEM AÉREA - SIGEPA,-2272.12,LATAM Airlines Brasil
220688,2025,10,PASSAGEM AÉREA - SIGEPA,2272.12,LATAM Airlines Brasil
220688,2025,11,PASSAGEM AÉREA - SIGEPA,161.0,LATAM Airlines Brasil
220688,2025,11,PASSAGEM AÉREA - SIGEPA,2213.19,LATAM Airlines Brasil
220688,2025,11,PASSAGEM AÉREA - SIGEPA,-941.1,LATAM Airlines Brasil
220688,2025,11,PASSAGEM AÉREA - SIGEPA,126.0,LATAM Airlines Brasil
220688,2025,11,PASSAGEM AÉREA - SIGEPA,3026.31,LATAM Airlines Brasil
220688,2025,11,PASSAGEM AÉREA - SIGEPA,163.0,LATAM Airlines Brasil
220688,2025,11,PASSAGEM AÉREA - SIGEPA,1429.43,LATAM Airlines Brasil
220688,2025,11,PASSAGEM AÉREA - SIGEPA,-549.5,LATAM Airlines Brasil
220688,2025,11,PASSAGEM AÉREA - SIGEPA,163.0,LATAM Airlines Brasil
220688,2025,11,PASSAGEM AÉREA - SIGEPA,549.5,LATAM Airlines Brasil
220688,2025,11,PASSAGEM AÉREA - SIGEPA,163.0,LATAM Airlines Brasil
220688,2025,11,PASSAGEM AÉREA - SIGEPA,1211.89,LATAM Airlines Brasil
220688,2025,11,PASSAGEM AÉREA - SIGEPA,1390.29,LATAM Airlines Brasil
220688,2025,12,PASSAGEM AÉREA - SIGEPA,-653.94,LATAM Airlines Brasil
220688,2025,12,PASSAGEM AÉREA - SIGEPA,163.0,LATAM Airlines Brasil
220688,2025,12,PASSAGEM AÉREA - SIGEPA,653.94,LATAM Airlines Brasil
220688,2025,12,PASSAGEM AÉREA - SIGEPA,-2588.81,LATAM Airlines Brasil
220688,2025,12,PASSAGEM AÉREA - SIGEPA,2588.81,LATAM Airlines Brasil
220688,2025,1,PASSAGEM AÉREA - SIGEPA,913.55,TAM
220688,2025,2,PASSAGEM AÉREA - SIGEPA,1316.1,TAM
220688,2025,3,PASSAGEM AÉREA - SIGEPA,110.0,TAM
220688,2025,3,PASSAGEM AÉREA - SIGEPA,1469.95,TAM
220688,2025,4,PASSAGEM AÉREA - SIGEPA,1291.34,TAM
220688,2025,4,PASSAGEM AÉREA - SIGEPA,85.0,TAM
220688,2025,4,PASSAGEM AÉREA - SIGEPA,1294.12,TAM
220688,2025,4,PASSAGEM AÉREA - SIGEPA,1555.54,TAM
220688,2025,4,PASSAGEM AÉREA - SIGEPA,-2976.51,TAM
220688,2025,4,PASSAGEM AÉREA - SIGEPA,1420.97,TAM
220688,2025,5,PASSAGEM AÉREA - SIGEPA,-2550.74,TAM
220688,2025,5,PASSAGEM AÉREA - SIGEPA,2550.74,TAM
220688,2025,6,PASSAGEM AÉREA - SIGEPA,102.0,TAM
220688,2025,6,PASSAGEM AÉREA - SIGEPA,1537.25,TAM
220688,2025,6,PASSAGEM AÉREA - SIGEPA,-1977.1,TAM
220688,2025,6,PASSAGEM AÉREA - SIGEPA,1977.1,TAM
220688,2025,7,PASSAGEM AÉREA - SIGEPA,-2758.24,TAM
220688,2025,7,PASSAGEM AÉREA - SIGEPA,2758.24,TAM
220688,2025,7,PASSAGEM AÉREA - SIGEPA,-2602.09,TAM
220688,2025,7,PASSAGEM AÉREA - SIGEPA,102.0,TAM
220688,2025,7,PASSAGEM AÉREA - SIGEPA,2602.09,TAM
220688,2025,7,PASSAGEM AÉREA - SIGEPA,2438.69,TAM
220688,2026,1,MANUTENÇÃO DE ESCRITÓRIO DE APOIO À ATIVIDADE PARLAMENTAR,79.06,AGUAS DE TERESINA SAN. SPE SA
220688,2026,2,MANUTENÇÃO DE ESCRITÓRIO DE APOIO À ATIVIDADE PARLAMENTAR,79.06,AGUAS DE TERESINA SAN. SPE SA
220688,2026,3,MANUTENÇÃO DE ESCRITÓRIO DE APOIO À ATIVIDADE PARLAMENTAR,79.06,AGUAS DE TERESINA SAN. SPE SA
220688,2026,4,MANUTENÇÃO DE ESCRITÓRIO DE APOIO À ATIVIDADE PARLAMENTAR,79.06,AGUAS DE TERESINA SAN. SPE SA
220688,2026,5,MANUTENÇÃO DE ESCRITÓRIO DE APOIO À ATIVIDADE PARLAMENTAR,79.06,AGUAS DE TERESINA SAN. SPE SA
220688,2026,7,MANUTENÇÃO DE ESCRITÓRIO DE APOIO À ATIVIDADE PARLAMENTAR,80.81,AGUAS DE TERESINA SANEAMENTO SPE S.A.
220688,2026,1,MANUTENÇÃO DE ESCRITÓRIO DE APOIO À ATIVIDADE PARLAMENTAR,1388.08,Companhia Energética do Piauí
220688,2026,4,MANUTENÇÃO DE ESCRITÓRIO DE APOIO À ATIVIDADE PARLAMENTAR,1450.26,Companhia Energética do Piauí
220688,2026,2,MANUTENÇÃO DE ESCRITÓRIO DE APOIO À ATIVIDADE PARLAMENTAR,1426.5,Companhia Energética do Piauí
220688,2026,3,MANUTENÇÃO DE ESCRITÓRIO DE APOIO À ATIVIDADE PARLAMENTAR,1887.71,Companhia Energética do Piauí
220688,2026,5,MANUTENÇÃO DE ESCRITÓRIO DE APOIO À ATIVIDADE PARLAMENTAR,1840.07,Companhia Energética do Piauí
220688,2026,6,MANUTENÇÃO DE ESCRITÓRIO DE APOIO À ATIVIDADE PARLAMENTAR,1991.17,EQUATORIAL PIAUI DISTRIBUIDORA DE ENERGIA S.A
220688,2026,7,MANUTENÇÃO DE ESCRITÓRIO DE APOIO À ATIVIDADE PARLAMENTAR,2115.62,EQUATORIAL PIAUI DISTRIBUIDORA DE ENERGIA S.A
220688,2026,1,MANUTENÇÃO DE ESCRITÓRIO DE APOIO À ATIVIDADE PARLAMENTAR,4000.0,J & M EMPREENDIMENTOS IMOBILIÁRIOS LTDA
220688,2026,2,MANUTENÇÃO DE ESCRITÓRIO DE APOIO À ATIVIDADE PARLAMENTAR,4000.0,J & M EMPREENDIMENTOS IMOBILIÁRIOS LTDA
220688,2026,3,MANUTENÇÃO DE ESCRITÓRIO DE APOIO À ATIVIDADE PARLAMENTAR,4500.0,J & M EMPREENDIMENTOS IMOBILIÁRIOS LTDA
220688,2026,4,MANUTENÇÃO DE ESCRITÓRIO DE APOIO À ATIVIDADE PARLAMENTAR,4500.0,J & M EMPREENDIMENTOS IMOBILIÁRIOS LTDA
220688,2026,5,MANUTENÇÃO DE ESCRITÓRIO DE APOIO À ATIVIDADE PARLAMENTAR,4500.0,J & M EMPREENDIMENTOS IMOBILIÁRIOS LTDA
220688,2026,6,MANUTENÇÃO DE ESCRITÓRIO DE APOIO À ATIVIDADE PARLAMENTAR,4500.0,J & M EMPREENDIMENTOS IMOBILIÁRIOS LTDA
220688,2026,7,MANUTENÇÃO DE ESCRITÓRIO DE APOIO À ATIVIDADE PARLAMENTAR,4500.0,JEPHISON ARAUJO DA SILVA
220688,2026,7,MANUTENÇÃO DE ESCRITÓRIO DE APOIO À ATIVIDADE PARLAMENTAR,678.41,L & V Comercio de Livros Ltda
220688,2026,1,MANUTENÇÃO DE ESCRITÓRIO DE APOIO À ATIVIDADE PARLAMENTAR,439.0,M F DISTRIBUIDORA E LIVRARIA LTDA
220688,2026,3,MANUTENÇÃO DE ESCRITÓRIO DE APOIO À ATIVIDADE PARLAMENTAR,319.0,M F DISTRIBUIDORA E LIVRARIA LTDA
220688,2026,6,MANUTENÇÃO DE ESCRITÓRIO DE APOIO À ATIVIDADE PARLAMENTAR,3373.15,MUNICIPIO DE TERESINA
220688,2026,4,MANUTENÇÃO DE ESCRITÓRIO DE APOIO À ATIVIDADE PARLAMENTAR,800.0,PARLANET WEB E TECNOLOGIA EIRELI
220688,2026,5,MANUTENÇÃO DE ESCRITÓRIO DE APOIO À ATIVIDADE PARLAMENTAR,800.0,Parlanet Web e Tecnologia Eireli
220688,2026,6,MANUTENÇÃO DE ESCRITÓRIO DE APOIO À ATIVIDADE PARLAMENTAR,800.0,Parlanet Web e Tecnologia Eireli
220688,2026,1,MANUTENÇÃO DE ESCRITÓRIO DE APOIO À ATIVIDADE PARLAMENTAR,800.0,PARLANET WEB E TECNOLOGIA EIRELI
220688,2026,2,MANUTENÇÃO DE ESCRITÓRIO DE APOIO À ATIVIDADE PARLAMENTAR,800.0,PARLANET WEB E TECNOLOGIA EIRELI
220688,2026,3,MANUTENÇÃO DE ESCRITÓRIO DE APOIO À ATIVIDADE PARLAMENTAR,800.0,PARLANET WEB E TECNOLOGIA EIRELI.
220688,2026,7,MANUTENÇÃO DE ESCRITÓRIO DE APOIO À ATIVIDADE PARLAMENTAR,800.0,PARLANET WEB E TECNOLOGIA LTDA
220688,2026,5,MANUTENÇÃO DE ESCRITÓRIO DE APOIO À ATIVIDADE PARLAMENTAR,1021.9,WMS COMERCIO DE ARTIGOS DE PAPELARIA LTDA
220688,2026,8,MANUTENÇÃO DE ESCRITÓRIO DE APOIO À ATIVIDADE PARLAMENTAR,621.0,WMS COMERCIO DE ARTIGOS DE PAPELARIA LTDA
220688,2026,5,COMBUSTÍVEIS E LUBRIFICANTES.,350.06,ALTO POSTO RIO LONGA LTDA
220688,2026,4,COMBUSTÍVEIS E LUBRIFICANTES.,310.0,AMANCIO E PAULO COMERCIO DE COMBUSTIVEL LTDA
220688,2026,1,COMBUSTÍVEIS E LUBRIFICANTES.,353.06,BARROS &amp; MOURA LTDA
220688,2026,1,COMBUSTÍVEIS E LUBRIFICANTES.,200.0,BEETHOVEN B EMPR LTDA
220688,2026,6,COMBUSTÍVEIS E LUBRIFICANTES.,410.0,CACIQUE PETROLEO LTDA
220688,2026,2,COMBUSTÍVEIS E LUBRIFICANTES.,235.02,CARVALHO E ALMEIDA LTDA
220688,2026,2,COMBUSTÍVEIS E LUBRIFICANTES.,370.05,CARVALHO E ALMEIDA LTDA
220688,2026,3,COMBUSTÍVEIS E LUBRIFICANTES.,305.0,CARVALHO E ALMEIDA LTDA
220688,2026,3,COMBUSTÍVEIS E LUBRIFICANTES.,396.02,CARVALHO E ALMEIDA LTDA
220688,2026,4,COMBUSTÍVEIS E LUBRIFICANTES.,250.25,CARVALHO E ALMEIDA LTDA
220688,2026,5,COMBUSTÍVEIS E LUBRIFICANTES.,495.01,CARVALHO E ALMEIDA LTDA
220688,2026,5,COMBUSTÍVEIS E LUBRIFICANTES.,340.05,CARVALHO E ALMEIDA LTDA
220688,2026,6,COMBUSTÍVEIS E LUBRIFICANTES.,555.06,CARVALHO E ALMEIDA LTDA
220688,2026,7,COMBUSTÍVEIS E LUBRIFICANTES.,500.04,CARVALHO E ALMEIDA LTDA
220688,2026,5,COMBUSTÍVEIS E LUBRIFICANTES.,400.07,COMERCIAL AGRICOLA SUSSUAPARA LTDA
220688,2026,1,COMBUSTÍVEIS E LUBRIFICANTES.,370.03,ENERGY COMBUSTIVEIS LTDA
220688,2026,7,COMBUSTÍVEIS E LUBRIFICANTES.,225.05,F H DANTAS DA SILVA LTDA
220688,2026,4,COMBUSTÍVEIS E LUBRIFICANTES.,100.0,FCN.X CARVALHO COMBUSTIVEL LTDA
220688,2026,1,COMBUSTÍVEIS E LUBRIFICANTES.,180.02,FERREIRA E COSTA LTDA
220688,2026,2,COMBUSTÍVEIS E LUBRIFICANTES.,1200.0,"GOES COMBUSTIVEIS, LUBRIFICANTES E GLP LTDA"
220688,2026,3,COMBUSTÍVEIS E LUBRIFICANTES.,817.9,"GOES COMBUSTIVEIS, LUBRIFICANTES E GLP LTDA"
220688,2026,1,COMBUSTÍVEIS E LUBRIFICANTES.,372.08,JK PETROLEO EIRELI EPP
220688,2026,6,COMBUSTÍVEIS E LUBRIFICANTES.,460.0,JOSE MARIA DE SOUSA & CIA LTDA
220688,2026,4,COMBUSTÍVEIS E LUBRIFICANTES.,410.05,MANOEL FRAGOSO E CIA
220688,2026,2,COMBUSTÍVEIS E LUBRIFICANTES.,230.02,NOVO DERIVADO DE PETROLEO LTDA
220688,2026,6,COMBUSTÍVEIS E LUBRIFICANTES.,172.05,NOVO DERIVADO DE PETROLEO LTDA
220688,2026,2,COMBUSTÍVEIS E LUBRIFICANTES.,160.02,NOVO DERIVADO DE PETROLEO LTDA
220688,2026,6,COMBUSTÍVEIS E LUBRIFICANTES.,225.05,NOVO DERIVADO DE PETROLEO LTDA
220688,2026,7,COMBUSTÍVEIS E LUBRIFICANTES.,217.06,NOVO DERIVADO DE PETROLEO LTDA
220688,2026,7,COMBUSTÍVEIS E LUBRIFICANTES.,234.66,NOVO DERIVADO DE PETROLEO LTDA
220688,2026,3,COMBUSTÍVEIS E LUBRIFICANTES.,438.01,PIPEL - PICOS PETROLEO LTDA
220688,2026,4,COMBUSTÍVEIS E LUBRIFICANTES.,470.1,PIPEL - PICOS PETROLEO LTDA
220688,2026,4,COMBUSTÍVEIS E LUBRIFICANTES.,290.02,PIPEL - PICOS PETROLEO LTDA
220688,2026,5,COMBUSTÍVEIS E LUBRIFICANTES.,270.01,PIPEL - PICOS PETROLEO LTDA
220688,2026,1,COMBUSTÍVEIS E LUBRIFICANTES.,375.02,POSTO CLEMENTINO LTDA
220688,2026,2,COMBUSTÍVEIS E LUBRIFICANTES.,300.0,POSTO KENNEDY LTDA
220688,2026,2,COMBUSTÍVEIS E LUBRIFICANTES.,235.04,POSTO KENNEDY LTDA
220688,2026,5,COMBUSTÍVEIS E LUBRIFICANTES.,365.04,POSTO KENNEDY LTDA
220688,2026,6,COMBUSTÍVEIS E LUBRIFICANTES.,420.03,POSTO KENNEDY LTDA
220688,2026,6,COMBUSTÍVEIS E LUBRIFICANTES.,310.0,POSTO KENNEDY LTDA
220688,2026,1,COMBUSTÍVEIS E LUBRIFICANTES.,326.0,POSTO SANTA ISABEL LTDA
220688,2026,4,COMBUSTÍVEIS E LUBRIFICANTES.,395.03,POSTO SANTA LUCIA LTDA.
220688,2026,3,COMBUSTÍVEIS E LUBRIFICANTES.,420.01,R. DEMES E CIA LTDA
220688,2026,1,COMBUSTÍVEIS E LUBRIFICANTES.,2081.08,TRANSSERVICE PETROLEO LTDA
220688,2026,2,COMBUSTÍVEIS E LUBRIFICANTES.,1576.2,TRANSSERVICE PETROLEO LTDA
220688,2026,3,COMBUSTÍVEIS E LUBRIFICANTES.,2150.28,TRANSSERVICE PETROLEO LTDA
220688,2026,4,COMBUSTÍVEIS E LUBRIFICANTES.,1136.5,TRANSSERVICE PETROLEO LTDA
220688,2026,5,COMBUSTÍVEIS E LUBRIFICANTES.,1374.22,TRANSSERVICE PETROLEO LTDA
220688,2026,7,COMBUSTÍVEIS E LUBRIFICANTES.,1349.13,TRANSSERVICE PETROLEO LTDA
220688,2026,3,COMBUSTÍVEIS E LUBRIFICANTES.,4864.78,TRANSSERVICE PETROLEO LTDA
220688,2026,1,COMBUSTÍVEIS E LUBRIFICANTES.,4458.34,TRANSSERVICE PETROLEO LTDA
220688,2026,4,COMBUSTÍVEIS E LUBRIFICANTES.,4941.14,TRANSSERVICE PETROLEO LTDA
220688,2026,5,COMBUSTÍVEIS E LUBRIFICANTES.,4953.7,TRANSSERVICE PETROLEO LTDA
220688,2026,2,COMBUSTÍVEIS E LUBRIFICANTES.,2743.34,TRANSSERVICE PETROLEO LTDA
220688,2026,6,COMBUSTÍVEIS E LUBRIFICANTES.,5893.61,TRANSSERVICE PETROLEO LTDA
220688,2026,7,COMBUSTÍVEIS E LUBRIFICANTES.,5276.43,TRANSSERVICE PETROLEO LTDA
220688,2026,3,DIVULGAÇÃO DA ATIVIDADE PARLAMENTAR.,1500.0,AGENCIA VIXE LTDA
220688,2026,1,DIVULGAÇÃO DA ATIVIDADE PARLAMENTAR.,1500.0,AGENCIA VIXE LTDA
220688,2026,2,DIVULGAÇÃO DA ATIVIDADE PARLAMENTAR.,1500.0,AGENCIA VIXE LTDA
220688,2026,4,DIVULGAÇÃO DA ATIVIDADE PARLAMENTAR.,1500.0,AGENCIA VIXE LTDA
220688,2026,5,DIVULGAÇÃO DA ATIVIDADE PARLAMENTAR.,1500.0,AGENCIA VIXE LTDA
220688,2026,1,DIVULGAÇÃO DA ATIVIDADE PARLAMENTAR.,1000.0,ALFA COMUNICAÇÃO E MARKETING DIGITAL LTDA
220688,2026,2,DIVULGAÇÃO DA ATIVIDADE PARLAMENTAR.,1000.0,ALFA COMUNICAÇÃO E MARKETING DIGITAL LTDA
220688,2026,3,DIVULGAÇÃO DA ATIVIDADE PARLAMENTAR.,1000.0,ALFA COMUNICAÇÃO E MARKETING DIGITAL LTDA
220688,2026,4,DIVULGAÇÃO DA ATIVIDADE PARLAMENTAR.,1000.0,ALFA COMUNICAÇÃO E MARKETING DIGITAL LTDA
220688,2026,5,DIVULGAÇÃO DA ATIVIDADE PARLAMENTAR.,1000.0,ALFA COMUNICAÇÃO E MARKETING DIGITAL LTDA
220688,2026,1,DIVULGAÇÃO DA ATIVIDADE PARLAMENTAR.,2240.0,ANA PATRICIA DE SOUSA RODRIGUES
220688,2026,2,DIVULGAÇÃO DA ATIVIDADE PARLAMENTAR.,2240.0,ANA PATRICIA DE SOUSA RODRIGUES
220688,2026,3,DIVULGAÇÃO DA ATIVIDADE PARLAMENTAR.,2240.0,ANA PATRICIA DE SOUSA RODRIGUES
220688,2026,4,DIVULGAÇÃO DA ATIVIDADE PARLAMENTAR.,2240.0,ANA PATRICIA DE SOUSA RODRIGUES
220688,2026,5,DIVULGAÇÃO DA ATIVIDADE PARLAMENTAR.,2240.0,ANA PATRICIA DE SOUSA RODRIGUES
220688,2026,3,DIVULGAÇÃO DA ATIVIDADE PARLAMENTAR.,1200.0,DANIEL HELBER DA SILVA
220688,2026,1,DIVULGAÇÃO DA ATIVIDADE PARLAMENTAR.,1000.0,ELDORADO COMUNICACAO E JORNALISMO LTDA
220688,2026,2,DIVULGAÇÃO DA ATIVIDADE PARLAMENTAR.,1000.0,ELDORADO COMUNICACAO E JORNALISMO LTDA
220688,2026,3,DIVULGAÇÃO DA ATIVIDADE PARLAMENTAR.,1000.0,ELDORADO COMUNICACAO E JORNALISMO LTDA
220688,2026,4,DIVULGAÇÃO DA ATIVIDADE PARLAMENTAR.,1000.0,ELDORADO COMUNICACAO E JORNALISMO LTDA
220688,2026,5,DIVULGAÇÃO DA ATIVIDADE PARLAMENTAR.,1000.0,ELDORADO COMUNICACAO E JORNALISMO LTDA
220688,2026,4,DIVULGAÇÃO DA ATIVIDADE PARLAMENTAR.,1500.0,Gomo Comunicação Ltda
220688,2026,2,DIVULGAÇÃO DA ATIVIDADE PARLAMENTAR.,3000.0,RAFAEL DA SILVA OLIVEIRA
220688,2026,4,DIVULGAÇÃO DA ATIVIDADE PARLAMENTAR.,3000.0,RAFAEL DA SILVA OLIVEIRA
220688,2026,1,DIVULGAÇÃO DA ATIVIDADE PARLAMENTAR.,3000.0,RAFAEL DA SILVA OLIVEIRA
220688,2026,3,DIVULGAÇÃO DA ATIVIDADE PARLAMENTAR.,3000.0,RAFAEL DA SILVA OLIVEIRA
220688,2026,5,DIVULGAÇÃO DA ATIVIDADE PARLAMENTAR.,3000.0,RAFAEL DA SILVA OLIVEIRA
220688,2026,6,SERVIÇO DE SEGURANÇA PRESTADO POR EMPRESA ESPECIALIZADA.,8700.0,SERVFAZ SERVICOS DE SEGURANCA LTDA
220688,2026,1,SERVIÇO DE SEGURANÇA PRESTADO POR EMPRESA ESPECIALIZADA.,8700.0,SERVFAZ SERVIÇOS DE SEGURANÇA LTDA
220688,2026,2,SERVIÇO DE SEGURANÇA PRESTADO POR EMPRESA ESPECIALIZADA.,8700.0,SERVFAZ SERVIÇOS DE SEGURANÇA LTDA
220688,2026,3,SERVIÇO DE SEGURANÇA PRESTADO POR EMPRESA ESPECIALIZADA.,8700.0,SERVFAZ SERVIÇOS DE SEGURANÇA LTDA
220688,2026,4,SERVIÇO DE SEGURANÇA PRESTADO POR EMPRESA ESPECIALIZADA.,8700.0,SERVFAZ SERVIÇOS DE SEGURANÇA LTDA
220688,2026,5,SERVIÇO DE SEGURANÇA PRESTADO POR EMPRESA ESPECIALIZADA.,8700.0,SERVFAZ SERVIÇOS DE SEGURANÇA LTDA
220688,2026,5,TELEFONIA,273.17,CLARO S.A.
220688,2026,1,TELEFONIA,273.17,CLARO S.A.
220688,2026,2,TELEFONIA,273.17,CLARO S.A.
220688,2026,4,TELEFONIA,273.17,CLARO S.A.
220688,2026,3,TELEFONIA,123.92,TELEFÕNICA BRASIL S.A VIVO
220688,2026,7,TELEFONIA,133.92,TELEFONICA BRASIL S.A.
220688,2026,1,TELEFONIA,123.92,Telefônica Brasil S.A. VIVO
220688,2026,2,TELEFONIA,123.92,Telefônica Brasil S.A. VIVO
220688,2026,4,TELEFONIA,133.92,TELEFÔNICA BRASIL S/A - VIVO
220688,2026,5,TELEFONIA,133.92,TELEFONICA BRASIL S/A - VIVO
220688,2026,6,TELEFONIA,133.4,TELEFÔNICA BRASIL S/A - VIVO
220688,2026,3,FORNECIMENTO DE ALIMENTAÇÃO DO PARLAMENTAR,42.6,PD PAES E DELICIAS COMERCIO E INDUSTRIA
220688,2026,3,FORNECIMENTO DE ALIMENTAÇÃO DO PARLAMENTAR,42.6,PD PAES E DELICIAS COMERCIO E INDUSTRIA
220688,2026,5,"HOSPEDAGEM ,EXCETO DO PARLAMENTAR NO DISTRITO FEDERAL.",590.0,ARREY PICOS EXPRESS LTDA
220688,2026,5,"HOSPEDAGEM ,EXCETO DO PARLAMENTAR NO DISTRITO FEDERAL.",860.0,ARREY PICOS EXPRESS LTDA
220688,2026,7,"HOSPEDAGEM ,EXCETO DO PARLAMENTAR NO DISTRITO FEDERAL.",494.0,ARREY PICOS EXPRESS LTDA
220688,2026,5,"HOSPEDAGEM ,EXCETO DO PARLAMENTAR NO DISTRITO FEDERAL.",1860.0,GURGUÉIA PARK HOTEL
220688,2026,5,"HOSPEDAGEM ,EXCETO DO PARLAMENTAR NO DISTRITO FEDERAL.",490.0,MEGA EXPRESS HOTEL LTDA
220688,2026,6,LOCAÇÃO OU FRETAMENTO DE VEÍCULOS AUTOMOTORES,3600.0,MY CAR LOCACAO DE VEICULOS LTDA
220688,2026,6,LOCAÇÃO OU FRETAMENTO DE VEÍCULOS AUTOMOTORES,4000.0,MY CAR LOCACAO DE VEICULOS LTDA
220688,2026,6,LOCAÇÃO OU FRETAMENTO DE VEÍCULOS AUTOMOTORES,5800.0,MY CAR LOCACAO DE VEICULOS LTDA
220688,2026,6,LOCAÇÃO OU FRETAMENTO DE VEÍCULOS AUTOMOTORES,5500.0,MY CAR LOCACAO DE VEICULOS LTDA
220688,2026,7,LOCAÇÃO OU FRETAMENTO DE VEÍCULOS AUTOMOTORES,3600.0,MY CAR LOCACAO DE VEICULOS LTDA
220688,2026,7,LOCAÇÃO OU FRETAMENTO DE VEÍCULOS AUTOMOTORES,4000.0,MY CAR LOCACAO DE VEICULOS LTDA
220688,2026,7,LOCAÇÃO OU FRETAMENTO DE VEÍCULOS AUTOMOTORES,5800.0,MY CAR LOCACAO DE VEICULOS LTDA
220688,2026,7,LOCAÇÃO OU FRETAMENTO DE VEÍCULOS AUTOMOTORES,5500.0,MY CAR LOCACAO DE VEICULOS LTDA
220688,2026,1,LOCAÇÃO OU FRETAMENTO DE VEÍCULOS AUTOMOTORES,3000.0,MY CAR LOCAÇÃO DE VEICULOS LTDA
220688,2026,1,LOCAÇÃO OU FRETAMENTO DE VEÍCULOS AUTOMOTORES,3000.0,MY CAR LOCAÇÃO DE VEICULOS LTDA
220688,2026,1,LOCAÇÃO OU FRETAMENTO DE VEÍCULOS AUTOMOTORES,4500.0,MY CAR LOCAÇÃO DE VEICULOS LTDA
220688,2026,2,LOCAÇÃO OU FRETAMENTO DE VEÍCULOS AUTOMOTORES,3000.0,MY CAR LOCAÇÃO DE VEICULOS LTDA
220688,2026,2,LOCAÇÃO OU FRETAMENTO DE VEÍCULOS AUTOMOTORES,3000.0,MY CAR LOCAÇÃO DE VEICULOS LTDA
220688,2026,2,LOCAÇÃO OU FRETAMENTO DE VEÍCULOS AUTOMOTORES,4500.0,MY CAR LOCAÇÃO DE VEICULOS LTDA
220688,2026,2,LOCAÇÃO OU FRETAMENTO DE VEÍCULOS AUTOMOTORES,3720.0,MY CAR LOCAÇÃO DE VEICULOS LTDA
220688,2026,3,LOCAÇÃO OU FRETAMENTO DE VEÍCULOS AUTOMOTORES,3600.0,MY CAR LOCAÇÃO DE VEICULOS LTDA
220688,2026,3,LOCAÇÃO OU FRETAMENTO DE VEÍCULOS AUTOMOTORES,4000.0,MY CAR LOCAÇÃO DE VEICULOS LTDA
220688,2026,3,LOCAÇÃO OU FRETAMENTO DE VEÍCULOS AUTOMOTORES,5800.0,MY CAR LOCAÇÃO DE VEICULOS LTDA
220688,2026,3,LOCAÇÃO OU FRETAMENTO DE VEÍCULOS AUTOMOTORES,5500.0,MY CAR LOCAÇÃO DE VEICULOS LTDA
220688,2026,4,LOCAÇÃO OU FRETAMENTO DE VEÍCULOS AUTOMOTORES,3600.0,MY CAR LOCAÇÃO DE VEICULOS LTDA
220688,2026,4,LOCAÇÃO OU FRETAMENTO DE VEÍCULOS AUTOMOTORES,4000.0,MY CAR LOCAÇÃO DE VEICULOS LTDA
220688,2026,4,LOCAÇÃO OU FRETAMENTO DE VEÍCULOS AUTOMOTORES,5800.0,MY CAR LOCAÇÃO DE VEICULOS LTDA
220688,2026,4,LOCAÇÃO OU FRETAMENTO DE VEÍCULOS AUTOMOTORES,5500.0,MY CAR LOCAÇÃO DE VEICULOS LTDA
220688,2026,5,LOCAÇÃO OU FRETAMENTO DE VEÍCULOS AUTOMOTORES,3600.0,MY CAR LOCAÇÃO DE VEICULOS LTDA
220688,2026,5,LOCAÇÃO OU FRETAMENTO DE VEÍCULOS AUTOMOTORES,4000.0,MY CAR LOCAÇÃO DE VEICULOS LTDA
220688,2026,5,LOCAÇÃO OU FRETAMENTO DE VEÍCULOS AUTOMOTORES,5800.0,MY CAR LOCAÇÃO DE VEICULOS LTDA
220688,2026,5,LOCAÇÃO OU FRETAMENTO DE VEÍCULOS AUTOMOTORES,5500.0,MY CAR LOCAÇÃO DE VEICULOS LTDA
220688,2026,1,PASSAGEM AÉREA - SIGEPA,849.05,Gol Linhas Aéreas
220688,2026,1,PASSAGEM AÉREA - SIGEPA,-849.05,Gol Linhas Aéreas
220688,2026,1,PASSAGEM AÉREA - SIGEPA,-1159.92,LATAM Airlines Brasil
220688,2026,1,PASSAGEM AÉREA - SIGEPA,-163.0,LATAM Airlines Brasil
220688,2026,1,PASSAGEM AÉREA - SIGEPA,163.0,LATAM Airlines Brasil
220688,2026,1,PASSAGEM AÉREA - SIGEPA,1159.92,LATAM Airlines Brasil
220688,2026,3,PASSAGEM AÉREA - SIGEPA,-1965.48,LATAM Airlines Brasil
220688,2026,3,PASSAGEM AÉREA - SIGEPA,-163.0,LATAM Airlines Brasil
220688,2026,3,PASSAGEM AÉREA - SIGEPA,163.0,LATAM Airlines Brasil
220688,2026,3,PASSAGEM AÉREA - SIGEPA,1965.48,LATAM Airlines Brasil
220688,2026,3,PASSAGEM AÉREA - SIGEPA,2558.47,LATAM Airlines Brasil
220688,2026,3,PASSAGEM AÉREA - SIGEPA,2573.04,LATAM Airlines Brasil
220688,2026,4,PASSAGEM AÉREA - SIGEPA,-2515.71,LATAM Airlines Brasil
220688,2026,4,PASSAGEM AÉREA - SIGEPA,-163.0,LATAM Airlines Brasil
220688,2026,4,PASSAGEM AÉREA - SIGEPA,163.0,LATAM Airlines Brasil
220688,2026,4,PASSAGEM AÉREA - SIGEPA,2515.71,LATAM Airlines Brasil
220688,2026,5,PASSAGEM AÉREA - SIGEPA,126.0,LATAM Airlines Brasil
220688,2026,5,PASSAGEM AÉREA - SIGEPA,3247.72,LATAM Airlines Brasil
220688,2026,5,PASSAGEM AÉREA - SIGEPA,-3229.94,LATAM Airlines Brasil
220688,2026,5,PASSAGEM AÉREA - SIGEPA,-126.0,LATAM Airlines Brasil
220688,2026,5,PASSAGEM AÉREA - SIGEPA,126.0,LATAM Airlines Brasil
220688,2026,5,PASSAGEM AÉREA - SIGEPA,3229.94,LATAM Airlines Brasil
220688,2026,5,PASSAGEM AÉREA - SIGEPA,-3327.14,LATAM Airlines Brasil
220688,2026,5,PASSAGEM AÉREA - SIGEPA,-163.0,LATAM Airlines Brasil
220688,2026,5,PASSAGEM AÉREA - SIGEPA,163.0,LATAM Airlines Brasil
220688,2026,5,PASSAGEM AÉREA - SIGEPA,3327.14,LATAM Airlines Brasil
220688,2026,5,PASSAGEM AÉREA - SIGEPA,-3327.14,LATAM Airlines Brasil
220688,2026,5,PASSAGEM AÉREA - SIGEPA,3327.14,LATAM Airlines Brasil
220688,2026,5,PASSAGEM AÉREA - SIGEPA,3182.13,LATAM Airlines Brasil
220688,2026,7,PASSAGEM AÉREA - SIGEPA,163.0,LATAM Airlines Brasil
220688,2026,7,PASSAGEM AÉREA - SIGEPA,823.77,LATAM Airlines Brasil
220688,2026,7,PASSAGEM AÉREA - SIGEPA,163.0,LATAM Airlines Brasil
220688,2026,7,PASSAGEM AÉREA - SIGEPA,716.22,LATAM Airlines Brasil
220688,2026,7,PASSAGEM AÉREA - SIGEPA,163.0,LATAM Airlines Brasil
220688,2026,7,PASSAGEM AÉREA - SIGEPA,698.44,LATAM Airlines Brasil
191923,2023,9,MANUTENÇÃO DE ESCRITÓRIO DE APOIO À ATIVIDADE PARLAMENTAR,339.52,5S PAPELARIA E LIVRARIA LTDA
191923,2023,3,MANUTENÇÃO DE ESCRITÓRIO DE APOIO À ATIVIDADE PARLAMENTAR,89.9,A R G3 TELECOM ASSOCIADOS LTDA
191923,2023,4,MANUTENÇÃO DE ESCRITÓRIO DE APOIO À ATIVIDADE PARLAMENTAR,89.9,A R G3 TELECOM ASSOCIADOS LTDA
191923,2023,6,MANUTENÇÃO DE ESCRITÓRIO DE APOIO À ATIVIDADE PARLAMENTAR,89.9,A R G3 TELECOM ASSOCIADOS LTDA
191923,2023,7,MANUTENÇÃO DE ESCRITÓRIO DE APOIO À ATIVIDADE PARLAMENTAR,89.9,A R G3 TELECOM ASSOCIADOS LTDA
191923,2023,8,MANUTENÇÃO DE ESCRITÓRIO DE APOIO À ATIVIDADE PARLAMENTAR,89.9,A R G3 TELECOM ASSOCIADOS LTDA
191923,2023,9,MANUTENÇÃO DE ESCRITÓRIO DE APOIO À ATIVIDADE PARLAMENTAR,89.9,A R G3 TELECOM ASSOCIADOS LTDA
191923,2023,10,MANUTENÇÃO DE ESCRITÓRIO DE APOIO À ATIVIDADE PARLAMENTAR,89.9,A R G3 TELECOM ASSOCIADOS LTDA
191923,2023,11,MANUTENÇÃO DE ESCRITÓRIO DE APOIO À ATIVIDADE PARLAMENTAR,89.9,A R G3 TELECOM ASSOCIADOS LTDA
191923,2023,6,MANUTENÇÃO DE ESCRITÓRIO DE APOIO À ATIVIDADE PARLAMENTAR,89.9,A R G3 TELECOM ASSOCIADOS LTDA
191923,2023,2,MANUTENÇÃO DE ESCRITÓRIO DE APOIO À ATIVIDADE PARLAMENTAR,73.24,AGUAS DE TERESINA SAN. SPE SA
191923,2023,5,MANUTENÇÃO DE ESCRITÓRIO DE APOIO À ATIVIDADE PARLAMENTAR,73.24,AGUAS DE TERESINA SAN. SPE SA
191923,2023,6,MANUTENÇÃO DE ESCRITÓRIO DE APOIO À ATIVIDADE PARLAMENTAR,73.24,AGUAS DE TERESINA SAN. SPE SA
191923,2023,7,MANUTENÇÃO DE ESCRITÓRIO DE APOIO À ATIVIDADE PARLAMENTAR,75.92,AGUAS DE TERESINA SAN. SPE SA
191923,2023,8,MANUTENÇÃO DE ESCRITÓRIO DE APOIO À ATIVIDADE PARLAMENTAR,82.22,AGUAS DE TERESINA SAN. SPE SA
191923,2023,9,MANUTENÇÃO DE ESCRITÓRIO DE APOIO À ATIVIDADE PARLAMENTAR,82.22,AGUAS DE TERESINA SAN. SPE SA
191923,2023,10,MANUTENÇÃO DE ESCRITÓRIO DE APOIO À ATIVIDADE PARLAMENTAR,1184.78,AGUAS DE TERESINA SAN. SPE SA
191923,2023,11,MANUTENÇÃO DE ESCRITÓRIO DE APOIO À ATIVIDADE PARLAMENTAR,82.22,AGUAS DE TERESINA SAN. SPE SA
191923,2023,12,MANUTENÇÃO DE ESCRITÓRIO DE APOIO À ATIVIDADE PARLAMENTAR,82.22,AGUAS DE TERESINA SAN. SPE SA
191923,2023,4,MANUTENÇÃO DE ESCRITÓRIO DE APOIO À ATIVIDADE PARLAMENTAR,3337.98,ANTARES COMERCIO ATACADISTA LTDA
191923,2023,2,MANUTENÇÃO DE ESCRITÓRIO DE APOIO À ATIVIDADE PARLAMENTAR,282.42,Companhia Energética do Piauí
191923,2023,8,MANUTENÇÃO DE ESCRITÓRIO DE APOIO À ATIVIDADE PARLAMENTAR,106.34,Companhia Energética do Piauí
191923,2023,9,MANUTENÇÃO DE ESCRITÓRIO DE APOIO À ATIVIDADE PARLAMENTAR,1187.9,Companhia Energética do Piauí
191923,2023,10,MANUTENÇÃO DE ESCRITÓRIO DE APOIO À ATIVIDADE PARLAMENTAR,654.97,Companhia Energética do Piauí
191923,2023,11,MANUTENÇÃO DE ESCRITÓRIO DE APOIO À ATIVIDADE PARLAMENTAR,784.71,Companhia Energética do Piauí
191923,2023,12,MANUTENÇÃO DE ESCRITÓRIO DE APOIO À ATIVIDADE PARLAMENTAR,761.43,Companhia Energética do Piauí
191923,2023,8,MANUTENÇÃO DE ESCRITÓRIO DE APOIO À ATIVIDADE PARLAMENTAR,3087.78,NOGUEIRA E ALENCAR LTDA
191923,2023,11,MANUTENÇÃO DE ESCRITÓRIO DE APOIO À ATIVIDADE PARLAMENTAR,2851.6,NOGUEIRA E ALENCAR LTDA
191923,2023,11,MANUTENÇÃO DE ESCRITÓRIO DE APOIO À ATIVIDADE PARLAMENTAR,3351.96,NOGUEIRA E ALENCAR LTDA
191923,2023,2,MANUTENÇÃO DE ESCRITÓRIO DE APOIO À ATIVIDADE PARLAMENTAR,5000.0,REGINA LUCIA VALE RIBEIRO
191923,2023,3,MANUTENÇÃO DE ESCRITÓRIO DE APOIO À ATIVIDADE PARLAMENTAR,5000.0,REGINA LUCIA VALE RIBEIRO
191923,2023,6,MANUTENÇÃO DE ESCRITÓRIO DE APOIO À ATIVIDADE PARLAMENTAR,5000.0,REGINA LUCIA VALE RIBEIRO
191923,2023,8,MANUTENÇÃO DE ESCRITÓRIO DE APOIO À ATIVIDADE PARLAMENTAR,5000.0,REGINA LUCIA VALE RIBEIRO
191923,2023,9,MANUTENÇÃO DE ESCRITÓRIO DE APOIO À ATIVIDADE PARLAMENTAR,5000.0,REGINA LUCIA VALE RIBEIRO
191923,2023,10,MANUTENÇÃO DE ESCRITÓRIO DE APOIO À ATIVIDADE PARLAMENTAR,5000.0,REGINA LUCIA VALE RIBEIRO
191923,2023,11,MANUTENÇÃO DE ESCRITÓRIO DE APOIO À ATIVIDADE PARLAMENTAR,5000.0,REGINA LUCIA VALE RIBEIRO
191923,2023,12,MANUTENÇÃO DE ESCRITÓRIO DE APOIO À ATIVIDADE PARLAMENTAR,5000.0,REGINA LUCIA VALE RIBEIRO
191923,2023,4,MANUTENÇÃO DE ESCRITÓRIO DE APOIO À ATIVIDADE PARLAMENTAR,5000.0,REGINA LUCIA VALE RIBEIRO
191923,2023,5,MANUTENÇÃO DE ESCRITÓRIO DE APOIO À ATIVIDADE PARLAMENTAR,5000.0,REGINA LUCIA VALE RIBEIRO
191923,2023,7,MANUTENÇÃO DE ESCRITÓRIO DE APOIO À ATIVIDADE PARLAMENTAR,5000.0,REGINA LUCIA VALE RIBEIRO
191923,2023,7,COMBUSTÍVEIS E LUBRIFICANTES.,193.87,031 - 302 NORTE - CASCOL COMBUSTIVEIS PARA VEICULOS LTDA
191923,2023,8,COMBUSTÍVEIS E LUBRIFICANTES.,235.0,AUTO POSTO 303 NORTE LTDA
191923,2023,12,COMBUSTÍVEIS E LUBRIFICANTES.,231.92,AUTO POSTO 303 NORTE LTDA
191923,2023,10,COMBUSTÍVEIS E LUBRIFICANTES.,219.63,AUTO POSTO 306 NORTE LTDA
191923,2023,12,COMBUSTÍVEIS E LUBRIFICANTES.,226.83,AUTO POSTO 5 ESTRELAS LTDA
191923,2023,8,COMBUSTÍVEIS E LUBRIFICANTES.,244.18,AUTO POSTO CASTANHEIRAS DERIVADOS DE PETROLEO LTDA
191923,2023,11,COMBUSTÍVEIS E LUBRIFICANTES.,254.73,AUTO POSTO CINCO ESTRELAS
191923,2023,8,COMBUSTÍVEIS E LUBRIFICANTES.,239.02,AUTO POSTO CINCO ESTRELAS LTDA
191923,2023,10,COMBUSTÍVEIS E LUBRIFICANTES.,231.34,AUTO POSTO CINCO ESTRELAS LTDA
191923,2023,10,COMBUSTÍVEIS E LUBRIFICANTES.,212.02,AUTO POSTO CINCO ESTRELAS LTDA
191923,2023,3,COMBUSTÍVEIS E LUBRIFICANTES.,173.09,AUTO POSTO CINCO ESTRELAS LTDA
191923,2023,3,COMBUSTÍVEIS E LUBRIFICANTES.,206.19,AUTO POSTO CINCO ESTRELAS LTDA
191923,2023,3,COMBUSTÍVEIS E LUBRIFICANTES.,185.93,AUTO POSTO CINCO ESTRELAS LTDA
191923,2023,4,COMBUSTÍVEIS E LUBRIFICANTES.,202.18,AUTO POSTO CINCO ESTRELAS LTDA
191923,2023,4,COMBUSTÍVEIS E LUBRIFICANTES.,212.65,AUTO POSTO CINCO ESTRELAS LTDA
191923,2023,4,COMBUSTÍVEIS E LUBRIFICANTES.,225.44,AUTO POSTO CINCO ESTRELAS LTDA
191923,2023,5,COMBUSTÍVEIS E LUBRIFICANTES.,200.44,AUTO POSTO CINCO ESTRELAS LTDA
191923,2023,6,COMBUSTÍVEIS E LUBRIFICANTES.,200.44,AUTO POSTO CINCO ESTRELAS LTDA
191923,2023,7,COMBUSTÍVEIS E LUBRIFICANTES.,200.91,AUTO POSTO CINCO ESTRELAS LTDA
191923,2023,9,COMBUSTÍVEIS E LUBRIFICANTES.,228.76,AUTO POSTO CINCO ESTRELAS LTDA
191923,2023,9,COMBUSTÍVEIS E LUBRIFICANTES.,248.09,AUTO POSTO CINCO ESTRELAS LTDA
191923,2023,9,COMBUSTÍVEIS E LUBRIFICANTES.,228.0,AUTO POSTO CINCO ESTRELAS LTDA
191923,2023,9,COMBUSTÍVEIS E LUBRIFICANTES.,240.06,AUTO POSTO CINCO ESTRELAS LTDA
191923,2023,9,COMBUSTÍVEIS E LUBRIFICANTES.,215.1,AUTO POSTO CINCO ESTRELAS LTDA
191923,2023,10,COMBUSTÍVEIS E LUBRIFICANTES.,172.28,AUTO POSTO CINCO ESTRELAS LTDA
191923,2023,11,COMBUSTÍVEIS E LUBRIFICANTES.,142.25,AUTO POSTO CINCO ESTRELAS LTDA
191923,2023,12,COMBUSTÍVEIS E LUBRIFICANTES.,236.61,AUTO POSTO CINCO ESTRELAS LTDA
191923,2023,3,COMBUSTÍVEIS E LUBRIFICANTES.,159.7,AUTO POSTO CONCORDE LTDA
191923,2023,5,COMBUSTÍVEIS E LUBRIFICANTES.,200.94,AUTO POSTO CONCORDE LTDA
191923,2023,5,COMBUSTÍVEIS E LUBRIFICANTES.,215.61,AUTO POSTO CONCORDE LTDA
191923,2023,6,COMBUSTÍVEIS E LUBRIFICANTES.,191.71,AUTO POSTO CONCORDE LTDA
191923,2023,6,COMBUSTÍVEIS E LUBRIFICANTES.,189.14,AUTO POSTO CONCORDE LTDA
191923,2023,10,COMBUSTÍVEIS E LUBRIFICANTES.,220.78,AUTO POSTO CONCORDE LTDA
191923,2023,11,COMBUSTÍVEIS E LUBRIFICANTES.,199.04,AUTO POSTO CONCORDE LTDA
191923,2023,11,COMBUSTÍVEIS E LUBRIFICANTES.,196.3,AUTO POSTO CONCORDE LTDA
191923,2023,9,COMBUSTÍVEIS E LUBRIFICANTES.,300.0,BARRA GRANDE COMERCIO E DISTRIBUIDORA DE COMBUSTIVEIS LTDA
191923,2023,9,COMBUSTÍVEIS E LUBRIFICANTES.,100.0,BRASAL COMBUSTIVEIS LTDA
191923,2023,9,COMBUSTÍVEIS E LUBRIFICANTES.,355.0,BRASAL COMBUSTIVEIS LTDA
191923,2023,12,COMBUSTÍVEIS E LUBRIFICANTES.,300.0,CACIQUE PETROLEO LTDA
191923,2023,9,COMBUSTÍVEIS E LUBRIFICANTES.,374.19,COMERCIO DE DERIVADOS DE PETROLEO IRMAOS SABA
191923,2023,10,COMBUSTÍVEIS E LUBRIFICANTES.,200.0,COPAS COMBUSTIVEIS LTDA EPP
191923,2023,10,COMBUSTÍVEIS E LUBRIFICANTES.,149.99,HD PETROLEO LTDA
191923,2023,2,COMBUSTÍVEIS E LUBRIFICANTES.,100.0,IGUATEMI DISTRIBUIDORA LTDA
191923,2023,3,COMBUSTÍVEIS E LUBRIFICANTES.,100.0,IGUATEMI DISTRIBUIDORA LTDA
191923,2023,4,COMBUSTÍVEIS E LUBRIFICANTES.,170.0,IGUATEMI DISTRIBUIDORA LTDA
191923,2023,4,COMBUSTÍVEIS E LUBRIFICANTES.,330.16,IGUATEMI DISTRIBUIDORA LTDA
191923,2023,4,COMBUSTÍVEIS E LUBRIFICANTES.,390.17,IGUATEMI DISTRIBUIDORA LTDA
191923,2023,4,COMBUSTÍVEIS E LUBRIFICANTES.,320.02,IGUATEMI DISTRIBUIDORA LTDA
191923,2023,5,COMBUSTÍVEIS E LUBRIFICANTES.,315.0,IGUATEMI DISTRIBUIDORA LTDA
191923,2023,5,COMBUSTÍVEIS E LUBRIFICANTES.,320.03,IGUATEMI DISTRIBUIDORA LTDA
191923,2023,5,COMBUSTÍVEIS E LUBRIFICANTES.,190.06,IGUATEMI DISTRIBUIDORA LTDA
191923,2023,5,COMBUSTÍVEIS E LUBRIFICANTES.,350.0,IGUATEMI DISTRIBUIDORA LTDA
191923,2023,5,COMBUSTÍVEIS E LUBRIFICANTES.,180.02,IGUATEMI DISTRIBUIDORA LTDA
191923,2023,5,COMBUSTÍVEIS E LUBRIFICANTES.,200.03,IGUATEMI DISTRIBUIDORA LTDA
191923,2023,6,COMBUSTÍVEIS E LUBRIFICANTES.,105.8,IGUATEMI DISTRIBUIDORA LTDA
191923,2023,6,COMBUSTÍVEIS E LUBRIFICANTES.,200.03,IGUATEMI DISTRIBUIDORA LTDA
191923,2023,6,COMBUSTÍVEIS E LUBRIFICANTES.,200.0,IGUATEMI DISTRIBUIDORA LTDA
191923,2023,6,COMBUSTÍVEIS E LUBRIFICANTES.,200.03,IGUATEMI DISTRIBUIDORA LTDA
191923,2023,6,COMBUSTÍVEIS E LUBRIFICANTES.,270.02,IGUATEMI DISTRIBUIDORA LTDA
191923,2023,6,COMBUSTÍVEIS E LUBRIFICANTES.,200.03,IGUATEMI DISTRIBUIDORA LTDA
191923,2023,8,COMBUSTÍVEIS E LUBRIFICANTES.,100.0,IGUATEMI DISTRIBUIDORA LTDA
191923,2023,8,COMBUSTÍVEIS E LUBRIFICANTES.,300.0,IGUATEMI DISTRIBUIDORA LTDA
191923,2023,8,COMBUSTÍVEIS E LUBRIFICANTES.,299.38,IGUATEMI DISTRIBUIDORA LTDA
191923,2023,8,COMBUSTÍVEIS E LUBRIFICANTES.,88.35,IGUATEMI DISTRIBUIDORA LTDA
191923,2023,8,COMBUSTÍVEIS E LUBRIFICANTES.,100.07,IGUATEMI DISTRIBUIDORA LTDA
191923,2023,9,COMBUSTÍVEIS E LUBRIFICANTES.,180.02,IGUATEMI DISTRIBUIDORA LTDA
191923,2023,9,COMBUSTÍVEIS E LUBRIFICANTES.,200.0,IGUATEMI DISTRIBUIDORA LTDA
191923,2023,9,COMBUSTÍVEIS E LUBRIFICANTES.,200.0,IGUATEMI DISTRIBUIDORA LTDA
191923,2023,9,COMBUSTÍVEIS E LUBRIFICANTES.,200.34,IGUATEMI DISTRIBUIDORA LTDA
191923,2023,9,COMBUSTÍVEIS E LUBRIFICANTES.,110.0,IGUATEMI DISTRIBUIDORA LTDA
191923,2023,9,COMBUSTÍVEIS E LUBRIFICANTES.,350.11,IGUATEMI DISTRIBUIDORA LTDA
191923,2023,9,COMBUSTÍVEIS E LUBRIFICANTES.,250.0,IGUATEMI DISTRIBUIDORA LTDA
191923,2023,9,COMBUSTÍVEIS E LUBRIFICANTES.,250.0,IGUATEMI DISTRIBUIDORA LTDA
191923,2023,9,COMBUSTÍVEIS E LUBRIFICANTES.,100.04,IGUATEMI DISTRIBUIDORA LTDA
191923,2023,9,COMBUSTÍVEIS E LUBRIFICANTES.,200.0,IGUATEMI DISTRIBUIDORA LTDA
191923,2023,10,COMBUSTÍVEIS E LUBRIFICANTES.,200.0,IGUATEMI DISTRIBUIDORA LTDA
191923,2023,10,COMBUSTÍVEIS E LUBRIFICANTES.,135.0,IGUATEMI DISTRIBUIDORA LTDA
191923,2023,10,COMBUSTÍVEIS E LUBRIFICANTES.,121.0,IGUATEMI DISTRIBUIDORA LTDA
191923,2023,10,COMBUSTÍVEIS E LUBRIFICANTES.,150.3,IGUATEMI DISTRIBUIDORA LTDA
191923,2023,10,COMBUSTÍVEIS E LUBRIFICANTES.,300.0,IGUATEMI DISTRIBUIDORA LTDA
191923,2023,10,COMBUSTÍVEIS E LUBRIFICANTES.,150.0,IGUATEMI DISTRIBUIDORA LTDA
191923,2023,11,COMBUSTÍVEIS E LUBRIFICANTES.,300.1,IGUATEMI DISTRIBUIDORA LTDA
191923,2023,11,COMBUSTÍVEIS E LUBRIFICANTES.,250.0,IGUATEMI DISTRIBUIDORA LTDA
191923,2023,11,COMBUSTÍVEIS E LUBRIFICANTES.,350.0,IGUATEMI DISTRIBUIDORA LTDA
191923,2023,11,COMBUSTÍVEIS E LUBRIFICANTES.,300.0,IGUATEMI DISTRIBUIDORA LTDA
191923,2023,11,COMBUSTÍVEIS E LUBRIFICANTES.,190.0,IGUATEMI DISTRIBUIDORA LTDA
191923,2023,11,COMBUSTÍVEIS E LUBRIFICANTES.,170.04,IGUATEMI DISTRIBUIDORA LTDA
191923,2023,12,COMBUSTÍVEIS E LUBRIFICANTES.,284.22,IGUATEMI DISTRIBUIDORA LTDA
191923,2023,12,COMBUSTÍVEIS E LUBRIFICANTES.,340.02,IGUATEMI DISTRIBUIDORA LTDA
191923,2023,12,COMBUSTÍVEIS E LUBRIFICANTES.,263.79,IGUATEMI DISTRIBUIDORA LTDA
191923,2023,12,COMBUSTÍVEIS E LUBRIFICANTES.,251.85,IGUATEMI DISTRIBUIDORA LTDA
191923,2023,12,COMBUSTÍVEIS E LUBRIFICANTES.,170.0,IGUATEMI DISTRIBUIDORA LTDA
191923,2023,4,COMBUSTÍVEIS E LUBRIFICANTES.,100.0,IGUATEMI DISTRIBUIDORA LTDA
191923,2023,8,COMBUSTÍVEIS E LUBRIFICANTES.,300.0,IGUATEMI DISTRIBUIDORA LTDA  POSTO IGUATEMI
191923,2023,10,COMBUSTÍVEIS E LUBRIFICANTES.,300.02,IRMAOS RODRIGUES E SANTOS LTDA
191923,2023,10,COMBUSTÍVEIS E LUBRIFICANTES.,299.99,J L CARVALHO DA SILVA ME
191923,2023,10,COMBUSTÍVEIS E LUBRIFICANTES.,160.01,J. A. SILVA MERCADINHO
191923,2023,11,COMBUSTÍVEIS E LUBRIFICANTES.,200.0,JR COMERCIO DE COMBUSTIVEIS LTDA
191923,2023,4,COMBUSTÍVEIS E LUBRIFICANTES.,170.0,JR COMERCIO DE COMBUSTIVEIS LTDA
191923,2023,10,COMBUSTÍVEIS E LUBRIFICANTES.,300.0,JR COMERCIO DE COMBUSTIVEIS LTDA
191923,2023,12,COMBUSTÍVEIS E LUBRIFICANTES.,80.85,JR COMERCIO DE COMBUSTIVEIS LTDA
191923,2023,11,COMBUSTÍVEIS E LUBRIFICANTES.,150.0,L DA COSTA VELOSO NETO
191923,2023,10,COMBUSTÍVEIS E LUBRIFICANTES.,263.01,MGC COMBUSTIVEIS EIRELI
191923,2023,11,COMBUSTÍVEIS E LUBRIFICANTES.,225.91,PARK BANDEIRA COMERCIO DE COMBUSTIVEIS E DERIVADOS DE PETROL
191923,2023,6,COMBUSTÍVEIS E LUBRIFICANTES.,200.02,PLANALTO PETROLEO HOMERO LTDA
191923,2023,5,COMBUSTÍVEIS E LUBRIFICANTES.,300.0,PLANALTO PETROLEO HOMERO LTDA
191923,2023,10,COMBUSTÍVEIS E LUBRIFICANTES.,150.0,PLANALTO PETROLEO HOMERO LTDA
191923,2023,2,COMBUSTÍVEIS E LUBRIFICANTES.,310.18,PLANALTO PETROLEO HOMERO LTDA
191923,2023,4,COMBUSTÍVEIS E LUBRIFICANTES.,290.04,PLANALTO PETROLEO HOMERO LTDA
191923,2023,2,COMBUSTÍVEIS E LUBRIFICANTES.,350.04,PLANALTO PETROLEO HOMERO LTDA
191923,2023,2,COMBUSTÍVEIS E LUBRIFICANTES.,350.21,PLANALTO PETROLEO HOMERO LTDA
191923,2023,7,COMBUSTÍVEIS E LUBRIFICANTES.,190.0,PLANALTO PETROLEO MARECHAL LTDA
191923,2023,4,COMBUSTÍVEIS E LUBRIFICANTES.,140.0,PLANALTO PETROLEO PARQUE PIAUI LTDA
191923,2023,11,COMBUSTÍVEIS E LUBRIFICANTES.,200.0,PLANALTO PETROLEO PARQUE PIAUI LTDA
191923,2023,9,COMBUSTÍVEIS E LUBRIFICANTES.,100.0,POSTO ANGELIM LTDA
191923,2023,2,COMBUSTÍVEIS E LUBRIFICANTES.,100.0,POSTO ANGELIM LTDA
191923,2023,8,COMBUSTÍVEIS E LUBRIFICANTES.,100.0,POSTO ANGELIM LTDA
191923,2023,9,COMBUSTÍVEIS E LUBRIFICANTES.,170.0,POSTO ANGELIM LTDA
191923,2023,9,COMBUSTÍVEIS E LUBRIFICANTES.,100.0,POSTO ANGELIM LTDA
191923,2023,9,COMBUSTÍVEIS E LUBRIFICANTES.,200.0,POSTO CERTO LTDA
191923,2023,9,COMBUSTÍVEIS E LUBRIFICANTES.,170.0,POSTO CERTO LTDA
191923,2023,6,COMBUSTÍVEIS E LUBRIFICANTES.,220.01,POSTO KENNEDY LTDA
191923,2023,12,COMBUSTÍVEIS E LUBRIFICANTES.,200.0,POSTO KENNEDY LTDA
191923,2023,5,COMBUSTÍVEIS E LUBRIFICANTES.,280.04,POSTO P. DA SILVA LTDA - ME
191923,2023,4,COMBUSTÍVEIS E LUBRIFICANTES.,320.0,POSTO RAMOS PIRACURUCA LTDA
191923,2023,10,COMBUSTÍVEIS E LUBRIFICANTES.,310.0,POSTO RAMOS PIRACURUCA LTDA
191923,2023,10,COMBUSTÍVEIS E LUBRIFICANTES.,300.01,POSTO RAMOS PIRACURUCA LTDA
191923,2023,4,COMBUSTÍVEIS E LUBRIFICANTES.,340.04,POSTO SANTA LUCIA LTDA.
191923,2023,6,COMBUSTÍVEIS E LUBRIFICANTES.,290.01,POSTO SANTA LUCIA LTDA.
191923,2023,10,COMBUSTÍVEIS E LUBRIFICANTES.,120.0,POSTO SUL COMERCIO DE COMBUSTIVEIS E LUBRIFICANTES LTDA
191923,2023,4,COMBUSTÍVEIS E LUBRIFICANTES.,150.0,POSTO TOTA LTDA
191923,2023,5,COMBUSTÍVEIS E LUBRIFICANTES.,100.0,POSTO TOTA LTDA
191923,2023,9,COMBUSTÍVEIS E LUBRIFICANTES.,170.0,POSTO TOTA LTDA
191923,2023,9,COMBUSTÍVEIS E LUBRIFICANTES.,180.36,POSTO TOTA LTDA
191923,2023,10,COMBUSTÍVEIS E LUBRIFICANTES.,200.0,POSTO TOTA LTDA
191923,2023,10,COMBUSTÍVEIS E LUBRIFICANTES.,300.0,POSTO TOTA LTDA
191923,2023,5,COMBUSTÍVEIS E LUBRIFICANTES.,197.74,POSTO VIA ESTRUTURAL COMERCIO DE DERIVADOS DE PETROLEO LTDA
191923,2023,11,COMBUSTÍVEIS E LUBRIFICANTES.,247.85,POSTO VIA ESTRUTURAL COMERCIO DE DERIVADOS DE PETROLEO LTDA
191923,2023,12,COMBUSTÍVEIS E LUBRIFICANTES.,180.02,R & K COMERCIO DE COMBUSTIVEL LTDA
191923,2023,6,COMBUSTÍVEIS E LUBRIFICANTES.,160.01,R. DEMES E CIA LTDA
191923,2023,11,COMBUSTÍVEIS E LUBRIFICANTES.,110.01,SAO FRANCISCO PETROLEO LTDA
191923,2023,8,COMBUSTÍVEIS E LUBRIFICANTES.,361.27,SMAFF COMBUSTIVEIS LTDA
191923,2023,8,COMBUSTÍVEIS E LUBRIFICANTES.,150.0,TEXAS DERIVADOS DE PETROLEO LTDA
191923,2023,2,DIVULGAÇÃO DA ATIVIDADE PARLAMENTAR.,10000.0,BLITZ PRODUÇOES DE EVENTOS LTDA
191923,2023,3,DIVULGAÇÃO DA ATIVIDADE PARLAMENTAR.,10000.0,BLITZ PRODUÇOES DE EVENTOS LTDA
191923,2023,4,DIVULGAÇÃO DA ATIVIDADE PARLAMENTAR.,10000.0,BLITZ PRODUÇOES DE EVENTOS LTDA
191923,2023,5,DIVULGAÇÃO DA ATIVIDADE PARLAMENTAR.,10000.0,BLITZ PRODUÇOES DE EVENTOS LTDA
191923,2023,6,DIVULGAÇÃO DA ATIVIDADE PARLAMENTAR.,10000.0,BLITZ PRODUÇOES DE EVENTOS LTDA
191923,2023,7,DIVULGAÇÃO DA ATIVIDADE PARLAMENTAR.,12000.0,BLITZ PRODUÇOES DE EVENTOS LTDA
191923,2023,8,DIVULGAÇÃO DA ATIVIDADE PARLAMENTAR.,15000.0,BLITZ PRODUÇOES DE EVENTOS LTDA
191923,2023,9,DIVULGAÇÃO DA ATIVIDADE PARLAMENTAR.,15000.0,BLITZ PRODUÇOES DE EVENTOS LTDA
191923,2023,10,DIVULGAÇÃO DA ATIVIDADE PARLAMENTAR.,18000.0,BLITZ PRODUÇOES DE EVENTOS LTDA
191923,2023,11,DIVULGAÇÃO DA ATIVIDADE PARLAMENTAR.,18000.0,BLITZ PRODUÇOES DE EVENTOS LTDA
191923,2023,12,DIVULGAÇÃO DA ATIVIDADE PARLAMENTAR.,18000.0,BLITZ PRODUÇOES DE EVENTOS LTDA
191923,2023,8,DIVULGAÇÃO DA ATIVIDADE PARLAMENTAR.,17680.0,GRAFICA E EDITORA TIMONENSE LTDA
191923,2023,12,DIVULGAÇÃO DA ATIVIDADE PARLAMENTAR.,6980.0,GRAFICA E EDITORA TIMONENSE LTDA
191923,2023,6,DIVULGAÇÃO DA ATIVIDADE PARLAMENTAR.,11988.0,J G GRAFICA E EDITORA LTDA
191923,2023,2,SERVIÇO DE SEGURANÇA PRESTADO POR EMPRESA ESPECIALIZADA.,8700.0,BRASAO VIGILANCIA E SEGURANCA LTDA
191923,2023,3,SERVIÇO DE SEGURANÇA PRESTADO POR EMPRESA ESPECIALIZADA.,8700.0,BRASAO VIGILANCIA E SEGURANCA LTDA
191923,2023,4,SERVIÇO DE SEGURANÇA PRESTADO POR EMPRESA ESPECIALIZADA.,8700.0,BRASAO VIGILANCIA E SEGURANCA LTDA
191923,2023,5,SERVIÇO DE SEGURANÇA PRESTADO POR EMPRESA ESPECIALIZADA.,8700.0,BRASAO VIGILANCIA E SEGURANCA LTDA
191923,2023,6,SERVIÇO DE SEGURANÇA PRESTADO POR EMPRESA ESPECIALIZADA.,8700.0,BRASAO VIGILANCIA E SEGURANCA LTDA
191923,2023,7,SERVIÇO DE SEGURANÇA PRESTADO POR EMPRESA ESPECIALIZADA.,8700.0,BRASAO VIGILANCIA E SEGURANCA LTDA
191923,2023,8,SERVIÇO DE SEGURANÇA PRESTADO POR EMPRESA ESPECIALIZADA.,8700.0,BRASAO VIGILANCIA E SEGURANCA LTDA
191923,2023,9,SERVIÇO DE SEGURANÇA PRESTADO POR EMPRESA ESPECIALIZADA.,8700.0,BRASAO VIGILANCIA E SEGURANCA LTDA
191923,2023,10,SERVIÇO DE SEGURANÇA PRESTADO POR EMPRESA ESPECIALIZADA.,8700.0,BRASAO VIGILANCIA E SEGURANCA LTDA
191923,2023,11,SERVIÇO DE SEGURANÇA PRESTADO POR EMPRESA ESPECIALIZADA.,8700.0,BRASAO VIGILANCIA E SEGURANCA LTDA
191923,2023,12,SERVIÇO DE SEGURANÇA PRESTADO POR EMPRESA ESPECIALIZADA.,8700.0,BRASAO VIGILANCIA E SEGURANCA LTDA
191923,2023,3,TELEFONIA,239.96,CLARO S.A.
191923,2023,4,TELEFONIA,261.07,CLARO S.A.
191923,2023,5,TELEFONIA,264.65,CLARO S.A.
191923,2023,6,TELEFONIA,264.65,CLARO S.A.
191923,2023,7,TELEFONIA,264.65,CLARO S.A.
191923,2023,8,TELEFONIA,264.65,CLARO S.A.
191923,2023,9,TELEFONIA,264.65,CLARO S.A.
191923,2023,10,TELEFONIA,264.65,CLARO S.A.
191923,2023,11,TELEFONIA,264.65,CLARO S.A.
191923,2023,12,TELEFONIA,264.65,CLARO S.A.
191923,2023,2,TELEFONIA,239.96,CLARO S.A.
191923,2023,2,TELEFONIA,331.51,Telefônica Brasil S/A
191923,2023,4,TELEFONIA,367.2,Telefônica Brasil S/A
191923,2023,5,TELEFONIA,380.21,Telefônica Brasil S/A
191923,2023,6,TELEFONIA,380.21,Telefônica Brasil S/A
191923,2023,8,TELEFONIA,380.21,Telefônica Brasil S/A
191923,2023,9,TELEFONIA,380.21,Telefônica Brasil S/A
191923,2023,10,TELEFONIA,380.21,Telefônica Brasil S/A
191923,2023,11,TELEFONIA,380.21,Telefônica Brasil S/A
191923,2023,12,TELEFONIA,380.21,Telefônica Brasil S/A
191923,2023,2,TELEFONIA,117.49,TIM S/A
191923,2023,3,TELEFONIA,139.99,TIM S/A
191923,2023,4,TELEFONIA,139.99,TIM S/A
191923,2023,5,TELEFONIA,139.99,TIM S/A
191923,2023,7,TELEFONIA,139.99,TIM S/A
191923,2023,8,TELEFONIA,139.99,TIM S/A
191923,2023,9,TELEFONIA,139.99,TIM S/A
191923,2023,11,TELEFONIA,149.99,TIM S/A
191923,2023,12,TELEFONIA,149.99,TIM S/A
191923,2023,6,TELEFONIA,139.99,TIM S/A
191923,2023,10,TELEFONIA,139.99,TIM S/A
191923,2023,10,FORNECIMENTO DE ALIMENTAÇÃO DO PARLAMENTAR,112.0,CASTILHENSE COMERCIO DE ALIMENTOS LTDA
191923,2023,3,FORNECIMENTO DE ALIMENTAÇÃO DO PARLAMENTAR,113.71,PBJM COMERCIO DE GENEROS ALIMENTICIOS LTDA
191923,2023,7,FORNECIMENTO DE ALIMENTAÇÃO DO PARLAMENTAR,150.57,PBJM COMERCIO DE GENEROS ALIMENTICIOS LTDA
191923,2023,7,FORNECIMENTO DE ALIMENTAÇÃO DO PARLAMENTAR,16.49,PD PAES E DELICIAS COMERCIO E INDUSTRIA
191923,2023,3,FORNECIMENTO DE ALIMENTAÇÃO DO PARLAMENTAR,78.66,SERVICO NACIONAL DE APRENDIZAGEM COMERCIAL SENAC
191923,2023,3,FORNECIMENTO DE ALIMENTAÇÃO DO PARLAMENTAR,64.75,SERVICO NACIONAL DE APRENDIZAGEM COMERCIAL SENAC
191923,2023,10,FORNECIMENTO DE ALIMENTAÇÃO DO PARLAMENTAR,57.0,SERVICO NACIONAL DE APRENDIZAGEM COMERCIAL SENAC
191923,2023,11,FORNECIMENTO DE ALIMENTAÇÃO DO PARLAMENTAR,27.61,SERVICO NACIONAL DE APRENDIZAGEM COMERCIAL SENAC
191923,2023,3,FORNECIMENTO DE ALIMENTAÇÃO DO PARLAMENTAR,36.31,SERVICO NACIONAL DE APRENDIZAGEM COMERCIAL SENAC
191923,2023,3,FORNECIMENTO DE ALIMENTAÇÃO DO PARLAMENTAR,8.77,SERVICO NACIONAL DE APRENDIZAGEM COMERCIAL SENAC
191923,2023,11,FORNECIMENTO DE ALIMENTAÇÃO DO PARLAMENTAR,14.74,SERVICO NACIONAL DE APRENDIZAGEM COMERCIAL SENAC
191923,2023,3,FORNECIMENTO DE ALIMENTAÇÃO DO PARLAMENTAR,82.84,SERVICO NACIONAL DE APRENDIZAGEM COMERCIAL SENAC
191923,2023,10,"HOSPEDAGEM ,EXCETO DO PARLAMENTAR NO DISTRITO FEDERAL.",680.0,MVC PARNAIBA HOTEIS LTDA
191923,2023,6,"HOSPEDAGEM ,EXCETO DO PARLAMENTAR NO DISTRITO FEDERAL.",550.0,PICOS HOTEL
191923,2023,10,"HOSPEDAGEM ,EXCETO DO PARLAMENTAR NO DISTRITO FEDERAL.",657.0,PICOS HOTEL
191923,2023,6,"HOSPEDAGEM ,EXCETO DO PARLAMENTAR NO DISTRITO FEDERAL.",553.0,REAL HOTEL EMPREENDIMENTOS  LTDA
191923,2023,3,LOCAÇÃO OU FRETAMENTO DE VEÍCULOS AUTOMOTORES,4000.0,CIRCULOS COMUNICAÇÃO E PRODUÇÕES DE EVENTOS LTDA
191923,2023,4,LOCAÇÃO OU FRETAMENTO DE VEÍCULOS AUTOMOTORES,4000.0,CIRCULOS COMUNICAÇÃO E PRODUÇÕES DE EVENTOS LTDA
191923,2023,5,LOCAÇÃO OU FRETAMENTO DE VEÍCULOS AUTOMOTORES,4000.0,CIRCULOS COMUNICAÇÃO E PRODUÇÕES DE EVENTOS LTDA
191923,2023,2,LOCAÇÃO OU FRETAMENTO DE VEÍCULOS AUTOMOTORES,8000.0,mirante locadora limitada
191923,2023,4,LOCAÇÃO OU FRETAMENTO DE VEÍCULOS AUTOMOTORES,8000.0,mirante locadora limitada
191923,2023,5,LOCAÇÃO OU FRETAMENTO DE VEÍCULOS AUTOMOTORES,8000.0,mirante locadora limitada
191923,2023,3,LOCAÇÃO OU FRETAMENTO DE VEÍCULOS AUTOMOTORES,8000.0,MIRANTE LOCADORA LTDA
191923,2023,8,LOCAÇÃO OU FRETAMENTO DE VEÍCULOS AUTOMOTORES,12500.0,NOVACAR LOCADORA DE VEICULOS LTDA
191923,2023,9,LOCAÇÃO OU FRETAMENTO DE VEÍCULOS AUTOMOTORES,12500.0,NOVACAR LOCADORA DE VEICULOS LTDA
191923,2023,10,LOCAÇÃO OU FRETAMENTO DE VEÍCULOS AUTOMOTORES,12500.0,NOVACAR LOCADORA DE VEICULOS LTDA
191923,2023,11,LOCAÇÃO OU FRETAMENTO DE VEÍCULOS AUTOMOTORES,12500.0,NOVACAR LOCADORA DE VEICULOS LTDA
191923,2023,12,LOCAÇÃO OU FRETAMENTO DE VEÍCULOS AUTOMOTORES,12700.0,R/A GESTÃO EMPRESARIAL
191923,2023,10,PASSAGEM AÉREA - SIGEPA,1955.54,GOL
191923,2023,11,PASSAGEM AÉREA - SIGEPA,1917.68,GOL
191923,2023,12,PASSAGEM AÉREA - SIGEPA,-1823.97,GOL
191923,2023,4,PASSAGEM AÉREA - SIGEPA,-801.68,GOL
191923,2023,4,PASSAGEM AÉREA - SIGEPA,1692.44,GOL
191923,2023,4,PASSAGEM AÉREA - SIGEPA,-43.34,GOL
191923,2023,5,PASSAGEM AÉREA - SIGEPA,1681.28,GOL
191923,2023,6,PASSAGEM AÉREA - SIGEPA,534.52,GOL
191923,2023,6,PASSAGEM AÉREA - SIGEPA,1753.88,GOL
191923,2023,8,PASSAGEM AÉREA - SIGEPA,-1668.36,GOL
191923,2023,2,PASSAGEM AÉREA - SIGEPA,-1377.74,TAM
191923,2023,2,PASSAGEM AÉREA - SIGEPA,1377.74,TAM
191923,2023,2,PASSAGEM AÉREA - SIGEPA,1366.37,TAM
191923,2023,2,PASSAGEM AÉREA - SIGEPA,1366.37,TAM
191923,2023,3,PASSAGEM AÉREA - SIGEPA,1808.37,TAM
191923,2023,4,PASSAGEM AÉREA - SIGEPA,1497.82,TAM
191923,2023,4,PASSAGEM AÉREA - SIGEPA,-1823.34,TAM
191923,2023,4,PASSAGEM AÉREA - SIGEPA,1823.34,TAM
191923,2023,5,PASSAGEM AÉREA - SIGEPA,-1381.34,TAM
191923,2023,5,PASSAGEM AÉREA - SIGEPA,1381.34,TAM
191923,2023,6,PASSAGEM AÉREA - SIGEPA,1261.14,TAM
191923,2023,6,PASSAGEM AÉREA - SIGEPA,-1808.37,TAM
191923,2023,6,PASSAGEM AÉREA - SIGEPA,1808.37,TAM
191923,2023,6,PASSAGEM AÉREA - SIGEPA,-1808.37,TAM
191923,2023,6,PASSAGEM AÉREA - SIGEPA,1808.37,TAM
191923,2023,6,PASSAGEM AÉREA - SIGEPA,1808.37,TAM
191923,2023,7,PASSAGEM AÉREA - SIGEPA,-1808.37,TAM
191923,2023,8,PASSAGEM AÉREA - SIGEPA,-667.37,TAM
191923,2023,8,PASSAGEM AÉREA - SIGEPA,1625.86,TAM
191923,2023,8,PASSAGEM AÉREA - SIGEPA,1808.37,TAM
191923,2023,8,PASSAGEM AÉREA - SIGEPA,-872.21,TAM
191923,2023,8,PASSAGEM AÉREA - SIGEPA,2136.25,TAM
191923,2023,9,PASSAGEM AÉREA - SIGEPA,-505.43,TAM
191923,2023,9,PASSAGEM AÉREA - SIGEPA,2353.78,TAM
191923,2023,9,PASSAGEM AÉREA - SIGEPA,1929.64,TAM
191923,2023,9,PASSAGEM AÉREA - SIGEPA,756.19,TAM
191923,2023,9,PASSAGEM AÉREA - SIGEPA,763.78,TAM
191923,2023,9,PASSAGEM AÉREA - SIGEPA,1367.51,TAM
191923,2023,10,PASSAGEM AÉREA - SIGEPA,-1809.51,TAM
191923,2023,10,PASSAGEM AÉREA - SIGEPA,1809.51,TAM
191923,2023,10,PASSAGEM AÉREA - SIGEPA,1592.08,TAM
191923,2023,10,PASSAGEM AÉREA - SIGEPA,-1823.34,TAM
191923,2023,10,PASSAGEM AÉREA - SIGEPA,1823.34,TAM
191923,2023,10,PASSAGEM AÉREA - SIGEPA,1582.38,TAM
191923,2023,10,PASSAGEM AÉREA - SIGEPA,1367.51,TAM
191923,2023,11,PASSAGEM AÉREA - SIGEPA,-1381.34,TAM
191923,2023,11,PASSAGEM AÉREA - SIGEPA,1381.34,TAM
191923,2023,11,PASSAGEM AÉREA - SIGEPA,1478.59,TAM
191923,2023,11,PASSAGEM AÉREA - SIGEPA,-1672.59,TAM
191923,2023,11,PASSAGEM AÉREA - SIGEPA,1672.59,TAM
191923,2023,11,PASSAGEM AÉREA - SIGEPA,-1809.51,TAM
191923,2023,11,PASSAGEM AÉREA - SIGEPA,1809.51,TAM
191923,2023,12,PASSAGEM AÉREA - SIGEPA,1367.51,TAM
191923,2023,12,PASSAGEM AÉREA - SIGEPA,-1367.51,TAM
191923,2023,12,PASSAGEM AÉREA - SIGEPA,1367.51,TAM
191923,2023,12,PASSAGEM AÉREA - SIGEPA,-758.13,TAM
191923,2023,12,PASSAGEM AÉREA - SIGEPA,758.13,TAM
191923,2023,12,PASSAGEM AÉREA - SIGEPA,568.42,TAM
191923,2024,1,MANUTENÇÃO DE ESCRITÓRIO DE APOIO À ATIVIDADE PARLAMENTAR,94.9,A R G3 TELECOM ASSOCIADOS LTDA
191923,2024,2,MANUTENÇÃO DE ESCRITÓRIO DE APOIO À ATIVIDADE PARLAMENTAR,94.9,A R G3 TELECOM ASSOCIADOS LTDA
191923,2024,3,MANUTENÇÃO DE ESCRITÓRIO DE APOIO À ATIVIDADE PARLAMENTAR,94.9,A R G3 TELECOM ASSOCIADOS LTDA
191923,2024,4,MANUTENÇÃO DE ESCRITÓRIO DE APOIO À ATIVIDADE PARLAMENTAR,94.9,A R G3 TELECOM ASSOCIADOS LTDA
191923,2024,5,MANUTENÇÃO DE ESCRITÓRIO DE APOIO À ATIVIDADE PARLAMENTAR,94.9,A R G3 TELECOM ASSOCIADOS LTDA
191923,2024,6,MANUTENÇÃO DE ESCRITÓRIO DE APOIO À ATIVIDADE PARLAMENTAR,94.9,A R G3 TELECOM ASSOCIADOS LTDA
191923,2024,8,MANUTENÇÃO DE ESCRITÓRIO DE APOIO À ATIVIDADE PARLAMENTAR,94.9,A R G3 TELECOM ASSOCIADOS LTDA
191923,2024,9,MANUTENÇÃO DE ESCRITÓRIO DE APOIO À ATIVIDADE PARLAMENTAR,94.9,A R G3 TELECOM ASSOCIADOS LTDA
191923,2024,10,MANUTENÇÃO DE ESCRITÓRIO DE APOIO À ATIVIDADE PARLAMENTAR,94.9,A R G3 TELECOM ASSOCIADOS LTDA
191923,2024,11,MANUTENÇÃO DE ESCRITÓRIO DE APOIO À ATIVIDADE PARLAMENTAR,94.9,A R G3 TELECOM ASSOCIADOS LTDA
191923,2024,10,MANUTENÇÃO DE ESCRITÓRIO DE APOIO À ATIVIDADE PARLAMENTAR,94.9,A R G3 TELECOM ASSOCIADOS LTDA
191923,2024,1,MANUTENÇÃO DE ESCRITÓRIO DE APOIO À ATIVIDADE PARLAMENTAR,82.22,AGUAS DE TERESINA SAN. SPE SA
191923,2024,2,MANUTENÇÃO DE ESCRITÓRIO DE APOIO À ATIVIDADE PARLAMENTAR,82.22,AGUAS DE TERESINA SAN. SPE SA
191923,2024,3,MANUTENÇÃO DE ESCRITÓRIO DE APOIO À ATIVIDADE PARLAMENTAR,82.22,AGUAS DE TERESINA SAN. SPE SA
191923,2024,4,MANUTENÇÃO DE ESCRITÓRIO DE APOIO À ATIVIDADE PARLAMENTAR,158.82,AGUAS DE TERESINA SAN. SPE SA
191923,2024,5,MANUTENÇÃO DE ESCRITÓRIO DE APOIO À ATIVIDADE PARLAMENTAR,82.22,AGUAS DE TERESINA SAN. SPE SA
191923,2024,6,MANUTENÇÃO DE ESCRITÓRIO DE APOIO À ATIVIDADE PARLAMENTAR,128.18,AGUAS DE TERESINA SAN. SPE SA
191923,2024,7,MANUTENÇÃO DE ESCRITÓRIO DE APOIO À ATIVIDADE PARLAMENTAR,129.42,AGUAS DE TERESINA SAN. SPE SA
191923,2024,8,MANUTENÇÃO DE ESCRITÓRIO DE APOIO À ATIVIDADE PARLAMENTAR,164.34,AGUAS DE TERESINA SAN. SPE SA
191923,2024,9,MANUTENÇÃO DE ESCRITÓRIO DE APOIO À ATIVIDADE PARLAMENTAR,227.74,AGUAS DE TERESINA SAN. SPE SA
191923,2024,10,MANUTENÇÃO DE ESCRITÓRIO DE APOIO À ATIVIDADE PARLAMENTAR,132.64,AGUAS DE TERESINA SAN. SPE SA
191923,2024,11,MANUTENÇÃO DE ESCRITÓRIO DE APOIO À ATIVIDADE PARLAMENTAR,164.34,AGUAS DE TERESINA SAN. SPE SA
191923,2024,1,MANUTENÇÃO DE ESCRITÓRIO DE APOIO À ATIVIDADE PARLAMENTAR,814.74,Companhia Energética do Piauí
191923,2024,2,MANUTENÇÃO DE ESCRITÓRIO DE APOIO À ATIVIDADE PARLAMENTAR,767.2,Companhia Energética do Piauí
191923,2024,3,MANUTENÇÃO DE ESCRITÓRIO DE APOIO À ATIVIDADE PARLAMENTAR,844.63,Companhia Energética do Piauí
191923,2024,4,MANUTENÇÃO DE ESCRITÓRIO DE APOIO À ATIVIDADE PARLAMENTAR,933.07,Companhia Energética do Piauí
191923,2024,5,MANUTENÇÃO DE ESCRITÓRIO DE APOIO À ATIVIDADE PARLAMENTAR,975.22,Companhia Energética do Piauí
191923,2024,7,MANUTENÇÃO DE ESCRITÓRIO DE APOIO À ATIVIDADE PARLAMENTAR,966.58,Companhia Energética do Piauí
191923,2024,8,MANUTENÇÃO DE ESCRITÓRIO DE APOIO À ATIVIDADE PARLAMENTAR,937.85,Companhia Energética do Piauí
191923,2024,11,MANUTENÇÃO DE ESCRITÓRIO DE APOIO À ATIVIDADE PARLAMENTAR,1000.87,Companhia Energética do Piauí
191923,2024,6,MANUTENÇÃO DE ESCRITÓRIO DE APOIO À ATIVIDADE PARLAMENTAR,1021.16,Companhia Energética do Piauí
191923,2024,9,MANUTENÇÃO DE ESCRITÓRIO DE APOIO À ATIVIDADE PARLAMENTAR,1130.7,Companhia Energética do Piauí
191923,2024,10,MANUTENÇÃO DE ESCRITÓRIO DE APOIO À ATIVIDADE PARLAMENTAR,1391.53,Companhia Energética do Piauí
191923,2024,3,MANUTENÇÃO DE ESCRITÓRIO DE APOIO À ATIVIDADE PARLAMENTAR,391.8,IMPERIO PAPELARIA E LIVRARIA LTDA
191923,2024,2,MANUTENÇÃO DE ESCRITÓRIO DE APOIO À ATIVIDADE PARLAMENTAR,5000.0,REGINA LUCIA VALE RIBEIRO
191923,2024,3,MANUTENÇÃO DE ESCRITÓRIO DE APOIO À ATIVIDADE PARLAMENTAR,5000.0,REGINA LUCIA VALE RIBEIRO
191923,2024,4,MANUTENÇÃO DE ESCRITÓRIO DE APOIO À ATIVIDADE PARLAMENTAR,5000.0,REGINA LUCIA VALE RIBEIRO
191923,2024,5,MANUTENÇÃO DE ESCRITÓRIO DE APOIO À ATIVIDADE PARLAMENTAR,5000.0,REGINA LUCIA VALE RIBEIRO
191923,2024,6,MANUTENÇÃO DE ESCRITÓRIO DE APOIO À ATIVIDADE PARLAMENTAR,5000.0,REGINA LUCIA VALE RIBEIRO
191923,2024,8,MANUTENÇÃO DE ESCRITÓRIO DE APOIO À ATIVIDADE PARLAMENTAR,5000.0,REGINA LUCIA VALE RIBEIRO
191923,2024,9,MANUTENÇÃO DE ESCRITÓRIO DE APOIO À ATIVIDADE PARLAMENTAR,5000.0,REGINA LUCIA VALE RIBEIRO
191923,2024,10,MANUTENÇÃO DE ESCRITÓRIO DE APOIO À ATIVIDADE PARLAMENTAR,5000.0,REGINA LUCIA VALE RIBEIRO
191923,2024,11,MANUTENÇÃO DE ESCRITÓRIO DE APOIO À ATIVIDADE PARLAMENTAR,5000.0,REGINA LUCIA VALE RIBEIRO
191923,2024,1,MANUTENÇÃO DE ESCRITÓRIO DE APOIO À ATIVIDADE PARLAMENTAR,5000.0,REGINA LUCIA VALE RIBEIRO
191923,2024,7,MANUTENÇÃO DE ESCRITÓRIO DE APOIO À ATIVIDADE PARLAMENTAR,5000.0,REGINA LUCIA VALE RIBEIRO
191923,2024,2,COMBUSTÍVEIS E LUBRIFICANTES.,100.0,031 - 302 NORTE - CASCOL COMBUSTIVEIS PARA VEICULOS LTDA
191923,2024,3,COMBUSTÍVEIS E LUBRIFICANTES.,246.2,071 - LAGO NORTE - CASCOL COMBUSTIVEIS PARA VEICULOS LTDA
191923,2024,2,COMBUSTÍVEIS E LUBRIFICANTES.,243.54,AUTO POSTO 302 SUL LTDA
191923,2024,3,COMBUSTÍVEIS E LUBRIFICANTES.,205.28,AUTO POSTO 306 NORTE LTDA
191923,2024,4,COMBUSTÍVEIS E LUBRIFICANTES.,223.12,AUTO POSTO 306 NORTE LTDA
191923,2024,3,COMBUSTÍVEIS E LUBRIFICANTES.,232.55,AUTO POSTO AEROPORTO LTDA
191923,2024,2,COMBUSTÍVEIS E LUBRIFICANTES.,242.66,AUTO POSTO CINCO ESTRELAS LTDA
191923,2024,2,COMBUSTÍVEIS E LUBRIFICANTES.,190.42,AUTO POSTO CONCORDE LTDA
191923,2024,4,COMBUSTÍVEIS E LUBRIFICANTES.,168.85,AUTO POSTO CONCORDE LTDA
191923,2024,4,COMBUSTÍVEIS E LUBRIFICANTES.,211.01,AUTO POSTO CONCORDE LTDA
191923,2024,4,COMBUSTÍVEIS E LUBRIFICANTES.,224.09,AUTO POSTO EPTG COMERCIAL DE COMBUSTIVEIS LTDA
191923,2024,5,COMBUSTÍVEIS E LUBRIFICANTES.,227.76,AUTO SHOPPING DERIVADOS DE PETROLEO LTDA.
191923,2024,3,COMBUSTÍVEIS E LUBRIFICANTES.,206.42,BRASAL COMBUSTIVEIS LTDA
191923,2024,3,COMBUSTÍVEIS E LUBRIFICANTES.,200.0,CACIQUE PETROLEO LTDA
191923,2024,3,COMBUSTÍVEIS E LUBRIFICANTES.,300.05,CACIQUE PETROLEO LTDA
191923,2024,3,COMBUSTÍVEIS E LUBRIFICANTES.,250.0,CACIQUE PETROLEO LTDA
191923,2024,4,COMBUSTÍVEIS E LUBRIFICANTES.,250.43,CARVALHO & CARVALHO POSTO DE GASOLINA LTDA
191923,2024,4,COMBUSTÍVEIS E LUBRIFICANTES.,270.05,COPAS COMBUSTIVEIS LTDA EPP
191923,2024,3,COMBUSTÍVEIS E LUBRIFICANTES.,240.03,FRANCISCO AVELINO DA SILVA E CIA LTDA
191923,2024,3,COMBUSTÍVEIS E LUBRIFICANTES.,260.05,FRANCISCO AVELINO DA SILVA E CIA LTDA
191923,2024,1,COMBUSTÍVEIS E LUBRIFICANTES.,300.0,HD PETROLEO URUGUAI LTDA
191923,2024,1,COMBUSTÍVEIS E LUBRIFICANTES.,289.04,HD PETROLEO URUGUAI LTDA
191923,2024,1,COMBUSTÍVEIS E LUBRIFICANTES.,250.0,HD PETROLEO URUGUAI LTDA
191923,2024,1,COMBUSTÍVEIS E LUBRIFICANTES.,250.04,IGUATEMI DISTRIBUIDORA LTDA
191923,2024,1,COMBUSTÍVEIS E LUBRIFICANTES.,300.03,IGUATEMI DISTRIBUIDORA LTDA
191923,2024,1,COMBUSTÍVEIS E LUBRIFICANTES.,320.01,IGUATEMI DISTRIBUIDORA LTDA
191923,2024,2,COMBUSTÍVEIS E LUBRIFICANTES.,300.0,IGUATEMI DISTRIBUIDORA LTDA
191923,2024,2,COMBUSTÍVEIS E LUBRIFICANTES.,250.0,IGUATEMI DISTRIBUIDORA LTDA
191923,2024,2,COMBUSTÍVEIS E LUBRIFICANTES.,250.02,IGUATEMI DISTRIBUIDORA LTDA
191923,2024,2,COMBUSTÍVEIS E LUBRIFICANTES.,240.0,IGUATEMI DISTRIBUIDORA LTDA
191923,2024,2,COMBUSTÍVEIS E LUBRIFICANTES.,300.0,IGUATEMI DISTRIBUIDORA LTDA
191923,2024,3,COMBUSTÍVEIS E LUBRIFICANTES.,120.0,IGUATEMI DISTRIBUIDORA LTDA
191923,2024,3,COMBUSTÍVEIS E LUBRIFICANTES.,270.05,IGUATEMI DISTRIBUIDORA LTDA
191923,2024,3,COMBUSTÍVEIS E LUBRIFICANTES.,169.99,IGUATEMI DISTRIBUIDORA LTDA
191923,2024,3,COMBUSTÍVEIS E LUBRIFICANTES.,250.0,IGUATEMI DISTRIBUIDORA LTDA
191923,2024,3,COMBUSTÍVEIS E LUBRIFICANTES.,265.05,IGUATEMI DISTRIBUIDORA LTDA
191923,2024,4,COMBUSTÍVEIS E LUBRIFICANTES.,300.0,IGUATEMI DISTRIBUIDORA LTDA
191923,2024,4,COMBUSTÍVEIS E LUBRIFICANTES.,300.0,IGUATEMI DISTRIBUIDORA LTDA
191923,2024,4,COMBUSTÍVEIS E LUBRIFICANTES.,140.01,IGUATEMI DISTRIBUIDORA LTDA
191923,2024,4,COMBUSTÍVEIS E LUBRIFICANTES.,300.0,IGUATEMI DISTRIBUIDORA LTDA
191923,2024,4,COMBUSTÍVEIS E LUBRIFICANTES.,180.07,IGUATEMI DISTRIBUIDORA LTDA
191923,2024,4,COMBUSTÍVEIS E LUBRIFICANTES.,150.02,IGUATEMI DISTRIBUIDORA LTDA
191923,2024,1,COMBUSTÍVEIS E LUBRIFICANTES.,200.0,IGUATEMI DISTRIBUIDORA LTDA.
191923,2024,1,COMBUSTÍVEIS E LUBRIFICANTES.,300.03,IMM COM VAREJISTA DE PRODUTOS DERIV DE PETROLEO LTDA
191923,2024,3,COMBUSTÍVEIS E LUBRIFICANTES.,130.0,IRMAOS RODRIGUES E SANTOS LTDA
191923,2024,1,COMBUSTÍVEIS E LUBRIFICANTES.,100.0,JR COMERCIO DE COMBUSTIVEIS LTDA
191923,2024,1,COMBUSTÍVEIS E LUBRIFICANTES.,300.0,JR COMERCIO DE COMBUSTIVEIS LTDA
191923,2024,4,COMBUSTÍVEIS E LUBRIFICANTES.,249.99,JR COMERCIO DE COMBUSTIVEIS LTDA
191923,2024,5,COMBUSTÍVEIS E LUBRIFICANTES.,300.0,JR COMERCIO DE COMBUSTIVEIS LTDA
191923,2024,1,COMBUSTÍVEIS E LUBRIFICANTES.,80.0,L DA COSTA VELOSO NETO
191923,2024,3,COMBUSTÍVEIS E LUBRIFICANTES.,100.0,L DA COSTA VELOSO NETO
191923,2024,3,COMBUSTÍVEIS E LUBRIFICANTES.,120.0,L DA COSTA VELOSO NETO
191923,2024,4,COMBUSTÍVEIS E LUBRIFICANTES.,100.0,L DA COSTA VELOSO NETO
191923,2024,1,COMBUSTÍVEIS E LUBRIFICANTES.,250.0,NERIS E SAMPAIO LTDA
191923,2024,1,COMBUSTÍVEIS E LUBRIFICANTES.,230.03,NERIS E SAMPAIO LTDA
191923,2024,3,COMBUSTÍVEIS E LUBRIFICANTES.,120.0,NERIS E SAMPAIO LTDA
191923,2024,3,COMBUSTÍVEIS E LUBRIFICANTES.,180.03,NERIS E SAMPAIO LTDA
191923,2024,1,COMBUSTÍVEIS E LUBRIFICANTES.,250.0,NERIS E SAMPAIO LTDA.
191923,2024,1,COMBUSTÍVEIS E LUBRIFICANTES.,300.0,PLANALTO PETROLEO HOMERO LTDA
191923,2024,2,COMBUSTÍVEIS E LUBRIFICANTES.,150.0,PLANALTO PETROLEO PARQUE PIAUI LTDA
191923,2024,2,COMBUSTÍVEIS E LUBRIFICANTES.,250.0,PLANALTO PETROLEO PARQUE PIAUI LTDA
191923,2024,2,COMBUSTÍVEIS E LUBRIFICANTES.,200.0,POSTO ANGELIM LTDA
191923,2024,2,COMBUSTÍVEIS E LUBRIFICANTES.,100.0,POSTO ANGELIM LTDA
191923,2024,2,COMBUSTÍVEIS E LUBRIFICANTES.,100.0,POSTO ANGELIM LTDA
191923,2024,3,COMBUSTÍVEIS E LUBRIFICANTES.,100.0,POSTO ANGELIM LTDA
191923,2024,4,COMBUSTÍVEIS E LUBRIFICANTES.,50.0,POSTO ANGELIM LTDA
191923,2024,3,COMBUSTÍVEIS E LUBRIFICANTES.,170.01,POSTO CERTO LTDA
191923,2024,3,COMBUSTÍVEIS E LUBRIFICANTES.,127.8,POSTO DE COMBUSTIVEIS 206 LTDA
191923,2024,3,COMBUSTÍVEIS E LUBRIFICANTES.,255.63,POSTO DE COMBUSTIVEIS 206 LTDA
191923,2024,2,COMBUSTÍVEIS E LUBRIFICANTES.,310.06,POSTO MARTINEZ LTDA
191923,2024,2,COMBUSTÍVEIS E LUBRIFICANTES.,50.0,POSTO MARTINEZ LTDA
191923,2024,2,COMBUSTÍVEIS E LUBRIFICANTES.,160.15,POSTO MARTINEZ LTDA
191923,2024,3,COMBUSTÍVEIS E LUBRIFICANTES.,370.0,POSTO URUGUAI LTDA
191923,2024,4,COMBUSTÍVEIS E LUBRIFICANTES.,365.01,POSTO URUGUAI LTDA
191923,2024,4,COMBUSTÍVEIS E LUBRIFICANTES.,348.0,V MACHADO E CIA LTDA
191923,2024,1,DIVULGAÇÃO DA ATIVIDADE PARLAMENTAR.,18000.0,BLITZ PRODUÇOES DE EVENTOS LTDA
191923,2024,2,DIVULGAÇÃO DA ATIVIDADE PARLAMENTAR.,18000.0,BLITZ PRODUÇOES DE EVENTOS LTDA
191923,2024,3,DIVULGAÇÃO DA ATIVIDADE PARLAMENTAR.,18000.0,BLITZ PRODUÇOES DE EVENTOS LTDA
191923,2024,4,DIVULGAÇÃO DA ATIVIDADE PARLAMENTAR.,18000.0,BLITZ PRODUÇOES DE EVENTOS LTDA
191923,2024,5,DIVULGAÇÃO DA ATIVIDADE PARLAMENTAR.,18000.0,BLITZ PRODUÇOES DE EVENTOS LTDA
191923,2024,6,DIVULGAÇÃO DA ATIVIDADE PARLAMENTAR.,18000.0,BLITZ PRODUÇOES DE EVENTOS LTDA
191923,2024,7,DIVULGAÇÃO DA ATIVIDADE PARLAMENTAR.,18000.0,BLITZ PRODUÇOES DE EVENTOS LTDA
191923,2024,8,DIVULGAÇÃO DA ATIVIDADE PARLAMENTAR.,18000.0,BLITZ PRODUÇOES DE EVENTOS LTDA
191923,2024,9,DIVULGAÇÃO DA ATIVIDADE PARLAMENTAR.,18000.0,BLITZ PRODUÇOES DE EVENTOS LTDA
191923,2024,10,DIVULGAÇÃO DA ATIVIDADE PARLAMENTAR.,18000.0,BLITZ PRODUÇOES DE EVENTOS LTDA
191923,2024,11,DIVULGAÇÃO DA ATIVIDADE PARLAMENTAR.,15246.8,BLITZ PRODUÇOES DE EVENTOS LTDA
191923,2024,1,SERVIÇO DE SEGURANÇA PRESTADO POR EMPRESA ESPECIALIZADA.,8700.0,BRASAO VIGILANCIA E SEGURANCA LTDA
191923,2024,2,SERVIÇO DE SEGURANÇA PRESTADO POR EMPRESA ESPECIALIZADA.,8700.0,BRASAO VIGILANCIA E SEGURANCA LTDA
191923,2024,3,SERVIÇO DE SEGURANÇA PRESTADO POR EMPRESA ESPECIALIZADA.,8700.0,BRASAO VIGILANCIA E SEGURANCA LTDA
191923,2024,4,SERVIÇO DE SEGURANÇA PRESTADO POR EMPRESA ESPECIALIZADA.,8700.0,BRASAO VIGILANCIA E SEGURANCA LTDA
191923,2024,5,SERVIÇO DE SEGURANÇA PRESTADO POR EMPRESA ESPECIALIZADA.,8700.0,BRASAO VIGILANCIA E SEGURANCA LTDA
191923,2024,6,SERVIÇO DE SEGURANÇA PRESTADO POR EMPRESA ESPECIALIZADA.,8700.0,BRASAO VIGILANCIA E SEGURANCA LTDA
191923,2024,7,SERVIÇO DE SEGURANÇA PRESTADO POR EMPRESA ESPECIALIZADA.,8700.0,BRASAO VIGILANCIA E SEGURANCA LTDA
191923,2024,8,SERVIÇO DE SEGURANÇA PRESTADO POR EMPRESA ESPECIALIZADA.,8700.0,BRASAO VIGILANCIA E SEGURANCA LTDA
191923,2024,10,SERVIÇO DE SEGURANÇA PRESTADO POR EMPRESA ESPECIALIZADA.,8700.0,BRASAO VIGILANCIA E SEGURANCA LTDA
191923,2024,11,SERVIÇO DE SEGURANÇA PRESTADO POR EMPRESA ESPECIALIZADA.,8700.0,BRASAO VIGILANCIA E SEGURANCA LTDA
191923,2024,9,SERVIÇO DE SEGURANÇA PRESTADO POR EMPRESA ESPECIALIZADA.,8700.0,BRASAO VIGILANCIA E SEGURANCA LTDA
191923,2024,2,TELEFONIA,268.87,CLARO S.A
191923,2024,1,TELEFONIA,263.59,CLARO S.A.
191923,2024,3,TELEFONIA,268.87,CLARO S.A.
191923,2024,4,TELEFONIA,268.87,CLARO S.A.
191923,2024,5,TELEFONIA,268.87,CLARO S.A.
191923,2024,6,TELEFONIA,268.87,CLARO S.A.
191923,2024,7,TELEFONIA,268.87,CLARO S.A.
191923,2024,8,TELEFONIA,268.87,CLARO S.A.
191923,2024,9,TELEFONIA,268.87,CLARO S.A.
191923,2024,10,TELEFONIA,268.87,CLARO S.A.
191923,2024,11,TELEFONIA,268.87,CLARO S.A.
191923,2024,12,TELEFONIA,268.87,CLARO S.A.
191923,2024,10,TELEFONIA,375.74,TELEFONIA BRASIL S/A
191923,2024,11,TELEFONIA,615.68,TELEFONICA BRASIL S.A.
191923,2024,12,TELEFONIA,375.74,Telefônica Brasil S.A.
191923,2024,6,TELEFONIA,375.74,TELEFONICA BRASIL S.A.
191923,2024,9,TELEFONIA,435.73,Telefônica Brasil S.A. VIVO
191923,2024,2,TELEFONIA,359.74,TELEFÔNICA BRASIL S/A
191923,2024,8,TELEFONIA,375.74,TELEFÔNICA BRASIL S/A - VIVO
191923,2024,1,TELEFONIA,149.99,TIM S/A
191923,2024,2,TELEFONIA,149.99,TIM S/A
191923,2024,3,TELEFONIA,149.99,TIM S/A
191923,2024,7,TELEFONIA,149.99,TIM S/A
191923,2024,9,TELEFONIA,149.99,TIM S/A
191923,2024,10,TELEFONIA,149.99,TIM S/A
191923,2024,11,TELEFONIA,149.99,TIM S/A
191923,2024,12,TELEFONIA,149.99,TIM S/A
191923,2024,4,TELEFONIA,149.99,TIM S/A
191923,2024,6,TELEFONIA,149.99,TIM S/A
191923,2024,5,TELEFONIA,149.99,TIM S/A
191923,2024,8,TELEFONIA,149.99,TIM S/A
191923,2024,3,TELEFONIA,359.74,VIVO SA
191923,2024,1,TELEFONIA,359.74,VIVO TELEFONIA BRASIL S/A
191923,2024,4,TELEFONIA,359.74,VIVO TELEFONIA BRASIL S/A
191923,2024,5,TELEFONIA,375.74,VIVO TELEFONIA BRASIL S/A
191923,2024,7,TELEFONIA,855.66,VIVO TELEFONIA BRASIL S/A
191923,2024,3,FORNECIMENTO DE ALIMENTAÇÃO DO PARLAMENTAR,25.0,PROXIMUS COMERCIAL LTDA
191923,2024,3,FORNECIMENTO DE ALIMENTAÇÃO DO PARLAMENTAR,34.25,SERVICO NACIONAL DE APRENDIZAGEM COMERCIAL SENAC
191923,2024,2,FORNECIMENTO DE ALIMENTAÇÃO DO PARLAMENTAR,19.77,SERVICO NACIONAL DE APRENDIZAGEM COMERCIAL SENAC
191923,2024,2,FORNECIMENTO DE ALIMENTAÇÃO DO PARLAMENTAR,37.67,SERVICO NACIONAL DE APRENDIZAGEM COMERCIAL SENAC
191923,2024,3,FORNECIMENTO DE ALIMENTAÇÃO DO PARLAMENTAR,86.54,SERVICO NACIONAL DE APRENDIZAGEM COMERCIAL SENAC
191923,2024,3,FORNECIMENTO DE ALIMENTAÇÃO DO PARLAMENTAR,88.61,SERVICO NACIONAL DE APRENDIZAGEM COMERCIAL SENAC
191923,2024,2,FORNECIMENTO DE ALIMENTAÇÃO DO PARLAMENTAR,79.03,SERVICO NACIONAL DE APRENDIZAGEM COMERCIAL SENAC
191923,2024,3,FORNECIMENTO DE ALIMENTAÇÃO DO PARLAMENTAR,84.27,SERVICO NACIONAL DE APRENDIZAGEM COMERCIAL SENAC
191923,2024,4,FORNECIMENTO DE ALIMENTAÇÃO DO PARLAMENTAR,90.59,SERVICO NACIONAL DE APRENDIZAGEM COMERCIAL SENAC
191923,2024,3,"HOSPEDAGEM ,EXCETO DO PARLAMENTAR NO DISTRITO FEDERAL.",506.5,MUNIZ DE CARVALHO & FILHOS LTDA
191923,2024,1,"HOSPEDAGEM ,EXCETO DO PARLAMENTAR NO DISTRITO FEDERAL.",680.0,MVC PARNAIBA HOTEIS LTDA
191923,2024,3,"HOSPEDAGEM ,EXCETO DO PARLAMENTAR NO DISTRITO FEDERAL.",1046.1,MVC PARNAIBA HOTEIS LTDA
191923,2024,3,"HOSPEDAGEM ,EXCETO DO PARLAMENTAR NO DISTRITO FEDERAL.",506.5,PICOS HOTEL
191923,2024,4,"HOSPEDAGEM ,EXCETO DO PARLAMENTAR NO DISTRITO FEDERAL.",416.0,TUDE RODRIGUES POUSADA DOS VENTOS LTDA
191923,2024,1,LOCAÇÃO OU FRETAMENTO DE VEÍCULOS AUTOMOTORES,12700.0,R/A GESTÃO EMPRESARIAL
191923,2024,2,LOCAÇÃO OU FRETAMENTO DE VEÍCULOS AUTOMOTORES,12700.0,R/A GESTÃO EMPRESARIAL
191923,2024,3,LOCAÇÃO OU FRETAMENTO DE VEÍCULOS AUTOMOTORES,12700.0,R/A GESTÃO EMPRESARIAL
191923,2024,4,LOCAÇÃO OU FRETAMENTO DE VEÍCULOS AUTOMOTORES,12700.0,R/A GESTÃO EMPRESARIAL
191923,2024,5,LOCAÇÃO OU FRETAMENTO DE VEÍCULOS AUTOMOTORES,12700.0,R/A GESTÃO EMPRESARIAL
191923,2024,6,LOCAÇÃO OU FRETAMENTO DE VEÍCULOS AUTOMOTORES,12700.0,R/A GESTÃO EMPRESARIAL
191923,2024,7,LOCAÇÃO OU FRETAMENTO DE VEÍCULOS AUTOMOTORES,12700.0,R/A GESTÃO EMPRESARIAL
191923,2024,8,LOCAÇÃO OU FRETAMENTO DE VEÍCULOS AUTOMOTORES,12700.0,R/A GESTÃO EMPRESARIAL
191923,2024,9,LOCAÇÃO OU FRETAMENTO DE VEÍCULOS AUTOMOTORES,12700.0,R/A GESTÃO EMPRESARIAL
191923,2024,10,LOCAÇÃO OU FRETAMENTO DE VEÍCULOS AUTOMOTORES,12700.0,R/A GESTÃO EMPRESARIAL
191923,2024,11,LOCAÇÃO OU FRETAMENTO DE VEÍCULOS AUTOMOTORES,12700.0,R/A GESTÃO EMPRESARIAL
191923,2024,2,PASSAGEM AÉREA - SIGEPA,1964.45,GOL
191923,2024,6,PASSAGEM AÉREA - SIGEPA,1298.65,GOL
191923,2024,7,PASSAGEM AÉREA - SIGEPA,1733.9,GOL
191923,2024,7,PASSAGEM AÉREA - SIGEPA,-1649.49,GOL
191923,2024,7,PASSAGEM AÉREA - SIGEPA,3795.26,GOL
191923,2024,8,PASSAGEM AÉREA - SIGEPA,-957.79,GOL
191923,2024,8,PASSAGEM AÉREA - SIGEPA,1971.84,GOL
191923,2024,9,PASSAGEM AÉREA - SIGEPA,1342.46,GOL
191923,2024,10,PASSAGEM AÉREA - SIGEPA,622.93,GOL
191923,2024,10,PASSAGEM AÉREA - SIGEPA,928.92,GOL
191923,2024,10,PASSAGEM AÉREA - SIGEPA,-885.37,GOL
191923,2024,10,PASSAGEM AÉREA - SIGEPA,1398.22,GOL
191923,2024,12,PASSAGEM AÉREA - SIGEPA,2713.65,GOL
191923,2024,12,PASSAGEM AÉREA - SIGEPA,-2579.52,GOL
191923,2024,1,PASSAGEM AÉREA - SIGEPA,-1809.51,TAM
191923,2024,1,PASSAGEM AÉREA - SIGEPA,1809.51,TAM
191923,2024,2,PASSAGEM AÉREA - SIGEPA,-696.77,TAM
191923,2024,2,PASSAGEM AÉREA - SIGEPA,696.77,TAM
191923,2024,2,PASSAGEM AÉREA - SIGEPA,1330.43,TAM
191923,2024,2,PASSAGEM AÉREA - SIGEPA,741.39,TAM
191923,2024,2,PASSAGEM AÉREA - SIGEPA,-1520.55,TAM
191923,2024,2,PASSAGEM AÉREA - SIGEPA,1520.55,TAM
191923,2024,2,PASSAGEM AÉREA - SIGEPA,-660.16,TAM
191923,2024,2,PASSAGEM AÉREA - SIGEPA,660.16,TAM
191923,2024,2,PASSAGEM AÉREA - SIGEPA,665.41,TAM
191923,2024,2,PASSAGEM AÉREA - SIGEPA,646.33,TAM
191923,2024,3,PASSAGEM AÉREA - SIGEPA,-1823.34,TAM
191923,2024,3,PASSAGEM AÉREA - SIGEPA,492.91,TAM
191923,2024,4,PASSAGEM AÉREA - SIGEPA,1367.51,TAM
191923,2024,4,PASSAGEM AÉREA - SIGEPA,-1825.56,TAM
191923,2024,4,PASSAGEM AÉREA - SIGEPA,1825.56,TAM
191923,2024,4,PASSAGEM AÉREA - SIGEPA,1481.5,TAM
191923,2024,4,PASSAGEM AÉREA - SIGEPA,-1383.56,TAM
191923,2024,4,PASSAGEM AÉREA - SIGEPA,1383.56,TAM
191923,2024,4,PASSAGEM AÉREA - SIGEPA,1481.5,TAM
191923,2024,4,PASSAGEM AÉREA - SIGEPA,1383.56,TAM
191923,2024,4,PASSAGEM AÉREA - SIGEPA,870.48,TAM
191923,2024,5,PASSAGEM AÉREA - SIGEPA,1559.1,TAM
191923,2024,5,PASSAGEM AÉREA - SIGEPA,1825.56,TAM
191923,2024,5,PASSAGEM AÉREA - SIGEPA,-964.05,TAM
191923,2024,5,PASSAGEM AÉREA - SIGEPA,964.05,TAM
191923,2024,5,PASSAGEM AÉREA - SIGEPA,1383.56,TAM
191923,2024,5,PASSAGEM AÉREA - SIGEPA,977.63,TAM
191923,2024,6,PASSAGEM AÉREA - SIGEPA,858.32,TAM
191923,2024,6,PASSAGEM AÉREA - SIGEPA,1016.43,TAM
191923,2024,6,PASSAGEM AÉREA - SIGEPA,-1590.14,TAM
191923,2024,6,PASSAGEM AÉREA - SIGEPA,1590.14,TAM
191923,2024,6,PASSAGEM AÉREA - SIGEPA,-1743.93,TAM
191923,2024,6,PASSAGEM AÉREA - SIGEPA,727.5,TAM
191923,2024,8,PASSAGEM AÉREA - SIGEPA,945.85,TAM
191923,2024,8,PASSAGEM AÉREA - SIGEPA,1468.51,TAM
191923,2024,9,PASSAGEM AÉREA - SIGEPA,-1959.56,TAM
191923,2024,9,PASSAGEM AÉREA - SIGEPA,1959.56,TAM
191923,2024,9,PASSAGEM AÉREA - SIGEPA,400.91,TAM
191923,2024,10,PASSAGEM AÉREA - SIGEPA,1896.16,TAM
191923,2024,10,PASSAGEM AÉREA - SIGEPA,-1959.56,TAM
191923,2024,10,PASSAGEM AÉREA - SIGEPA,1959.56,TAM
191923,2024,10,PASSAGEM AÉREA - SIGEPA,-1959.56,TAM
191923,2024,10,PASSAGEM AÉREA - SIGEPA,1959.56,TAM
191923,2024,10,PASSAGEM AÉREA - SIGEPA,1944.95,TAM
191923,2024,10,PASSAGEM AÉREA - SIGEPA,-475.0,TAM
191923,2024,10,PASSAGEM AÉREA - SIGEPA,593.46,TAM
191923,2024,10,PASSAGEM AÉREA - SIGEPA,-475.0,TAM
191923,2024,10,PASSAGEM AÉREA - SIGEPA,1959.56,TAM
191923,2024,10,PASSAGEM AÉREA - SIGEPA,-1959.56,TAM
191923,2024,10,PASSAGEM AÉREA - SIGEPA,-1944.95,TAM
191923,2024,10,PASSAGEM AÉREA - SIGEPA,1097.91,TAM
191923,2024,11,PASSAGEM AÉREA - SIGEPA,1959.56,TAM
191923,2024,11,PASSAGEM AÉREA - SIGEPA,1944.95,TAM
191923,2024,12,PASSAGEM AÉREA - SIGEPA,-475.0,TAM
191923,2025,11,MANUTENÇÃO DE ESCRITÓRIO DE APOIO À ATIVIDADE PARLAMENTAR,94.9,A R G3 TELECOM ASSOCIADOS LTDA
191923,2025,1,MANUTENÇÃO DE ESCRITÓRIO DE APOIO À ATIVIDADE PARLAMENTAR,94.9,A R G3 TELECOM ASSOCIADOS LTDA
191923,2025,3,MANUTENÇÃO DE ESCRITÓRIO DE APOIO À ATIVIDADE PARLAMENTAR,94.9,A R G3 TELECOM ASSOCIADOS LTDA
191923,2025,6,MANUTENÇÃO DE ESCRITÓRIO DE APOIO À ATIVIDADE PARLAMENTAR,94.9,A R G3 TELECOM ASSOCIADOS LTDA
191923,2025,9,MANUTENÇÃO DE ESCRITÓRIO DE APOIO À ATIVIDADE PARLAMENTAR,94.9,A R G3 TELECOM ASSOCIADOS LTDA
191923,2025,10,MANUTENÇÃO DE ESCRITÓRIO DE APOIO À ATIVIDADE PARLAMENTAR,94.9,A R G3 TELECOM ASSOCIADOS LTDA
191923,2025,7,MANUTENÇÃO DE ESCRITÓRIO DE APOIO À ATIVIDADE PARLAMENTAR,94.9,A R G3 TELECOM ASSOCIADOS LTDA
191923,2025,1,MANUTENÇÃO DE ESCRITÓRIO DE APOIO À ATIVIDADE PARLAMENTAR,85.08,AGUAS DE TERESINA SAN. SPE SA
191923,2025,2,MANUTENÇÃO DE ESCRITÓRIO DE APOIO À ATIVIDADE PARLAMENTAR,259.44,AGUAS DE TERESINA SAN. SPE SA
191923,2025,3,MANUTENÇÃO DE ESCRITÓRIO DE APOIO À ATIVIDADE PARLAMENTAR,116.78,AGUAS DE TERESINA SAN. SPE SA
191923,2025,7,MANUTENÇÃO DE ESCRITÓRIO DE APOIO À ATIVIDADE PARLAMENTAR,77.36,AGUAS DE TERESINA SAN. SPE SA
191923,2025,8,MANUTENÇÃO DE ESCRITÓRIO DE APOIO À ATIVIDADE PARLAMENTAR,79.06,AGUAS DE TERESINA SAN. SPE SA
191923,2025,9,MANUTENÇÃO DE ESCRITÓRIO DE APOIO À ATIVIDADE PARLAMENTAR,300.01,AGUAS DE TERESINA SAN. SPE SA
191923,2025,10,MANUTENÇÃO DE ESCRITÓRIO DE APOIO À ATIVIDADE PARLAMENTAR,79.06,AGUAS DE TERESINA SAN. SPE SA
191923,2025,12,MANUTENÇÃO DE ESCRITÓRIO DE APOIO À ATIVIDADE PARLAMENTAR,79.06,AGUAS DE TERESINA SAN. SPE SA
191923,2025,7,MANUTENÇÃO DE ESCRITÓRIO DE APOIO À ATIVIDADE PARLAMENTAR,853.62,Companhia Energética do Piauí
191923,2025,8,MANUTENÇÃO DE ESCRITÓRIO DE APOIO À ATIVIDADE PARLAMENTAR,887.89,Companhia Energética do Piauí
191923,2025,9,MANUTENÇÃO DE ESCRITÓRIO DE APOIO À ATIVIDADE PARLAMENTAR,1085.09,Companhia Energética do Piauí
191923,2025,10,MANUTENÇÃO DE ESCRITÓRIO DE APOIO À ATIVIDADE PARLAMENTAR,1009.55,Companhia Energética do Piauí
191923,2025,1,MANUTENÇÃO DE ESCRITÓRIO DE APOIO À ATIVIDADE PARLAMENTAR,951.8,Companhia Energética do Piauí
191923,2025,2,MANUTENÇÃO DE ESCRITÓRIO DE APOIO À ATIVIDADE PARLAMENTAR,810.42,Companhia Energética do Piauí
191923,2025,2,MANUTENÇÃO DE ESCRITÓRIO DE APOIO À ATIVIDADE PARLAMENTAR,5000.0,REGINA LUCIA VALE RIBEIRO
191923,2025,3,MANUTENÇÃO DE ESCRITÓRIO DE APOIO À ATIVIDADE PARLAMENTAR,5000.0,REGINA LUCIA VALE RIBEIRO
191923,2025,4,MANUTENÇÃO DE ESCRITÓRIO DE APOIO À ATIVIDADE PARLAMENTAR,5000.0,REGINA LUCIA VALE RIBEIRO
191923,2025,5,MANUTENÇÃO DE ESCRITÓRIO DE APOIO À ATIVIDADE PARLAMENTAR,5000.0,REGINA LUCIA VALE RIBEIRO
191923,2025,6,MANUTENÇÃO DE ESCRITÓRIO DE APOIO À ATIVIDADE PARLAMENTAR,5000.0,REGINA LUCIA VALE RIBEIRO
191923,2025,7,MANUTENÇÃO DE ESCRITÓRIO DE APOIO À ATIVIDADE PARLAMENTAR,5000.0,REGINA LUCIA VALE RIBEIRO
191923,2025,8,MANUTENÇÃO DE ESCRITÓRIO DE APOIO À ATIVIDADE PARLAMENTAR,5000.0,REGINA LUCIA VALE RIBEIRO
191923,2025,9,MANUTENÇÃO DE ESCRITÓRIO DE APOIO À ATIVIDADE PARLAMENTAR,5000.0,REGINA LUCIA VALE RIBEIRO
191923,2025,10,MANUTENÇÃO DE ESCRITÓRIO DE APOIO À ATIVIDADE PARLAMENTAR,5000.0,REGINA LUCIA VALE RIBEIRO
191923,2025,11,MANUTENÇÃO DE ESCRITÓRIO DE APOIO À ATIVIDADE PARLAMENTAR,5000.0,REGINA LUCIA VALE RIBEIRO
191923,2025,1,MANUTENÇÃO DE ESCRITÓRIO DE APOIO À ATIVIDADE PARLAMENTAR,5000.0,REGINA LUCIA VALE RIBEIRO
191923,2025,12,MANUTENÇÃO DE ESCRITÓRIO DE APOIO À ATIVIDADE PARLAMENTAR,5000.0,REGINA LUCIA VALE RIBEIRO
191923,2025,12,COMBUSTÍVEIS E LUBRIFICANTES.,200.0,JR COMERCIO DE COMBUSTIVEIS LTDA
191923,2025,12,COMBUSTÍVEIS E LUBRIFICANTES.,247.35,PETROLEO COMBUSTIVEL III LTDA
191923,2025,12,COMBUSTÍVEIS E LUBRIFICANTES.,165.03,POSTO DEZ 3 LTDA
191923,2025,12,COMBUSTÍVEIS E LUBRIFICANTES.,200.02,POSTO DEZ 3 LTDA
191923,2025,12,COMBUSTÍVEIS E LUBRIFICANTES.,180.0,POSTO MARTINEZ LTDA
191923,2025,1,DIVULGAÇÃO DA ATIVIDADE PARLAMENTAR.,18000.0,BLITZ PRODUÇOES DE EVENTOS LTDA
191923,2025,2,DIVULGAÇÃO DA ATIVIDADE PARLAMENTAR.,18000.0,BLITZ PRODUÇOES DE EVENTOS LTDA
191923,2025,3,DIVULGAÇÃO DA ATIVIDADE PARLAMENTAR.,18000.0,BLITZ PRODUÇOES DE EVENTOS LTDA
191923,2025,4,DIVULGAÇÃO DA ATIVIDADE PARLAMENTAR.,18000.0,BLITZ PRODUÇOES DE EVENTOS LTDA
191923,2025,5,DIVULGAÇÃO DA ATIVIDADE PARLAMENTAR.,18000.0,BLITZ PRODUÇOES DE EVENTOS LTDA
191923,2025,6,DIVULGAÇÃO DA ATIVIDADE PARLAMENTAR.,18000.0,BLITZ PRODUÇOES DE EVENTOS LTDA
191923,2025,7,DIVULGAÇÃO DA ATIVIDADE PARLAMENTAR.,18000.0,BLITZ PRODUÇOES DE EVENTOS LTDA
191923,2025,8,DIVULGAÇÃO DA ATIVIDADE PARLAMENTAR.,18000.0,BLITZ PRODUÇOES DE EVENTOS LTDA
191923,2025,9,DIVULGAÇÃO DA ATIVIDADE PARLAMENTAR.,18000.0,BLITZ PRODUÇOES DE EVENTOS LTDA
191923,2025,10,DIVULGAÇÃO DA ATIVIDADE PARLAMENTAR.,18000.0,BLITZ PRODUÇOES DE EVENTOS LTDA
191923,2025,11,DIVULGAÇÃO DA ATIVIDADE PARLAMENTAR.,18000.0,BLITZ PRODUÇOES DE EVENTOS LTDA
191923,2025,12,DIVULGAÇÃO DA ATIVIDADE PARLAMENTAR.,18000.0,BLITZ PRODUÇOES DE EVENTOS LTDA
191923,2025,1,SERVIÇO DE SEGURANÇA PRESTADO POR EMPRESA ESPECIALIZADA.,8700.0,BRASAO VIGILANCIA E SEGURANCA LTDA
191923,2025,2,SERVIÇO DE SEGURANÇA PRESTADO POR EMPRESA ESPECIALIZADA.,8700.0,BRASAO VIGILANCIA E SEGURANCA LTDA
191923,2025,3,SERVIÇO DE SEGURANÇA PRESTADO POR EMPRESA ESPECIALIZADA.,8700.0,BRASAO VIGILANCIA E SEGURANCA LTDA
191923,2025,4,SERVIÇO DE SEGURANÇA PRESTADO POR EMPRESA ESPECIALIZADA.,8700.0,BRASAO VIGILANCIA E SEGURANCA LTDA
191923,2025,5,SERVIÇO DE SEGURANÇA PRESTADO POR EMPRESA ESPECIALIZADA.,8700.0,BRASAO VIGILANCIA E SEGURANCA LTDA
191923,2025,6,SERVIÇO DE SEGURANÇA PRESTADO POR EMPRESA ESPECIALIZADA.,8700.0,BRASAO VIGILANCIA E SEGURANCA LTDA
191923,2025,7,SERVIÇO DE SEGURANÇA PRESTADO POR EMPRESA ESPECIALIZADA.,8700.0,BRASAO VIGILANCIA E SEGURANCA LTDA
191923,2025,8,SERVIÇO DE SEGURANÇA PRESTADO POR EMPRESA ESPECIALIZADA.,8700.0,BRASAO VIGILANCIA E SEGURANCA LTDA
191923,2025,9,SERVIÇO DE SEGURANÇA PRESTADO POR EMPRESA ESPECIALIZADA.,8700.0,BRASAO VIGILANCIA E SEGURANCA LTDA
191923,2025,10,SERVIÇO DE SEGURANÇA PRESTADO POR EMPRESA ESPECIALIZADA.,8700.0,BRASAO VIGILANCIA E SEGURANCA LTDA
191923,2025,11,SERVIÇO DE SEGURANÇA PRESTADO POR EMPRESA ESPECIALIZADA.,8700.0,BRASAO VIGILANCIA E SEGURANCA LTDA
191923,2025,12,SERVIÇO DE SEGURANÇA PRESTADO POR EMPRESA ESPECIALIZADA.,8700.0,BRASAO VIGILANCIA E SEGURANCA LTDA
191923,2025,1,TELEFONIA,268.87,CLARO S.A.
191923,2025,2,TELEFONIA,284.39,CLARO S.A.
191923,2025,3,TELEFONIA,284.39,CLARO S.A.
191923,2025,12,TELEFONIA,452.64,TELEFÔNICA BRASIL S.A. VIVO
191923,2025,9,TELEFONIA,452.64,Telefônica Brasil S.A. VIVO
191923,2025,1,TELEFONIA,735.65,TELEFONICA BRASIL S/A
191923,2025,7,TELEFONIA,311.34,TELEFÔNICA BRASIL S/A - VIVO
191923,2025,10,TELEFONIA,392.74,TELEFÔNICA BRASIL S/A - VIVO
191923,2025,8,TELEFONIA,392.74,TELEFÔNICA BRASIL S/A - VIVO
191923,2025,1,TELEFONIA,149.99,TIM S/A
191923,2025,2,TELEFONIA,149.99,TIM S/A
191923,2025,3,TELEFONIA,149.99,TIM S/A
191923,2025,2,TELEFONIA,375.75,VIVO TELEFONIA BRASIL S/A
191923,2025,3,TELEFONIA,375.74,VIVO TELEFONICA BRASIL S.A.
191923,2025,5,LOCAÇÃO OU FRETAMENTO DE VEÍCULOS AUTOMOTORES,12500.0,mirante locadora limitada
191923,2025,6,LOCAÇÃO OU FRETAMENTO DE VEÍCULOS AUTOMOTORES,12500.0,mirante locadora limitada
191923,2025,7,LOCAÇÃO OU FRETAMENTO DE VEÍCULOS AUTOMOTORES,12500.0,mirante locadora limitada
191923,2025,8,LOCAÇÃO OU FRETAMENTO DE VEÍCULOS AUTOMOTORES,12500.0,mirante locadora limitada
191923,2025,9,LOCAÇÃO OU FRETAMENTO DE VEÍCULOS AUTOMOTORES,12500.0,mirante locadora limitada
191923,2025,10,LOCAÇÃO OU FRETAMENTO DE VEÍCULOS AUTOMOTORES,12500.0,mirante locadora limitada
191923,2025,11,LOCAÇÃO OU FRETAMENTO DE VEÍCULOS AUTOMOTORES,12500.0,mirante locadora limitada
191923,2025,1,LOCAÇÃO OU FRETAMENTO DE VEÍCULOS AUTOMOTORES,12500.0,mirante locadora limitada
191923,2025,2,LOCAÇÃO OU FRETAMENTO DE VEÍCULOS AUTOMOTORES,12500.0,mirante locadora limitada
191923,2025,3,LOCAÇÃO OU FRETAMENTO DE VEÍCULOS AUTOMOTORES,12500.0,mirante locadora limitada
191923,2025,4,LOCAÇÃO OU FRETAMENTO DE VEÍCULOS AUTOMOTORES,12500.0,mirante locadora limitada
191923,2025,12,LOCAÇÃO OU FRETAMENTO DE VEÍCULOS AUTOMOTORES,12500.0,VIP PRIME CORRETORES DE SEGUROS LTDA
191923,2025,1,PASSAGEM AÉREA - SIGEPA,1548.59,GOL
191923,2025,2,PASSAGEM AÉREA - SIGEPA,-1473.44,GOL
191923,2025,3,PASSAGEM AÉREA - SIGEPA,1204.34,GOL
191923,2025,4,PASSAGEM AÉREA - SIGEPA,2007.8,GOL
191923,2025,8,PASSAGEM AÉREA - SIGEPA,694.03,LATAM Airlines Brasil
191923,2025,8,PASSAGEM AÉREA - SIGEPA,1105.97,LATAM Airlines Brasil
191923,2025,9,PASSAGEM AÉREA - SIGEPA,2566.4,LATAM Airlines Brasil
191923,2025,9,PASSAGEM AÉREA - SIGEPA,-1780.35,LATAM Airlines Brasil
191923,2025,9,PASSAGEM AÉREA - SIGEPA,1060.4,LATAM Airlines Brasil
191923,2025,9,PASSAGEM AÉREA - SIGEPA,-204.18,LATAM Airlines Brasil
191923,2025,9,PASSAGEM AÉREA - SIGEPA,985.62,LATAM Airlines Brasil
191923,2025,9,PASSAGEM AÉREA - SIGEPA,-2294.04,LATAM Airlines Brasil
191923,2025,9,PASSAGEM AÉREA - SIGEPA,2294.04,LATAM Airlines Brasil
191923,2025,10,PASSAGEM AÉREA - SIGEPA,-801.69,LATAM Airlines Brasil
191923,2025,10,PASSAGEM AÉREA - SIGEPA,1977.47,LATAM Airlines Brasil
191923,2025,10,PASSAGEM AÉREA - SIGEPA,782.27,LATAM Airlines Brasil
191923,2025,10,PASSAGEM AÉREA - SIGEPA,-781.44,LATAM Airlines Brasil
191923,2025,10,PASSAGEM AÉREA - SIGEPA,-1175.78,LATAM Airlines Brasil
191923,2025,10,PASSAGEM AÉREA - SIGEPA,1246.7,LATAM Airlines Brasil
191923,2025,11,PASSAGEM AÉREA - SIGEPA,-1371.2,LATAM Airlines Brasil
191923,2025,11,PASSAGEM AÉREA - SIGEPA,1371.2,LATAM Airlines Brasil
191923,2025,11,PASSAGEM AÉREA - SIGEPA,-1936.3,LATAM Airlines Brasil
191923,2025,11,PASSAGEM AÉREA - SIGEPA,1936.3,LATAM Airlines Brasil
191923,2025,11,PASSAGEM AÉREA - SIGEPA,-1108.09,LATAM Airlines Brasil
191923,2025,11,PASSAGEM AÉREA - SIGEPA,1108.09,LATAM Airlines Brasil
191923,2025,11,PASSAGEM AÉREA - SIGEPA,2528.53,LATAM Airlines Brasil
191923,2025,11,PASSAGEM AÉREA - SIGEPA,876.52,LATAM Airlines Brasil
191923,2025,12,PASSAGEM AÉREA - SIGEPA,1390.29,LATAM Airlines Brasil
191923,2025,5,PASSAGEM AÉREA - SIGEPA,-442.0,TAM
191923,2025,1,PASSAGEM AÉREA - SIGEPA,-1010.55,TAM
191923,2025,1,PASSAGEM AÉREA - SIGEPA,1010.55,TAM
191923,2025,1,PASSAGEM AÉREA - SIGEPA,-1393.7,TAM
191923,2025,1,PASSAGEM AÉREA - SIGEPA,1393.7,TAM
191923,2025,1,PASSAGEM AÉREA - SIGEPA,1959.56,TAM
191923,2025,1,PASSAGEM AÉREA - SIGEPA,-475.0,TAM
191923,2025,2,PASSAGEM AÉREA - SIGEPA,-445.03,TAM
191923,2025,2,PASSAGEM AÉREA - SIGEPA,1411.23,TAM
191923,2025,2,PASSAGEM AÉREA - SIGEPA,-1099.79,TAM
191923,2025,2,PASSAGEM AÉREA - SIGEPA,1099.79,TAM
191923,2025,2,PASSAGEM AÉREA - SIGEPA,-928.16,TAM
191923,2025,2,PASSAGEM AÉREA - SIGEPA,928.16,TAM
191923,2025,2,PASSAGEM AÉREA - SIGEPA,-1317.07,TAM
191923,2025,2,PASSAGEM AÉREA - SIGEPA,1317.07,TAM
191923,2025,2,PASSAGEM AÉREA - SIGEPA,-1297.67,TAM
191923,2025,2,PASSAGEM AÉREA - SIGEPA,1297.67,TAM
191923,2025,2,PASSAGEM AÉREA - SIGEPA,1649.78,TAM
191923,2025,2,PASSAGEM AÉREA - SIGEPA,1049.41,TAM
191923,2025,3,PASSAGEM AÉREA - SIGEPA,1067.52,TAM
191923,2025,3,PASSAGEM AÉREA - SIGEPA,-1239.85,TAM
191923,2025,3,PASSAGEM AÉREA - SIGEPA,1239.85,TAM
191923,2025,3,PASSAGEM AÉREA - SIGEPA,1306.4,TAM
191923,2025,3,PASSAGEM AÉREA - SIGEPA,-62.46,TAM
191923,2025,3,PASSAGEM AÉREA - SIGEPA,1548.9,TAM
191923,2025,3,PASSAGEM AÉREA - SIGEPA,1469.95,TAM
191923,2025,3,PASSAGEM AÉREA - SIGEPA,1062.45,TAM
191923,2025,4,PASSAGEM AÉREA - SIGEPA,-244.82,TAM
191923,2025,4,PASSAGEM AÉREA - SIGEPA,1714.77,TAM
191923,2025,4,PASSAGEM AÉREA - SIGEPA,-1074.57,TAM
191923,2025,4,PASSAGEM AÉREA - SIGEPA,1074.57,TAM
191923,2025,4,PASSAGEM AÉREA - SIGEPA,-1.94,TAM
191923,2025,4,PASSAGEM AÉREA - SIGEPA,1171.57,TAM
191923,2025,4,PASSAGEM AÉREA - SIGEPA,-1171.57,TAM
191923,2025,4,PASSAGEM AÉREA - SIGEPA,-1714.77,TAM
191923,2025,4,PASSAGEM AÉREA - SIGEPA,-1944.95,TAM
191923,2025,4,PASSAGEM AÉREA - SIGEPA,1944.95,TAM
191923,2025,4,PASSAGEM AÉREA - SIGEPA,1239.83,TAM
191923,2025,4,PASSAGEM AÉREA - SIGEPA,-1774.69,TAM
191923,2025,4,PASSAGEM AÉREA - SIGEPA,1774.69,TAM
191923,2025,5,PASSAGEM AÉREA - SIGEPA,-81.79,TAM
191923,2025,5,PASSAGEM AÉREA - SIGEPA,2484.23,TAM
191923,2025,5,PASSAGEM AÉREA - SIGEPA,1310.72,TAM
191923,2025,5,PASSAGEM AÉREA - SIGEPA,-2450.31,TAM
191923,2025,5,PASSAGEM AÉREA - SIGEPA,1139.59,TAM
191923,2025,5,PASSAGEM AÉREA - SIGEPA,-2993.11,TAM
191923,2025,5,PASSAGEM AÉREA - SIGEPA,2993.11,TAM
191923,2025,5,PASSAGEM AÉREA - SIGEPA,-1194.28,TAM
191923,2025,5,PASSAGEM AÉREA - SIGEPA,2671.09,TAM
191923,2025,5,PASSAGEM AÉREA - SIGEPA,2457.09,TAM
191923,2025,5,PASSAGEM AÉREA - SIGEPA,-2671.09,TAM
191923,2025,6,PASSAGEM AÉREA - SIGEPA,1714.1,TAM
191923,2025,6,PASSAGEM AÉREA - SIGEPA,1446.82,TAM
191923,2025,7,PASSAGEM AÉREA - SIGEPA,-597.2,TAM
191923,2025,7,PASSAGEM AÉREA - SIGEPA,1879.99,TAM
191923,2025,7,PASSAGEM AÉREA - SIGEPA,-5920.04,TAM
191923,2025,7,PASSAGEM AÉREA - SIGEPA,2960.02,TAM
191923,2025,7,PASSAGEM AÉREA - SIGEPA,1827.7,TAM
191923,2026,4,MANUTENÇÃO DE ESCRITÓRIO DE APOIO À ATIVIDADE PARLAMENTAR,94.9,A R G3 TELECOM ASSOCIADOS LTDA
191923,2026,5,MANUTENÇÃO DE ESCRITÓRIO DE APOIO À ATIVIDADE PARLAMENTAR,94.9,A R G3 TELECOM ASSOCIADOS LTDA
191923,2026,1,MANUTENÇÃO DE ESCRITÓRIO DE APOIO À ATIVIDADE PARLAMENTAR,79.06,AGUAS DE TERESINA SAN. SPE SA
191923,2026,2,MANUTENÇÃO DE ESCRITÓRIO DE APOIO À ATIVIDADE PARLAMENTAR,79.06,AGUAS DE TERESINA SAN. SPE SA
191923,2026,3,MANUTENÇÃO DE ESCRITÓRIO DE APOIO À ATIVIDADE PARLAMENTAR,79.06,AGUAS DE TERESINA SAN. SPE SA
191923,2026,4,MANUTENÇÃO DE ESCRITÓRIO DE APOIO À ATIVIDADE PARLAMENTAR,79.06,AGUAS DE TERESINA SAN. SPE SA
191923,2026,5,MANUTENÇÃO DE ESCRITÓRIO DE APOIO À ATIVIDADE PARLAMENTAR,79.06,AGUAS DE TERESINA SAN. SPE SA
191923,2026,6,MANUTENÇÃO DE ESCRITÓRIO DE APOIO À ATIVIDADE PARLAMENTAR,79.06,AGUAS DE TERESINA SAN. SPE SA
191923,2026,7,MANUTENÇÃO DE ESCRITÓRIO DE APOIO À ATIVIDADE PARLAMENTAR,80.81,AGUAS DE TERESINA SANEAMENTO SPE S.A.
191923,2026,1,MANUTENÇÃO DE ESCRITÓRIO DE APOIO À ATIVIDADE PARLAMENTAR,1049.39,Companhia Energética do Piauí
191923,2026,2,MANUTENÇÃO DE ESCRITÓRIO DE APOIO À ATIVIDADE PARLAMENTAR,1136.83,Companhia Energética do Piauí
191923,2026,3,MANUTENÇÃO DE ESCRITÓRIO DE APOIO À ATIVIDADE PARLAMENTAR,1146.93,Companhia Energética do Piauí
191923,2026,4,MANUTENÇÃO DE ESCRITÓRIO DE APOIO À ATIVIDADE PARLAMENTAR,1085.16,Companhia Energética do Piauí
191923,2026,5,MANUTENÇÃO DE ESCRITÓRIO DE APOIO À ATIVIDADE PARLAMENTAR,1151.24,Companhia Energética do Piauí
191923,2026,8,MANUTENÇÃO DE ESCRITÓRIO DE APOIO À ATIVIDADE PARLAMENTAR,1795.16,EQUATORIAL PIAUI DISTRIBUIDORA DE ENERGIA S.A
191923,2026,6,MANUTENÇÃO DE ESCRITÓRIO DE APOIO À ATIVIDADE PARLAMENTAR,1388.77,EQUATORIAL PIAUI DISTRIBUIDORA DE ENERGIA S.A
191923,2026,7,MANUTENÇÃO DE ESCRITÓRIO DE APOIO À ATIVIDADE PARLAMENTAR,1400.49,EQUATORIAL PIAUI DISTRIBUIDORA DE ENERGIA S.A
191923,2026,6,MANUTENÇÃO DE ESCRITÓRIO DE APOIO À ATIVIDADE PARLAMENTAR,94.9,G3 TELECOM LTDA
191923,2026,7,MANUTENÇÃO DE ESCRITÓRIO DE APOIO À ATIVIDADE PARLAMENTAR,94.9,G3 TELECOM LTDA
191923,2026,1,MANUTENÇÃO DE ESCRITÓRIO DE APOIO À ATIVIDADE PARLAMENTAR,5000.0,REGINA LUCIA VALE RIBEIRO
191923,2026,3,MANUTENÇÃO DE ESCRITÓRIO DE APOIO À ATIVIDADE PARLAMENTAR,5000.0,REGINA LUCIA VALE RIBEIRO
191923,2026,4,MANUTENÇÃO DE ESCRITÓRIO DE APOIO À ATIVIDADE PARLAMENTAR,5000.0,REGINA LUCIA VALE RIBEIRO
191923,2026,5,MANUTENÇÃO DE ESCRITÓRIO DE APOIO À ATIVIDADE PARLAMENTAR,5000.0,REGINA LUCIA VALE RIBEIRO
191923,2026,6,MANUTENÇÃO DE ESCRITÓRIO DE APOIO À ATIVIDADE PARLAMENTAR,5000.0,REGINA LUCIA VALE RIBEIRO
191923,2026,8,MANUTENÇÃO DE ESCRITÓRIO DE APOIO À ATIVIDADE PARLAMENTAR,5000.0,REGINA LUCIA VALE RIBEIRO
191923,2026,2,MANUTENÇÃO DE ESCRITÓRIO DE APOIO À ATIVIDADE PARLAMENTAR,5000.0,REGINA LUCIA VALE RIBEIRO
191923,2026,7,MANUTENÇÃO DE ESCRITÓRIO DE APOIO À ATIVIDADE PARLAMENTAR,5000.0,REGINA LUCIA VALE RIBEIRO
191923,2026,4,COMBUSTÍVEIS E LUBRIFICANTES.,365.0,AMANCIO E PAULO COMERCIO DE COMBUSTIVEL LTDA
191923,2026,7,COMBUSTÍVEIS E LUBRIFICANTES.,361.27,AMANCIO E PAULO COMERCIO DE COMBUSTIVEL LTDA
191923,2026,5,COMBUSTÍVEIS E LUBRIFICANTES.,380.03,AUTO COMERCIAL PIRAJA LTDA
191923,2026,8,COMBUSTÍVEIS E LUBRIFICANTES.,357.0,AUTO COMERCIAL PIRAJA LTDA
191923,2026,5,COMBUSTÍVEIS E LUBRIFICANTES.,330.04,AUTO POSTO LIDER LTDA
191923,2026,6,COMBUSTÍVEIS E LUBRIFICANTES.,150.01,AUTO POSTO LIDER LTDA
191923,2026,8,COMBUSTÍVEIS E LUBRIFICANTES.,326.04,AUTO POSTO SAO CRISTOVAO LTDA
191923,2026,2,COMBUSTÍVEIS E LUBRIFICANTES.,98.03,CACIQUE PETROLEO LTDA
191923,2026,6,COMBUSTÍVEIS E LUBRIFICANTES.,170.03,CACIQUE PETROLEO LTDA
191923,2026,6,COMBUSTÍVEIS E LUBRIFICANTES.,160.04,CACIQUE PETROLEO LTDA
191923,2026,7,COMBUSTÍVEIS E LUBRIFICANTES.,350.0,CACIQUE PETROLEO LTDA
191923,2026,3,COMBUSTÍVEIS E LUBRIFICANTES.,300.02,CACIQUE PETROLEO LTDA
191923,2026,6,COMBUSTÍVEIS E LUBRIFICANTES.,310.06,CACIQUE PETROLEO LTDA
191923,2026,6,COMBUSTÍVEIS E LUBRIFICANTES.,405.11,CACIQUE PETROLEO LTDA
191923,2026,8,COMBUSTÍVEIS E LUBRIFICANTES.,315.67,CACIQUE PETROLEO LTDA
191923,2026,2,COMBUSTÍVEIS E LUBRIFICANTES.,270.01,CACIQUE PETROLEO LTDA
191923,2026,3,COMBUSTÍVEIS E LUBRIFICANTES.,100.0,CACIQUE PETROLEO LTDA
191923,2026,7,COMBUSTÍVEIS E LUBRIFICANTES.,450.0,CACIQUE PETROLEO LTDA
191923,2026,6,COMBUSTÍVEIS E LUBRIFICANTES.,409.99,CACIQUE PETROLEO LTDA
191923,2026,7,COMBUSTÍVEIS E LUBRIFICANTES.,250.0,CACIQUE PETROLEO LTDA
191923,2026,3,COMBUSTÍVEIS E LUBRIFICANTES.,100.0,CACIQUE PETROLEO LTDA
191923,2026,3,COMBUSTÍVEIS E LUBRIFICANTES.,60.0,CACIQUE PETROLEO LTDA
191923,2026,4,COMBUSTÍVEIS E LUBRIFICANTES.,100.0,CACIQUE PETROLEO LTDA
191923,2026,4,COMBUSTÍVEIS E LUBRIFICANTES.,200.0,CACIQUE PETROLEO LTDA
191923,2026,4,COMBUSTÍVEIS E LUBRIFICANTES.,150.0,CACIQUE PETROLEO LTDA
191923,2026,4,COMBUSTÍVEIS E LUBRIFICANTES.,60.0,CACIQUE PETROLEO LTDA
191923,2026,4,COMBUSTÍVEIS E LUBRIFICANTES.,70.0,CACIQUE PETROLEO LTDA
191923,2026,4,COMBUSTÍVEIS E LUBRIFICANTES.,300.0,CACIQUE PETROLEO LTDA
191923,2026,5,COMBUSTÍVEIS E LUBRIFICANTES.,140.0,CACIQUE PETROLEO LTDA
191923,2026,7,COMBUSTÍVEIS E LUBRIFICANTES.,80.0,CACIQUE PETROLEO LTDA
191923,2026,7,COMBUSTÍVEIS E LUBRIFICANTES.,100.0,CACIQUE PETROLEO LTDA
191923,2026,5,COMBUSTÍVEIS E LUBRIFICANTES.,300.0,CACIQUE PETROLEO LTDA
191923,2026,4,COMBUSTÍVEIS E LUBRIFICANTES.,350.0,CACIQUE PETROLEO LTDA
191923,2026,7,COMBUSTÍVEIS E LUBRIFICANTES.,260.06,CACIQUE PETROLEO LTDA
191923,2026,4,COMBUSTÍVEIS E LUBRIFICANTES.,370.02,CACIQUE PETROLEO LTDA
191923,2026,4,COMBUSTÍVEIS E LUBRIFICANTES.,300.0,CACIQUE PETROLEO LTDA
191923,2026,5,COMBUSTÍVEIS E LUBRIFICANTES.,200.0,CACIQUE PETROLEO LTDA
191923,2026,5,COMBUSTÍVEIS E LUBRIFICANTES.,300.0,CACIQUE PETROLEO LTDA
191923,2026,7,COMBUSTÍVEIS E LUBRIFICANTES.,200.0,CACIQUE PETROLEO LTDA
191923,2026,8,COMBUSTÍVEIS E LUBRIFICANTES.,399.11,CACIQUE PETROLEO LTDA
191923,2026,2,COMBUSTÍVEIS E LUBRIFICANTES.,250.0,CACIQUE PETROLEO LTDA
191923,2026,3,COMBUSTÍVEIS E LUBRIFICANTES.,200.02,CACIQUE PETROLEO LTDA
191923,2026,3,COMBUSTÍVEIS E LUBRIFICANTES.,240.04,CACIQUE PETROLEO LTDA
191923,2026,3,COMBUSTÍVEIS E LUBRIFICANTES.,180.04,CACIQUE PETROLEO LTDA
191923,2026,3,COMBUSTÍVEIS E LUBRIFICANTES.,172.06,CACIQUE PETROLEO LTDA
191923,2026,3,COMBUSTÍVEIS E LUBRIFICANTES.,200.0,CACIQUE PETROLEO LTDA
191923,2026,7,COMBUSTÍVEIS E LUBRIFICANTES.,273.81,COMERCIAL AGRICOLA SUSSUAPARA LTDA
191923,2026,5,COMBUSTÍVEIS E LUBRIFICANTES.,289.79,FELIPE BARTZ MACHADO LTDA
191923,2026,6,COMBUSTÍVEIS E LUBRIFICANTES.,350.03,GILDA E JOAO LTDA
191923,2026,2,COMBUSTÍVEIS E LUBRIFICANTES.,250.0,IGUATEMI DISTRIBUIDORA LTDA
191923,2026,4,COMBUSTÍVEIS E LUBRIFICANTES.,300.11,IGUATEMI DISTRIBUIDORA LTDA
191923,2026,7,COMBUSTÍVEIS E LUBRIFICANTES.,270.06,IGUATEMI DISTRIBUIDORA LTDA
191923,2026,8,COMBUSTÍVEIS E LUBRIFICANTES.,182.0,IGUATEMI DISTRIBUIDORA LTDA
191923,2026,3,COMBUSTÍVEIS E LUBRIFICANTES.,270.03,IGUATEMI DISTRIBUIDORA LTDA  POSTO IGUATEMI
191923,2026,5,COMBUSTÍVEIS E LUBRIFICANTES.,240.05,IGUATEMI DISTRIBUIDORA LTDA  POSTO IGUATEMI
191923,2026,6,COMBUSTÍVEIS E LUBRIFICANTES.,240.05,IGUATEMI DISTRIBUIDORA LTDA  POSTO IGUATEMI
191923,2026,7,COMBUSTÍVEIS E LUBRIFICANTES.,489.42,IGUATEMI DISTRIBUIDORA LTDA  POSTO IGUATEMI
191923,2026,7,COMBUSTÍVEIS E LUBRIFICANTES.,320.04,IGUATEMI DISTRIBUIDORA LTDA  POSTO IGUATEMI
191923,2026,3,COMBUSTÍVEIS E LUBRIFICANTES.,460.06,INGAZEIRA COMERCIO DE PETROLEO LTDA
191923,2026,6,COMBUSTÍVEIS E LUBRIFICANTES.,380.0,IRMAOS RODRIGUES E SANTOS LTDA
191923,2026,6,COMBUSTÍVEIS E LUBRIFICANTES.,270.02,IRMAOS RODRIGUES E SANTOS LTDA
191923,2026,8,COMBUSTÍVEIS E LUBRIFICANTES.,240.02,IRMAOS RODRIGUES E SANTOS LTDA
191923,2026,5,COMBUSTÍVEIS E LUBRIFICANTES.,270.69,J L CARVALHO DA SILVA EIRELI ME
191923,2026,5,COMBUSTÍVEIS E LUBRIFICANTES.,432.46,J L CARVALHO DA SILVA EIRELI ME
191923,2026,6,COMBUSTÍVEIS E LUBRIFICANTES.,200.86,J. A. SILVA MERCADINHO
191923,2026,8,COMBUSTÍVEIS E LUBRIFICANTES.,242.46,JM LTDA
191923,2026,5,COMBUSTÍVEIS E LUBRIFICANTES.,350.04,JOALANDRO COELHO DE SOUSA LTDA
191923,2026,3,COMBUSTÍVEIS E LUBRIFICANTES.,200.0,L DA COSTA VELOSO NETO
191923,2026,3,COMBUSTÍVEIS E LUBRIFICANTES.,250.0,MR DE BRITO LTDA
191923,2026,7,COMBUSTÍVEIS E LUBRIFICANTES.,450.07,N C LOPES DOS SANTOS - ME
191923,2026,8,COMBUSTÍVEIS E LUBRIFICANTES.,331.97,NOVO DERIVADO DE PETROLEO LTDA
191923,2026,3,COMBUSTÍVEIS E LUBRIFICANTES.,300.0,PETROLEO COMBUSTIVEL III LTDA
191923,2026,3,COMBUSTÍVEIS E LUBRIFICANTES.,340.01,PETROLEO COMBUSTIVEL III LTDA
191923,2026,3,COMBUSTÍVEIS E LUBRIFICANTES.,500.03,PETROLEO COMBUSTIVEL III LTDA
191923,2026,3,COMBUSTÍVEIS E LUBRIFICANTES.,250.0,PETROLEO COMBUSTIVEL III LTDA
191923,2026,3,COMBUSTÍVEIS E LUBRIFICANTES.,400.03,PETROLEO COMBUSTIVEL III LTDA
191923,2026,3,COMBUSTÍVEIS E LUBRIFICANTES.,200.0,PETROLEO COMBUSTIVEL III LTDA
191923,2026,4,COMBUSTÍVEIS E LUBRIFICANTES.,400.03,PETROLEO COMBUSTIVEL III LTDA
191923,2026,4,COMBUSTÍVEIS E LUBRIFICANTES.,300.0,PETROLEO COMBUSTIVEL III LTDA
191923,2026,4,COMBUSTÍVEIS E LUBRIFICANTES.,300.06,PETROLEO COMBUSTIVEL III LTDA
191923,2026,4,COMBUSTÍVEIS E LUBRIFICANTES.,380.04,PETROLEO COMBUSTIVEL III LTDA
191923,2026,5,COMBUSTÍVEIS E LUBRIFICANTES.,320.06,PETROLEO COMBUSTIVEL III LTDA
191923,2026,6,COMBUSTÍVEIS E LUBRIFICANTES.,140.04,PETROLEO COMBUSTIVEL III LTDA
191923,2026,6,COMBUSTÍVEIS E LUBRIFICANTES.,200.0,PETROLEO COMBUSTIVEL III LTDA
191923,2026,6,COMBUSTÍVEIS E LUBRIFICANTES.,260.03,PETROLEO COMBUSTIVEL III LTDA
191923,2026,7,COMBUSTÍVEIS E LUBRIFICANTES.,300.06,PETROLEO COMBUSTIVEL III LTDA
191923,2026,7,COMBUSTÍVEIS E LUBRIFICANTES.,210.02,PETROLEO COMBUSTIVEL III LTDA
191923,2026,7,COMBUSTÍVEIS E LUBRIFICANTES.,205.07,PETROLEO COMBUSTIVEL III LTDA
191923,2026,9,COMBUSTÍVEIS E LUBRIFICANTES.,312.39,PETROLEO COMBUSTIVEL III LTDA
191923,2026,3,COMBUSTÍVEIS E LUBRIFICANTES.,140.01,PETROLEO COMBUSTIVEL III LTDA
191923,2026,2,COMBUSTÍVEIS E LUBRIFICANTES.,329.0,PETROLEO COMBUSTIVEL III LTDA
191923,2026,2,COMBUSTÍVEIS E LUBRIFICANTES.,300.0,PETROLEO COMBUSTIVEL III LTDA
191923,2026,2,COMBUSTÍVEIS E LUBRIFICANTES.,200.0,PETROLEO COMBUSTIVEL III LTDA
191923,2026,4,COMBUSTÍVEIS E LUBRIFICANTES.,350.0,PETROLEO COMBUSTIVEL III LTDA
191923,2026,6,COMBUSTÍVEIS E LUBRIFICANTES.,322.13,PETROLEO COMBUSTIVEL III LTDA
191923,2026,6,COMBUSTÍVEIS E LUBRIFICANTES.,340.01,PETROLEO COMBUSTIVEL III LTDA
191923,2026,5,COMBUSTÍVEIS E LUBRIFICANTES.,350.01,PETROLEO COMBUSTIVEL III LTDA
191923,2026,5,COMBUSTÍVEIS E LUBRIFICANTES.,249.94,PETROLEO COMBUSTIVEL III LTDA
191923,2026,7,COMBUSTÍVEIS E LUBRIFICANTES.,283.29,PETROLEO COMBUSTIVEL III LTDA
191923,2026,7,COMBUSTÍVEIS E LUBRIFICANTES.,300.35,PETROLEO COMBUSTIVEL III LTDA
191923,2026,5,COMBUSTÍVEIS E LUBRIFICANTES.,300.0,PETROLEO COMBUSTIVEL III LTDA
191923,2026,7,COMBUSTÍVEIS E LUBRIFICANTES.,278.99,PETROLEO COMBUSTIVEL III LTDA
191923,2026,8,COMBUSTÍVEIS E LUBRIFICANTES.,198.07,PETROLEO COMBUSTIVEL III LTDA
191923,2026,8,COMBUSTÍVEIS E LUBRIFICANTES.,140.92,PETROLEO COMBUSTIVEL III LTDA
191923,2026,8,COMBUSTÍVEIS E LUBRIFICANTES.,470.06,PETROLEO COMBUSTIVEL III LTDA
191923,2026,7,COMBUSTÍVEIS E LUBRIFICANTES.,313.54,PETROLEO COMBUSTIVEL III LTDA
191923,2026,6,COMBUSTÍVEIS E LUBRIFICANTES.,380.03,PETROLEO COMBUSTIVEL III LTDA
191923,2026,8,COMBUSTÍVEIS E LUBRIFICANTES.,330.04,PETROLEO COMBUSTIVEL III LTDA
191923,2026,8,COMBUSTÍVEIS E LUBRIFICANTES.,306.15,PETROLEO COMBUSTIVEL III LTDA
191923,2026,8,COMBUSTÍVEIS E LUBRIFICANTES.,378.32,PETROLEO COMBUSTIVEL III LTDA
191923,2026,9,COMBUSTÍVEIS E LUBRIFICANTES.,385.84,PETROLEO COMBUSTIVEL III LTDA
191923,2026,9,COMBUSTÍVEIS E LUBRIFICANTES.,515.94,PETROLEO COMBUSTIVEL III LTDA
191923,2026,9,COMBUSTÍVEIS E LUBRIFICANTES.,447.66,PETROLEO COMBUSTIVEL III LTDA
191923,2026,9,COMBUSTÍVEIS E LUBRIFICANTES.,306.0,PETROLEO COMBUSTIVEL III LTDA
191923,2026,7,COMBUSTÍVEIS E LUBRIFICANTES.,125.1,PETROLEO COMBUSTIVEL III LTDA
191923,2026,9,COMBUSTÍVEIS E LUBRIFICANTES.,329.61,PETROLEO COMBUSTIVEL III LTDA
191923,2026,7,COMBUSTÍVEIS E LUBRIFICANTES.,280.01,PETROLEO COMBUSTIVEL III LTDA
191923,2026,8,COMBUSTÍVEIS E LUBRIFICANTES.,375.06,PETROLEO COMBUSTIVEL III LTDA
191923,2026,5,COMBUSTÍVEIS E LUBRIFICANTES.,380.07,POSTO ALTOS II LTDA
191923,2026,5,COMBUSTÍVEIS E LUBRIFICANTES.,300.0,POSTO ALTOS LTDA
191923,2026,8,COMBUSTÍVEIS E LUBRIFICANTES.,310.01,POSTO BAZILAO LTDA
191923,2026,2,COMBUSTÍVEIS E LUBRIFICANTES.,270.05,POSTO DEZ 3 LTDA
191923,2026,2,COMBUSTÍVEIS E LUBRIFICANTES.,130.0,POSTO DEZ 3 LTDA
191923,2026,2,COMBUSTÍVEIS E LUBRIFICANTES.,245.01,POSTO DEZ 3 LTDA
191923,2026,2,COMBUSTÍVEIS E LUBRIFICANTES.,175.02,POSTO DEZ 3 LTDA
191923,2026,5,COMBUSTÍVEIS E LUBRIFICANTES.,310.09,POSTO DEZ 3 LTDA
191923,2026,5,COMBUSTÍVEIS E LUBRIFICANTES.,400.01,POSTO DEZ 3 LTDA
191923,2026,5,COMBUSTÍVEIS E LUBRIFICANTES.,400.0,POSTO DEZ 3 LTDA
191923,2026,3,COMBUSTÍVEIS E LUBRIFICANTES.,130.05,POSTO KENNEDY LTDA
191923,2026,8,COMBUSTÍVEIS E LUBRIFICANTES.,270.0,POSTO KENNEDY LTDA
191923,2026,8,COMBUSTÍVEIS E LUBRIFICANTES.,401.8,POSTO KENNEDY LTDA
191923,2026,8,COMBUSTÍVEIS E LUBRIFICANTES.,216.93,POSTO KENNEDY LTDA
191923,2026,5,COMBUSTÍVEIS E LUBRIFICANTES.,130.02,POSTO MARTINEZ LTDA
191923,2026,7,COMBUSTÍVEIS E LUBRIFICANTES.,425.41,POSTO MARTINEZ LTDA
191923,2026,8,COMBUSTÍVEIS E LUBRIFICANTES.,394.88,POSTO MARTINEZ LTDA
191923,2026,2,COMBUSTÍVEIS E LUBRIFICANTES.,300.0,POSTO MARTINEZ LTDA
191923,2026,3,COMBUSTÍVEIS E LUBRIFICANTES.,200.0,POSTO MARTINEZ LTDA
191923,2026,3,COMBUSTÍVEIS E LUBRIFICANTES.,300.0,POSTO MARTINEZ LTDA
191923,2026,3,COMBUSTÍVEIS E LUBRIFICANTES.,300.0,POSTO MARTINEZ LTDA
191923,2026,3,COMBUSTÍVEIS E LUBRIFICANTES.,200.02,POSTO MARTINEZ LTDA
191923,2026,3,COMBUSTÍVEIS E LUBRIFICANTES.,305.06,POSTO MARTINEZ LTDA
191923,2026,4,COMBUSTÍVEIS E LUBRIFICANTES.,400.02,POSTO MARTINEZ LTDA
191923,2026,4,COMBUSTÍVEIS E LUBRIFICANTES.,300.0,POSTO MARTINEZ LTDA
191923,2026,4,COMBUSTÍVEIS E LUBRIFICANTES.,480.26,POSTO MARTINEZ LTDA
191923,2026,5,COMBUSTÍVEIS E LUBRIFICANTES.,350.08,POSTO MARTINEZ LTDA
191923,2026,5,COMBUSTÍVEIS E LUBRIFICANTES.,400.0,POSTO MARTINEZ LTDA
191923,2026,5,COMBUSTÍVEIS E LUBRIFICANTES.,200.0,POSTO MARTINEZ LTDA
191923,2026,6,COMBUSTÍVEIS E LUBRIFICANTES.,340.03,POSTO MARTINEZ LTDA
191923,2026,6,COMBUSTÍVEIS E LUBRIFICANTES.,200.0,POSTO MARTINEZ LTDA
191923,2026,7,COMBUSTÍVEIS E LUBRIFICANTES.,400.02,POSTO MARTINEZ LTDA
191923,2026,7,COMBUSTÍVEIS E LUBRIFICANTES.,350.0,POSTO MARTINEZ LTDA
191923,2026,7,COMBUSTÍVEIS E LUBRIFICANTES.,200.05,POSTO MARTINEZ LTDA
191923,2026,7,COMBUSTÍVEIS E LUBRIFICANTES.,200.0,POSTO MARTINEZ LTDA
191923,2026,8,COMBUSTÍVEIS E LUBRIFICANTES.,384.05,POSTO MARTINEZ LTDA
191923,2026,8,COMBUSTÍVEIS E LUBRIFICANTES.,440.02,POSTO MARTINEZ LTDA
191923,2026,8,COMBUSTÍVEIS E LUBRIFICANTES.,390.11,POSTO MARTINEZ LTDA
191923,2026,8,COMBUSTÍVEIS E LUBRIFICANTES.,250.0,POSTO MARTINEZ LTDA
191923,2026,8,COMBUSTÍVEIS E LUBRIFICANTES.,200.0,POSTO MARTINEZ LTDA
191923,2026,6,COMBUSTÍVEIS E LUBRIFICANTES.,300.07,POSTO MARTINEZ LTDA
191923,2026,6,COMBUSTÍVEIS E LUBRIFICANTES.,310.04,POSTO MARTINEZ LTDA
191923,2026,6,COMBUSTÍVEIS E LUBRIFICANTES.,400.0,POSTO MARTINEZ LTDA
191923,2026,8,COMBUSTÍVEIS E LUBRIFICANTES.,320.06,POSTO MARTINEZ LTDA
191923,2026,9,COMBUSTÍVEIS E LUBRIFICANTES.,500.0,POSTO MARTINEZ LTDA
191923,2026,8,COMBUSTÍVEIS E LUBRIFICANTES.,100.05,POSTO MARTINEZ LTDA
191923,2026,8,COMBUSTÍVEIS E LUBRIFICANTES.,185.18,POSTO MARTINEZ LTDA
191923,2026,4,COMBUSTÍVEIS E LUBRIFICANTES.,200.0,POSTO MORRINHOS LTDA ME
191923,2026,5,COMBUSTÍVEIS E LUBRIFICANTES.,110.0,POSTO PARENTAO LTDA
191923,2026,6,COMBUSTÍVEIS E LUBRIFICANTES.,300.0,POSTO PARENTAO LTDA
191923,2026,7,COMBUSTÍVEIS E LUBRIFICANTES.,200.0,POSTO PARENTAO LTDA
191923,2026,6,COMBUSTÍVEIS E LUBRIFICANTES.,400.04,POSTO RAMOS PIRACURUCA LTDA
191923,2026,8,COMBUSTÍVEIS E LUBRIFICANTES.,356.0,POSTO RAMOS PIRACURUCA LTDA
191923,2026,7,COMBUSTÍVEIS E LUBRIFICANTES.,340.04,POSTO SANTA ISABEL LTDA
191923,2026,7,COMBUSTÍVEIS E LUBRIFICANTES.,300.05,POSTO SANTA ISABEL LTDA
191923,2026,4,COMBUSTÍVEIS E LUBRIFICANTES.,340.05,POSTO SANTA ISABEL LTDA
191923,2026,4,COMBUSTÍVEIS E LUBRIFICANTES.,350.02,POSTO SANTA ISABEL LTDA
191923,2026,8,COMBUSTÍVEIS E LUBRIFICANTES.,280.02,POSTO SANTA ISABEL LTDA
191923,2026,9,COMBUSTÍVEIS E LUBRIFICANTES.,460.33,POSTO SANTA LUCIA LTDA.
191923,2026,5,COMBUSTÍVEIS E LUBRIFICANTES.,360.05,POSTO SANTA LUCIA LTDA.
191923,2026,9,COMBUSTÍVEIS E LUBRIFICANTES.,376.24,POSTO SANTA LUCIA LTDA.
191923,2026,5,COMBUSTÍVEIS E LUBRIFICANTES.,70.0,POSTO SUL COMERCIO DE COMBUSTIVEIS E LUBRIFICANTES LTDA
191923,2026,5,COMBUSTÍVEIS E LUBRIFICANTES.,130.02,POSTO SUL COMERCIO DE COMBUSTIVEIS E LUBRIFICANTES LTDA
191923,2026,5,COMBUSTÍVEIS E LUBRIFICANTES.,300.06,POSTO SUL COMERCIO DE COMBUSTIVEIS E LUBRIFICANTES LTDA
191923,2026,5,COMBUSTÍVEIS E LUBRIFICANTES.,100.0,POSTO SUL COMERCIO DE COMBUSTIVEIS E LUBRIFICANTES LTDA
191923,2026,5,COMBUSTÍVEIS E LUBRIFICANTES.,200.0,POSTO SUL COMERCIO DE COMBUSTIVEIS E LUBRIFICANTES LTDA
191923,2026,5,COMBUSTÍVEIS E LUBRIFICANTES.,250.0,POSTO SUL COMERCIO DE COMBUSTIVEIS E LUBRIFICANTES LTDA
191923,2026,5,COMBUSTÍVEIS E LUBRIFICANTES.,250.0,POSTO SUL COMERCIO DE COMBUSTIVEIS E LUBRIFICANTES LTDA
191923,2026,6,COMBUSTÍVEIS E LUBRIFICANTES.,300.0,POSTO SUL COMERCIO DE COMBUSTIVEIS E LUBRIFICANTES LTDA
191923,2026,6,COMBUSTÍVEIS E LUBRIFICANTES.,250.0,POSTO SUL COMERCIO DE COMBUSTIVEIS E LUBRIFICANTES LTDA
191923,2026,8,COMBUSTÍVEIS E LUBRIFICANTES.,300.0,POSTO SUL COMERCIO DE COMBUSTIVEIS E LUBRIFICANTES LTDA
191923,2026,9,COMBUSTÍVEIS E LUBRIFICANTES.,254.29,POSTO SUL COMERCIO DE COMBUSTIVEIS E LUBRIFICANTES LTDA
191923,2026,6,COMBUSTÍVEIS E LUBRIFICANTES.,150.0,S P MAGALHAES EMPREENDIMENTOS LTDA
191923,2026,7,COMBUSTÍVEIS E LUBRIFICANTES.,200.0,S P MAGALHAES EMPREENDIMENTOS LTDA
191923,2026,5,COMBUSTÍVEIS E LUBRIFICANTES.,120.0,V MACHADO E CIA LTDA
191923,2026,1,DIVULGAÇÃO DA ATIVIDADE PARLAMENTAR.,18000.0,BLITZ PRODUÇOES DE EVENTOS LTDA
191923,2026,2,DIVULGAÇÃO DA ATIVIDADE PARLAMENTAR.,18000.0,BLITZ PRODUÇOES DE EVENTOS LTDA
191923,2026,3,DIVULGAÇÃO DA ATIVIDADE PARLAMENTAR.,18000.0,BLITZ PRODUÇOES DE EVENTOS LTDA
191923,2026,4,DIVULGAÇÃO DA ATIVIDADE PARLAMENTAR.,18000.0,BLITZ PRODUÇOES DE EVENTOS LTDA
191923,2026,5,DIVULGAÇÃO DA ATIVIDADE PARLAMENTAR.,36000.0,BLITZ PRODUÇOES DE EVENTOS LTDA
191923,2026,1,SERVIÇO DE SEGURANÇA PRESTADO POR EMPRESA ESPECIALIZADA.,8700.0,BRASAO VIGILANCIA E SEGURANCA LTDA
191923,2026,2,SERVIÇO DE SEGURANÇA PRESTADO POR EMPRESA ESPECIALIZADA.,8700.0,BRASAO VIGILANCIA E SEGURANCA LTDA
191923,2026,3,SERVIÇO DE SEGURANÇA PRESTADO POR EMPRESA ESPECIALIZADA.,8700.0,BRASAO VIGILANCIA E SEGURANCA LTDA
191923,2026,4,SERVIÇO DE SEGURANÇA PRESTADO POR EMPRESA ESPECIALIZADA.,8700.0,BRASAO VIGILANCIA E SEGURANCA LTDA
191923,2026,5,SERVIÇO DE SEGURANÇA PRESTADO POR EMPRESA ESPECIALIZADA.,8700.0,BRASAO VIGILANCIA E SEGURANCA LTDA
191923,2026,6,SERVIÇO DE SEGURANÇA PRESTADO POR EMPRESA ESPECIALIZADA.,8700.0,BRASAO VIGILANCIA E SEGURANCA LTDA
191923,2026,7,SERVIÇO DE SEGURANÇA PRESTADO POR EMPRESA ESPECIALIZADA.,8700.0,BRASAO VIGILANCIA E SEGURANCA LTDA
191923,2026,8,SERVIÇO DE SEGURANÇA PRESTADO POR EMPRESA ESPECIALIZADA.,8700.0,BRASAO VIGILANCIA E SEGURANCA LTDA
191923,2026,3,TELEFONIA,392.74,TELEFÕNICA BRASIL S.A VIVO
191923,2026,6,TELEFONIA,412.74,TELEFONICA BRASIL S.A.
191923,2026,7,TELEFONIA,412.74,TELEFONICA BRASIL S.A.
191923,2026,8,TELEFONIA,412.74,TELEFONICA BRASIL S.A.
191923,2026,2,TELEFONIA,392.74,Telefônica Brasil S.A. VIVO
191923,2026,1,TELEFONIA,332.27,Telefônica Brasil S/A
191923,2026,4,TELEFONIA,412.74,Telefônica Brasil S/A
191923,2026,5,TELEFONIA,412.74,Telefônica Brasil S/A
191923,2026,4,FORNECIMENTO DE ALIMENTAÇÃO DO PARLAMENTAR,107.49,SERVICO NACIONAL DE APREND. COMERCIAL
191923,2026,5,FORNECIMENTO DE ALIMENTAÇÃO DO PARLAMENTAR,107.28,SERVICO NACIONAL DE APREND. COMERCIAL
191923,2026,5,FORNECIMENTO DE ALIMENTAÇÃO DO PARLAMENTAR,49.64,SERVICO NACIONAL DE APREND. COMERCIAL
191923,2026,5,FORNECIMENTO DE ALIMENTAÇÃO DO PARLAMENTAR,80.0,U SOUSA DA COSTA EIRELI
191923,2026,4,"HOSPEDAGEM ,EXCETO DO PARLAMENTAR NO DISTRITO FEDERAL.",750.0,ENTRE RIOS HOTEL
191923,2026,5,"HOSPEDAGEM ,EXCETO DO PARLAMENTAR NO DISTRITO FEDERAL.",1500.0,HOTEL MARIA DOS SANTOS BRITO
191923,2026,7,"HOSPEDAGEM ,EXCETO DO PARLAMENTAR NO DISTRITO FEDERAL.",1020.0,HOTEL RIO PARNAIBA LTDA
191923,2026,6,"HOSPEDAGEM ,EXCETO DO PARLAMENTAR NO DISTRITO FEDERAL.",582.0,MARIA DOS SANTOS BRITO & CIA LTDA
191923,2026,8,"HOSPEDAGEM ,EXCETO DO PARLAMENTAR NO DISTRITO FEDERAL.",1602.45,MUNIZ DE CARVALHO & FILHOS LTDA
191923,2026,5,"HOSPEDAGEM ,EXCETO DO PARLAMENTAR NO DISTRITO FEDERAL.",755.0,PICOS HOTEL
191923,2026,6,"HOSPEDAGEM ,EXCETO DO PARLAMENTAR NO DISTRITO FEDERAL.",501.0,PICOS HOTEL
191923,2026,6,"HOSPEDAGEM ,EXCETO DO PARLAMENTAR NO DISTRITO FEDERAL.",801.8,PICOS HOTEL
191923,2026,3,LOCAÇÃO OU FRETAMENTO DE VEÍCULOS AUTOMOTORES,6470.0,mirante locadora limitada
191923,2026,4,LOCAÇÃO OU FRETAMENTO DE VEÍCULOS AUTOMOTORES,6470.0,mirante locadora limitada
191923,2026,5,LOCAÇÃO OU FRETAMENTO DE VEÍCULOS AUTOMOTORES,6470.0,mirante locadora limitada
191923,2026,7,LOCAÇÃO OU FRETAMENTO DE VEÍCULOS AUTOMOTORES,6470.0,MIRANTE LOCADORA LTDA
191923,2026,8,LOCAÇÃO OU FRETAMENTO DE VEÍCULOS AUTOMOTORES,6470.0,MIRANTE LOCADORA LTDA
191923,2026,6,LOCAÇÃO OU FRETAMENTO DE VEÍCULOS AUTOMOTORES,6470.0,MIRANTE LOCADORA LTDA
191923,2026,1,LOCAÇÃO OU FRETAMENTO DE VEÍCULOS AUTOMOTORES,12500.0,VIP PRIME CORRETORES DE SEGUROS LTDA
191923,2026,2,LOCAÇÃO OU FRETAMENTO DE VEÍCULOS AUTOMOTORES,12500.0,VIP PRIME CORRETORES DE SEGUROS LTDA
191923,2026,3,LOCAÇÃO OU FRETAMENTO DE VEÍCULOS AUTOMOTORES,12500.0,VIP PRIME CORRETORES DE SEGUROS LTDA
191923,2026,4,LOCAÇÃO OU FRETAMENTO DE VEÍCULOS AUTOMOTORES,12500.0,VIP PRIME CORRETORES DE SEGUROS LTDA
191923,2026,5,LOCAÇÃO OU FRETAMENTO DE VEÍCULOS AUTOMOTORES,12500.0,VIP PRIME CORRETORES DE SEGUROS LTDA
191923,2026,6,LOCAÇÃO OU FRETAMENTO DE VEÍCULOS AUTOMOTORES,12500.0,VIP PRIME CORRETORES DE SEGUROS LTDA
191923,2026,7,LOCAÇÃO OU FRETAMENTO DE VEÍCULOS AUTOMOTORES,12500.0,VIP PRIME CORRETORES DE SEGUROS LTDA
191923,2026,8,LOCAÇÃO OU FRETAMENTO DE VEÍCULOS AUTOMOTORES,12500.0,VIP PRIME CORRETORES DE SEGUROS LTDA
191923,2026,1,PASSAGEM AÉREA - SIGEPA,2186.27,Gol Linhas Aéreas
191923,2026,3,PASSAGEM AÉREA - SIGEPA,-678.89,Gol Linhas Aéreas
191923,2026,1,PASSAGEM AÉREA - SIGEPA,-1552.97,LATAM Airlines Brasil
191923,2026,1,PASSAGEM AÉREA - SIGEPA,1552.97,LATAM Airlines Brasil
191923,2026,1,PASSAGEM AÉREA - SIGEPA,-2699.2,LATAM Airlines Brasil
191923,2026,1,PASSAGEM AÉREA - SIGEPA,2699.2,LATAM Airlines Brasil
191923,2026,2,PASSAGEM AÉREA - SIGEPA,2400.4,LATAM Airlines Brasil
191923,2026,2,PASSAGEM AÉREA - SIGEPA,-1906.0,LATAM Airlines Brasil
191923,2026,2,PASSAGEM AÉREA - SIGEPA,1906.0,LATAM Airlines Brasil
191923,2026,2,PASSAGEM AÉREA - SIGEPA,-1406.88,LATAM Airlines Brasil
191923,2026,2,PASSAGEM AÉREA - SIGEPA,1406.88,LATAM Airlines Brasil
191923,2026,3,PASSAGEM AÉREA - SIGEPA,-1805.29,LATAM Airlines Brasil
191923,2026,3,PASSAGEM AÉREA - SIGEPA,1805.29,LATAM Airlines Brasil
191923,2026,3,PASSAGEM AÉREA - SIGEPA,1396.93,LATAM Airlines Brasil
191923,2026,3,PASSAGEM AÉREA - SIGEPA,-1176.98,LATAM Airlines Brasil
191923,2026,3,PASSAGEM AÉREA - SIGEPA,1176.98,LATAM Airlines Brasil
191923,2026,3,PASSAGEM AÉREA - SIGEPA,-1636.34,LATAM Airlines Brasil
191923,2026,3,PASSAGEM AÉREA - SIGEPA,1636.34,LATAM Airlines Brasil
191923,2026,3,PASSAGEM AÉREA - SIGEPA,-2015.65,LATAM Airlines Brasil
191923,2026,3,PASSAGEM AÉREA - SIGEPA,2015.65,LATAM Airlines Brasil
191923,2026,4,PASSAGEM AÉREA - SIGEPA,-2884.18,LATAM Airlines Brasil
191923,2026,4,PASSAGEM AÉREA - SIGEPA,2884.18,LATAM Airlines Brasil
191923,2026,5,PASSAGEM AÉREA - SIGEPA,-2828.57,LATAM Airlines Brasil
191923,2026,5,PASSAGEM AÉREA - SIGEPA,-2083.71,LATAM Airlines Brasil
191923,2026,5,PASSAGEM AÉREA - SIGEPA,-1875.32,LATAM Airlines Brasil
191923,2026,5,PASSAGEM AÉREA - SIGEPA,-1857.47,LATAM Airlines Brasil
191923,2026,5,PASSAGEM AÉREA - SIGEPA,-1178.18,LATAM Airlines Brasil
191923,2026,5,PASSAGEM AÉREA - SIGEPA,-2438.12,LATAM Airlines Brasil
191923,2026,5,PASSAGEM AÉREA - SIGEPA,2438.12,LATAM Airlines Brasil
191923,2026,5,PASSAGEM AÉREA - SIGEPA,-1979.48,LATAM Airlines Brasil
191923,2026,5,PASSAGEM AÉREA - SIGEPA,1979.48,LATAM Airlines Brasil
191923,2026,5,PASSAGEM AÉREA - SIGEPA,-1961.7,LATAM Airlines Brasil
191923,2026,5,PASSAGEM AÉREA - SIGEPA,1961.7,LATAM Airlines Brasil
191923,2026,5,PASSAGEM AÉREA - SIGEPA,-1937.98,LATAM Airlines Brasil
191923,2026,5,PASSAGEM AÉREA - SIGEPA,1937.98,LATAM Airlines Brasil
191923,2026,5,PASSAGEM AÉREA - SIGEPA,-1918.31,LATAM Airlines Brasil
191923,2026,5,PASSAGEM AÉREA - SIGEPA,1918.31,LATAM Airlines Brasil
191923,2026,6,PASSAGEM AÉREA - SIGEPA,1296.39,LATAM Airlines Brasil
191923,2026,6,PASSAGEM AÉREA - SIGEPA,-889.69,LATAM Airlines Brasil
191923,2026,6,PASSAGEM AÉREA - SIGEPA,889.69,LATAM Airlines Brasil
191923,2026,6,PASSAGEM AÉREA - SIGEPA,-814.16,LATAM Airlines Brasil
191923,2026,6,PASSAGEM AÉREA - SIGEPA,814.16,LATAM Airlines Brasil
191923,2026,6,PASSAGEM AÉREA - SIGEPA,775.87,LATAM Airlines Brasil
191923,2026,6,PASSAGEM AÉREA - SIGEPA,1237.11,LATAM Airlines Brasil
191923,2026,6,PASSAGEM AÉREA - SIGEPA,2571.97,LATAM Airlines Brasil
191923,2026,6,PASSAGEM AÉREA - SIGEPA,-1862.43,LATAM Airlines Brasil
191923,2026,6,PASSAGEM AÉREA - SIGEPA,566.04,LATAM Airlines Brasil
191923,2026,6,PASSAGEM AÉREA - SIGEPA,-2048.32,LATAM Airlines Brasil
191923,2026,6,PASSAGEM AÉREA - SIGEPA,811.21,LATAM Airlines Brasil
191923,2026,6,PASSAGEM AÉREA - SIGEPA,-2350.14,LATAM Airlines Brasil
191923,2026,6,PASSAGEM AÉREA - SIGEPA,1574.27,LATAM Airlines Brasil
191923,2026,6,PASSAGEM AÉREA - SIGEPA,-2308.21,LATAM Airlines Brasil
191923,2026,6,PASSAGEM AÉREA - SIGEPA,2308.21,LATAM Airlines Brasil
191923,2026,6,PASSAGEM AÉREA - SIGEPA,-2255.79,LATAM Airlines Brasil
191923,2026,6,PASSAGEM AÉREA - SIGEPA,2255.79,LATAM Airlines Brasil
191923,2026,7,PASSAGEM AÉREA - SIGEPA,-2531.17,LATAM Airlines Brasil
191923,2026,7,PASSAGEM AÉREA - SIGEPA,2531.17,LATAM Airlines Brasil
191923,2026,7,PASSAGEM AÉREA - SIGEPA,-2152.96,LATAM Airlines Brasil
191923,2026,7,PASSAGEM AÉREA - SIGEPA,2152.96,LATAM Airlines Brasil
191923,2026,7,PASSAGEM AÉREA - SIGEPA,-1775.3,LATAM Airlines Brasil
191923,2026,7,PASSAGEM AÉREA - SIGEPA,1775.3,LATAM Airlines Brasil
191923,2026,7,PASSAGEM AÉREA - SIGEPA,-1655.15,LATAM Airlines Brasil
191923,2026,7,PASSAGEM AÉREA - SIGEPA,1655.15,LATAM Airlines Brasil
191923,2026,7,PASSAGEM AÉREA - SIGEPA,-1323.43,LATAM Airlines Brasil
191923,2026,7,PASSAGEM AÉREA - SIGEPA,1323.43,LATAM Airlines Brasil
191923,2026,7,PASSAGEM AÉREA - SIGEPA,-2420.21,LATAM Airlines Brasil
191923,2026,7,PASSAGEM AÉREA - SIGEPA,2420.21,LATAM Airlines Brasil
220700,2023,11,MANUTENÇÃO DE ESCRITÓRIO DE APOIO À ATIVIDADE PARLAMENTAR,250.96,AGUAS DE TERESINA SAN. SPE SA
220700,2023,2,MANUTENÇÃO DE ESCRITÓRIO DE APOIO À ATIVIDADE PARLAMENTAR,223.54,AGUAS DE TERESINA SAN. SPE SA
220700,2023,3,MANUTENÇÃO DE ESCRITÓRIO DE APOIO À ATIVIDADE PARLAMENTAR,223.54,AGUAS DE TERESINA SAN. SPE SA
220700,2023,7,MANUTENÇÃO DE ESCRITÓRIO DE APOIO À ATIVIDADE PARLAMENTAR,236.78,AGUAS DE TERESINA SAN. SPE SA
220700,2023,8,MANUTENÇÃO DE ESCRITÓRIO DE APOIO À ATIVIDADE PARLAMENTAR,250.96,AGUAS DE TERESINA SAN. SPE SA
220700,2023,10,MANUTENÇÃO DE ESCRITÓRIO DE APOIO À ATIVIDADE PARLAMENTAR,250.96,AGUAS DE TERESINA SAN. SPE SA
220700,2023,4,MANUTENÇÃO DE ESCRITÓRIO DE APOIO À ATIVIDADE PARLAMENTAR,771.26,Companhia Energética do Piauí
220700,2023,5,MANUTENÇÃO DE ESCRITÓRIO DE APOIO À ATIVIDADE PARLAMENTAR,109.08,Companhia Energética do Piauí
220700,2023,6,MANUTENÇÃO DE ESCRITÓRIO DE APOIO À ATIVIDADE PARLAMENTAR,1090.64,Companhia Energética do Piauí
220700,2023,7,MANUTENÇÃO DE ESCRITÓRIO DE APOIO À ATIVIDADE PARLAMENTAR,927.13,Companhia Energética do Piauí
220700,2023,8,MANUTENÇÃO DE ESCRITÓRIO DE APOIO À ATIVIDADE PARLAMENTAR,1102.16,Companhia Energética do Piauí
220700,2023,10,MANUTENÇÃO DE ESCRITÓRIO DE APOIO À ATIVIDADE PARLAMENTAR,495.08,Companhia Energética do Piauí
220700,2023,11,MANUTENÇÃO DE ESCRITÓRIO DE APOIO À ATIVIDADE PARLAMENTAR,789.3,Companhia Energética do Piauí
220700,2023,3,MANUTENÇÃO DE ESCRITÓRIO DE APOIO À ATIVIDADE PARLAMENTAR,276.0,EDVALDO FRANCISCO DE OLIVEIRA 49191160120
220700,2023,5,MANUTENÇÃO DE ESCRITÓRIO DE APOIO À ATIVIDADE PARLAMENTAR,149.5,EDVALDO FRANCISCO DE OLIVEIRA 49191160120
220700,2023,9,MANUTENÇÃO DE ESCRITÓRIO DE APOIO À ATIVIDADE PARLAMENTAR,450.3,EDVALDO FRANCISCO DE OLIVEIRA 49191160120
220700,2023,5,MANUTENÇÃO DE ESCRITÓRIO DE APOIO À ATIVIDADE PARLAMENTAR,1090.0,NEVES & FERREIRA TECNOLOGIA LTDA
220700,2023,3,MANUTENÇÃO DE ESCRITÓRIO DE APOIO À ATIVIDADE PARLAMENTAR,1090.0,NEVES E FERREIRA TECNOLOGIA LTDA
220700,2023,4,MANUTENÇÃO DE ESCRITÓRIO DE APOIO À ATIVIDADE PARLAMENTAR,1090.0,NEVES E FERREIRA TECNOLOGIA LTDA
220700,2023,4,MANUTENÇÃO DE ESCRITÓRIO DE APOIO À ATIVIDADE PARLAMENTAR,3756.56,ROCHA FILHO
220700,2023,6,MANUTENÇÃO DE ESCRITÓRIO DE APOIO À ATIVIDADE PARLAMENTAR,3756.56,ROCHA FILHO
220700,2023,3,MANUTENÇÃO DE ESCRITÓRIO DE APOIO À ATIVIDADE PARLAMENTAR,3966.8,ROCHA FILHO
220700,2023,5,MANUTENÇÃO DE ESCRITÓRIO DE APOIO À ATIVIDADE PARLAMENTAR,3756.56,ROCHA FILHO
220700,2023,7,MANUTENÇÃO DE ESCRITÓRIO DE APOIO À ATIVIDADE PARLAMENTAR,3756.56,ROCHA FILHO
220700,2023,8,MANUTENÇÃO DE ESCRITÓRIO DE APOIO À ATIVIDADE PARLAMENTAR,3756.56,ROCHA FILHO
220700,2023,10,MANUTENÇÃO DE ESCRITÓRIO DE APOIO À ATIVIDADE PARLAMENTAR,3799.36,ROCHA FILHO
220700,2023,2,MANUTENÇÃO DE ESCRITÓRIO DE APOIO À ATIVIDADE PARLAMENTAR,3578.4,ROCHA FILHO
220700,2023,11,MANUTENÇÃO DE ESCRITÓRIO DE APOIO À ATIVIDADE PARLAMENTAR,3799.36,ROCHA FILHO
220700,2023,12,MANUTENÇÃO DE ESCRITÓRIO DE APOIO À ATIVIDADE PARLAMENTAR,3799.36,ROCHA FILHO
220700,2023,9,DIVULGAÇÃO DA ATIVIDADE PARLAMENTAR.,2200.0,ARENA DIGITAL TECNOLOGIA DA INFORMACAO LTDA
220700,2023,8,DIVULGAÇÃO DA ATIVIDADE PARLAMENTAR.,2200.0,ARENA DIGITAL TECNOLOGIA DA INFORMACAO LTDA
220700,2023,10,DIVULGAÇÃO DA ATIVIDADE PARLAMENTAR.,2200.0,ARENA DIGITAL TECNOLOGIA DA INFORMACAO LTDA
220700,2023,12,DIVULGAÇÃO DA ATIVIDADE PARLAMENTAR.,2200.0,ARENA DIGITAL TECNOLOGIA DA INFORMACAO LTDA
220700,2023,5,DIVULGAÇÃO DA ATIVIDADE PARLAMENTAR.,2000.0,CARLOS MOREIRA CONEGUNDES 489.909.226-15
220700,2023,9,DIVULGAÇÃO DA ATIVIDADE PARLAMENTAR.,7000.0,HJ ENTRETENIMENTO E COMUNICAÇÃO LTDA
220700,2023,10,DIVULGAÇÃO DA ATIVIDADE PARLAMENTAR.,7000.0,HJ ENTRETENIMENTO E COMUNICAÇÃO LTDA
220700,2023,11,DIVULGAÇÃO DA ATIVIDADE PARLAMENTAR.,7000.0,HJ ENTRETENIMENTO E COMUNICAÇÃO LTDA
220700,2023,12,DIVULGAÇÃO DA ATIVIDADE PARLAMENTAR.,7000.0,HJ ENTRETENIMENTO E COMUNICAÇÃO LTDA
220700,2023,4,DIVULGAÇÃO DA ATIVIDADE PARLAMENTAR.,1000.0,LUZIA P. DA COSTA
220700,2023,3,DIVULGAÇÃO DA ATIVIDADE PARLAMENTAR.,11800.0,TABITA FERREIRA MARINHO PRODUÇÕES E COMUNICAÇÃO EIRELI
220700,2023,4,DIVULGAÇÃO DA ATIVIDADE PARLAMENTAR.,11800.0,TABITA FERREIRA MARINHO PRODUÇÕES E COMUNICAÇÃO EIRELI
220700,2023,6,DIVULGAÇÃO DA ATIVIDADE PARLAMENTAR.,11800.0,TABITA FERREIRA MARINHO PRODUÇÕES E COMUNICAÇÃO EIRELI
220700,2023,7,DIVULGAÇÃO DA ATIVIDADE PARLAMENTAR.,11800.0,TABITA FERREIRA MARINHO PRODUÇÕES E COMUNICAÇÃO EIRELI
220700,2023,8,DIVULGAÇÃO DA ATIVIDADE PARLAMENTAR.,11800.0,TABITA FERREIRA MARINHO PRODUÇÕES E COMUNICAÇÃO EIRELI
220700,2023,9,DIVULGAÇÃO DA ATIVIDADE PARLAMENTAR.,11800.0,TABITA FERREIRA MARINHO PRODUÇÕES E COMUNICAÇÃO EIRELI
220700,2023,10,DIVULGAÇÃO DA ATIVIDADE PARLAMENTAR.,11800.0,TABITA FERREIRA MARINHO PRODUÇÕES E COMUNICAÇÃO EIRELI
220700,2023,11,DIVULGAÇÃO DA ATIVIDADE PARLAMENTAR.,11800.0,TABITA FERREIRA MARINHO PRODUÇÕES E COMUNICAÇÃO EIRELI
220700,2023,12,DIVULGAÇÃO DA ATIVIDADE PARLAMENTAR.,11800.0,TABITA FERREIRA MARINHO PRODUÇÕES E COMUNICAÇÃO EIRELI
220700,2023,2,DIVULGAÇÃO DA ATIVIDADE PARLAMENTAR.,11000.0,TABITA FERREIRA MARINHO PRODUCOES E COMUNICACAO LTDA
220700,2023,5,DIVULGAÇÃO DA ATIVIDADE PARLAMENTAR.,11800.0,TABITA MARINHO PRODUCOES E COMUNICACAO LTDA
220700,2023,3,DIVULGAÇÃO DA ATIVIDADE PARLAMENTAR.,1000.0,VISUAL CLIPAGEM
220700,2023,5,DIVULGAÇÃO DA ATIVIDADE PARLAMENTAR.,1000.0,VISUAL CLIPAGEM
220700,2023,6,DIVULGAÇÃO DA ATIVIDADE PARLAMENTAR.,1000.0,VISUAL CLIPAGEM
220700,2023,7,DIVULGAÇÃO DA ATIVIDADE PARLAMENTAR.,1000.0,VISUAL CLIPAGEM
220700,2023,8,DIVULGAÇÃO DA ATIVIDADE PARLAMENTAR.,1000.0,VISUAL CLIPAGEM
220700,2023,9,DIVULGAÇÃO DA ATIVIDADE PARLAMENTAR.,1000.0,VISUAL CLIPAGEM
220700,2023,10,DIVULGAÇÃO DA ATIVIDADE PARLAMENTAR.,1000.0,VISUAL CLIPAGEM
220700,2023,11,DIVULGAÇÃO DA ATIVIDADE PARLAMENTAR.,1000.0,VISUAL CLIPAGEM
220700,2023,12,DIVULGAÇÃO DA ATIVIDADE PARLAMENTAR.,1000.0,VISUAL CLIPAGEM
220700,2023,2,PASSAGEM AÉREA - REEMBOLSO,1050.14,Latam Linhas Aéreas S.A
220700,2023,2,TELEFONIA,208.1,CELULAR FUNCIONAL
220700,2023,3,TELEFONIA,214.58,CELULAR FUNCIONAL
220700,2023,4,TELEFONIA,214.58,CELULAR FUNCIONAL
220700,2023,6,TELEFONIA,50.0,CELULAR FUNCIONAL
220700,2023,5,TELEFONIA,164.58,CELULAR FUNCIONAL
220700,2023,7,TELEFONIA,50.0,CELULAR FUNCIONAL
220700,2023,6,TELEFONIA,164.58,CELULAR FUNCIONAL
220700,2023,7,TELEFONIA,214.58,CELULAR FUNCIONAL
220700,2023,9,TELEFONIA,2.5,CELULAR FUNCIONAL
220700,2023,8,TELEFONIA,222.06,CELULAR FUNCIONAL
220700,2023,9,TELEFONIA,214.58,CELULAR FUNCIONAL
220700,2023,10,TELEFONIA,214.58,CELULAR FUNCIONAL
220700,2023,11,TELEFONIA,214.58,CELULAR FUNCIONAL
220700,2023,12,TELEFONIA,214.58,CELULAR FUNCIONAL
220700,2023,5,LOCAÇÃO OU FRETAMENTO DE AERONAVES,33000.0,CEARA TAXI AEREO LTDA
220700,2023,5,LOCAÇÃO OU FRETAMENTO DE AERONAVES,21000.0,CEARA TAXI AEREO LTDA
220700,2023,5,LOCAÇÃO OU FRETAMENTO DE AERONAVES,17000.0,CEARA TAXI AEREO LTDA
220700,2023,5,LOCAÇÃO OU FRETAMENTO DE AERONAVES,12000.0,CEARA TAXI AEREO LTDA
220700,2023,6,LOCAÇÃO OU FRETAMENTO DE AERONAVES,17680.0,CEARA TAXI AEREO LTDA
220700,2023,9,LOCAÇÃO OU FRETAMENTO DE VEÍCULOS AUTOMOTORES,8913.0,MAZUAD AUTOLOCADORA
220700,2023,10,LOCAÇÃO OU FRETAMENTO DE VEÍCULOS AUTOMOTORES,8913.0,MAZUAD AUTOLOCADORA
220700,2023,11,LOCAÇÃO OU FRETAMENTO DE VEÍCULOS AUTOMOTORES,8913.0,MAZUAD AUTOLOCADORA
220700,2023,12,LOCAÇÃO OU FRETAMENTO DE VEÍCULOS AUTOMOTORES,8913.0,MAZUAD AUTOLOCADORA
220700,2023,4,LOCAÇÃO OU FRETAMENTO DE VEÍCULOS AUTOMOTORES,2407.0,PANTANAL VEÍCULOS LTDA
220700,2023,5,LOCAÇÃO OU FRETAMENTO DE VEÍCULOS AUTOMOTORES,3800.0,PANTANAL VEÍCULOS LTDA
220700,2023,6,LOCAÇÃO OU FRETAMENTO DE VEÍCULOS AUTOMOTORES,3800.0,PANTANAL VEÍCULOS LTDA
220700,2023,7,LOCAÇÃO OU FRETAMENTO DE VEÍCULOS AUTOMOTORES,3800.0,PANTANAL VEÍCULOS LTDA
220700,2023,8,LOCAÇÃO OU FRETAMENTO DE VEÍCULOS AUTOMOTORES,3800.0,PANTANAL VEÍCULOS LTDA
220700,2023,9,LOCAÇÃO OU FRETAMENTO DE VEÍCULOS AUTOMOTORES,3800.0,PANTANAL VEÍCULOS LTDA
220700,2023,10,LOCAÇÃO OU FRETAMENTO DE VEÍCULOS AUTOMOTORES,3800.0,PANTANAL VEÍCULOS LTDA
220700,2023,11,LOCAÇÃO OU FRETAMENTO DE VEÍCULOS AUTOMOTORES,3800.0,PANTANAL VEÍCULOS LTDA
220700,2023,12,LOCAÇÃO OU FRETAMENTO DE VEÍCULOS AUTOMOTORES,3800.0,PANTANAL VEÍCULOS LTDA
220700,2023,3,"SERVIÇO DE TÁXI, PEDÁGIO E ESTACIONAMENTO",480.0,TÁXI LEGAL
220700,2023,3,"SERVIÇO DE TÁXI, PEDÁGIO E ESTACIONAMENTO",297.0,TÁXI LEGAL
220700,2023,3,"SERVIÇO DE TÁXI, PEDÁGIO E ESTACIONAMENTO",325.0,TÁXI LEGAL
220700,2023,3,"SERVIÇO DE TÁXI, PEDÁGIO E ESTACIONAMENTO",371.0,TÁXI LEGAL
220700,2023,3,"SERVIÇO DE TÁXI, PEDÁGIO E ESTACIONAMENTO",489.0,TÁXI LEGAL
220700,2023,3,"SERVIÇO DE TÁXI, PEDÁGIO E ESTACIONAMENTO",158.0,TÁXI LEGAL
220700,2023,3,"SERVIÇO DE TÁXI, PEDÁGIO E ESTACIONAMENTO",580.0,TÁXI LEGAL
220700,2023,11,PASSAGEM AÉREA - SIGEPA,-539.9,AZUL
220700,2023,11,PASSAGEM AÉREA - SIGEPA,2523.36,AZUL
220700,2023,8,PASSAGEM AÉREA - SIGEPA,1588.89,GOL
220700,2023,8,PASSAGEM AÉREA - SIGEPA,1921.28,GOL
220700,2023,9,PASSAGEM AÉREA - SIGEPA,89.46,GOL
220700,2023,9,PASSAGEM AÉREA - SIGEPA,1986.08,GOL
220700,2023,10,PASSAGEM AÉREA - SIGEPA,1955.54,GOL
220700,2023,10,PASSAGEM AÉREA - SIGEPA,1955.54,GOL
220700,2023,11,PASSAGEM AÉREA - SIGEPA,1918.85,GOL
220700,2023,12,PASSAGEM AÉREA - SIGEPA,1208.8,GOL
220700,2023,2,PASSAGEM AÉREA - SIGEPA,1807.88,GOL
220700,2023,2,PASSAGEM AÉREA - SIGEPA,1993.34,GOL
220700,2023,4,PASSAGEM AÉREA - SIGEPA,2019.55,GOL
220700,2023,5,PASSAGEM AÉREA - SIGEPA,1996.94,GOL
220700,2023,5,PASSAGEM AÉREA - SIGEPA,1681.28,GOL
220700,2023,6,PASSAGEM AÉREA - SIGEPA,1753.88,GOL
220700,2023,6,PASSAGEM AÉREA - SIGEPA,791.76,GOL
220700,2023,2,PASSAGEM AÉREA - SIGEPA,1366.37,TAM
220700,2023,2,PASSAGEM AÉREA - SIGEPA,1377.74,TAM
220700,2023,3,PASSAGEM AÉREA - SIGEPA,1366.37,TAM
220700,2023,3,PASSAGEM AÉREA - SIGEPA,1377.74,TAM
220700,2023,3,PASSAGEM AÉREA - SIGEPA,1377.74,TAM
220700,2023,3,PASSAGEM AÉREA - SIGEPA,1366.37,TAM
220700,2023,4,PASSAGEM AÉREA - SIGEPA,1381.34,TAM
220700,2023,4,PASSAGEM AÉREA - SIGEPA,1366.37,TAM
220700,2023,4,PASSAGEM AÉREA - SIGEPA,1381.34,TAM
220700,2023,4,PASSAGEM AÉREA - SIGEPA,1381.34,TAM
220700,2023,4,PASSAGEM AÉREA - SIGEPA,1366.37,TAM
220700,2023,5,PASSAGEM AÉREA - SIGEPA,-1366.37,TAM
220700,2023,5,PASSAGEM AÉREA - SIGEPA,1366.37,TAM
220700,2023,5,PASSAGEM AÉREA - SIGEPA,1366.37,TAM
220700,2023,5,PASSAGEM AÉREA - SIGEPA,1366.37,TAM
220700,2023,5,PASSAGEM AÉREA - SIGEPA,59.0,TAM
220700,2023,5,PASSAGEM AÉREA - SIGEPA,1381.34,TAM
220700,2023,5,PASSAGEM AÉREA - SIGEPA,1366.37,TAM
220700,2023,6,PASSAGEM AÉREA - SIGEPA,1823.34,TAM
220700,2023,7,PASSAGEM AÉREA - SIGEPA,1823.34,TAM
220700,2023,8,PASSAGEM AÉREA - SIGEPA,1808.37,TAM
220700,2023,8,PASSAGEM AÉREA - SIGEPA,1823.34,TAM
220700,2023,8,PASSAGEM AÉREA - SIGEPA,1809.51,TAM
220700,2023,8,PASSAGEM AÉREA - SIGEPA,1381.34,TAM
220700,2023,8,PASSAGEM AÉREA - SIGEPA,1367.51,TAM
220700,2023,8,PASSAGEM AÉREA - SIGEPA,1381.34,TAM
220700,2023,8,PASSAGEM AÉREA - SIGEPA,1367.51,TAM
220700,2023,8,PASSAGEM AÉREA - SIGEPA,1381.34,TAM
220700,2023,8,PASSAGEM AÉREA - SIGEPA,1367.51,TAM
220700,2023,9,PASSAGEM AÉREA - SIGEPA,1367.51,TAM
220700,2023,9,PASSAGEM AÉREA - SIGEPA,1809.51,TAM
220700,2023,10,PASSAGEM AÉREA - SIGEPA,1809.51,TAM
220700,2023,10,PASSAGEM AÉREA - SIGEPA,95.0,TAM
220700,2023,10,PASSAGEM AÉREA - SIGEPA,1367.51,TAM
220700,2023,10,PASSAGEM AÉREA - SIGEPA,1809.51,TAM
220700,2023,10,PASSAGEM AÉREA - SIGEPA,1823.34,TAM
220700,2023,11,PASSAGEM AÉREA - SIGEPA,-1367.51,TAM
220700,2023,11,PASSAGEM AÉREA - SIGEPA,1823.34,TAM
220700,2023,11,PASSAGEM AÉREA - SIGEPA,-1809.51,TAM
220700,2023,11,PASSAGEM AÉREA - SIGEPA,89.0,TAM
220700,2023,11,PASSAGEM AÉREA - SIGEPA,1381.34,TAM
220700,2023,11,PASSAGEM AÉREA - SIGEPA,1367.51,TAM
220700,2023,11,PASSAGEM AÉREA - SIGEPA,1388.93,TAM
220700,2023,11,PASSAGEM AÉREA - SIGEPA,-43.34,TAM
220700,2023,11,PASSAGEM AÉREA - SIGEPA,1381.34,TAM
220700,2023,11,PASSAGEM AÉREA - SIGEPA,1388.93,TAM
220700,2023,11,PASSAGEM AÉREA - SIGEPA,1381.34,TAM
220700,2023,11,PASSAGEM AÉREA - SIGEPA,1388.93,TAM
220700,2023,11,PASSAGEM AÉREA - SIGEPA,-1367.51,TAM
220700,2023,11,PASSAGEM AÉREA - SIGEPA,1809.51,TAM
220700,2023,12,PASSAGEM AÉREA - SIGEPA,1823.34,TAM
220700,2023,12,PASSAGEM AÉREA - SIGEPA,-444.74,TAM
220700,2023,12,PASSAGEM AÉREA - SIGEPA,1381.34,TAM
220700,2023,12,PASSAGEM AÉREA - SIGEPA,-444.74,TAM
220700,2023,12,PASSAGEM AÉREA - SIGEPA,1381.34,TAM
220700,2023,12,PASSAGEM AÉREA - SIGEPA,-444.74,TAM
220700,2023,12,PASSAGEM AÉREA - SIGEPA,95.0,TAM
220700,2023,12,PASSAGEM AÉREA - SIGEPA,1381.34,TAM
220700,2023,12,PASSAGEM AÉREA - SIGEPA,1809.51,TAM
220700,2023,12,PASSAGEM AÉREA - SIGEPA,-266.79,TAM
220700,2023,12,PASSAGEM AÉREA - SIGEPA,-601.96,TAM
220700,2023,12,PASSAGEM AÉREA - SIGEPA,601.96,TAM
220700,2023,12,PASSAGEM AÉREA - SIGEPA,-430.91,TAM
220700,2023,12,PASSAGEM AÉREA - SIGEPA,1367.51,TAM
220700,2023,12,PASSAGEM AÉREA - SIGEPA,1381.34,TAM
220700,2024,8,MANUTENÇÃO DE ESCRITÓRIO DE APOIO À ATIVIDADE PARLAMENTAR,259.68,AGUAS DE TERESINA SAN. SPE SA
220700,2024,4,MANUTENÇÃO DE ESCRITÓRIO DE APOIO À ATIVIDADE PARLAMENTAR,250.96,AGUAS DE TERESINA SAN. SPE SA
220700,2024,5,MANUTENÇÃO DE ESCRITÓRIO DE APOIO À ATIVIDADE PARLAMENTAR,264.62,AGUAS DE TERESINA SAN. SPE SA
220700,2024,6,MANUTENÇÃO DE ESCRITÓRIO DE APOIO À ATIVIDADE PARLAMENTAR,250.96,AGUAS DE TERESINA SAN. SPE SA
220700,2024,7,MANUTENÇÃO DE ESCRITÓRIO DE APOIO À ATIVIDADE PARLAMENTAR,254.74,AGUAS DE TERESINA SAN. SPE SA
220700,2024,11,MANUTENÇÃO DE ESCRITÓRIO DE APOIO À ATIVIDADE PARLAMENTAR,259.68,AGUAS DE TERESINA SAN. SPE SA
220700,2024,10,MANUTENÇÃO DE ESCRITÓRIO DE APOIO À ATIVIDADE PARLAMENTAR,259.68,AGUAS DE TERESINA SAN. SPE SA
220700,2024,2,MANUTENÇÃO DE ESCRITÓRIO DE APOIO À ATIVIDADE PARLAMENTAR,243.27,AGUAS DE TERESINA SAN. SPE SA
220700,2024,1,MANUTENÇÃO DE ESCRITÓRIO DE APOIO À ATIVIDADE PARLAMENTAR,680.18,Companhia Energética do Piauí
220700,2024,2,MANUTENÇÃO DE ESCRITÓRIO DE APOIO À ATIVIDADE PARLAMENTAR,713.91,Companhia Energética do Piauí
220700,2024,3,MANUTENÇÃO DE ESCRITÓRIO DE APOIO À ATIVIDADE PARLAMENTAR,532.07,Companhia Energética do Piauí
220700,2024,4,MANUTENÇÃO DE ESCRITÓRIO DE APOIO À ATIVIDADE PARLAMENTAR,145.64,Companhia Energética do Piauí
220700,2024,5,MANUTENÇÃO DE ESCRITÓRIO DE APOIO À ATIVIDADE PARLAMENTAR,1077.93,Companhia Energética do Piauí
220700,2024,10,MANUTENÇÃO DE ESCRITÓRIO DE APOIO À ATIVIDADE PARLAMENTAR,819.28,Companhia Energética do Piauí
220700,2024,6,MANUTENÇÃO DE ESCRITÓRIO DE APOIO À ATIVIDADE PARLAMENTAR,752.17,Companhia Energética do Piauí
220700,2024,2,MANUTENÇÃO DE ESCRITÓRIO DE APOIO À ATIVIDADE PARLAMENTAR,319.0,EDVALDO FRANCISCO DE OLIVEIRA 49191160120
220700,2024,8,MANUTENÇÃO DE ESCRITÓRIO DE APOIO À ATIVIDADE PARLAMENTAR,520.2,EDVALDO FRANCISCO DE OLIVEIRA 49191160120
220700,2024,1,MANUTENÇÃO DE ESCRITÓRIO DE APOIO À ATIVIDADE PARLAMENTAR,3799.36,ROCHA FILHO
220700,2024,2,MANUTENÇÃO DE ESCRITÓRIO DE APOIO À ATIVIDADE PARLAMENTAR,3799.36,ROCHA FILHO
220700,2024,3,MANUTENÇÃO DE ESCRITÓRIO DE APOIO À ATIVIDADE PARLAMENTAR,4500.0,ROCHA FILHO
220700,2024,4,MANUTENÇÃO DE ESCRITÓRIO DE APOIO À ATIVIDADE PARLAMENTAR,4500.0,ROCHA FILHO
220700,2024,5,MANUTENÇÃO DE ESCRITÓRIO DE APOIO À ATIVIDADE PARLAMENTAR,4200.0,ROCHA FILHO
220700,2024,10,MANUTENÇÃO DE ESCRITÓRIO DE APOIO À ATIVIDADE PARLAMENTAR,4200.0,ROCHA FILHO
220700,2024,11,MANUTENÇÃO DE ESCRITÓRIO DE APOIO À ATIVIDADE PARLAMENTAR,4200.0,ROCHA FILHO
220700,2024,12,MANUTENÇÃO DE ESCRITÓRIO DE APOIO À ATIVIDADE PARLAMENTAR,4200.0,ROCHA FILHO
220700,2024,6,MANUTENÇÃO DE ESCRITÓRIO DE APOIO À ATIVIDADE PARLAMENTAR,4200.0,ROCHA FILHO
220700,2024,7,MANUTENÇÃO DE ESCRITÓRIO DE APOIO À ATIVIDADE PARLAMENTAR,4203.0,ROCHA FILHO
220700,2024,8,MANUTENÇÃO DE ESCRITÓRIO DE APOIO À ATIVIDADE PARLAMENTAR,4200.0,ROCHA FILHO
220700,2024,9,MANUTENÇÃO DE ESCRITÓRIO DE APOIO À ATIVIDADE PARLAMENTAR,4200.0,ROCHA FILHO
220700,2024,11,COMBUSTÍVEIS E LUBRIFICANTES.,80.0,063 - 311 SUL - CASCOL COMBUSTIVEIS PARA VEICULOS LTDA
220700,2024,10,COMBUSTÍVEIS E LUBRIFICANTES.,130.0,AUTO POSTO 302 SUL LTDA
220700,2024,10,COMBUSTÍVEIS E LUBRIFICANTES.,140.0,AUTO POSTO 302 SUL LTDA
220700,2024,11,COMBUSTÍVEIS E LUBRIFICANTES.,141.88,AUTO POSTO 302 SUL LTDA
220700,2024,12,COMBUSTÍVEIS E LUBRIFICANTES.,190.02,AUTO POSTO 302 SUL LTDA
220700,2024,11,COMBUSTÍVEIS E LUBRIFICANTES.,202.67,AUTO POSTO CINCO ESTRELAS LTDA
220700,2024,3,COMBUSTÍVEIS E LUBRIFICANTES.,2120.2,PRIMAVERA COMBUSTIVEIS E SERVICOS DE MECANICA LTDA
220700,2024,4,COMBUSTÍVEIS E LUBRIFICANTES.,3654.81,PRIMAVERA COMBUSTIVEIS E SERVICOS DE MECANICA LTDA
220700,2024,5,COMBUSTÍVEIS E LUBRIFICANTES.,4322.78,PRIMAVERA COMBUSTIVEIS E SERVICOS DE MECANICA LTDA
220700,2024,6,COMBUSTÍVEIS E LUBRIFICANTES.,3207.5,PRIMAVERA COMBUSTIVEIS E SERVICOS DE MECANICA LTDA
220700,2024,1,DIVULGAÇÃO DA ATIVIDADE PARLAMENTAR.,2200.0,ARENA DIGITAL TECNOLOGIA DA INFORMACAO LTDA
220700,2024,2,DIVULGAÇÃO DA ATIVIDADE PARLAMENTAR.,2200.0,ARENA DIGITAL TECNOLOGIA DA INFORMACAO LTDA
220700,2024,3,DIVULGAÇÃO DA ATIVIDADE PARLAMENTAR.,2200.0,ARENA DIGITAL TECNOLOGIA DA INFORMACAO LTDA
220700,2024,10,DIVULGAÇÃO DA ATIVIDADE PARLAMENTAR.,7000.0,HJ ENTRETENIMENTO E COMUNICAÇÃO LTDA
220700,2024,11,DIVULGAÇÃO DA ATIVIDADE PARLAMENTAR.,7000.0,HJ ENTRETENIMENTO E COMUNICAÇÃO LTDA
220700,2024,12,DIVULGAÇÃO DA ATIVIDADE PARLAMENTAR.,5000.0,HJ ENTRETENIMENTO E COMUNICAÇÃO LTDA
220700,2024,4,DIVULGAÇÃO DA ATIVIDADE PARLAMENTAR.,6800.0,TABITA FERREIRA MARINHO PRODUÇÕES E COMUNICAÇÃO EIRELI
220700,2024,6,DIVULGAÇÃO DA ATIVIDADE PARLAMENTAR.,6800.0,TABITA FERREIRA MARINHO PRODUÇÕES E COMUNICAÇÃO EIRELI
220700,2024,7,DIVULGAÇÃO DA ATIVIDADE PARLAMENTAR.,6800.0,TABITA FERREIRA MARINHO PRODUÇÕES E COMUNICAÇÃO EIRELI
220700,2024,8,DIVULGAÇÃO DA ATIVIDADE PARLAMENTAR.,6800.0,TABITA FERREIRA MARINHO PRODUÇÕES E COMUNICAÇÃO EIRELI
220700,2024,9,DIVULGAÇÃO DA ATIVIDADE PARLAMENTAR.,6800.0,TABITA FERREIRA MARINHO PRODUÇÕES E COMUNICAÇÃO EIRELI
220700,2024,10,DIVULGAÇÃO DA ATIVIDADE PARLAMENTAR.,6800.0,TABITA FERREIRA MARINHO PRODUÇÕES E COMUNICAÇÃO EIRELI
220700,2024,11,DIVULGAÇÃO DA ATIVIDADE PARLAMENTAR.,6800.0,TABITA FERREIRA MARINHO PRODUÇÕES E COMUNICAÇÃO EIRELI
220700,2024,12,DIVULGAÇÃO DA ATIVIDADE PARLAMENTAR.,6800.0,TABITA FERREIRA MARINHO PRODUÇÕES E COMUNICAÇÃO EIRELI
220700,2024,1,DIVULGAÇÃO DA ATIVIDADE PARLAMENTAR.,11800.0,TABITA FERREIRA MARINHO PRODUÇÕES E COMUNICAÇÃO EIRELI
220700,2024,2,DIVULGAÇÃO DA ATIVIDADE PARLAMENTAR.,11800.0,TABITA FERREIRA MARINHO PRODUÇÕES E COMUNICAÇÃO EIRELI
220700,2024,3,DIVULGAÇÃO DA ATIVIDADE PARLAMENTAR.,6800.0,TABITA FERREIRA MARINHO PRODUÇÕES E COMUNICAÇÃO EIRELI
220700,2024,5,DIVULGAÇÃO DA ATIVIDADE PARLAMENTAR.,6800.0,TABITA MARINHO PRODUÇÕES E COMUNICAÇÃO EIRELI
220700,2024,1,DIVULGAÇÃO DA ATIVIDADE PARLAMENTAR.,1000.0,VISUAL CLIPAGEM
220700,2024,2,DIVULGAÇÃO DA ATIVIDADE PARLAMENTAR.,1000.0,VISUAL CLIPAGEM
220700,2024,3,DIVULGAÇÃO DA ATIVIDADE PARLAMENTAR.,1000.0,VISUAL CLIPAGEM
220700,2024,4,DIVULGAÇÃO DA ATIVIDADE PARLAMENTAR.,1000.0,VISUAL CLIPAGEM
220700,2024,5,DIVULGAÇÃO DA ATIVIDADE PARLAMENTAR.,1000.0,VISUAL CLIPAGEM
220700,2024,6,DIVULGAÇÃO DA ATIVIDADE PARLAMENTAR.,1000.0,VISUAL CLIPAGEM
220700,2024,8,DIVULGAÇÃO DA ATIVIDADE PARLAMENTAR.,1000.0,VISUAL CLIPAGEM
220700,2024,8,DIVULGAÇÃO DA ATIVIDADE PARLAMENTAR.,1000.0,VISUAL CLIPAGEM
220700,2024,9,DIVULGAÇÃO DA ATIVIDADE PARLAMENTAR.,1000.0,VISUAL CLIPAGEM
220700,2024,10,DIVULGAÇÃO DA ATIVIDADE PARLAMENTAR.,1000.0,VISUAL CLIPAGEM
220700,2024,11,DIVULGAÇÃO DA ATIVIDADE PARLAMENTAR.,1000.0,VISUAL CLIPAGEM
220700,2024,12,DIVULGAÇÃO DA ATIVIDADE PARLAMENTAR.,1000.0,VISUAL CLIPAGEM
220700,2024,1,TELEFONIA,209.36,CELULAR FUNCIONAL
220700,2024,3,"HOSPEDAGEM ,EXCETO DO PARLAMENTAR NO DISTRITO FEDERAL.",688.8,ARENA VIEW EMPREENDIMENTOS TURISTICOS LTDA
220700,2024,12,LOCAÇÃO OU FRETAMENTO DE AERONAVES,15000.0,CEARA TAXI AEREO LTDA
220700,2024,1,LOCAÇÃO OU FRETAMENTO DE VEÍCULOS AUTOMOTORES,8913.0,MAZUAD AUTOLOCADORA
220700,2024,2,LOCAÇÃO OU FRETAMENTO DE VEÍCULOS AUTOMOTORES,8913.0,MAZUAD AUTOLOCADORA
220700,2024,3,LOCAÇÃO OU FRETAMENTO DE VEÍCULOS AUTOMOTORES,9000.0,MAZUAD AUTOLOCADORA
220700,2024,4,LOCAÇÃO OU FRETAMENTO DE VEÍCULOS AUTOMOTORES,9000.0,MAZUAD AUTOLOCADORA
220700,2024,5,LOCAÇÃO OU FRETAMENTO DE VEÍCULOS AUTOMOTORES,9000.0,MAZUAD AUTOLOCADORA
220700,2024,6,LOCAÇÃO OU FRETAMENTO DE VEÍCULOS AUTOMOTORES,9000.0,MAZUAD AUTOLOCADORA
220700,2024,7,LOCAÇÃO OU FRETAMENTO DE VEÍCULOS AUTOMOTORES,9000.0,MAZUAD AUTOLOCADORA
220700,2024,8,LOCAÇÃO OU FRETAMENTO DE VEÍCULOS AUTOMOTORES,9000.0,MAZUAD AUTOLOCADORA
220700,2024,9,LOCAÇÃO OU FRETAMENTO DE VEÍCULOS AUTOMOTORES,9000.0,MAZUAD AUTOLOCADORA
220700,2024,10,LOCAÇÃO OU FRETAMENTO DE VEÍCULOS AUTOMOTORES,9000.0,mazz veiculos
220700,2024,11,LOCAÇÃO OU FRETAMENTO DE VEÍCULOS AUTOMOTORES,9000.0,mazz veiculos
220700,2024,12,LOCAÇÃO OU FRETAMENTO DE VEÍCULOS AUTOMOTORES,9000.0,mazz veiculos
220700,2024,1,LOCAÇÃO OU FRETAMENTO DE VEÍCULOS AUTOMOTORES,3800.0,PANTANAL VEÍCULOS LTDA
220700,2024,2,LOCAÇÃO OU FRETAMENTO DE VEÍCULOS AUTOMOTORES,3800.0,PANTANAL VEÍCULOS LTDA
220700,2024,3,LOCAÇÃO OU FRETAMENTO DE VEÍCULOS AUTOMOTORES,3713.0,PANTANAL VEÍCULOS LTDA
220700,2024,4,LOCAÇÃO OU FRETAMENTO DE VEÍCULOS AUTOMOTORES,3713.0,PANTANAL VEÍCULOS LTDA
220700,2024,5,LOCAÇÃO OU FRETAMENTO DE VEÍCULOS AUTOMOTORES,3500.0,PANTANAL VEÍCULOS LTDA
220700,2024,6,LOCAÇÃO OU FRETAMENTO DE VEÍCULOS AUTOMOTORES,3500.0,PANTANAL VEÍCULOS LTDA
220700,2024,7,LOCAÇÃO OU FRETAMENTO DE VEÍCULOS AUTOMOTORES,3500.0,PANTANAL VEÍCULOS LTDA
220700,2024,8,LOCAÇÃO OU FRETAMENTO DE VEÍCULOS AUTOMOTORES,3500.0,PANTANAL VEÍCULOS LTDA
220700,2024,9,LOCAÇÃO OU FRETAMENTO DE VEÍCULOS AUTOMOTORES,3500.0,PANTANAL VEÍCULOS LTDA
220700,2024,10,LOCAÇÃO OU FRETAMENTO DE VEÍCULOS AUTOMOTORES,3500.0,PANTANAL VEÍCULOS LTDA
220700,2024,11,LOCAÇÃO OU FRETAMENTO DE VEÍCULOS AUTOMOTORES,3500.0,PANTANAL VEÍCULOS LTDA
220700,2024,12,LOCAÇÃO OU FRETAMENTO DE VEÍCULOS AUTOMOTORES,3500.0,PANTANAL VEÍCULOS LTDA
220700,2024,3,"SERVIÇO DE TÁXI, PEDÁGIO E ESTACIONAMENTO",81.1,UBER DO BRASIL TECNOLOGIA LTDA.
220700,2024,3,"SERVIÇO DE TÁXI, PEDÁGIO E ESTACIONAMENTO",59.78,UBER DO BRASIL TECNOLOGIA LTDA.
220700,2024,3,PASSAGEM AÉREA - SIGEPA,2162.54,AZUL
220700,2024,3,PASSAGEM AÉREA - SIGEPA,1859.56,AZUL
220700,2024,3,PASSAGEM AÉREA - SIGEPA,319.67,AZUL
220700,2024,3,PASSAGEM AÉREA - SIGEPA,2189.25,AZUL
220700,2024,3,PASSAGEM AÉREA - SIGEPA,1495.28,AZUL
220700,2024,7,PASSAGEM AÉREA - SIGEPA,-43.34,GOL
220700,2024,8,PASSAGEM AÉREA - SIGEPA,-1888.95,GOL
220700,2024,8,PASSAGEM AÉREA - SIGEPA,-1859.93,GOL
220700,2024,8,PASSAGEM AÉREA - SIGEPA,-1824.39,GOL
220700,2024,4,PASSAGEM AÉREA - SIGEPA,-1150.53,GOL
220700,2024,2,PASSAGEM AÉREA - SIGEPA,1978.28,GOL
220700,2024,3,PASSAGEM AÉREA - SIGEPA,1980.5,GOL
220700,2024,5,PASSAGEM AÉREA - SIGEPA,1850.45,GOL
220700,2024,5,PASSAGEM AÉREA - SIGEPA,1828.1,GOL
220700,2024,5,PASSAGEM AÉREA - SIGEPA,1720.85,GOL
220700,2024,5,PASSAGEM AÉREA - SIGEPA,1720.85,GOL
220700,2024,6,PASSAGEM AÉREA - SIGEPA,1828.1,GOL
220700,2024,9,PASSAGEM AÉREA - SIGEPA,1985.9,GOL
220700,2024,9,PASSAGEM AÉREA - SIGEPA,1971.29,GOL
220700,2024,9,PASSAGEM AÉREA - SIGEPA,53.0,GOL
220700,2024,9,PASSAGEM AÉREA - SIGEPA,1751.66,GOL
220700,2024,11,PASSAGEM AÉREA - SIGEPA,1977.29,GOL
220700,2024,6,PASSAGEM AÉREA - SIGEPA,-1599.39,GOL
220700,2024,6,PASSAGEM AÉREA - SIGEPA,-1668.36,GOL
220700,2024,1,PASSAGEM AÉREA - SIGEPA,61.0,TAM
220700,2024,1,PASSAGEM AÉREA - SIGEPA,1381.34,TAM
220700,2024,1,PASSAGEM AÉREA - SIGEPA,1823.34,TAM
220700,2024,1,PASSAGEM AÉREA - SIGEPA,65.0,TAM
220700,2024,1,PASSAGEM AÉREA - SIGEPA,1367.51,TAM
220700,2024,1,PASSAGEM AÉREA - SIGEPA,-1367.51,TAM
220700,2024,2,PASSAGEM AÉREA - SIGEPA,1381.34,TAM
220700,2024,3,PASSAGEM AÉREA - SIGEPA,1367.51,TAM
220700,2024,3,PASSAGEM AÉREA - SIGEPA,442.0,TAM
220700,2024,3,PASSAGEM AÉREA - SIGEPA,1367.51,TAM
220700,2024,3,PASSAGEM AÉREA - SIGEPA,269.19,TAM
220700,2024,3,PASSAGEM AÉREA - SIGEPA,1383.56,TAM
220700,2024,3,PASSAGEM AÉREA - SIGEPA,1384.2,TAM
220700,2024,4,PASSAGEM AÉREA - SIGEPA,1825.56,TAM
220700,2024,5,PASSAGEM AÉREA - SIGEPA,75.0,TAM
220700,2024,5,PASSAGEM AÉREA - SIGEPA,1383.56,TAM
220700,2024,5,PASSAGEM AÉREA - SIGEPA,1809.51,TAM
220700,2024,5,PASSAGEM AÉREA - SIGEPA,1834.2,TAM
220700,2024,5,PASSAGEM AÉREA - SIGEPA,90.0,TAM
220700,2024,5,PASSAGEM AÉREA - SIGEPA,1367.51,TAM
220700,2024,5,PASSAGEM AÉREA - SIGEPA,1825.56,TAM
220700,2024,5,PASSAGEM AÉREA - SIGEPA,68.0,TAM
220700,2024,5,PASSAGEM AÉREA - SIGEPA,1383.56,TAM
220700,2024,5,PASSAGEM AÉREA - SIGEPA,1825.56,TAM
220700,2024,5,PASSAGEM AÉREA - SIGEPA,68.0,TAM
220700,2024,5,PASSAGEM AÉREA - SIGEPA,1383.56,TAM
220700,2024,6,PASSAGEM AÉREA - SIGEPA,1484.56,TAM
220700,2024,7,PASSAGEM AÉREA - SIGEPA,1943.51,TAM
220700,2024,7,PASSAGEM AÉREA - SIGEPA,1943.51,TAM
220700,2024,7,PASSAGEM AÉREA - SIGEPA,1468.51,TAM
220700,2024,7,PASSAGEM AÉREA - SIGEPA,1484.56,TAM
220700,2024,7,PASSAGEM AÉREA - SIGEPA,1959.56,TAM
220700,2024,7,PASSAGEM AÉREA - SIGEPA,1959.56,TAM
220700,2024,7,PASSAGEM AÉREA - SIGEPA,1468.51,TAM
220700,2024,7,PASSAGEM AÉREA - SIGEPA,1468.51,TAM
220700,2024,7,PASSAGEM AÉREA - SIGEPA,80.0,TAM
220700,2024,7,PASSAGEM AÉREA - SIGEPA,991.65,TAM
220700,2024,8,PASSAGEM AÉREA - SIGEPA,1959.56,TAM
220700,2024,8,PASSAGEM AÉREA - SIGEPA,75.0,TAM
220700,2024,8,PASSAGEM AÉREA - SIGEPA,1484.56,TAM
220700,2024,8,PASSAGEM AÉREA - SIGEPA,70.0,TAM
220700,2024,8,PASSAGEM AÉREA - SIGEPA,1484.56,TAM
220700,2024,8,PASSAGEM AÉREA - SIGEPA,75.0,TAM
220700,2024,8,PASSAGEM AÉREA - SIGEPA,1484.56,TAM
220700,2024,8,PASSAGEM AÉREA - SIGEPA,1468.51,TAM
220700,2024,8,PASSAGEM AÉREA - SIGEPA,1468.51,TAM
220700,2024,8,PASSAGEM AÉREA - SIGEPA,1468.51,TAM
220700,2024,8,PASSAGEM AÉREA - SIGEPA,1484.56,TAM
220700,2024,8,PASSAGEM AÉREA - SIGEPA,75.0,TAM
220700,2024,8,PASSAGEM AÉREA - SIGEPA,1484.56,TAM
220700,2024,9,PASSAGEM AÉREA - SIGEPA,80.0,TAM
220700,2024,9,PASSAGEM AÉREA - SIGEPA,1469.95,TAM
220700,2024,9,PASSAGEM AÉREA - SIGEPA,120.0,TAM
220700,2024,9,PASSAGEM AÉREA - SIGEPA,1484.56,TAM
220700,2024,9,PASSAGEM AÉREA - SIGEPA,1469.95,TAM
220700,2024,10,PASSAGEM AÉREA - SIGEPA,1484.56,TAM
220700,2024,10,PASSAGEM AÉREA - SIGEPA,460.39,TAM
220700,2024,10,PASSAGEM AÉREA - SIGEPA,1959.56,TAM
220700,2024,10,PASSAGEM AÉREA - SIGEPA,75.0,TAM
220700,2024,10,PASSAGEM AÉREA - SIGEPA,1484.56,TAM
220700,2024,10,PASSAGEM AÉREA - SIGEPA,1959.56,TAM
220700,2024,11,PASSAGEM AÉREA - SIGEPA,1469.95,TAM
220700,2024,11,PASSAGEM AÉREA - SIGEPA,120.0,TAM
220700,2024,11,PASSAGEM AÉREA - SIGEPA,1469.95,TAM
220700,2024,11,PASSAGEM AÉREA - SIGEPA,1944.95,TAM
220700,2024,11,PASSAGEM AÉREA - SIGEPA,1484.56,TAM
220700,2024,12,PASSAGEM AÉREA - SIGEPA,1336.53,TAM
220700,2024,12,PASSAGEM AÉREA - SIGEPA,75.0,TAM
220700,2024,12,PASSAGEM AÉREA - SIGEPA,1259.9,TAM
220700,2024,12,PASSAGEM AÉREA - SIGEPA,75.0,TAM
220700,2024,12,PASSAGEM AÉREA - SIGEPA,1469.95,TAM
220700,2024,12,PASSAGEM AÉREA - SIGEPA,1469.95,TAM
220700,2024,12,PASSAGEM AÉREA - SIGEPA,75.0,TAM
220700,2024,12,PASSAGEM AÉREA - SIGEPA,1469.95,TAM
220700,2025,1,MANUTENÇÃO DE ESCRITÓRIO DE APOIO À ATIVIDADE PARLAMENTAR,259.68,AGUAS DE TERESINA SAN. SPE SA
220700,2025,2,MANUTENÇÃO DE ESCRITÓRIO DE APOIO À ATIVIDADE PARLAMENTAR,259.68,AGUAS DE TERESINA SAN. SPE SA
220700,2025,5,MANUTENÇÃO DE ESCRITÓRIO DE APOIO À ATIVIDADE PARLAMENTAR,233.71,AGUAS DE TERESINA SAN. SPE SA
220700,2025,12,MANUTENÇÃO DE ESCRITÓRIO DE APOIO À ATIVIDADE PARLAMENTAR,241.31,AGUAS DE TERESINA SAN. SPE SA
220700,2025,4,MANUTENÇÃO DE ESCRITÓRIO DE APOIO À ATIVIDADE PARLAMENTAR,233.71,AGUAS DE TERESINA SAN. SPE SA
220700,2025,11,MANUTENÇÃO DE ESCRITÓRIO DE APOIO À ATIVIDADE PARLAMENTAR,1237.87,Companhia Energética do Piauí
220700,2025,1,MANUTENÇÃO DE ESCRITÓRIO DE APOIO À ATIVIDADE PARLAMENTAR,371.92,Companhia Energética do Piauí
220700,2025,2,MANUTENÇÃO DE ESCRITÓRIO DE APOIO À ATIVIDADE PARLAMENTAR,715.08,Companhia Energética do Piauí
220700,2025,3,MANUTENÇÃO DE ESCRITÓRIO DE APOIO À ATIVIDADE PARLAMENTAR,313.9,Companhia Energética do Piauí
220700,2025,4,MANUTENÇÃO DE ESCRITÓRIO DE APOIO À ATIVIDADE PARLAMENTAR,857.67,Companhia Energética do Piauí
220700,2025,8,MANUTENÇÃO DE ESCRITÓRIO DE APOIO À ATIVIDADE PARLAMENTAR,1324.67,Companhia Energética do Piauí
220700,2025,9,MANUTENÇÃO DE ESCRITÓRIO DE APOIO À ATIVIDADE PARLAMENTAR,1895.47,Companhia Energética do Piauí
220700,2025,10,MANUTENÇÃO DE ESCRITÓRIO DE APOIO À ATIVIDADE PARLAMENTAR,1538.96,Companhia Energética do Piauí
220700,2025,12,MANUTENÇÃO DE ESCRITÓRIO DE APOIO À ATIVIDADE PARLAMENTAR,649.47,Companhia Energética do Piauí
220700,2025,5,MANUTENÇÃO DE ESCRITÓRIO DE APOIO À ATIVIDADE PARLAMENTAR,452.7,EDVALDO FRANCISCO DE OLIVEIRA 49191160120
220700,2025,2,MANUTENÇÃO DE ESCRITÓRIO DE APOIO À ATIVIDADE PARLAMENTAR,4200.0,ROCHA FILHO
220700,2025,4,MANUTENÇÃO DE ESCRITÓRIO DE APOIO À ATIVIDADE PARLAMENTAR,4570.0,ROCHA FILHO
220700,2025,8,MANUTENÇÃO DE ESCRITÓRIO DE APOIO À ATIVIDADE PARLAMENTAR,4570.0,ROCHA FILHO
220700,2025,10,MANUTENÇÃO DE ESCRITÓRIO DE APOIO À ATIVIDADE PARLAMENTAR,4570.0,ROCHA FILHO
220700,2025,12,MANUTENÇÃO DE ESCRITÓRIO DE APOIO À ATIVIDADE PARLAMENTAR,4570.0,ROCHA FILHO
220700,2025,1,MANUTENÇÃO DE ESCRITÓRIO DE APOIO À ATIVIDADE PARLAMENTAR,4200.0,ROCHA FILHO
220700,2025,5,MANUTENÇÃO DE ESCRITÓRIO DE APOIO À ATIVIDADE PARLAMENTAR,4570.0,ROCHA FILHO
220700,2025,7,MANUTENÇÃO DE ESCRITÓRIO DE APOIO À ATIVIDADE PARLAMENTAR,4570.0,ROCHA FILHO
220700,2025,9,MANUTENÇÃO DE ESCRITÓRIO DE APOIO À ATIVIDADE PARLAMENTAR,4570.0,ROCHA FILHO
220700,2025,11,MANUTENÇÃO DE ESCRITÓRIO DE APOIO À ATIVIDADE PARLAMENTAR,4570.0,ROCHA FILHO
220700,2025,3,MANUTENÇÃO DE ESCRITÓRIO DE APOIO À ATIVIDADE PARLAMENTAR,4200.0,ROCHA FILHO
220700,2025,6,MANUTENÇÃO DE ESCRITÓRIO DE APOIO À ATIVIDADE PARLAMENTAR,4570.0,ROCHA FILHO
220700,2025,2,COMBUSTÍVEIS E LUBRIFICANTES.,170.02,AUTO POSTO 302 SUL LTDA
220700,2025,2,COMBUSTÍVEIS E LUBRIFICANTES.,180.0,AUTO POSTO 302 SUL LTDA
220700,2025,6,COMBUSTÍVEIS E LUBRIFICANTES.,9000.0,NAMI I COMBUSTIVEIS LTDA
220700,2025,9,COMBUSTÍVEIS E LUBRIFICANTES.,8863.0,NAMI I COMBUSTIVEIS LTDA
220700,2025,8,COMBUSTÍVEIS E LUBRIFICANTES.,8837.0,NAMI I COMBUSTIVEIS LTDA
220700,2025,12,COMBUSTÍVEIS E LUBRIFICANTES.,4089.96,POSTO PAPALEGUAS LTDA
220700,2025,12,DIVULGAÇÃO DA ATIVIDADE PARLAMENTAR.,6000.0,AGENCIA CASA PROPAGANDA LTDA
220700,2025,8,DIVULGAÇÃO DA ATIVIDADE PARLAMENTAR.,6000.0,AGENCIA CASA PROPAGANDA LTDA
220700,2025,10,DIVULGAÇÃO DA ATIVIDADE PARLAMENTAR.,2300.0,AGENCIA CASA PROPAGANDA LTDA
220700,2025,12,DIVULGAÇÃO DA ATIVIDADE PARLAMENTAR.,18000.0,D B MARKETING LTDA
220700,2025,5,DIVULGAÇÃO DA ATIVIDADE PARLAMENTAR.,5000.0,D B MARKETING LTDA
220700,2025,6,DIVULGAÇÃO DA ATIVIDADE PARLAMENTAR.,5000.0,D B MARKETING LTDA
220700,2025,7,DIVULGAÇÃO DA ATIVIDADE PARLAMENTAR.,5000.0,D B MARKETING LTDA
220700,2025,8,DIVULGAÇÃO DA ATIVIDADE PARLAMENTAR.,5000.0,D B MARKETING LTDA
220700,2025,9,DIVULGAÇÃO DA ATIVIDADE PARLAMENTAR.,5000.0,D B MARKETING LTDA
220700,2025,11,DIVULGAÇÃO DA ATIVIDADE PARLAMENTAR.,18000.0,D B MARKETING LTDA
220700,2025,12,DIVULGAÇÃO DA ATIVIDADE PARLAMENTAR.,2500.0,G M DE ALMEIDA CK=LICK PARNAIBA
220700,2025,11,DIVULGAÇÃO DA ATIVIDADE PARLAMENTAR.,2500.0,G M DE ALMEIDA CKLICK PARNAIBA
220700,2025,8,DIVULGAÇÃO DA ATIVIDADE PARLAMENTAR.,1500.0,GOMO COMUNICAÇÂO LTDA
220700,2025,2,DIVULGAÇÃO DA ATIVIDADE PARLAMENTAR.,5000.0,REDE JHJ DE RADIODIFUSÃO LTDA
220700,2025,3,DIVULGAÇÃO DA ATIVIDADE PARLAMENTAR.,5000.0,REDE JHJ DE RADIODIFUSÃO LTDA
220700,2025,1,DIVULGAÇÃO DA ATIVIDADE PARLAMENTAR.,6800.0,TABITA FERREIRA MARINHO PRODUÇÕES E COMUNICAÇÃO EIRELI
220700,2025,1,DIVULGAÇÃO DA ATIVIDADE PARLAMENTAR.,1000.0,VISUAL CLIPAGEM
220700,2025,5,DIVULGAÇÃO DA ATIVIDADE PARLAMENTAR.,2000.0,VISUAL CLIPAGEM
220700,2025,6,DIVULGAÇÃO DA ATIVIDADE PARLAMENTAR.,2000.0,VISUAL CLIPAGEM
220700,2025,7,DIVULGAÇÃO DA ATIVIDADE PARLAMENTAR.,2000.0,VISUAL CLIPAGEM
220700,2025,8,DIVULGAÇÃO DA ATIVIDADE PARLAMENTAR.,1000.0,VISUAL CLIPAGEM
220700,2025,9,DIVULGAÇÃO DA ATIVIDADE PARLAMENTAR.,1000.0,VISUAL CLIPAGEM
220700,2025,10,DIVULGAÇÃO DA ATIVIDADE PARLAMENTAR.,1000.0,VISUAL CLIPAGEM
220700,2025,11,DIVULGAÇÃO DA ATIVIDADE PARLAMENTAR.,1000.0,VISUAL CLIPAGEM
220700,2025,12,DIVULGAÇÃO DA ATIVIDADE PARLAMENTAR.,1500.0,VISUAL CLIPAGEM
220700,2025,12,SERVIÇOS POSTAIS,465.2,EMPRESA BRASILEIRA DE CORREIOS E TELÉGRAFOS
220700,2025,1,LOCAÇÃO OU FRETAMENTO DE AERONAVES,36300.0,CEARA TAXI AEREO LTDA
220700,2025,3,LOCAÇÃO OU FRETAMENTO DE AERONAVES,22000.0,CEARA TAXI AEREO LTDA
220700,2025,6,LOCAÇÃO OU FRETAMENTO DE AERONAVES,24000.0,CEARA TAXI AEREO LTDA
220700,2025,1,LOCAÇÃO OU FRETAMENTO DE VEÍCULOS AUTOMOTORES,9000.0,mazz veiculos
220700,2025,2,LOCAÇÃO OU FRETAMENTO DE VEÍCULOS AUTOMOTORES,9000.0,mazz veiculos
220700,2025,3,LOCAÇÃO OU FRETAMENTO DE VEÍCULOS AUTOMOTORES,9000.0,mazz veiculos
220700,2025,4,LOCAÇÃO OU FRETAMENTO DE VEÍCULOS AUTOMOTORES,9000.0,mazz veiculos
220700,2025,5,LOCAÇÃO OU FRETAMENTO DE VEÍCULOS AUTOMOTORES,9000.0,mazz veiculos
220700,2025,6,LOCAÇÃO OU FRETAMENTO DE VEÍCULOS AUTOMOTORES,9000.0,mazz veiculos
220700,2025,7,LOCAÇÃO OU FRETAMENTO DE VEÍCULOS AUTOMOTORES,9000.0,mazz veiculos
220700,2025,8,LOCAÇÃO OU FRETAMENTO DE VEÍCULOS AUTOMOTORES,9000.0,mazz veiculos
220700,2025,9,LOCAÇÃO OU FRETAMENTO DE VEÍCULOS AUTOMOTORES,9000.0,mazz veiculos
220700,2025,1,LOCAÇÃO OU FRETAMENTO DE VEÍCULOS AUTOMOTORES,3500.0,PANTANAL VEÍCULOS LTDA
220700,2025,2,LOCAÇÃO OU FRETAMENTO DE VEÍCULOS AUTOMOTORES,3500.0,PANTANAL VEÍCULOS LTDA
220700,2025,3,LOCAÇÃO OU FRETAMENTO DE VEÍCULOS AUTOMOTORES,3500.0,PANTANAL VEÍCULOS LTDA
220700,2025,4,LOCAÇÃO OU FRETAMENTO DE VEÍCULOS AUTOMOTORES,3500.0,PANTANAL VEÍCULOS LTDA
220700,2025,5,LOCAÇÃO OU FRETAMENTO DE VEÍCULOS AUTOMOTORES,3500.0,PANTANAL VEÍCULOS LTDA
220700,2025,6,LOCAÇÃO OU FRETAMENTO DE VEÍCULOS AUTOMOTORES,3500.0,PANTANAL VEÍCULOS LTDA
220700,2025,7,LOCAÇÃO OU FRETAMENTO DE VEÍCULOS AUTOMOTORES,3500.0,PANTANAL VEÍCULOS LTDA
220700,2025,8,LOCAÇÃO OU FRETAMENTO DE VEÍCULOS AUTOMOTORES,3500.0,PANTANAL VEÍCULOS LTDA
220700,2025,9,LOCAÇÃO OU FRETAMENTO DE VEÍCULOS AUTOMOTORES,3500.0,PANTANAL VEÍCULOS LTDA
220700,2025,10,LOCAÇÃO OU FRETAMENTO DE VEÍCULOS AUTOMOTORES,3500.0,PANTANAL VEÍCULOS LTDA
220700,2025,11,LOCAÇÃO OU FRETAMENTO DE VEÍCULOS AUTOMOTORES,3500.0,PANTANAL VEÍCULOS LTDA
220700,2025,12,LOCAÇÃO OU FRETAMENTO DE VEÍCULOS AUTOMOTORES,2800.0,PANTANAL VEÍCULOS LTDA
220700,2025,4,PASSAGEM AÉREA - SIGEPA,3113.85,AZUL
220700,2025,10,PASSAGEM AÉREA - SIGEPA,1512.92,Azul Linhas Aéreas
220700,2025,1,PASSAGEM AÉREA - SIGEPA,1411.56,GOL
220700,2025,2,PASSAGEM AÉREA - SIGEPA,53.0,GOL
220700,2025,2,PASSAGEM AÉREA - SIGEPA,1027.85,GOL
220700,2025,2,PASSAGEM AÉREA - SIGEPA,2180.09,GOL
220700,2025,2,PASSAGEM AÉREA - SIGEPA,53.0,GOL
220700,2025,2,PASSAGEM AÉREA - SIGEPA,1098.65,GOL
220700,2025,3,PASSAGEM AÉREA - SIGEPA,1157.55,GOL
220700,2025,3,PASSAGEM AÉREA - SIGEPA,1357.28,GOL
220700,2025,4,PASSAGEM AÉREA - SIGEPA,1546.1,GOL
220700,2025,4,PASSAGEM AÉREA - SIGEPA,1804.49,GOL
220700,2025,4,PASSAGEM AÉREA - SIGEPA,-1715.81,GOL
220700,2025,5,PASSAGEM AÉREA - SIGEPA,1804.49,GOL
220700,2025,5,PASSAGEM AÉREA - SIGEPA,2193.29,GOL
220700,2025,8,PASSAGEM AÉREA - SIGEPA,2190.35,Gol Linhas Aéreas
220700,2025,9,PASSAGEM AÉREA - SIGEPA,3466.49,Gol Linhas Aéreas
220700,2025,9,PASSAGEM AÉREA - SIGEPA,2885.85,Gol Linhas Aéreas
220700,2025,10,PASSAGEM AÉREA - SIGEPA,2186.27,Gol Linhas Aéreas
220700,2025,11,PASSAGEM AÉREA - SIGEPA,2028.58,Gol Linhas Aéreas
220700,2025,11,PASSAGEM AÉREA - SIGEPA,2028.58,Gol Linhas Aéreas
220700,2025,8,PASSAGEM AÉREA - SIGEPA,102.0,LATAM Airlines Brasil
220700,2025,8,PASSAGEM AÉREA - SIGEPA,2846.11,LATAM Airlines Brasil
220700,2025,8,PASSAGEM AÉREA - SIGEPA,2976.51,LATAM Airlines Brasil
220700,2025,8,PASSAGEM AÉREA - SIGEPA,2960.02,LATAM Airlines Brasil
220700,2025,8,PASSAGEM AÉREA - SIGEPA,2650.23,LATAM Airlines Brasil
220700,2025,8,PASSAGEM AÉREA - SIGEPA,3142.51,LATAM Airlines Brasil
220700,2025,8,PASSAGEM AÉREA - SIGEPA,1338.11,LATAM Airlines Brasil
220700,2025,8,PASSAGEM AÉREA - SIGEPA,2961.94,LATAM Airlines Brasil
220700,2025,9,PASSAGEM AÉREA - SIGEPA,114.0,LATAM Airlines Brasil
220700,2025,9,PASSAGEM AÉREA - SIGEPA,2976.51,LATAM Airlines Brasil
220700,2025,9,PASSAGEM AÉREA - SIGEPA,2767.63,LATAM Airlines Brasil
220700,2025,9,PASSAGEM AÉREA - SIGEPA,-32.87,LATAM Airlines Brasil
220700,2025,9,PASSAGEM AÉREA - SIGEPA,2440.61,LATAM Airlines Brasil
220700,2025,9,PASSAGEM AÉREA - SIGEPA,137.0,LATAM Airlines Brasil
220700,2025,9,PASSAGEM AÉREA - SIGEPA,2976.51,LATAM Airlines Brasil
220700,2025,10,PASSAGEM AÉREA - SIGEPA,2464.31,LATAM Airlines Brasil
220700,2025,10,PASSAGEM AÉREA - SIGEPA,2961.94,LATAM Airlines Brasil
220700,2025,11,PASSAGEM AÉREA - SIGEPA,2858.1,LATAM Airlines Brasil
220700,2025,12,PASSAGEM AÉREA - SIGEPA,3011.74,LATAM Airlines Brasil
220700,2025,12,PASSAGEM AÉREA - SIGEPA,-32.87,LATAM Airlines Brasil
220700,2025,12,PASSAGEM AÉREA - SIGEPA,2937.04,LATAM Airlines Brasil
220700,2025,12,PASSAGEM AÉREA - SIGEPA,-3011.74,LATAM Airlines Brasil
220700,2025,12,PASSAGEM AÉREA - SIGEPA,3011.74,LATAM Airlines Brasil
220700,2025,12,PASSAGEM AÉREA - SIGEPA,126.0,LATAM Airlines Brasil
220700,2025,12,PASSAGEM AÉREA - SIGEPA,2936.12,LATAM Airlines Brasil
220700,2025,1,PASSAGEM AÉREA - SIGEPA,1959.56,TAM
220700,2025,1,PASSAGEM AÉREA - SIGEPA,1944.95,TAM
220700,2025,1,PASSAGEM AÉREA - SIGEPA,110.0,TAM
220700,2025,1,PASSAGEM AÉREA - SIGEPA,1484.56,TAM
220700,2025,1,PASSAGEM AÉREA - SIGEPA,76.0,TAM
220700,2025,1,PASSAGEM AÉREA - SIGEPA,1483.27,TAM
220700,2025,1,PASSAGEM AÉREA - SIGEPA,1591.46,TAM
220700,2025,2,PASSAGEM AÉREA - SIGEPA,1469.95,TAM
220700,2025,2,PASSAGEM AÉREA - SIGEPA,1469.95,TAM
220700,2025,2,PASSAGEM AÉREA - SIGEPA,90.0,TAM
220700,2025,2,PASSAGEM AÉREA - SIGEPA,1484.56,TAM
220700,2025,2,PASSAGEM AÉREA - SIGEPA,475.0,TAM
220700,2025,2,PASSAGEM AÉREA - SIGEPA,1469.95,TAM
220700,2025,2,PASSAGEM AÉREA - SIGEPA,1484.56,TAM
220700,2025,2,PASSAGEM AÉREA - SIGEPA,90.0,TAM
220700,2025,2,PASSAGEM AÉREA - SIGEPA,1469.95,TAM
220700,2025,2,PASSAGEM AÉREA - SIGEPA,1316.1,TAM
220700,2025,3,PASSAGEM AÉREA - SIGEPA,1195.88,TAM
220700,2025,3,PASSAGEM AÉREA - SIGEPA,90.0,TAM
220700,2025,3,PASSAGEM AÉREA - SIGEPA,1399.52,TAM
220700,2025,3,PASSAGEM AÉREA - SIGEPA,1532.41,TAM
220700,2025,3,PASSAGEM AÉREA - SIGEPA,1102.7,TAM
220700,2025,3,PASSAGEM AÉREA - SIGEPA,1337.44,TAM
220700,2025,3,PASSAGEM AÉREA - SIGEPA,367.25,TAM
220700,2025,4,PASSAGEM AÉREA - SIGEPA,1469.95,TAM
220700,2025,4,PASSAGEM AÉREA - SIGEPA,16.49,TAM
220700,2025,4,PASSAGEM AÉREA - SIGEPA,-1236.85,TAM
220700,2025,4,PASSAGEM AÉREA - SIGEPA,1236.85,TAM
220700,2025,4,PASSAGEM AÉREA - SIGEPA,2976.51,TAM
220700,2025,4,PASSAGEM AÉREA - SIGEPA,-2190.64,TAM
220700,2025,4,PASSAGEM AÉREA - SIGEPA,2190.64,TAM
220700,2025,4,PASSAGEM AÉREA - SIGEPA,2192.07,TAM
220700,2025,5,PASSAGEM AÉREA - SIGEPA,2601.71,TAM
220700,2025,5,PASSAGEM AÉREA - SIGEPA,21.9,TAM
220700,2025,5,PASSAGEM AÉREA - SIGEPA,2176.04,TAM
220700,2025,5,PASSAGEM AÉREA - SIGEPA,2176.04,TAM
220700,2025,5,PASSAGEM AÉREA - SIGEPA,2467.74,TAM
220700,2025,5,PASSAGEM AÉREA - SIGEPA,2451.14,TAM
220700,2025,5,PASSAGEM AÉREA - SIGEPA,-603.33,TAM
220700,2025,5,PASSAGEM AÉREA - SIGEPA,3579.95,TAM
220700,2025,5,PASSAGEM AÉREA - SIGEPA,1921.6,TAM
220700,2025,5,PASSAGEM AÉREA - SIGEPA,2671.09,TAM
220700,2025,6,PASSAGEM AÉREA - SIGEPA,2904.32,TAM
220700,2025,6,PASSAGEM AÉREA - SIGEPA,72.3,TAM
220700,2025,6,PASSAGEM AÉREA - SIGEPA,2901.83,TAM
220700,2025,6,PASSAGEM AÉREA - SIGEPA,132.0,TAM
220700,2025,6,PASSAGEM AÉREA - SIGEPA,2960.02,TAM
220700,2026,1,MANUTENÇÃO DE ESCRITÓRIO DE APOIO À ATIVIDADE PARLAMENTAR,241.31,AGUAS DE TERESINA SAN. SPE SA
220700,2026,4,MANUTENÇÃO DE ESCRITÓRIO DE APOIO À ATIVIDADE PARLAMENTAR,241.31,AGUAS DE TERESINA SAN. SPE SA
220700,2026,4,MANUTENÇÃO DE ESCRITÓRIO DE APOIO À ATIVIDADE PARLAMENTAR,5000.0,IMOBILIARIA ROCHA FILHO LTDA
220700,2026,5,MANUTENÇÃO DE ESCRITÓRIO DE APOIO À ATIVIDADE PARLAMENTAR,5000.0,IMOBILIARIA ROCHA FILHO LTDA
220700,2026,6,MANUTENÇÃO DE ESCRITÓRIO DE APOIO À ATIVIDADE PARLAMENTAR,5000.0,IMOBILIARIA ROCHA FILHO LTDA
220700,2026,3,MANUTENÇÃO DE ESCRITÓRIO DE APOIO À ATIVIDADE PARLAMENTAR,88.1,Kalunga SA
220700,2026,3,MANUTENÇÃO DE ESCRITÓRIO DE APOIO À ATIVIDADE PARLAMENTAR,4570.0,ROCHA FILHO
220700,2026,1,MANUTENÇÃO DE ESCRITÓRIO DE APOIO À ATIVIDADE PARLAMENTAR,4570.0,ROCHA FILHO
220700,2026,2,MANUTENÇÃO DE ESCRITÓRIO DE APOIO À ATIVIDADE PARLAMENTAR,4570.0,ROCHA FILHO
220700,2026,2,MANUTENÇÃO DE ESCRITÓRIO DE APOIO À ATIVIDADE PARLAMENTAR,405.0,WMS COMERCIO DE ARTIGOS DE PAPELARIA LTDA
220700,2026,6,COMBUSTÍVEIS E LUBRIFICANTES.,6385.29,MAXXI SAO SEBASTIAO PETROLEO LTDA
220700,2026,3,COMBUSTÍVEIS E LUBRIFICANTES.,650.34,MAXXI SAO SEBASTIAO PETROLEO LTDA
220700,2026,4,COMBUSTÍVEIS E LUBRIFICANTES.,4843.99,MAXXI SAO SEBASTIAO PETROLEO LTDA
220700,2026,4,COMBUSTÍVEIS E LUBRIFICANTES.,493.01,MAXXI SAO SEBASTIAO PETROLEO LTDA
220700,2026,5,COMBUSTÍVEIS E LUBRIFICANTES.,4850.41,MAXXI SAO SEBASTIAO PETROLEO LTDA
220700,2026,7,COMBUSTÍVEIS E LUBRIFICANTES.,7269.77,MAXXI SAO SEBASTIAO PETROLEO LTDA
220700,2026,3,COMBUSTÍVEIS E LUBRIFICANTES.,2761.35,POSTO MAXXI 03
220700,2026,4,COMBUSTÍVEIS E LUBRIFICANTES.,3980.88,POSTO MAXXI 03
220700,2026,5,COMBUSTÍVEIS E LUBRIFICANTES.,3671.84,POSTO MAXXI 03
220700,2026,6,COMBUSTÍVEIS E LUBRIFICANTES.,2484.27,POSTO MAXXI 03
220700,2026,7,COMBUSTÍVEIS E LUBRIFICANTES.,1695.13,POSTO MAXXI 03
220700,2026,1,COMBUSTÍVEIS E LUBRIFICANTES.,7756.73,POSTO PAPALEGUAS LTDA
220700,2026,2,COMBUSTÍVEIS E LUBRIFICANTES.,8818.23,POSTO PAPALEGUAS LTDA
220700,2026,1,DIVULGAÇÃO DA ATIVIDADE PARLAMENTAR.,2500.0,G M DE ALMEIDA CKLICK PARNAIBA
220700,2026,2,DIVULGAÇÃO DA ATIVIDADE PARLAMENTAR.,2500.0,G M DE ALMEIDA CKLICK PARNAIBA
220700,2026,3,DIVULGAÇÃO DA ATIVIDADE PARLAMENTAR.,2500.0,G M DE ALMEIDA CKLICK PARNAIBA
220700,2026,4,DIVULGAÇÃO DA ATIVIDADE PARLAMENTAR.,2500.0,G M DE ALMEIDA CKLICK PARNAIBA
220700,2026,5,DIVULGAÇÃO DA ATIVIDADE PARLAMENTAR.,2500.0,G M DE ALMEIDA CKLICK PARNAIBA
220700,2026,1,DIVULGAÇÃO DA ATIVIDADE PARLAMENTAR.,1000.0,VISUAL CLIPAGEM
220700,2026,2,DIVULGAÇÃO DA ATIVIDADE PARLAMENTAR.,1000.0,VISUAL CLIPAGEM
220700,2026,6,LOCAÇÃO OU FRETAMENTO DE VEÍCULOS AUTOMOTORES,4000.0,MAZUAD AUTO LOCADORA E LOGISTICA LTDA
220700,2026,7,LOCAÇÃO OU FRETAMENTO DE VEÍCULOS AUTOMOTORES,4000.0,MAZUAD AUTO LOCADORA E LOGISTICA LTDA
220700,2026,8,LOCAÇÃO OU FRETAMENTO DE VEÍCULOS AUTOMOTORES,4000.0,MAZUAD AUTO LOCADORA E LOGISTICA LTDA
220700,2026,2,LOCAÇÃO OU FRETAMENTO DE VEÍCULOS AUTOMOTORES,4000.0,MAZUAD AUTOLOCADORA
220700,2026,3,LOCAÇÃO OU FRETAMENTO DE VEÍCULOS AUTOMOTORES,4000.0,MAZUAD AUTOLOCADORA
220700,2026,4,LOCAÇÃO OU FRETAMENTO DE VEÍCULOS AUTOMOTORES,4000.0,MAZUAD AUTOLOCADORA
220700,2026,5,LOCAÇÃO OU FRETAMENTO DE VEÍCULOS AUTOMOTORES,4000.0,MAZUAD AUTOLOCADORA
220700,2026,2,LOCAÇÃO OU FRETAMENTO DE VEÍCULOS AUTOMOTORES,10000.0,mazz veiculos
220700,2026,3,LOCAÇÃO OU FRETAMENTO DE VEÍCULOS AUTOMOTORES,10000.0,mazz veiculos
220700,2026,4,LOCAÇÃO OU FRETAMENTO DE VEÍCULOS AUTOMOTORES,10000.0,mazz veiculos
220700,2026,5,LOCAÇÃO OU FRETAMENTO DE VEÍCULOS AUTOMOTORES,10000.0,mazz veiculos
220700,2026,6,LOCAÇÃO OU FRETAMENTO DE VEÍCULOS AUTOMOTORES,10000.0,MAZZ VEICULOS LTDA
220700,2026,7,LOCAÇÃO OU FRETAMENTO DE VEÍCULOS AUTOMOTORES,10000.0,MAZZ VEICULOS LTDA
220700,2026,8,LOCAÇÃO OU FRETAMENTO DE VEÍCULOS AUTOMOTORES,10000.0,MAZZ VEICULOS LTDA
220700,2026,1,PASSAGEM AÉREA - SIGEPA,2200.84,Gol Linhas Aéreas
220700,2026,2,PASSAGEM AÉREA - SIGEPA,-2200.84,Gol Linhas Aéreas
220700,2026,2,PASSAGEM AÉREA - SIGEPA,2186.27,Gol Linhas Aéreas
220700,2026,2,PASSAGEM AÉREA - SIGEPA,-2186.27,Gol Linhas Aéreas
220700,2026,2,PASSAGEM AÉREA - SIGEPA,2186.27,Gol Linhas Aéreas
220700,2026,2,PASSAGEM AÉREA - SIGEPA,-2186.27,Gol Linhas Aéreas
220700,2026,2,PASSAGEM AÉREA - SIGEPA,2200.84,Gol Linhas Aéreas
220700,2026,4,PASSAGEM AÉREA - SIGEPA,2401.99,Gol Linhas Aéreas
220700,2026,4,PASSAGEM AÉREA - SIGEPA,2448.19,Gol Linhas Aéreas
220700,2026,6,PASSAGEM AÉREA - SIGEPA,2364.79,Gol Linhas Aéreas
220700,2026,2,PASSAGEM AÉREA - SIGEPA,-32.87,LATAM Airlines Brasil
220700,2026,2,PASSAGEM AÉREA - SIGEPA,134.0,LATAM Airlines Brasil
220700,2026,2,PASSAGEM AÉREA - SIGEPA,2916.2,LATAM Airlines Brasil
220700,2026,3,PASSAGEM AÉREA - SIGEPA,-2767.63,LATAM Airlines Brasil
220700,2026,3,PASSAGEM AÉREA - SIGEPA,2767.63,LATAM Airlines Brasil
220700,2026,3,PASSAGEM AÉREA - SIGEPA,2583.0,LATAM Airlines Brasil
220700,2026,3,PASSAGEM AÉREA - SIGEPA,-2763.31,LATAM Airlines Brasil
220700,2026,3,PASSAGEM AÉREA - SIGEPA,2763.31,LATAM Airlines Brasil
220700,2026,3,PASSAGEM AÉREA - SIGEPA,-2765.14,LATAM Airlines Brasil
220700,2026,3,PASSAGEM AÉREA - SIGEPA,2765.14,LATAM Airlines Brasil
220700,2026,3,PASSAGEM AÉREA - SIGEPA,2869.72,LATAM Airlines Brasil
220700,2026,3,PASSAGEM AÉREA - SIGEPA,156.0,LATAM Airlines Brasil
220700,2026,3,PASSAGEM AÉREA - SIGEPA,3026.31,LATAM Airlines Brasil
220700,2026,3,PASSAGEM AÉREA - SIGEPA,2633.63,LATAM Airlines Brasil
220700,2026,3,PASSAGEM AÉREA - SIGEPA,3327.14,LATAM Airlines Brasil
220700,2026,3,PASSAGEM AÉREA - SIGEPA,3327.14,LATAM Airlines Brasil
220700,2026,4,PASSAGEM AÉREA - SIGEPA,906.77,LATAM Airlines Brasil
220700,2026,4,PASSAGEM AÉREA - SIGEPA,3347.89,LATAM Airlines Brasil
220700,2026,5,PASSAGEM AÉREA - SIGEPA,3070.1,LATAM Airlines Brasil
220700,2026,6,PASSAGEM AÉREA - SIGEPA,1526.21,LATAM Airlines Brasil
220700,2026,6,PASSAGEM AÉREA - SIGEPA,1636.86,LATAM Airlines Brasil
220700,2026,6,PASSAGEM AÉREA - SIGEPA,163.0,LATAM Airlines Brasil
220700,2026,6,PASSAGEM AÉREA - SIGEPA,1554.92,LATAM Airlines Brasil
220700,2026,7,PASSAGEM AÉREA - SIGEPA,141.0,LATAM Airlines Brasil
220700,2026,7,PASSAGEM AÉREA - SIGEPA,2892.72,LATAM Airlines Brasil
220700,2026,7,PASSAGEM AÉREA - SIGEPA,141.0,LATAM Airlines Brasil
220700,2026,7,PASSAGEM AÉREA - SIGEPA,2702.06,LATAM Airlines Brasil
220697,2023,6,MANUTENÇÃO DE ESCRITÓRIO DE APOIO À ATIVIDADE PARLAMENTAR,100.0,5S PAPELARIA E LIVRARIA LTDA
220697,2023,2,MANUTENÇÃO DE ESCRITÓRIO DE APOIO À ATIVIDADE PARLAMENTAR,1707.3,EMIDIO SOUTO PEREIRA - EPP
220697,2023,3,MANUTENÇÃO DE ESCRITÓRIO DE APOIO À ATIVIDADE PARLAMENTAR,1794.7,EMIDIO SOUTO PEREIRA - EPP
220697,2023,4,MANUTENÇÃO DE ESCRITÓRIO DE APOIO À ATIVIDADE PARLAMENTAR,2023.4,EMIDIO SOUTO PEREIRA - EPP
220697,2023,5,MANUTENÇÃO DE ESCRITÓRIO DE APOIO À ATIVIDADE PARLAMENTAR,1247.5,EMIDIO SOUTO PEREIRA - EPP
220697,2023,6,MANUTENÇÃO DE ESCRITÓRIO DE APOIO À ATIVIDADE PARLAMENTAR,1803.9,EMIDIO SOUTO PEREIRA - EPP
220697,2023,7,MANUTENÇÃO DE ESCRITÓRIO DE APOIO À ATIVIDADE PARLAMENTAR,796.0,EMIDIO SOUTO PEREIRA - EPP
220697,2023,8,MANUTENÇÃO DE ESCRITÓRIO DE APOIO À ATIVIDADE PARLAMENTAR,1006.3,EMIDIO SOUTO PEREIRA - EPP
220697,2023,10,MANUTENÇÃO DE ESCRITÓRIO DE APOIO À ATIVIDADE PARLAMENTAR,818.2,EMIDIO SOUTO PEREIRA - EPP
220697,2023,11,MANUTENÇÃO DE ESCRITÓRIO DE APOIO À ATIVIDADE PARLAMENTAR,1768.2,EMIDIO SOUTO PEREIRA - EPP
220697,2023,12,MANUTENÇÃO DE ESCRITÓRIO DE APOIO À ATIVIDADE PARLAMENTAR,1867.58,EMIDIO SOUTO PEREIRA - EPP
220697,2023,10,MANUTENÇÃO DE ESCRITÓRIO DE APOIO À ATIVIDADE PARLAMENTAR,7000.0,ROCHA FILHO
220697,2023,11,MANUTENÇÃO DE ESCRITÓRIO DE APOIO À ATIVIDADE PARLAMENTAR,7000.0,ROCHA FILHO
220697,2023,12,MANUTENÇÃO DE ESCRITÓRIO DE APOIO À ATIVIDADE PARLAMENTAR,7000.0,ROCHA FILHO
220697,2023,4,COMBUSTÍVEIS E LUBRIFICANTES.,270.01,AUTO POSTO 302 SUL LTDA
220697,2023,5,COMBUSTÍVEIS E LUBRIFICANTES.,205.01,AUTO POSTO 302 SUL LTDA
220697,2023,6,COMBUSTÍVEIS E LUBRIFICANTES.,243.0,AUTO POSTO 302 SUL LTDA
220697,2023,6,COMBUSTÍVEIS E LUBRIFICANTES.,185.0,AUTO POSTO 302 SUL LTDA
220697,2023,7,COMBUSTÍVEIS E LUBRIFICANTES.,266.02,AUTO POSTO 302 SUL LTDA
220697,2023,8,COMBUSTÍVEIS E LUBRIFICANTES.,150.01,AUTO POSTO 302 SUL LTDA
220697,2023,9,COMBUSTÍVEIS E LUBRIFICANTES.,170.0,AUTO POSTO 302 SUL LTDA
220697,2023,9,COMBUSTÍVEIS E LUBRIFICANTES.,145.06,AUTO POSTO 302 SUL LTDA
220697,2023,9,COMBUSTÍVEIS E LUBRIFICANTES.,188.04,AUTO POSTO 302 SUL LTDA
220697,2023,10,COMBUSTÍVEIS E LUBRIFICANTES.,205.05,AUTO POSTO 302 SUL LTDA
220697,2023,10,COMBUSTÍVEIS E LUBRIFICANTES.,270.09,AUTO POSTO 302 SUL LTDA
220697,2023,10,COMBUSTÍVEIS E LUBRIFICANTES.,110.79,AUTO POSTO 302 SUL LTDA
220697,2023,6,COMBUSTÍVEIS E LUBRIFICANTES.,99.0,AUTO POSTO CARAVELE LTDA
220697,2023,8,COMBUSTÍVEIS E LUBRIFICANTES.,240.14,AUTO POSTO CARAVELE LTDA
220697,2023,8,COMBUSTÍVEIS E LUBRIFICANTES.,179.8,AUTO POSTO CARAVELE LTDA
220697,2023,8,COMBUSTÍVEIS E LUBRIFICANTES.,261.01,AUTO POSTO CARAVELE LTDA
220697,2023,8,COMBUSTÍVEIS E LUBRIFICANTES.,198.82,AUTO POSTO CARAVELE LTDA
220697,2023,10,COMBUSTÍVEIS E LUBRIFICANTES.,231.45,AUTO POSTO CINCO ESTRELAS LTDA
220697,2023,11,COMBUSTÍVEIS E LUBRIFICANTES.,241.99,AUTO POSTO CINCO ESTRELAS LTDA
220697,2023,11,COMBUSTÍVEIS E LUBRIFICANTES.,260.04,AUTO POSTO CINCO ESTRELAS LTDA
220697,2023,11,COMBUSTÍVEIS E LUBRIFICANTES.,229.98,AUTO POSTO CINCO ESTRELAS LTDA
220697,2023,12,COMBUSTÍVEIS E LUBRIFICANTES.,127.47,AUTO POSTO CINCO ESTRELAS LTDA
220697,2023,12,COMBUSTÍVEIS E LUBRIFICANTES.,130.99,AUTO POSTO CINCO ESTRELAS LTDA
220697,2023,12,COMBUSTÍVEIS E LUBRIFICANTES.,85.0,AUTO POSTO CINCO ESTRELAS LTDA
220697,2023,12,COMBUSTÍVEIS E LUBRIFICANTES.,253.08,AUTO POSTO CINCO ESTRELAS LTDA
220697,2023,12,COMBUSTÍVEIS E LUBRIFICANTES.,202.03,AUTO POSTO CINCO ESTRELAS LTDA
220697,2023,6,COMBUSTÍVEIS E LUBRIFICANTES.,183.97,AUTO SHOPPING DERIVADOS DE PETROLEO LTDA.
220697,2023,4,COMBUSTÍVEIS E LUBRIFICANTES.,405.3,PRADO & FIGUEIREDO COMBUSTIVEIS LTDA
220697,2023,4,COMBUSTÍVEIS E LUBRIFICANTES.,382.85,PRADO & FIGUEIREDO COMBUSTIVEIS LTDA
220697,2023,4,DIVULGAÇÃO DA ATIVIDADE PARLAMENTAR.,1500.0,50.006.364 RANIELLY RODRIGUES VELOSO
220697,2023,4,DIVULGAÇÃO DA ATIVIDADE PARLAMENTAR.,1500.0,ALFA COMUNICACAO E MARKETING DIGITAL LTDA
220697,2023,5,DIVULGAÇÃO DA ATIVIDADE PARLAMENTAR.,1500.0,ALFA COMUNICAÇÃO E MARKETING DIGITAL LTDA
220697,2023,6,DIVULGAÇÃO DA ATIVIDADE PARLAMENTAR.,1500.0,ALFA COMUNICAÇÃO E MARKETING DIGITAL LTDA
220697,2023,7,DIVULGAÇÃO DA ATIVIDADE PARLAMENTAR.,1500.0,ALFA COMUNICAÇÃO E MARKETING DIGITAL LTDA
220697,2023,8,DIVULGAÇÃO DA ATIVIDADE PARLAMENTAR.,1500.0,ALFA COMUNICAÇÃO E MARKETING DIGITAL LTDA
220697,2023,9,DIVULGAÇÃO DA ATIVIDADE PARLAMENTAR.,1500.0,ALFA COMUNICAÇÃO E MARKETING DIGITAL LTDA
220697,2023,10,DIVULGAÇÃO DA ATIVIDADE PARLAMENTAR.,1500.0,ALFA COMUNICAÇÃO E MARKETING DIGITAL LTDA
220697,2023,11,DIVULGAÇÃO DA ATIVIDADE PARLAMENTAR.,1500.0,ALFA COMUNICAÇÃO E MARKETING DIGITAL LTDA
220697,2023,12,DIVULGAÇÃO DA ATIVIDADE PARLAMENTAR.,1500.0,ALFA COMUNICAÇÃO E MARKETING DIGITAL LTDA
220697,2023,3,DIVULGAÇÃO DA ATIVIDADE PARLAMENTAR.,1500.0,ALFA COMUNICAÇÃO E MARKETING DIGITAL LTDA
220697,2023,2,DIVULGAÇÃO DA ATIVIDADE PARLAMENTAR.,10400.0,ANDRE LUIZ SANTOS MAGALHAES
220697,2023,3,DIVULGAÇÃO DA ATIVIDADE PARLAMENTAR.,10400.0,ANDRE LUIZ SANTOS MAGALHAES
220697,2023,3,DIVULGAÇÃO DA ATIVIDADE PARLAMENTAR.,20000.0,D C VIEIRA DE OLIVEIRA
220697,2023,6,DIVULGAÇÃO DA ATIVIDADE PARLAMENTAR.,17500.0,D C VIEIRA DE OLIVEIRA
220697,2023,6,DIVULGAÇÃO DA ATIVIDADE PARLAMENTAR.,1000.0,ELDORADO COMUNICACAO E JORNALISMO LTDA
220697,2023,7,DIVULGAÇÃO DA ATIVIDADE PARLAMENTAR.,1000.0,ELDORADO COMUNICACAO E JORNALISMO LTDA
220697,2023,8,DIVULGAÇÃO DA ATIVIDADE PARLAMENTAR.,1000.0,ELDORADO COMUNICACAO E JORNALISMO LTDA
220697,2023,9,DIVULGAÇÃO DA ATIVIDADE PARLAMENTAR.,1000.0,ELDORADO COMUNICACAO E JORNALISMO LTDA
220697,2023,10,DIVULGAÇÃO DA ATIVIDADE PARLAMENTAR.,1000.0,ELDORADO COMUNICACAO E JORNALISMO LTDA
220697,2023,11,DIVULGAÇÃO DA ATIVIDADE PARLAMENTAR.,1000.0,ELDORADO COMUNICACAO E JORNALISMO LTDA
220697,2023,12,DIVULGAÇÃO DA ATIVIDADE PARLAMENTAR.,1000.0,ELDORADO COMUNICACAO E JORNALISMO LTDA
220697,2023,3,DIVULGAÇÃO DA ATIVIDADE PARLAMENTAR.,1000.0,ELDORADO COMUNICACAO E JORNALISMO LTDA
220697,2023,4,DIVULGAÇÃO DA ATIVIDADE PARLAMENTAR.,1000.0,ELDORADO COMUNICACAO E JORNALISMO LTDA
220697,2023,5,DIVULGAÇÃO DA ATIVIDADE PARLAMENTAR.,1000.0,ELDORADO COMUNICACAO E JORNALISMO LTDA
220697,2023,11,DIVULGAÇÃO DA ATIVIDADE PARLAMENTAR.,40000.0,ESTAÇÃO I ESTUDO CRIATIVO LTDA
220697,2023,12,DIVULGAÇÃO DA ATIVIDADE PARLAMENTAR.,25000.0,ESTAÇÃO I ESTUDO CRIATIVO LTDA
220697,2023,6,DIVULGAÇÃO DA ATIVIDADE PARLAMENTAR.,2500.0,ESTIMATIVA EDITORA E COMUNICACAO LTDA
220697,2023,7,DIVULGAÇÃO DA ATIVIDADE PARLAMENTAR.,2500.0,ESTIMATIVA EDITORA E COMUNICACAO LTDA
220697,2023,8,DIVULGAÇÃO DA ATIVIDADE PARLAMENTAR.,2500.0,ESTIMATIVA EDITORA E COMUNICACAO LTDA
220697,2023,9,DIVULGAÇÃO DA ATIVIDADE PARLAMENTAR.,2500.0,ESTIMATIVA EDITORA E COMUNICACAO LTDA
220697,2023,10,DIVULGAÇÃO DA ATIVIDADE PARLAMENTAR.,2500.0,ESTIMATIVA EDITORA E COMUNICACAO LTDA
220697,2023,11,DIVULGAÇÃO DA ATIVIDADE PARLAMENTAR.,2500.0,ESTIMATIVA EDITORA E COMUNICACAO LTDA
220697,2023,12,DIVULGAÇÃO DA ATIVIDADE PARLAMENTAR.,2500.0,ESTIMATIVA EDITORA E COMUNICACAO LTDA
220697,2023,6,DIVULGAÇÃO DA ATIVIDADE PARLAMENTAR.,675.0,EVOLUTION PRESTACAO DE SERVICOS E COMERCIO LTDA
220697,2023,5,DIVULGAÇÃO DA ATIVIDADE PARLAMENTAR.,17500.0,grafica imprimex comunicação visual
220697,2023,7,DIVULGAÇÃO DA ATIVIDADE PARLAMENTAR.,17500.0,grafica imprimex comunicação visual
220697,2023,8,DIVULGAÇÃO DA ATIVIDADE PARLAMENTAR.,15000.0,grafica imprimex comunicação visual
220697,2023,9,DIVULGAÇÃO DA ATIVIDADE PARLAMENTAR.,15000.0,grafica imprimex comunicação visual
220697,2023,9,DIVULGAÇÃO DA ATIVIDADE PARLAMENTAR.,9750.0,J DE ARAUJO S E SILVA
220697,2023,10,DIVULGAÇÃO DA ATIVIDADE PARLAMENTAR.,9750.0,J DE ARAUJO S E SILVA
220697,2023,11,DIVULGAÇÃO DA ATIVIDADE PARLAMENTAR.,9750.0,J DE ARAUJO S E SILVA
220697,2023,12,DIVULGAÇÃO DA ATIVIDADE PARLAMENTAR.,9750.0,J DE ARAUJO S E SILVA
220697,2023,6,DIVULGAÇÃO DA ATIVIDADE PARLAMENTAR.,116.0,R L DE OLIVEIRA ESTRATEGIA DIGITAL
220697,2023,5,DIVULGAÇÃO DA ATIVIDADE PARLAMENTAR.,1500.0,Ranielly Rodrigues Veloso
220697,2023,4,DIVULGAÇÃO DA ATIVIDADE PARLAMENTAR.,350.0,SANTOS SERVICOS GRAFICOS LTDA
220697,2023,5,DIVULGAÇÃO DA ATIVIDADE PARLAMENTAR.,1500.0,SHELDA VANESSA RIBEIRO MAGALHAES
220697,2023,6,DIVULGAÇÃO DA ATIVIDADE PARLAMENTAR.,1500.0,SHELDA VANESSA RIBEIRO MAGALHAES
220697,2023,7,DIVULGAÇÃO DA ATIVIDADE PARLAMENTAR.,1500.0,SHELDA VANESSA RIBEIRO MAGALHAES
220697,2023,11,DIVULGAÇÃO DA ATIVIDADE PARLAMENTAR.,1500.0,SHELDA VANESSA RIBEIRO MAGALHAES
220697,2023,12,DIVULGAÇÃO DA ATIVIDADE PARLAMENTAR.,1500.0,SHELDA VANESSA RIBEIRO MAGALHAES
220697,2023,8,DIVULGAÇÃO DA ATIVIDADE PARLAMENTAR.,1500.0,SHELDA VANESSA RIBEIRO MAGALHAES
220697,2023,9,DIVULGAÇÃO DA ATIVIDADE PARLAMENTAR.,1500.0,SHELDA VANESSA RIBEIRO MAGALHAES
220697,2023,10,DIVULGAÇÃO DA ATIVIDADE PARLAMENTAR.,1500.0,SHELDA VANESSA RIBEIRO MAGALHAES
220697,2023,4,DIVULGAÇÃO DA ATIVIDADE PARLAMENTAR.,1500.0,SHELDA VANESSA RIBEIRO MAGALHAES 07401155370
220697,2023,6,DIVULGAÇÃO DA ATIVIDADE PARLAMENTAR.,3000.0,SOCIAL COMUNICACAO & JORNALISMO LTDA
220697,2023,7,DIVULGAÇÃO DA ATIVIDADE PARLAMENTAR.,3000.0,SOCIAL COMUNICACAO & JORNALISMO LTDA ME
220697,2023,3,PASSAGEM AÉREA - REEMBOLSO,1542.05,AZUL LINHAS AÉREAS BRASILEIRAS S.A.
220697,2023,2,PASSAGEM AÉREA - REEMBOLSO,3569.64,Latam Linhas Aéreas S.A
220697,2023,3,FORNECIMENTO DE ALIMENTAÇÃO DO PARLAMENTAR,79.0,BRASILIA EMPREENDIMENTOS SERVICOS E PARTICIPACOES LTDA
220697,2023,3,FORNECIMENTO DE ALIMENTAÇÃO DO PARLAMENTAR,87.68,SERVICO NACIONAL DE APRENDIZAGEM COMERCIAL SENAC
220697,2023,2,LOCAÇÃO OU FRETAMENTO DE VEÍCULOS AUTOMOTORES,12000.0,AUTO LESTE LTDA
220697,2023,3,LOCAÇÃO OU FRETAMENTO DE VEÍCULOS AUTOMOTORES,12000.0,AUTO LESTE LTDA
220697,2023,4,LOCAÇÃO OU FRETAMENTO DE VEÍCULOS AUTOMOTORES,12000.0,AUTO LESTE LTDA
220697,2023,5,LOCAÇÃO OU FRETAMENTO DE VEÍCULOS AUTOMOTORES,12000.0,AUTO LESTE LTDA
220697,2023,6,LOCAÇÃO OU FRETAMENTO DE VEÍCULOS AUTOMOTORES,12000.0,AUTO LESTE LTDA
220697,2023,7,LOCAÇÃO OU FRETAMENTO DE VEÍCULOS AUTOMOTORES,12000.0,AUTO LESTE LTDA
220697,2023,8,LOCAÇÃO OU FRETAMENTO DE VEÍCULOS AUTOMOTORES,12000.0,AUTO LESTE LTDA
220697,2023,9,LOCAÇÃO OU FRETAMENTO DE VEÍCULOS AUTOMOTORES,12000.0,AUTO LESTE LTDA
220697,2023,10,LOCAÇÃO OU FRETAMENTO DE VEÍCULOS AUTOMOTORES,12000.0,AUTO LESTE LTDA
220697,2023,11,LOCAÇÃO OU FRETAMENTO DE VEÍCULOS AUTOMOTORES,12000.0,AUTO LESTE LTDA
220697,2023,12,LOCAÇÃO OU FRETAMENTO DE VEÍCULOS AUTOMOTORES,12000.0,AUTO LESTE LTDA
220697,2023,9,PASSAGEM AÉREA - SIGEPA,1482.88,AZUL
220697,2023,9,PASSAGEM AÉREA - SIGEPA,1497.37,AZUL
220697,2023,8,PASSAGEM AÉREA - SIGEPA,1921.28,GOL
220697,2023,8,PASSAGEM AÉREA - SIGEPA,1907.45,GOL
220697,2023,10,PASSAGEM AÉREA - SIGEPA,1610.4,GOL
220697,2023,11,PASSAGEM AÉREA - SIGEPA,1898.45,GOL
220697,2023,11,PASSAGEM AÉREA - SIGEPA,2052.55,GOL
220697,2023,2,PASSAGEM AÉREA - SIGEPA,1886.44,GOL
220697,2023,3,PASSAGEM AÉREA - SIGEPA,1993.53,GOL
220697,2023,3,PASSAGEM AÉREA - SIGEPA,-1895.85,GOL
220697,2023,3,PASSAGEM AÉREA - SIGEPA,1932.71,GOL
220697,2023,6,PASSAGEM AÉREA - SIGEPA,1738.91,GOL
220697,2023,6,PASSAGEM AÉREA - SIGEPA,-1653.38,GOL
220697,2023,2,PASSAGEM AÉREA - SIGEPA,79.0,TAM
220697,2023,2,PASSAGEM AÉREA - SIGEPA,1366.37,TAM
220697,2023,2,PASSAGEM AÉREA - SIGEPA,-578.59,TAM
220697,2023,2,PASSAGEM AÉREA - SIGEPA,79.0,TAM
220697,2023,2,PASSAGEM AÉREA - SIGEPA,787.78,TAM
220697,2023,2,PASSAGEM AÉREA - SIGEPA,-28.37,TAM
220697,2023,2,PASSAGEM AÉREA - SIGEPA,-1377.74,TAM
220697,2023,2,PASSAGEM AÉREA - SIGEPA,1377.74,TAM
220697,2023,2,PASSAGEM AÉREA - SIGEPA,1377.74,TAM
220697,2023,2,PASSAGEM AÉREA - SIGEPA,1366.37,TAM
220697,2023,2,PASSAGEM AÉREA - SIGEPA,1366.37,TAM
220697,2023,2,PASSAGEM AÉREA - SIGEPA,-907.42,TAM
220697,2023,3,PASSAGEM AÉREA - SIGEPA,-1366.37,TAM
220697,2023,3,PASSAGEM AÉREA - SIGEPA,59.0,TAM
220697,2023,3,PASSAGEM AÉREA - SIGEPA,686.9,TAM
220697,2023,3,PASSAGEM AÉREA - SIGEPA,1377.74,TAM
220697,2023,3,PASSAGEM AÉREA - SIGEPA,1377.74,TAM
220697,2023,3,PASSAGEM AÉREA - SIGEPA,-1377.74,TAM
220697,2023,3,PASSAGEM AÉREA - SIGEPA,-1377.74,TAM
220697,2023,3,PASSAGEM AÉREA - SIGEPA,1377.74,TAM
220697,2023,3,PASSAGEM AÉREA - SIGEPA,1366.37,TAM
220697,2023,3,PASSAGEM AÉREA - SIGEPA,1377.74,TAM
220697,2023,3,PASSAGEM AÉREA - SIGEPA,-1377.74,TAM
220697,2023,3,PASSAGEM AÉREA - SIGEPA,1377.74,TAM
220697,2023,3,PASSAGEM AÉREA - SIGEPA,1377.74,TAM
220697,2023,3,PASSAGEM AÉREA - SIGEPA,1366.37,TAM
220697,2023,3,PASSAGEM AÉREA - SIGEPA,1819.74,TAM
220697,2023,3,PASSAGEM AÉREA - SIGEPA,1377.74,TAM
220697,2023,3,PASSAGEM AÉREA - SIGEPA,-1819.74,TAM
220697,2023,3,PASSAGEM AÉREA - SIGEPA,1819.74,TAM
220697,2023,3,PASSAGEM AÉREA - SIGEPA,-781.97,TAM
220697,2023,3,PASSAGEM AÉREA - SIGEPA,1377.74,TAM
220697,2023,3,PASSAGEM AÉREA - SIGEPA,-1808.37,TAM
220697,2023,3,PASSAGEM AÉREA - SIGEPA,1808.37,TAM
220697,2023,3,PASSAGEM AÉREA - SIGEPA,1366.37,TAM
220697,2023,3,PASSAGEM AÉREA - SIGEPA,-1808.37,TAM
220697,2023,3,PASSAGEM AÉREA - SIGEPA,1808.37,TAM
220697,2023,3,PASSAGEM AÉREA - SIGEPA,1366.37,TAM
220697,2023,3,PASSAGEM AÉREA - SIGEPA,1377.74,TAM
220697,2023,3,PASSAGEM AÉREA - SIGEPA,1366.37,TAM
220697,2023,3,PASSAGEM AÉREA - SIGEPA,1809.63,TAM
220697,2023,4,PASSAGEM AÉREA - SIGEPA,781.97,TAM
220697,2023,4,PASSAGEM AÉREA - SIGEPA,-1823.34,TAM
220697,2023,4,PASSAGEM AÉREA - SIGEPA,1823.34,TAM
220697,2023,4,PASSAGEM AÉREA - SIGEPA,1808.37,TAM
220697,2023,4,PASSAGEM AÉREA - SIGEPA,1661.75,TAM
220697,2023,5,PASSAGEM AÉREA - SIGEPA,59.0,TAM
220697,2023,5,PASSAGEM AÉREA - SIGEPA,1148.72,TAM
220697,2023,5,PASSAGEM AÉREA - SIGEPA,95.0,TAM
220697,2023,5,PASSAGEM AÉREA - SIGEPA,1163.69,TAM
220697,2023,5,PASSAGEM AÉREA - SIGEPA,1823.34,TAM
220697,2023,6,PASSAGEM AÉREA - SIGEPA,1823.34,TAM
220697,2023,6,PASSAGEM AÉREA - SIGEPA,1808.37,TAM
220697,2023,6,PASSAGEM AÉREA - SIGEPA,-724.63,TAM
220697,2023,6,PASSAGEM AÉREA - SIGEPA,-383.98,TAM
220697,2023,6,PASSAGEM AÉREA - SIGEPA,1746.56,TAM
220697,2023,6,PASSAGEM AÉREA - SIGEPA,-1823.34,TAM
220697,2023,6,PASSAGEM AÉREA - SIGEPA,1823.34,TAM
220697,2023,7,PASSAGEM AÉREA - SIGEPA,59.0,TAM
220697,2023,7,PASSAGEM AÉREA - SIGEPA,1381.34,TAM
220697,2023,7,PASSAGEM AÉREA - SIGEPA,59.0,TAM
220697,2023,7,PASSAGEM AÉREA - SIGEPA,1381.34,TAM
220697,2023,7,PASSAGEM AÉREA - SIGEPA,-43.34,TAM
220697,2023,7,PASSAGEM AÉREA - SIGEPA,59.0,TAM
220697,2023,7,PASSAGEM AÉREA - SIGEPA,1381.34,TAM
220697,2023,8,PASSAGEM AÉREA - SIGEPA,55.0,TAM
220697,2023,8,PASSAGEM AÉREA - SIGEPA,1381.34,TAM
220697,2023,8,PASSAGEM AÉREA - SIGEPA,-1823.34,TAM
220697,2023,8,PASSAGEM AÉREA - SIGEPA,442.0,TAM
220697,2023,9,PASSAGEM AÉREA - SIGEPA,79.0,TAM
220697,2023,9,PASSAGEM AÉREA - SIGEPA,1381.34,TAM
220697,2023,9,PASSAGEM AÉREA - SIGEPA,79.0,TAM
220697,2023,9,PASSAGEM AÉREA - SIGEPA,1367.51,TAM
220697,2023,9,PASSAGEM AÉREA - SIGEPA,55.0,TAM
220697,2023,9,PASSAGEM AÉREA - SIGEPA,1367.51,TAM
220697,2023,10,PASSAGEM AÉREA - SIGEPA,1367.51,TAM
220697,2023,10,PASSAGEM AÉREA - SIGEPA,79.0,TAM
220697,2023,10,PASSAGEM AÉREA - SIGEPA,1381.34,TAM
220697,2023,11,PASSAGEM AÉREA - SIGEPA,-43.34,TAM
220697,2023,11,PASSAGEM AÉREA - SIGEPA,59.0,TAM
220697,2023,11,PASSAGEM AÉREA - SIGEPA,1381.34,TAM
220697,2023,11,PASSAGEM AÉREA - SIGEPA,59.0,TAM
220697,2023,11,PASSAGEM AÉREA - SIGEPA,1381.34,TAM
220697,2023,11,PASSAGEM AÉREA - SIGEPA,59.0,TAM
220697,2023,11,PASSAGEM AÉREA - SIGEPA,1367.51,TAM
220697,2023,11,PASSAGEM AÉREA - SIGEPA,55.0,TAM
220697,2023,11,PASSAGEM AÉREA - SIGEPA,1381.34,TAM
220697,2023,11,PASSAGEM AÉREA - SIGEPA,59.0,TAM
220697,2023,11,PASSAGEM AÉREA - SIGEPA,1381.34,TAM
220697,2023,11,PASSAGEM AÉREA - SIGEPA,1367.51,TAM
220697,2023,11,PASSAGEM AÉREA - SIGEPA,55.0,TAM
220697,2023,11,PASSAGEM AÉREA - SIGEPA,1381.34,TAM
220697,2023,11,PASSAGEM AÉREA - SIGEPA,-1381.34,TAM
220697,2023,11,PASSAGEM AÉREA - SIGEPA,85.0,TAM
220697,2023,11,PASSAGEM AÉREA - SIGEPA,1381.34,TAM
220697,2023,11,PASSAGEM AÉREA - SIGEPA,55.0,TAM
220697,2023,11,PASSAGEM AÉREA - SIGEPA,1381.34,TAM
220697,2023,11,PASSAGEM AÉREA - SIGEPA,59.0,TAM
220697,2023,11,PASSAGEM AÉREA - SIGEPA,1367.51,TAM
220697,2023,12,PASSAGEM AÉREA - SIGEPA,433.59,TAM
220697,2023,12,PASSAGEM AÉREA - SIGEPA,61.0,TAM
220697,2023,12,PASSAGEM AÉREA - SIGEPA,1367.51,TAM
220697,2023,12,PASSAGEM AÉREA - SIGEPA,-29.51,TAM
220697,2023,12,PASSAGEM AÉREA - SIGEPA,-43.34,TAM
220697,2023,12,PASSAGEM AÉREA - SIGEPA,87.0,TAM
220697,2023,12,PASSAGEM AÉREA - SIGEPA,702.84,TAM
220697,2023,12,PASSAGEM AÉREA - SIGEPA,-29.51,TAM
220697,2023,12,PASSAGEM AÉREA - SIGEPA,87.0,TAM
220697,2023,12,PASSAGEM AÉREA - SIGEPA,454.27,TAM
220697,2024,11,MANUTENÇÃO DE ESCRITÓRIO DE APOIO À ATIVIDADE PARLAMENTAR,472.47,AGUAS DE TERESINA SAN. SPE SA
220697,2024,3,MANUTENÇÃO DE ESCRITÓRIO DE APOIO À ATIVIDADE PARLAMENTAR,395.32,AGUAS DE TERESINA SAN. SPE SA
220697,2024,4,MANUTENÇÃO DE ESCRITÓRIO DE APOIO À ATIVIDADE PARLAMENTAR,100.7,AGUAS DE TERESINA SAN. SPE SA
220697,2024,5,MANUTENÇÃO DE ESCRITÓRIO DE APOIO À ATIVIDADE PARLAMENTAR,755.38,AGUAS DE TERESINA SAN. SPE SA
220697,2024,6,MANUTENÇÃO DE ESCRITÓRIO DE APOIO À ATIVIDADE PARLAMENTAR,576.24,AGUAS DE TERESINA SAN. SPE SA
220697,2024,7,MANUTENÇÃO DE ESCRITÓRIO DE APOIO À ATIVIDADE PARLAMENTAR,672.22,AGUAS DE TERESINA SAN. SPE SA
220697,2024,8,MANUTENÇÃO DE ESCRITÓRIO DE APOIO À ATIVIDADE PARLAMENTAR,1028.74,AGUAS DE TERESINA SAN. SPE SA
220697,2024,2,MANUTENÇÃO DE ESCRITÓRIO DE APOIO À ATIVIDADE PARLAMENTAR,1471.98,AGUAS DE TERESINA SAN. SPE SA
220697,2024,8,MANUTENÇÃO DE ESCRITÓRIO DE APOIO À ATIVIDADE PARLAMENTAR,123.07,Companhia Energética do Piauí
220697,2024,9,MANUTENÇÃO DE ESCRITÓRIO DE APOIO À ATIVIDADE PARLAMENTAR,4096.05,Companhia Energética do Piauí
220697,2024,10,MANUTENÇÃO DE ESCRITÓRIO DE APOIO À ATIVIDADE PARLAMENTAR,6108.12,Companhia Energética do Piauí
220697,2024,11,MANUTENÇÃO DE ESCRITÓRIO DE APOIO À ATIVIDADE PARLAMENTAR,3198.65,Companhia Energética do Piauí
220697,2024,4,MANUTENÇÃO DE ESCRITÓRIO DE APOIO À ATIVIDADE PARLAMENTAR,553.4,EMIDIO SOUTO PEREIRA
220697,2024,5,MANUTENÇÃO DE ESCRITÓRIO DE APOIO À ATIVIDADE PARLAMENTAR,385.6,EMIDIO SOUTO PEREIRA
220697,2024,12,MANUTENÇÃO DE ESCRITÓRIO DE APOIO À ATIVIDADE PARLAMENTAR,752.6,EMIDIO SOUTO PEREIRA
220697,2024,3,MANUTENÇÃO DE ESCRITÓRIO DE APOIO À ATIVIDADE PARLAMENTAR,729.1,EMIDIO SOUTO PEREIRA - EPP
220697,2024,1,MANUTENÇÃO DE ESCRITÓRIO DE APOIO À ATIVIDADE PARLAMENTAR,7000.0,ROCHA FILHO
220697,2024,2,MANUTENÇÃO DE ESCRITÓRIO DE APOIO À ATIVIDADE PARLAMENTAR,7000.0,ROCHA FILHO
220697,2024,3,MANUTENÇÃO DE ESCRITÓRIO DE APOIO À ATIVIDADE PARLAMENTAR,7000.0,ROCHA FILHO
220697,2024,4,MANUTENÇÃO DE ESCRITÓRIO DE APOIO À ATIVIDADE PARLAMENTAR,7000.0,ROCHA FILHO
220697,2024,5,MANUTENÇÃO DE ESCRITÓRIO DE APOIO À ATIVIDADE PARLAMENTAR,7000.0,ROCHA FILHO
220697,2024,6,MANUTENÇÃO DE ESCRITÓRIO DE APOIO À ATIVIDADE PARLAMENTAR,7000.0,ROCHA FILHO
220697,2024,7,MANUTENÇÃO DE ESCRITÓRIO DE APOIO À ATIVIDADE PARLAMENTAR,7000.0,ROCHA FILHO
220697,2024,8,MANUTENÇÃO DE ESCRITÓRIO DE APOIO À ATIVIDADE PARLAMENTAR,1500.0,ROCHA FILHO
220697,2024,9,MANUTENÇÃO DE ESCRITÓRIO DE APOIO À ATIVIDADE PARLAMENTAR,1500.0,ROCHA FILHO
220697,2024,10,MANUTENÇÃO DE ESCRITÓRIO DE APOIO À ATIVIDADE PARLAMENTAR,1500.0,ROCHA FILHO
220697,2024,11,MANUTENÇÃO DE ESCRITÓRIO DE APOIO À ATIVIDADE PARLAMENTAR,1500.0,ROCHA FILHO
220697,2024,12,MANUTENÇÃO DE ESCRITÓRIO DE APOIO À ATIVIDADE PARLAMENTAR,1500.0,ROCHA FILHO
220697,2024,3,COMBUSTÍVEIS E LUBRIFICANTES.,251.11,AUTO POSTO 302 SUL LTDA
220697,2024,3,COMBUSTÍVEIS E LUBRIFICANTES.,182.03,AUTO POSTO 302 SUL LTDA
220697,2024,3,COMBUSTÍVEIS E LUBRIFICANTES.,279.13,AUTO POSTO 302 SUL LTDA
220697,2024,4,COMBUSTÍVEIS E LUBRIFICANTES.,255.04,AUTO POSTO 302 SUL LTDA
220697,2024,5,COMBUSTÍVEIS E LUBRIFICANTES.,285.02,AUTO POSTO 302 SUL LTDA
220697,2024,5,COMBUSTÍVEIS E LUBRIFICANTES.,122.26,AUTO POSTO 302 SUL LTDA
220697,2024,6,COMBUSTÍVEIS E LUBRIFICANTES.,224.73,AUTO POSTO 302 SUL LTDA
220697,2024,7,COMBUSTÍVEIS E LUBRIFICANTES.,274.21,AUTO POSTO 302 SUL LTDA
220697,2024,7,COMBUSTÍVEIS E LUBRIFICANTES.,266.61,AUTO POSTO 302 SUL LTDA
220697,2024,7,COMBUSTÍVEIS E LUBRIFICANTES.,538.22,AUTO POSTO 302 SUL LTDA
220697,2024,8,COMBUSTÍVEIS E LUBRIFICANTES.,275.01,AUTO POSTO 302 SUL LTDA
220697,2024,10,COMBUSTÍVEIS E LUBRIFICANTES.,260.09,AUTO POSTO 302 SUL LTDA
220697,2024,10,COMBUSTÍVEIS E LUBRIFICANTES.,250.0,AUTO POSTO 302 SUL LTDA
220697,2024,11,COMBUSTÍVEIS E LUBRIFICANTES.,250.0,AUTO POSTO 302 SUL LTDA
220697,2024,11,COMBUSTÍVEIS E LUBRIFICANTES.,300.19,AUTO POSTO 302 SUL LTDA
220697,2024,11,COMBUSTÍVEIS E LUBRIFICANTES.,350.0,AUTO POSTO 302 SUL LTDA
220697,2024,12,COMBUSTÍVEIS E LUBRIFICANTES.,250.0,AUTO POSTO 302 SUL LTDA
220697,2024,12,COMBUSTÍVEIS E LUBRIFICANTES.,300.0,AUTO POSTO 302 SUL LTDA
220697,2024,10,COMBUSTÍVEIS E LUBRIFICANTES.,270.12,AUTO POSTO 302 SUL LTDA
220697,2024,4,COMBUSTÍVEIS E LUBRIFICANTES.,255.01,AUTO POSTO CARAVELE LTDA
220697,2024,4,COMBUSTÍVEIS E LUBRIFICANTES.,286.45,AUTO POSTO CARAVELE LTDA
220697,2024,4,COMBUSTÍVEIS E LUBRIFICANTES.,148.02,AUTO POSTO CARAVELE LTDA
220697,2024,5,COMBUSTÍVEIS E LUBRIFICANTES.,253.92,AUTO POSTO CARAVELE LTDA
220697,2024,6,COMBUSTÍVEIS E LUBRIFICANTES.,235.28,AUTO POSTO CARAVELE LTDA
220697,2024,1,COMBUSTÍVEIS E LUBRIFICANTES.,167.05,AUTO POSTO CINCO ESTRELAS LTDA
220697,2024,2,COMBUSTÍVEIS E LUBRIFICANTES.,140.19,AUTO POSTO CINCO ESTRELAS LTDA
220697,2024,2,COMBUSTÍVEIS E LUBRIFICANTES.,284.04,AUTO POSTO CINCO ESTRELAS LTDA
220697,2024,4,COMBUSTÍVEIS E LUBRIFICANTES.,472.61,AUTO POSTO CINCO ESTRELAS LTDA
220697,2024,5,COMBUSTÍVEIS E LUBRIFICANTES.,123.22,AUTO POSTO CINCO ESTRELAS LTDA
220697,2024,5,COMBUSTÍVEIS E LUBRIFICANTES.,105.0,AUTO POSTO CINCO ESTRELAS LTDA
220697,2024,6,COMBUSTÍVEIS E LUBRIFICANTES.,279.0,AUTO POSTO CINCO ESTRELAS LTDA
220697,2024,7,COMBUSTÍVEIS E LUBRIFICANTES.,310.05,AUTO POSTO SIA SUL LTDA
220697,2024,12,COMBUSTÍVEIS E LUBRIFICANTES.,350.0,AUTO SHOPPING DERIVADOS DE PETROLEO LTDA
220697,2024,3,COMBUSTÍVEIS E LUBRIFICANTES.,295.05,AUTO SHOPPING DERIVADOS DE PETROLEO LTDA.
220697,2024,4,COMBUSTÍVEIS E LUBRIFICANTES.,200.0,DAIR JOSE RODRIGUES 06696354646
220697,2024,8,COMBUSTÍVEIS E LUBRIFICANTES.,360.0,DAIR JOSE RODRIGUES 06696354646
220697,2024,11,COMBUSTÍVEIS E LUBRIFICANTES.,340.0,DAIR JOSE RODRIGUES 06696354646
220697,2024,12,DIVULGAÇÃO DA ATIVIDADE PARLAMENTAR.,500.0,ALFA COMUNICAÇÃO E MARKETING DIGITAL LTDA
220697,2024,2,DIVULGAÇÃO DA ATIVIDADE PARLAMENTAR.,1500.0,ALFA COMUNICAÇÃO E MARKETING DIGITAL LTDA
220697,2024,3,DIVULGAÇÃO DA ATIVIDADE PARLAMENTAR.,1500.0,ALFA COMUNICAÇÃO E MARKETING DIGITAL LTDA
220697,2024,4,DIVULGAÇÃO DA ATIVIDADE PARLAMENTAR.,1500.0,ALFA COMUNICAÇÃO E MARKETING DIGITAL LTDA
220697,2024,5,DIVULGAÇÃO DA ATIVIDADE PARLAMENTAR.,1500.0,ALFA COMUNICAÇÃO E MARKETING DIGITAL LTDA
220697,2024,6,DIVULGAÇÃO DA ATIVIDADE PARLAMENTAR.,1500.0,ALFA COMUNICAÇÃO E MARKETING DIGITAL LTDA
220697,2024,7,DIVULGAÇÃO DA ATIVIDADE PARLAMENTAR.,1500.0,ALFA COMUNICAÇÃO E MARKETING DIGITAL LTDA
220697,2024,8,DIVULGAÇÃO DA ATIVIDADE PARLAMENTAR.,1500.0,ALFA COMUNICAÇÃO E MARKETING DIGITAL LTDA
220697,2024,9,DIVULGAÇÃO DA ATIVIDADE PARLAMENTAR.,1500.0,ALFA COMUNICAÇÃO E MARKETING DIGITAL LTDA
220697,2024,10,DIVULGAÇÃO DA ATIVIDADE PARLAMENTAR.,1500.0,ALFA COMUNICAÇÃO E MARKETING DIGITAL LTDA
220697,2024,11,DIVULGAÇÃO DA ATIVIDADE PARLAMENTAR.,1500.0,ALFA COMUNICAÇÃO E MARKETING DIGITAL LTDA
220697,2024,12,DIVULGAÇÃO DA ATIVIDADE PARLAMENTAR.,1500.0,ALFA COMUNICAÇÃO E MARKETING DIGITAL LTDA
220697,2024,3,DIVULGAÇÃO DA ATIVIDADE PARLAMENTAR.,6000.0,DV PRODUÇÃO E FINALIZAÇÃO
220697,2024,2,DIVULGAÇÃO DA ATIVIDADE PARLAMENTAR.,1000.0,ELDORADO COMUNICACAO E JORNALISMO LTDA
220697,2024,3,DIVULGAÇÃO DA ATIVIDADE PARLAMENTAR.,1000.0,ELDORADO COMUNICACAO E JORNALISMO LTDA
220697,2024,4,DIVULGAÇÃO DA ATIVIDADE PARLAMENTAR.,1000.0,ELDORADO COMUNICACAO E JORNALISMO LTDA
220697,2024,5,DIVULGAÇÃO DA ATIVIDADE PARLAMENTAR.,1000.0,ELDORADO COMUNICACAO E JORNALISMO LTDA
220697,2024,6,DIVULGAÇÃO DA ATIVIDADE PARLAMENTAR.,1000.0,ELDORADO COMUNICACAO E JORNALISMO LTDA
220697,2024,7,DIVULGAÇÃO DA ATIVIDADE PARLAMENTAR.,1000.0,ELDORADO COMUNICACAO E JORNALISMO LTDA
220697,2024,8,DIVULGAÇÃO DA ATIVIDADE PARLAMENTAR.,1000.0,ELDORADO COMUNICACAO E JORNALISMO LTDA
220697,2024,9,DIVULGAÇÃO DA ATIVIDADE PARLAMENTAR.,1000.0,ELDORADO COMUNICACAO E JORNALISMO LTDA
220697,2024,10,DIVULGAÇÃO DA ATIVIDADE PARLAMENTAR.,1000.0,ELDORADO COMUNICACAO E JORNALISMO LTDA
220697,2024,11,DIVULGAÇÃO DA ATIVIDADE PARLAMENTAR.,1000.0,ELDORADO COMUNICACAO E JORNALISMO LTDA
220697,2024,12,DIVULGAÇÃO DA ATIVIDADE PARLAMENTAR.,1000.0,ELDORADO COMUNICACAO E JORNALISMO LTDA
220697,2024,6,DIVULGAÇÃO DA ATIVIDADE PARLAMENTAR.,30000.0,ESTAÇÃO I ESTUDO CRIATIVO LTDA
220697,2024,12,DIVULGAÇÃO DA ATIVIDADE PARLAMENTAR.,29000.0,ESTAÇÃO I ESTUDO CRIATIVO LTDA
220697,2024,11,DIVULGAÇÃO DA ATIVIDADE PARLAMENTAR.,20000.0,ESTAÇÃO I ESTUDO CRIATIVO LTDA
220697,2024,2,DIVULGAÇÃO DA ATIVIDADE PARLAMENTAR.,2500.0,ESTIMATIVA EDITORA E COMUNICACAO LTDA
220697,2024,3,DIVULGAÇÃO DA ATIVIDADE PARLAMENTAR.,2500.0,ESTIMATIVA EDITORA E COMUNICACAO LTDA
220697,2024,4,DIVULGAÇÃO DA ATIVIDADE PARLAMENTAR.,2500.0,ESTIMATIVA EDITORA E COMUNICACAO LTDA
220697,2024,5,DIVULGAÇÃO DA ATIVIDADE PARLAMENTAR.,2500.0,ESTIMATIVA EDITORA E COMUNICACAO LTDA
220697,2024,6,DIVULGAÇÃO DA ATIVIDADE PARLAMENTAR.,2500.0,ESTIMATIVA EDITORA E COMUNICACAO LTDA
220697,2024,7,DIVULGAÇÃO DA ATIVIDADE PARLAMENTAR.,2500.0,ESTIMATIVA EDITORA E COMUNICACAO LTDA
220697,2024,10,DIVULGAÇÃO DA ATIVIDADE PARLAMENTAR.,2500.0,ESTIMATIVA EDITORA E COMUNICACAO LTDA
220697,2024,11,DIVULGAÇÃO DA ATIVIDADE PARLAMENTAR.,2500.0,ESTIMATIVA EDITORA E COMUNICACAO LTDA
220697,2024,3,DIVULGAÇÃO DA ATIVIDADE PARLAMENTAR.,2700.0,G A DE S S XAVIER SERVIÇOS GRAFICOS E COMERCIO DO VERTUARIO EIRELI
220697,2024,1,DIVULGAÇÃO DA ATIVIDADE PARLAMENTAR.,9750.0,J DE ARAUJO S E SILVA
220697,2024,2,DIVULGAÇÃO DA ATIVIDADE PARLAMENTAR.,9750.0,J DE ARAUJO S E SILVA
220697,2024,3,DIVULGAÇÃO DA ATIVIDADE PARLAMENTAR.,9750.0,J DE ARAUJO S E SILVA
220697,2024,10,DIVULGAÇÃO DA ATIVIDADE PARLAMENTAR.,1500.0,JOSE ROBERTO DE SOUSA NETO
220697,2024,3,DIVULGAÇÃO DA ATIVIDADE PARLAMENTAR.,6925.0,Lems Casa e Festa - ME
220697,2024,3,DIVULGAÇÃO DA ATIVIDADE PARLAMENTAR.,11530.0,MULHER CHARMOSA LTDA
220697,2024,7,DIVULGAÇÃO DA ATIVIDADE PARLAMENTAR.,12500.0,Quatro Ideias Produções LTDA - ME
220697,2024,8,DIVULGAÇÃO DA ATIVIDADE PARLAMENTAR.,12500.0,Quatro Ideias Produções LTDA - ME
220697,2024,9,DIVULGAÇÃO DA ATIVIDADE PARLAMENTAR.,12500.0,Quatro Ideias Produções LTDA - ME
220697,2024,10,DIVULGAÇÃO DA ATIVIDADE PARLAMENTAR.,12500.0,Quatro Ideias Produções LTDA - ME
220697,2024,8,DIVULGAÇÃO DA ATIVIDADE PARLAMENTAR.,2500.0,R10 COMUNICACAO LTDA
220697,2024,9,DIVULGAÇÃO DA ATIVIDADE PARLAMENTAR.,2500.0,R10 COMUNICACAO LTDA
220697,2024,12,DIVULGAÇÃO DA ATIVIDADE PARLAMENTAR.,2500.0,R10 COMUNICACAO LTDA
220697,2024,2,DIVULGAÇÃO DA ATIVIDADE PARLAMENTAR.,1500.0,SHELDA VANESSA RIBEIRO MAGALHAES
220697,2024,3,DIVULGAÇÃO DA ATIVIDADE PARLAMENTAR.,1500.0,SHELDA VANESSA RIBEIRO MAGALHAES
220697,2024,4,DIVULGAÇÃO DA ATIVIDADE PARLAMENTAR.,1500.0,SHELDA VANESSA RIBEIRO MAGALHAES
220697,2024,6,DIVULGAÇÃO DA ATIVIDADE PARLAMENTAR.,1500.0,SHELDA VANESSA RIBEIRO MAGALHAES
220697,2024,7,DIVULGAÇÃO DA ATIVIDADE PARLAMENTAR.,1500.0,SHELDA VANESSA RIBEIRO MAGALHAES
220697,2024,8,DIVULGAÇÃO DA ATIVIDADE PARLAMENTAR.,1500.0,SHELDA VANESSA RIBEIRO MAGALHAES
220697,2024,5,DIVULGAÇÃO DA ATIVIDADE PARLAMENTAR.,1500.0,SHELDA VANESSA RIBEIRO MAGALHAES
220697,2024,9,DIVULGAÇÃO DA ATIVIDADE PARLAMENTAR.,1500.0,SHELDA VANESSA RIBEIRO MAGALHAES
220697,2024,11,DIVULGAÇÃO DA ATIVIDADE PARLAMENTAR.,1500.0,SHELDA VANESSA RIBEIRO MAGALHAES
220697,2024,10,DIVULGAÇÃO DA ATIVIDADE PARLAMENTAR.,1500.0,SHELDA VANESSA RIBEIRO MAGALHAES
220697,2024,12,DIVULGAÇÃO DA ATIVIDADE PARLAMENTAR.,1500.0,SHELDA VANESSA RIBEIRO MAGALHAES
220697,2024,8,DIVULGAÇÃO DA ATIVIDADE PARLAMENTAR.,4000.0,Thiago Francisco Moreira Branco LTDA
220697,2024,9,DIVULGAÇÃO DA ATIVIDADE PARLAMENTAR.,4000.0,Thiago Francisco Moreira Branco LTDA
220697,2024,10,DIVULGAÇÃO DA ATIVIDADE PARLAMENTAR.,3000.0,Thiago Francisco Moreira Branco LTDA
220697,2024,11,DIVULGAÇÃO DA ATIVIDADE PARLAMENTAR.,25000.0,VITORINO & MENDONÇA LTDA EPP
220697,2024,12,DIVULGAÇÃO DA ATIVIDADE PARLAMENTAR.,25000.0,VITORINO & MENDONÇA LTDA EPP
220697,2024,3,"HOSPEDAGEM ,EXCETO DO PARLAMENTAR NO DISTRITO FEDERAL.",398.0,AGL HOTEL EXECUTIVO LTDA
220697,2024,3,"HOSPEDAGEM ,EXCETO DO PARLAMENTAR NO DISTRITO FEDERAL.",398.0,AGL HOTEL EXECUTIVO LTDA
220697,2024,4,"HOSPEDAGEM ,EXCETO DO PARLAMENTAR NO DISTRITO FEDERAL.",204.0,AGL HOTEL EXECUTIVO LTDA
220697,2024,1,LOCAÇÃO OU FRETAMENTO DE VEÍCULOS AUTOMOTORES,12000.0,AUTO LESTE LTDA
220697,2024,3,LOCAÇÃO OU FRETAMENTO DE VEÍCULOS AUTOMOTORES,12000.0,AUTO LESTE LTDA
220697,2024,4,LOCAÇÃO OU FRETAMENTO DE VEÍCULOS AUTOMOTORES,12000.0,AUTO LESTE LTDA
220697,2024,5,LOCAÇÃO OU FRETAMENTO DE VEÍCULOS AUTOMOTORES,12000.0,AUTO LESTE LTDA
220697,2024,8,LOCAÇÃO OU FRETAMENTO DE VEÍCULOS AUTOMOTORES,12000.0,AUTO LESTE LTDA
220697,2024,9,LOCAÇÃO OU FRETAMENTO DE VEÍCULOS AUTOMOTORES,12000.0,AUTO LESTE LTDA
220697,2024,10,LOCAÇÃO OU FRETAMENTO DE VEÍCULOS AUTOMOTORES,12000.0,AUTO LESTE LTDA
220697,2024,11,LOCAÇÃO OU FRETAMENTO DE VEÍCULOS AUTOMOTORES,12000.0,AUTO LESTE LTDA
220697,2024,10,"SERVIÇO DE TÁXI, PEDÁGIO E ESTACIONAMENTO",9.0,99 POP
220697,2024,10,"SERVIÇO DE TÁXI, PEDÁGIO E ESTACIONAMENTO",16.06,99 POP
220697,2024,11,"SERVIÇO DE TÁXI, PEDÁGIO E ESTACIONAMENTO",30.0,BRASILIA EMPREENDIMENTOS SERVICOS E PARTICIPACOES LTDA B HOTEL
220697,2024,10,"SERVIÇO DE TÁXI, PEDÁGIO E ESTACIONAMENTO",36.0,InDrive
220697,2024,6,"SERVIÇO DE TÁXI, PEDÁGIO E ESTACIONAMENTO",10.0,InDrive
220697,2024,7,"SERVIÇO DE TÁXI, PEDÁGIO E ESTACIONAMENTO",15.0,InDrive
220697,2024,7,"SERVIÇO DE TÁXI, PEDÁGIO E ESTACIONAMENTO",16.0,InDrive
220697,2024,10,"SERVIÇO DE TÁXI, PEDÁGIO E ESTACIONAMENTO",80.0,LIGUE TAXI - TAXI DIGITAL
220697,2024,1,PASSAGEM AÉREA - SIGEPA,1087.94,GOL
220697,2024,2,PASSAGEM AÉREA - SIGEPA,489.74,GOL
220697,2024,2,PASSAGEM AÉREA - SIGEPA,489.74,GOL
220697,2024,4,PASSAGEM AÉREA - SIGEPA,53.0,GOL
220697,2024,4,PASSAGEM AÉREA - SIGEPA,909.96,GOL
220697,2024,4,PASSAGEM AÉREA - SIGEPA,816.1,GOL
220697,2024,5,PASSAGEM AÉREA - SIGEPA,44.0,GOL
220697,2024,5,PASSAGEM AÉREA - SIGEPA,1034.51,GOL
220697,2024,5,PASSAGEM AÉREA - SIGEPA,53.0,GOL
220697,2024,5,PASSAGEM AÉREA - SIGEPA,1087.9,GOL
220697,2024,5,PASSAGEM AÉREA - SIGEPA,652.61,GOL
220697,2024,6,PASSAGEM AÉREA - SIGEPA,-29.51,GOL
220697,2024,6,PASSAGEM AÉREA - SIGEPA,53.0,GOL
220697,2024,6,PASSAGEM AÉREA - SIGEPA,1580.75,GOL
220697,2024,6,PASSAGEM AÉREA - SIGEPA,44.0,GOL
220697,2024,6,PASSAGEM AÉREA - SIGEPA,1703.31,GOL
220697,2024,6,PASSAGEM AÉREA - SIGEPA,996.51,GOL
220697,2024,8,PASSAGEM AÉREA - SIGEPA,1172.46,GOL
220697,2024,9,PASSAGEM AÉREA - SIGEPA,-263.17,GOL
220697,2024,12,PASSAGEM AÉREA - SIGEPA,-53.0,GOL
220697,2024,10,PASSAGEM AÉREA - SIGEPA,421.3,GOL
220697,2024,10,PASSAGEM AÉREA - SIGEPA,47.0,GOL
220697,2024,10,PASSAGEM AÉREA - SIGEPA,1652.5,GOL
220697,2024,10,PASSAGEM AÉREA - SIGEPA,53.0,GOL
220697,2024,10,PASSAGEM AÉREA - SIGEPA,778.04,GOL
220697,2024,2,PASSAGEM AÉREA - SIGEPA,1381.34,TAM
220697,2024,2,PASSAGEM AÉREA - SIGEPA,87.0,TAM
220697,2024,2,PASSAGEM AÉREA - SIGEPA,1381.34,TAM
220697,2024,2,PASSAGEM AÉREA - SIGEPA,65.0,TAM
220697,2024,2,PASSAGEM AÉREA - SIGEPA,1367.51,TAM
220697,2024,2,PASSAGEM AÉREA - SIGEPA,485.31,TAM
220697,2024,2,PASSAGEM AÉREA - SIGEPA,485.31,TAM
220697,2024,2,PASSAGEM AÉREA - SIGEPA,1367.51,TAM
220697,2024,3,PASSAGEM AÉREA - SIGEPA,65.0,TAM
220697,2024,3,PASSAGEM AÉREA - SIGEPA,1381.34,TAM
220697,2024,3,PASSAGEM AÉREA - SIGEPA,794.9,TAM
220697,2024,3,PASSAGEM AÉREA - SIGEPA,87.0,TAM
220697,2024,3,PASSAGEM AÉREA - SIGEPA,1367.51,TAM
220697,2024,4,PASSAGEM AÉREA - SIGEPA,1382.12,TAM
220697,2024,4,PASSAGEM AÉREA - SIGEPA,988.74,TAM
220697,2024,4,PASSAGEM AÉREA - SIGEPA,55.0,TAM
220697,2024,4,PASSAGEM AÉREA - SIGEPA,1141.47,TAM
220697,2024,5,PASSAGEM AÉREA - SIGEPA,55.0,TAM
220697,2024,5,PASSAGEM AÉREA - SIGEPA,715.67,TAM
220697,2024,5,PASSAGEM AÉREA - SIGEPA,1383.56,TAM
220697,2024,5,PASSAGEM AÉREA - SIGEPA,1367.51,TAM
220697,2024,5,PASSAGEM AÉREA - SIGEPA,1383.56,TAM
220697,2024,5,PASSAGEM AÉREA - SIGEPA,1367.51,TAM
220697,2024,5,PASSAGEM AÉREA - SIGEPA,-44.27,TAM
220697,2024,5,PASSAGEM AÉREA - SIGEPA,584.46,TAM
220697,2024,6,PASSAGEM AÉREA - SIGEPA,90.0,TAM
220697,2024,6,PASSAGEM AÉREA - SIGEPA,1383.56,TAM
220697,2024,6,PASSAGEM AÉREA - SIGEPA,68.0,TAM
220697,2024,6,PASSAGEM AÉREA - SIGEPA,1392.2,TAM
220697,2024,6,PASSAGEM AÉREA - SIGEPA,90.0,TAM
220697,2024,6,PASSAGEM AÉREA - SIGEPA,1137.68,TAM
220697,2024,6,PASSAGEM AÉREA - SIGEPA,68.0,TAM
220697,2024,6,PASSAGEM AÉREA - SIGEPA,1420.39,TAM
220697,2024,6,PASSAGEM AÉREA - SIGEPA,90.0,TAM
220697,2024,6,PASSAGEM AÉREA - SIGEPA,1469.65,TAM
220697,2024,7,PASSAGEM AÉREA - SIGEPA,100.0,TAM
220697,2024,7,PASSAGEM AÉREA - SIGEPA,515.91,TAM
220697,2024,7,PASSAGEM AÉREA - SIGEPA,100.0,TAM
220697,2024,7,PASSAGEM AÉREA - SIGEPA,499.86,TAM
220697,2024,8,PASSAGEM AÉREA - SIGEPA,75.0,TAM
220697,2024,8,PASSAGEM AÉREA - SIGEPA,1124.04,TAM
220697,2024,8,PASSAGEM AÉREA - SIGEPA,4.85,TAM
220697,2024,8,PASSAGEM AÉREA - SIGEPA,4.85,TAM
220697,2024,10,PASSAGEM AÉREA - SIGEPA,456.83,TAM
220697,2024,11,PASSAGEM AÉREA - SIGEPA,0.97,TAM
220697,2024,11,PASSAGEM AÉREA - SIGEPA,963.8,TAM
220697,2024,11,PASSAGEM AÉREA - SIGEPA,1484.56,TAM
220697,2024,11,PASSAGEM AÉREA - SIGEPA,-45.56,TAM
220697,2024,11,PASSAGEM AÉREA - SIGEPA,1484.56,TAM
220697,2024,11,PASSAGEM AÉREA - SIGEPA,1469.95,TAM
220697,2024,12,PASSAGEM AÉREA - SIGEPA,100.0,TAM
220697,2024,12,PASSAGEM AÉREA - SIGEPA,1304.62,TAM
220697,2024,12,PASSAGEM AÉREA - SIGEPA,75.0,TAM
220697,2024,12,PASSAGEM AÉREA - SIGEPA,866.46,TAM
220697,2025,4,MANUTENÇÃO DE ESCRITÓRIO DE APOIO À ATIVIDADE PARLAMENTAR,250.0,EMIDIO SOUTO PEREIRA
220697,2025,5,MANUTENÇÃO DE ESCRITÓRIO DE APOIO À ATIVIDADE PARLAMENTAR,250.0,EMIDIO SOUTO PEREIRA
220697,2025,5,MANUTENÇÃO DE ESCRITÓRIO DE APOIO À ATIVIDADE PARLAMENTAR,452.9,EMIDIO SOUTO PEREIRA
220697,2025,6,MANUTENÇÃO DE ESCRITÓRIO DE APOIO À ATIVIDADE PARLAMENTAR,215.2,EMIDIO SOUTO PEREIRA
220697,2025,7,MANUTENÇÃO DE ESCRITÓRIO DE APOIO À ATIVIDADE PARLAMENTAR,368.3,EMIDIO SOUTO PEREIRA
220697,2025,8,MANUTENÇÃO DE ESCRITÓRIO DE APOIO À ATIVIDADE PARLAMENTAR,738.2,EMIDIO SOUTO PEREIRA
220697,2025,9,MANUTENÇÃO DE ESCRITÓRIO DE APOIO À ATIVIDADE PARLAMENTAR,407.7,EMYSOUTO PAPELARIA INFORMATICA E LIMPEZA LTDA
220697,2025,10,MANUTENÇÃO DE ESCRITÓRIO DE APOIO À ATIVIDADE PARLAMENTAR,742.8,EMYSOUTO PAPELARIA INFORMATICA E LIMPEZA LTDA
220697,2025,11,MANUTENÇÃO DE ESCRITÓRIO DE APOIO À ATIVIDADE PARLAMENTAR,731.5,EMYSOUTO PAPELARIA INFORMATICA E LIMPEZA LTDA
220697,2025,12,MANUTENÇÃO DE ESCRITÓRIO DE APOIO À ATIVIDADE PARLAMENTAR,798.8,EMYSOUTO PAPELARIA INFORMATICA E LIMPEZA LTDA
220697,2025,2,MANUTENÇÃO DE ESCRITÓRIO DE APOIO À ATIVIDADE PARLAMENTAR,1500.0,IMOB. ROCHA FILHO
220697,2025,1,MANUTENÇÃO DE ESCRITÓRIO DE APOIO À ATIVIDADE PARLAMENTAR,1500.0,ROCHA FILHO
220697,2025,4,MANUTENÇÃO DE ESCRITÓRIO DE APOIO À ATIVIDADE PARLAMENTAR,1500.0,ROCHA FILHO
220697,2025,5,MANUTENÇÃO DE ESCRITÓRIO DE APOIO À ATIVIDADE PARLAMENTAR,1500.0,ROCHA FILHO
220697,2025,6,MANUTENÇÃO DE ESCRITÓRIO DE APOIO À ATIVIDADE PARLAMENTAR,1500.0,ROCHA FILHO
220697,2025,7,MANUTENÇÃO DE ESCRITÓRIO DE APOIO À ATIVIDADE PARLAMENTAR,1500.0,ROCHA FILHO
220697,2025,8,MANUTENÇÃO DE ESCRITÓRIO DE APOIO À ATIVIDADE PARLAMENTAR,1500.0,ROCHA FILHO
220697,2025,9,MANUTENÇÃO DE ESCRITÓRIO DE APOIO À ATIVIDADE PARLAMENTAR,1545.0,ROCHA FILHO
220697,2025,10,MANUTENÇÃO DE ESCRITÓRIO DE APOIO À ATIVIDADE PARLAMENTAR,1545.0,ROCHA FILHO
220697,2025,11,MANUTENÇÃO DE ESCRITÓRIO DE APOIO À ATIVIDADE PARLAMENTAR,1545.0,ROCHA FILHO
220697,2025,12,MANUTENÇÃO DE ESCRITÓRIO DE APOIO À ATIVIDADE PARLAMENTAR,1545.0,ROCHA FILHO
220697,2025,3,MANUTENÇÃO DE ESCRITÓRIO DE APOIO À ATIVIDADE PARLAMENTAR,1500.0,ROCHA FILHO
220697,2025,2,COMBUSTÍVEIS E LUBRIFICANTES.,350.0,AUTO POSTO 302 SUL LTDA
220697,2025,3,COMBUSTÍVEIS E LUBRIFICANTES.,200.0,AUTO POSTO 302 SUL LTDA
220697,2025,4,COMBUSTÍVEIS E LUBRIFICANTES.,301.26,AUTO POSTO 302 SUL LTDA
220697,2025,4,COMBUSTÍVEIS E LUBRIFICANTES.,306.8,AUTO POSTO 302 SUL LTDA
220697,2025,11,COMBUSTÍVEIS E LUBRIFICANTES.,170.03,AUTO POSTO CINCO ESTRELAS LTDA
220697,2025,11,COMBUSTÍVEIS E LUBRIFICANTES.,87.26,AUTO POSTO CINCO ESTRELAS LTDA
220697,2025,12,COMBUSTÍVEIS E LUBRIFICANTES.,259.02,AUTO POSTO CINCO ESTRELAS LTDA
220697,2025,3,COMBUSTÍVEIS E LUBRIFICANTES.,350.0,AUTO POSTO CINCO ESTRELAS LTDA
220697,2025,4,COMBUSTÍVEIS E LUBRIFICANTES.,100.0,AUTO POSTO CINCO ESTRELAS LTDA
220697,2025,12,COMBUSTÍVEIS E LUBRIFICANTES.,250.0,AUTO POSTO JK LTDA
220697,2025,12,COMBUSTÍVEIS E LUBRIFICANTES.,291.19,AUTO POSTO JK LTDA
220697,2025,4,COMBUSTÍVEIS E LUBRIFICANTES.,200.0,AUTO POSTO JK LTDA
220697,2025,2,COMBUSTÍVEIS E LUBRIFICANTES.,100.0,AUTO POSTO JK LTDA
220697,2025,10,COMBUSTÍVEIS E LUBRIFICANTES.,200.0,AUTO POSTO JK LTDA
220697,2025,3,COMBUSTÍVEIS E LUBRIFICANTES.,350.0,AUTO POSTO JK LTDA
220697,2025,4,COMBUSTÍVEIS E LUBRIFICANTES.,200.0,AUTO POSTO JK LTDA
220697,2025,4,COMBUSTÍVEIS E LUBRIFICANTES.,411.0,AUTO POSTO JK LTDA
220697,2025,6,COMBUSTÍVEIS E LUBRIFICANTES.,300.0,AUTO POSTO JK LTDA
220697,2025,7,COMBUSTÍVEIS E LUBRIFICANTES.,100.0,AUTO POSTO JK LTDA
220697,2025,7,COMBUSTÍVEIS E LUBRIFICANTES.,420.05,AUTO POSTO JK LTDA
220697,2025,4,COMBUSTÍVEIS E LUBRIFICANTES.,461.1,AUTO POSTO JK LTDA
220697,2025,5,COMBUSTÍVEIS E LUBRIFICANTES.,400.01,AUTO POSTO JK LTDA
220697,2025,8,COMBUSTÍVEIS E LUBRIFICANTES.,300.02,AUTO POSTO JK LTDA
220697,2025,5,COMBUSTÍVEIS E LUBRIFICANTES.,100.0,AUTO POSTO JK LTDA
220697,2025,7,COMBUSTÍVEIS E LUBRIFICANTES.,100.0,AUTO POSTO JK LTDA
220697,2025,7,COMBUSTÍVEIS E LUBRIFICANTES.,200.0,AUTO POSTO JK LTDA
220697,2025,8,COMBUSTÍVEIS E LUBRIFICANTES.,202.86,AUTO POSTO JK LTDA
220697,2025,9,COMBUSTÍVEIS E LUBRIFICANTES.,200.0,AUTO POSTO JK LTDA
220697,2025,10,COMBUSTÍVEIS E LUBRIFICANTES.,200.0,AUTO POSTO JK LTDA
220697,2025,10,COMBUSTÍVEIS E LUBRIFICANTES.,200.0,AUTO POSTO JK LTDA
220697,2025,10,COMBUSTÍVEIS E LUBRIFICANTES.,200.0,AUTO POSTO JK LTDA
220697,2025,11,COMBUSTÍVEIS E LUBRIFICANTES.,150.0,AUTO POSTO JK LTDA
220697,2025,11,COMBUSTÍVEIS E LUBRIFICANTES.,150.0,AUTO POSTO JK LTDA
220697,2025,12,COMBUSTÍVEIS E LUBRIFICANTES.,100.0,AUTO POSTO JK LTDA
220697,2025,12,COMBUSTÍVEIS E LUBRIFICANTES.,411.94,AUTO POSTO JK LTDA
220697,2025,12,COMBUSTÍVEIS E LUBRIFICANTES.,150.0,AUTO POSTO JK LTDA
220697,2025,2,COMBUSTÍVEIS E LUBRIFICANTES.,550.01,AUTO POSTO JK LTDA
220697,2025,8,COMBUSTÍVEIS E LUBRIFICANTES.,300.02,AUTO POSTO JK LTDA
220697,2025,8,COMBUSTÍVEIS E LUBRIFICANTES.,415.03,AUTO POSTO JK LTDA
220697,2025,2,COMBUSTÍVEIS E LUBRIFICANTES.,400.4,AUTO POSTO JK LTDA.
220697,2025,8,COMBUSTÍVEIS E LUBRIFICANTES.,320.0,DAIR JOSE RODRIGUES 06696354646
220697,2025,12,COMBUSTÍVEIS E LUBRIFICANTES.,340.0,DAIR JOSE RODRIGUES 06696354646
220697,2025,12,COMBUSTÍVEIS E LUBRIFICANTES.,300.0,POSTO SAO ROQUE LTDA
220697,2025,2,DIVULGAÇÃO DA ATIVIDADE PARLAMENTAR.,2000.0,ALFA COMUNICAÇÃO E MARKETING DIGITAL LTDA
220697,2025,3,DIVULGAÇÃO DA ATIVIDADE PARLAMENTAR.,2000.0,ALFA COMUNICAÇÃO E MARKETING DIGITAL LTDA
220697,2025,4,DIVULGAÇÃO DA ATIVIDADE PARLAMENTAR.,2000.0,ALFA COMUNICAÇÃO E MARKETING DIGITAL LTDA
220697,2025,5,DIVULGAÇÃO DA ATIVIDADE PARLAMENTAR.,2000.0,ALFA COMUNICAÇÃO E MARKETING DIGITAL LTDA
220697,2025,6,DIVULGAÇÃO DA ATIVIDADE PARLAMENTAR.,2000.0,ALFA COMUNICAÇÃO E MARKETING DIGITAL LTDA
220697,2025,7,DIVULGAÇÃO DA ATIVIDADE PARLAMENTAR.,2000.0,ALFA COMUNICAÇÃO E MARKETING DIGITAL LTDA
220697,2025,8,DIVULGAÇÃO DA ATIVIDADE PARLAMENTAR.,2000.0,ALFA COMUNICAÇÃO E MARKETING DIGITAL LTDA
220697,2025,9,DIVULGAÇÃO DA ATIVIDADE PARLAMENTAR.,2000.0,ALFA COMUNICAÇÃO E MARKETING DIGITAL LTDA
220697,2025,10,DIVULGAÇÃO DA ATIVIDADE PARLAMENTAR.,2000.0,ALFA COMUNICAÇÃO E MARKETING DIGITAL LTDA
220697,2025,11,DIVULGAÇÃO DA ATIVIDADE PARLAMENTAR.,2000.0,ALFA COMUNICAÇÃO E MARKETING DIGITAL LTDA
220697,2025,12,DIVULGAÇÃO DA ATIVIDADE PARLAMENTAR.,2000.0,ALFA COMUNICAÇÃO E MARKETING DIGITAL LTDA
220697,2025,6,DIVULGAÇÃO DA ATIVIDADE PARLAMENTAR.,1500.0,ANDRE DE MOURA PEREIRA COELHO
220697,2025,7,DIVULGAÇÃO DA ATIVIDADE PARLAMENTAR.,1500.0,ANDRE DE MOURA PEREIRA COELHO
220697,2025,8,DIVULGAÇÃO DA ATIVIDADE PARLAMENTAR.,1500.0,ANDRE DE MOURA PEREIRA COELHO
220697,2025,9,DIVULGAÇÃO DA ATIVIDADE PARLAMENTAR.,1500.0,ANDRE DE MOURA PEREIRA COELHO
220697,2025,10,DIVULGAÇÃO DA ATIVIDADE PARLAMENTAR.,1500.0,ANDRE DE MOURA PEREIRA COELHO
220697,2025,11,DIVULGAÇÃO DA ATIVIDADE PARLAMENTAR.,1500.0,ANDRE DE MOURA PEREIRA COELHO
220697,2025,12,DIVULGAÇÃO DA ATIVIDADE PARLAMENTAR.,1500.0,ANDRE DE MOURA PEREIRA COELHO
220697,2025,3,DIVULGAÇÃO DA ATIVIDADE PARLAMENTAR.,3000.0,ANDRE DE MOURA PEREIRA COELHO
220697,2025,4,DIVULGAÇÃO DA ATIVIDADE PARLAMENTAR.,1500.0,ANDRE DE MOURA PEREIRA COELHO
220697,2025,5,DIVULGAÇÃO DA ATIVIDADE PARLAMENTAR.,1500.0,ANDRE DE MOURA PEREIRA COELHO
220697,2025,5,DIVULGAÇÃO DA ATIVIDADE PARLAMENTAR.,2070.0,BRASILIA EMPREENDIMENTOS SERVICOS E PARTICIPACOES LTDA B HOTEL
220697,2025,8,DIVULGAÇÃO DA ATIVIDADE PARLAMENTAR.,5000.0,CARVALHO CONSULTORIA E COMUNICACAO LTDA
220697,2025,5,DIVULGAÇÃO DA ATIVIDADE PARLAMENTAR.,5000.0,CARVALHO CONSULTORIA E COMUNICACAO LTDA
220697,2025,6,DIVULGAÇÃO DA ATIVIDADE PARLAMENTAR.,5000.0,CARVALHO CONSULTORIA E COMUNICACAO LTDA
220697,2025,2,DIVULGAÇÃO DA ATIVIDADE PARLAMENTAR.,1000.0,ELDORADO COMUNICACAO E JORNALISMO LTDA
220697,2025,3,DIVULGAÇÃO DA ATIVIDADE PARLAMENTAR.,1000.0,ELDORADO COMUNICACAO E JORNALISMO LTDA
220697,2025,4,DIVULGAÇÃO DA ATIVIDADE PARLAMENTAR.,1000.0,ELDORADO COMUNICACAO E JORNALISMO LTDA
220697,2025,5,DIVULGAÇÃO DA ATIVIDADE PARLAMENTAR.,1000.0,ELDORADO COMUNICACAO E JORNALISMO LTDA
220697,2025,6,DIVULGAÇÃO DA ATIVIDADE PARLAMENTAR.,1000.0,ELDORADO COMUNICACAO E JORNALISMO LTDA
220697,2025,7,DIVULGAÇÃO DA ATIVIDADE PARLAMENTAR.,1000.0,ELDORADO COMUNICACAO E JORNALISMO LTDA
220697,2025,8,DIVULGAÇÃO DA ATIVIDADE PARLAMENTAR.,2000.0,ELDORADO COMUNICACAO E JORNALISMO LTDA
220697,2025,9,DIVULGAÇÃO DA ATIVIDADE PARLAMENTAR.,2000.0,ELDORADO COMUNICACAO E JORNALISMO LTDA
220697,2025,10,DIVULGAÇÃO DA ATIVIDADE PARLAMENTAR.,2000.0,ELDORADO COMUNICACAO E JORNALISMO LTDA
220697,2025,11,DIVULGAÇÃO DA ATIVIDADE PARLAMENTAR.,2000.0,ELDORADO COMUNICACAO E JORNALISMO LTDA
220697,2025,12,DIVULGAÇÃO DA ATIVIDADE PARLAMENTAR.,2000.0,ELDORADO COMUNICACAO E JORNALISMO LTDA
220697,2025,10,DIVULGAÇÃO DA ATIVIDADE PARLAMENTAR.,33000.0,ESTAÇÃO I ESTUDO CRIATIVO LTDA
220697,2025,11,DIVULGAÇÃO DA ATIVIDADE PARLAMENTAR.,33000.0,ESTAÇÃO I ESTUDO CRIATIVO LTDA
220697,2025,12,DIVULGAÇÃO DA ATIVIDADE PARLAMENTAR.,33000.0,ESTAÇÃO I ESTUDO CRIATIVO LTDA
220697,2025,2,DIVULGAÇÃO DA ATIVIDADE PARLAMENTAR.,2500.0,ESTIMATIVA EDITORA E COMUNICACAO LTDA
220697,2025,3,DIVULGAÇÃO DA ATIVIDADE PARLAMENTAR.,2500.0,ESTIMATIVA EDITORA E COMUNICACAO LTDA
220697,2025,4,DIVULGAÇÃO DA ATIVIDADE PARLAMENTAR.,2500.0,ESTIMATIVA EDITORA E COMUNICACAO LTDA
220697,2025,5,DIVULGAÇÃO DA ATIVIDADE PARLAMENTAR.,2500.0,ESTIMATIVA EDITORA E COMUNICACAO LTDA
220697,2025,9,DIVULGAÇÃO DA ATIVIDADE PARLAMENTAR.,2500.0,ESTIMATIVA EDITORA E COMUNICACAO LTDA
220697,2025,10,DIVULGAÇÃO DA ATIVIDADE PARLAMENTAR.,2500.0,ESTIMATIVA EDITORA E COMUNICACAO LTDA
220697,2025,11,DIVULGAÇÃO DA ATIVIDADE PARLAMENTAR.,2500.0,ESTIMATIVA EDITORA E COMUNICACAO LTDA
220697,2025,12,DIVULGAÇÃO DA ATIVIDADE PARLAMENTAR.,2500.0,ESTIMATIVA EDITORA E COMUNICACAO LTDA
220697,2025,6,DIVULGAÇÃO DA ATIVIDADE PARLAMENTAR.,4673.43,Facebook Serviços Online do Brasil Ltda.
220697,2025,7,DIVULGAÇÃO DA ATIVIDADE PARLAMENTAR.,2869.97,Facebook Serviços Online do Brasil Ltda.
220697,2025,8,DIVULGAÇÃO DA ATIVIDADE PARLAMENTAR.,13650.0,FELIPE PEREIRA DA SILVA SOARES
220697,2025,9,DIVULGAÇÃO DA ATIVIDADE PARLAMENTAR.,13650.0,FELIPE PEREIRA DA SILVA SOARES
220697,2025,10,DIVULGAÇÃO DA ATIVIDADE PARLAMENTAR.,13650.0,FELIPE PEREIRA DA SILVA SOARES
220697,2025,11,DIVULGAÇÃO DA ATIVIDADE PARLAMENTAR.,13650.0,FELIPE PEREIRA DA SILVA SOARES
220697,2025,10,DIVULGAÇÃO DA ATIVIDADE PARLAMENTAR.,15000.0,JM INDUSTRIA DE EMBALAGENS E ROTULOS LTDA
220697,2025,11,DIVULGAÇÃO DA ATIVIDADE PARLAMENTAR.,15000.0,JM INDUSTRIA DE EMBALAGENS E ROTULOS LTDA
220697,2025,3,DIVULGAÇÃO DA ATIVIDADE PARLAMENTAR.,6000.0,JOSE ROBERTO DE SOUSA NETO
220697,2025,5,DIVULGAÇÃO DA ATIVIDADE PARLAMENTAR.,4000.0,JOSE ROBERTO DE SOUSA NETO
220697,2025,6,DIVULGAÇÃO DA ATIVIDADE PARLAMENTAR.,4000.0,JOSE ROBERTO DE SOUSA NETO
220697,2025,7,DIVULGAÇÃO DA ATIVIDADE PARLAMENTAR.,4000.0,JOSE ROBERTO DE SOUSA NETO
220697,2025,8,DIVULGAÇÃO DA ATIVIDADE PARLAMENTAR.,5000.0,JOSE ROBERTO DE SOUSA NETO
220697,2025,9,DIVULGAÇÃO DA ATIVIDADE PARLAMENTAR.,5000.0,JOSE ROBERTO DE SOUSA NETO
220697,2025,10,DIVULGAÇÃO DA ATIVIDADE PARLAMENTAR.,5000.0,JOSE ROBERTO DE SOUSA NETO
220697,2025,11,DIVULGAÇÃO DA ATIVIDADE PARLAMENTAR.,5000.0,JOSE ROBERTO DE SOUSA NETO
220697,2025,12,DIVULGAÇÃO DA ATIVIDADE PARLAMENTAR.,5000.0,MARINA OLIVEIRA AGOSTINE
220697,2025,4,DIVULGAÇÃO DA ATIVIDADE PARLAMENTAR.,6000.0,NF COMUNICACAO DIGITAL LTDA
220697,2025,12,DIVULGAÇÃO DA ATIVIDADE PARLAMENTAR.,5000.0,NF COMUNICAÇÃO DIGITAL LTDA
220697,2025,6,DIVULGAÇÃO DA ATIVIDADE PARLAMENTAR.,2500.0,R10 COMUNICACAO LTDA
220697,2025,7,DIVULGAÇÃO DA ATIVIDADE PARLAMENTAR.,2500.0,R10 COMUNICACAO LTDA
220697,2025,8,DIVULGAÇÃO DA ATIVIDADE PARLAMENTAR.,2500.0,R10 COMUNICACAO LTDA
220697,2025,12,DIVULGAÇÃO DA ATIVIDADE PARLAMENTAR.,15000.0,Regina S Pessoa LTDA
220697,2025,11,DIVULGAÇÃO DA ATIVIDADE PARLAMENTAR.,3000.0,Thiago Francisco Moreira Branco LTDA
220697,2025,12,DIVULGAÇÃO DA ATIVIDADE PARLAMENTAR.,3000.0,Thiago Francisco Moreira Branco LTDA
220697,2025,6,DIVULGAÇÃO DA ATIVIDADE PARLAMENTAR.,3000.0,Thiago Francisco Moreira Branco LTDA
220697,2025,7,DIVULGAÇÃO DA ATIVIDADE PARLAMENTAR.,3000.0,Thiago Francisco Moreira Branco LTDA
220697,2025,8,DIVULGAÇÃO DA ATIVIDADE PARLAMENTAR.,3000.0,Thiago Francisco Moreira Branco LTDA
220697,2025,9,DIVULGAÇÃO DA ATIVIDADE PARLAMENTAR.,3000.0,Thiago Francisco Moreira Branco LTDA
220697,2025,10,DIVULGAÇÃO DA ATIVIDADE PARLAMENTAR.,3000.0,Thiago Francisco Moreira Branco LTDA
220697,2025,10,DIVULGAÇÃO DA ATIVIDADE PARLAMENTAR.,8000.0,WIKOLI COMUNICACAO E MARKETING LTDA
220697,2025,11,DIVULGAÇÃO DA ATIVIDADE PARLAMENTAR.,8000.0,WIKOLI COMUNICACAO E MARKETING LTDA
220697,2025,12,DIVULGAÇÃO DA ATIVIDADE PARLAMENTAR.,8000.0,WIKOLI COMUNICACAO E MARKETING LTDA
220697,2025,10,"HOSPEDAGEM ,EXCETO DO PARLAMENTAR NO DISTRITO FEDERAL.",494.0,AGL HOTEL EXECUTIVO LTDA
220697,2025,10,"HOSPEDAGEM ,EXCETO DO PARLAMENTAR NO DISTRITO FEDERAL.",494.0,AGL HOTEL EXECUTIVO LTDA
220697,2025,5,"HOSPEDAGEM ,EXCETO DO PARLAMENTAR NO DISTRITO FEDERAL.",341.14,CONFRARIA  UCHOA
220697,2025,9,"HOSPEDAGEM ,EXCETO DO PARLAMENTAR NO DISTRITO FEDERAL.",472.03,COPACABANA SUL HOTEL
220697,2025,9,"HOSPEDAGEM ,EXCETO DO PARLAMENTAR NO DISTRITO FEDERAL.",944.05,COPACABANA SUL HOTEL
220697,2025,8,"HOSPEDAGEM ,EXCETO DO PARLAMENTAR NO DISTRITO FEDERAL.",2091.0,HI BARRETOS STYLES HOTEIS E CONDOMINIOS LTDA
220697,2025,8,"HOSPEDAGEM ,EXCETO DO PARLAMENTAR NO DISTRITO FEDERAL.",2091.0,HI BARRETOS STYLES HOTEIS E CONDOMINIOS LTDA
220697,2025,6,"HOSPEDAGEM ,EXCETO DO PARLAMENTAR NO DISTRITO FEDERAL.",190.0,Hotel Cortese LTDA
220697,2025,6,"HOSPEDAGEM ,EXCETO DO PARLAMENTAR NO DISTRITO FEDERAL.",190.0,Hotel Cortese LTDA
220697,2025,4,"HOSPEDAGEM ,EXCETO DO PARLAMENTAR NO DISTRITO FEDERAL.",368.1,M C Gomes
220697,2025,9,"HOSPEDAGEM ,EXCETO DO PARLAMENTAR NO DISTRITO FEDERAL.",3415.41,NOVA RIOTEL EMPREENDIMENTOS HOTELEIROS LTDA
220697,2025,5,"SERVIÇO DE TÁXI, PEDÁGIO E ESTACIONAMENTO",68.8,99 POP
220697,2025,6,"SERVIÇO DE TÁXI, PEDÁGIO E ESTACIONAMENTO",15.9,99 POP
220697,2025,10,"SERVIÇO DE TÁXI, PEDÁGIO E ESTACIONAMENTO",26.1,99 POP
220697,2025,10,"SERVIÇO DE TÁXI, PEDÁGIO E ESTACIONAMENTO",25.3,99 POP
220697,2025,12,"SERVIÇO DE TÁXI, PEDÁGIO E ESTACIONAMENTO",12.42,99 POP
220697,2025,6,"SERVIÇO DE TÁXI, PEDÁGIO E ESTACIONAMENTO",15.1,99 POP
220697,2025,12,"SERVIÇO DE TÁXI, PEDÁGIO E ESTACIONAMENTO",12.7,99 POP
220697,2025,12,"SERVIÇO DE TÁXI, PEDÁGIO E ESTACIONAMENTO",155.0,ASSOCIAÇÃO DOS TAXISTAS DO DISTRITO FEDERAL
220697,2025,12,"SERVIÇO DE TÁXI, PEDÁGIO E ESTACIONAMENTO",160.0,ASSOCIAÇÃO DOS TAXISTAS DO DISTRITO FEDERAL
220697,2025,10,"SERVIÇO DE TÁXI, PEDÁGIO E ESTACIONAMENTO",30.0,"BRASILIA EMPREENDIMENTOS, SERVICOS E PARTICIPACOES LTDA"
220697,2025,2,"SERVIÇO DE TÁXI, PEDÁGIO E ESTACIONAMENTO",14.94,UBER DO BRASIL TECNOLOGIA LTDA.
220697,2025,2,"SERVIÇO DE TÁXI, PEDÁGIO E ESTACIONAMENTO",21.93,UBER DO BRASIL TECNOLOGIA LTDA.
220697,2025,5,"SERVIÇO DE TÁXI, PEDÁGIO E ESTACIONAMENTO",26.91,UBER DO BRASIL TECNOLOGIA LTDA.
220697,2025,5,"SERVIÇO DE TÁXI, PEDÁGIO E ESTACIONAMENTO",26.94,UBER DO BRASIL TECNOLOGIA LTDA.
220697,2025,5,"SERVIÇO DE TÁXI, PEDÁGIO E ESTACIONAMENTO",44.02,UBER DO BRASIL TECNOLOGIA LTDA.
220697,2025,7,"SERVIÇO DE TÁXI, PEDÁGIO E ESTACIONAMENTO",17.96,UBER DO BRASIL TECNOLOGIA LTDA.
220697,2025,7,"SERVIÇO DE TÁXI, PEDÁGIO E ESTACIONAMENTO",8.92,UBER DO BRASIL TECNOLOGIA LTDA.
220697,2025,7,"SERVIÇO DE TÁXI, PEDÁGIO E ESTACIONAMENTO",9.94,UBER DO BRASIL TECNOLOGIA LTDA.
220697,2025,6,"SERVIÇO DE TÁXI, PEDÁGIO E ESTACIONAMENTO",12.99,UBER DO BRASIL TECNOLOGIA LTDA.
220697,2025,3,"SERVIÇO DE TÁXI, PEDÁGIO E ESTACIONAMENTO",21.85,UBER DO BRASIL TECNOLOGIA LTDA.
220697,2025,3,"SERVIÇO DE TÁXI, PEDÁGIO E ESTACIONAMENTO",42.89,UBER DO BRASIL TECNOLOGIA LTDA.
220697,2025,1,PASSAGEM AÉREA - SIGEPA,1903.52,GOL
220697,2025,2,PASSAGEM AÉREA - SIGEPA,453.41,GOL
220697,2025,5,PASSAGEM AÉREA - SIGEPA,-42.56,GOL
220697,2025,3,PASSAGEM AÉREA - SIGEPA,1497.65,GOL
220697,2025,3,PASSAGEM AÉREA - SIGEPA,61.0,GOL
220697,2025,3,PASSAGEM AÉREA - SIGEPA,1247.07,GOL
220697,2025,3,PASSAGEM AÉREA - SIGEPA,1527.32,GOL
220697,2025,3,PASSAGEM AÉREA - SIGEPA,1445.74,GOL
220697,2025,3,PASSAGEM AÉREA - SIGEPA,1265.85,GOL
220697,2025,4,PASSAGEM AÉREA - SIGEPA,1315.59,GOL
220697,2025,4,PASSAGEM AÉREA - SIGEPA,1762.73,GOL
220697,2025,4,PASSAGEM AÉREA - SIGEPA,377.05,GOL
220697,2025,5,PASSAGEM AÉREA - SIGEPA,-30.95,GOL
220697,2025,5,PASSAGEM AÉREA - SIGEPA,1257.3,GOL
220697,2025,5,PASSAGEM AÉREA - SIGEPA,685.43,GOL
220697,2025,5,PASSAGEM AÉREA - SIGEPA,1313.69,GOL
220697,2025,5,PASSAGEM AÉREA - SIGEPA,706.11,GOL
220697,2025,6,PASSAGEM AÉREA - SIGEPA,1015.55,GOL
220697,2025,6,PASSAGEM AÉREA - SIGEPA,-2012.55,GOL
220697,2025,6,PASSAGEM AÉREA - SIGEPA,2029.04,GOL
220697,2025,7,PASSAGEM AÉREA - SIGEPA,-537.68,GOL
220697,2025,10,PASSAGEM AÉREA - SIGEPA,-1392.29,GOL
220697,2025,6,PASSAGEM AÉREA - SIGEPA,1630.65,GOL
220697,2025,7,PASSAGEM AÉREA - SIGEPA,856.4,GOL
220697,2025,8,PASSAGEM AÉREA - SIGEPA,374.58,Gol Linhas Aéreas
220697,2025,8,PASSAGEM AÉREA - SIGEPA,335.16,Gol Linhas Aéreas
220697,2025,8,PASSAGEM AÉREA - SIGEPA,374.58,Gol Linhas Aéreas
220697,2025,8,PASSAGEM AÉREA - SIGEPA,401.66,Gol Linhas Aéreas
220697,2025,8,PASSAGEM AÉREA - SIGEPA,374.58,Gol Linhas Aéreas
220697,2025,8,PASSAGEM AÉREA - SIGEPA,374.58,Gol Linhas Aéreas
220697,2025,8,PASSAGEM AÉREA - SIGEPA,579.02,Gol Linhas Aéreas
220697,2025,9,PASSAGEM AÉREA - SIGEPA,2066.89,Gol Linhas Aéreas
220697,2025,10,PASSAGEM AÉREA - SIGEPA,1696.78,Gol Linhas Aéreas
220697,2025,10,PASSAGEM AÉREA - SIGEPA,1678.18,Gol Linhas Aéreas
220697,2025,10,PASSAGEM AÉREA - SIGEPA,2203.78,Gol Linhas Aéreas
220697,2025,11,PASSAGEM AÉREA - SIGEPA,1856.77,Gol Linhas Aéreas
220697,2025,11,PASSAGEM AÉREA - SIGEPA,-1856.77,Gol Linhas Aéreas
220697,2025,11,PASSAGEM AÉREA - SIGEPA,2032.78,Gol Linhas Aéreas
220697,2025,12,PASSAGEM AÉREA - SIGEPA,-643.04,Gol Linhas Aéreas
220697,2025,11,PASSAGEM AÉREA - SIGEPA,2088.7,Gol Linhas Aéreas
220697,2025,12,PASSAGEM AÉREA - SIGEPA,-669.04,Gol Linhas Aéreas
220697,2025,11,PASSAGEM AÉREA - SIGEPA,2089.78,Gol Linhas Aéreas
220697,2025,12,PASSAGEM AÉREA - SIGEPA,2002.32,Gol Linhas Aéreas
220697,2025,12,PASSAGEM AÉREA - SIGEPA,2888.79,Gol Linhas Aéreas
220697,2025,8,PASSAGEM AÉREA - SIGEPA,537.11,LATAM Airlines Brasil
220697,2025,8,PASSAGEM AÉREA - SIGEPA,537.11,LATAM Airlines Brasil
220697,2025,8,PASSAGEM AÉREA - SIGEPA,537.11,LATAM Airlines Brasil
220697,2025,8,PASSAGEM AÉREA - SIGEPA,2960.51,LATAM Airlines Brasil
220697,2025,8,PASSAGEM AÉREA - SIGEPA,-2329.85,LATAM Airlines Brasil
220697,2025,8,PASSAGEM AÉREA - SIGEPA,2329.85,LATAM Airlines Brasil
220697,2025,9,PASSAGEM AÉREA - SIGEPA,132.0,LATAM Airlines Brasil
220697,2025,9,PASSAGEM AÉREA - SIGEPA,2976.51,LATAM Airlines Brasil
220697,2025,9,PASSAGEM AÉREA - SIGEPA,-2051.02,LATAM Airlines Brasil
220697,2025,9,PASSAGEM AÉREA - SIGEPA,102.0,LATAM Airlines Brasil
220697,2025,9,PASSAGEM AÉREA - SIGEPA,2117.74,LATAM Airlines Brasil
220697,2025,9,PASSAGEM AÉREA - SIGEPA,-345.86,LATAM Airlines Brasil
220697,2025,10,PASSAGEM AÉREA - SIGEPA,36.52,LATAM Airlines Brasil
220697,2025,10,PASSAGEM AÉREA - SIGEPA,1875.38,LATAM Airlines Brasil
220697,2025,10,PASSAGEM AÉREA - SIGEPA,1200.22,LATAM Airlines Brasil
220697,2025,10,PASSAGEM AÉREA - SIGEPA,2090.35,LATAM Airlines Brasil
220697,2025,10,PASSAGEM AÉREA - SIGEPA,1606.09,LATAM Airlines Brasil
220697,2025,10,PASSAGEM AÉREA - SIGEPA,2641.47,LATAM Airlines Brasil
220697,2025,10,PASSAGEM AÉREA - SIGEPA,186.0,LATAM Airlines Brasil
220697,2025,10,PASSAGEM AÉREA - SIGEPA,2997.17,LATAM Airlines Brasil
220697,2025,10,PASSAGEM AÉREA - SIGEPA,-1864.18,LATAM Airlines Brasil
220697,2025,10,PASSAGEM AÉREA - SIGEPA,-2403.26,LATAM Airlines Brasil
220697,2025,10,PASSAGEM AÉREA - SIGEPA,2403.26,LATAM Airlines Brasil
220697,2025,11,PASSAGEM AÉREA - SIGEPA,-926.32,LATAM Airlines Brasil
220697,2025,11,PASSAGEM AÉREA - SIGEPA,225.76,LATAM Airlines Brasil
220697,2025,11,PASSAGEM AÉREA - SIGEPA,-1651.22,LATAM Airlines Brasil
220697,2025,11,PASSAGEM AÉREA - SIGEPA,162.0,LATAM Airlines Brasil
220697,2025,11,PASSAGEM AÉREA - SIGEPA,1651.22,LATAM Airlines Brasil
220697,2025,11,PASSAGEM AÉREA - SIGEPA,2243.53,LATAM Airlines Brasil
220697,2025,12,PASSAGEM AÉREA - SIGEPA,-754.85,LATAM Airlines Brasil
220697,2025,12,PASSAGEM AÉREA - SIGEPA,126.0,LATAM Airlines Brasil
220697,2025,12,PASSAGEM AÉREA - SIGEPA,2405.47,LATAM Airlines Brasil
220697,2025,12,PASSAGEM AÉREA - SIGEPA,2502.12,LATAM Airlines Brasil
220697,2025,12,PASSAGEM AÉREA - SIGEPA,3011.74,LATAM Airlines Brasil
220697,2025,12,PASSAGEM AÉREA - SIGEPA,987.28,LATAM Airlines Brasil
220697,2025,12,PASSAGEM AÉREA - SIGEPA,142.0,LATAM Airlines Brasil
220697,2025,12,PASSAGEM AÉREA - SIGEPA,1425.98,LATAM Airlines Brasil
220697,2025,12,PASSAGEM AÉREA - SIGEPA,142.0,LATAM Airlines Brasil
220697,2025,12,PASSAGEM AÉREA - SIGEPA,592.14,LATAM Airlines Brasil
220697,2025,12,PASSAGEM AÉREA - SIGEPA,-701.44,LATAM Airlines Brasil
220697,2025,12,PASSAGEM AÉREA - SIGEPA,163.0,LATAM Airlines Brasil
220697,2025,12,PASSAGEM AÉREA - SIGEPA,701.44,LATAM Airlines Brasil
220697,2025,12,PASSAGEM AÉREA - SIGEPA,163.0,LATAM Airlines Brasil
220697,2025,12,PASSAGEM AÉREA - SIGEPA,953.87,LATAM Airlines Brasil
220697,2025,12,PASSAGEM AÉREA - SIGEPA,-644.5,LATAM Airlines Brasil
220697,2025,12,PASSAGEM AÉREA - SIGEPA,163.0,LATAM Airlines Brasil
220697,2025,12,PASSAGEM AÉREA - SIGEPA,644.5,LATAM Airlines Brasil
220697,2025,1,PASSAGEM AÉREA - SIGEPA,75.0,TAM
220697,2025,1,PASSAGEM AÉREA - SIGEPA,1484.56,TAM
220697,2025,2,PASSAGEM AÉREA - SIGEPA,1469.95,TAM
220697,2025,3,PASSAGEM AÉREA - SIGEPA,-994.81,TAM
220697,2025,2,PASSAGEM AÉREA - SIGEPA,1469.95,TAM
220697,2025,3,PASSAGEM AÉREA - SIGEPA,-1027.45,TAM
220697,2025,2,PASSAGEM AÉREA - SIGEPA,667.15,TAM
220697,2025,2,PASSAGEM AÉREA - SIGEPA,627.4,TAM
220697,2025,2,PASSAGEM AÉREA - SIGEPA,1093.06,TAM
220697,2025,2,PASSAGEM AÉREA - SIGEPA,391.5,TAM
220697,2025,2,PASSAGEM AÉREA - SIGEPA,-61.11,TAM
220697,2025,2,PASSAGEM AÉREA - SIGEPA,825.77,TAM
220697,2025,3,PASSAGEM AÉREA - SIGEPA,1486.44,TAM
220697,2025,3,PASSAGEM AÉREA - SIGEPA,1486.44,TAM
220697,2025,3,PASSAGEM AÉREA - SIGEPA,-175.19,TAM
220697,2025,3,PASSAGEM AÉREA - SIGEPA,-30.95,TAM
220697,2025,3,PASSAGEM AÉREA - SIGEPA,-30.95,TAM
220697,2025,3,PASSAGEM AÉREA - SIGEPA,967.87,TAM
220697,2025,3,PASSAGEM AÉREA - SIGEPA,967.87,TAM
220697,2025,3,PASSAGEM AÉREA - SIGEPA,984.36,TAM
220697,2025,3,PASSAGEM AÉREA - SIGEPA,-328.52,TAM
220697,2025,3,PASSAGEM AÉREA - SIGEPA,984.36,TAM
220697,2025,3,PASSAGEM AÉREA - SIGEPA,90.0,TAM
220697,2025,3,PASSAGEM AÉREA - SIGEPA,1301.34,TAM
220697,2025,3,PASSAGEM AÉREA - SIGEPA,105.0,TAM
220697,2025,3,PASSAGEM AÉREA - SIGEPA,1499.62,TAM
220697,2025,4,PASSAGEM AÉREA - SIGEPA,90.0,TAM
220697,2025,4,PASSAGEM AÉREA - SIGEPA,1486.44,TAM
220697,2025,4,PASSAGEM AÉREA - SIGEPA,-671.83,TAM
220697,2025,4,PASSAGEM AÉREA - SIGEPA,1182.24,TAM
220697,2025,4,PASSAGEM AÉREA - SIGEPA,90.0,TAM
220697,2025,4,PASSAGEM AÉREA - SIGEPA,1469.95,TAM
220697,2025,4,PASSAGEM AÉREA - SIGEPA,-1486.44,TAM
220697,2025,4,PASSAGEM AÉREA - SIGEPA,90.0,TAM
220697,2025,4,PASSAGEM AÉREA - SIGEPA,1243.35,TAM
220697,2025,4,PASSAGEM AÉREA - SIGEPA,680.64,TAM
220697,2025,4,PASSAGEM AÉREA - SIGEPA,2960.02,TAM
220697,2025,4,PASSAGEM AÉREA - SIGEPA,1528.07,TAM
220697,2025,4,PASSAGEM AÉREA - SIGEPA,-131.93,TAM
220697,2025,4,PASSAGEM AÉREA - SIGEPA,-31.44,TAM
220697,2025,4,PASSAGEM AÉREA - SIGEPA,42.86,TAM
220697,2025,4,PASSAGEM AÉREA - SIGEPA,2453.44,TAM
220697,2025,4,PASSAGEM AÉREA - SIGEPA,860.69,TAM
220697,2025,4,PASSAGEM AÉREA - SIGEPA,1048.44,TAM
220697,2025,4,PASSAGEM AÉREA - SIGEPA,2976.51,TAM
220697,2025,5,PASSAGEM AÉREA - SIGEPA,519.73,TAM
220697,2025,5,PASSAGEM AÉREA - SIGEPA,245.68,TAM
220697,2025,5,PASSAGEM AÉREA - SIGEPA,115.0,TAM
220697,2025,5,PASSAGEM AÉREA - SIGEPA,1003.28,TAM
220697,2025,5,PASSAGEM AÉREA - SIGEPA,979.29,TAM
220697,2025,5,PASSAGEM AÉREA - SIGEPA,90.0,TAM
220697,2025,5,PASSAGEM AÉREA - SIGEPA,1426.81,TAM
220697,2025,5,PASSAGEM AÉREA - SIGEPA,85.0,TAM
220697,2025,5,PASSAGEM AÉREA - SIGEPA,567.66,TAM
220697,2025,6,PASSAGEM AÉREA - SIGEPA,235.49,TAM
220697,2025,6,PASSAGEM AÉREA - SIGEPA,-1662.3,TAM
220697,2025,6,PASSAGEM AÉREA - SIGEPA,1943.36,TAM
220697,2025,6,PASSAGEM AÉREA - SIGEPA,1877.5,TAM
220697,2025,6,PASSAGEM AÉREA - SIGEPA,2276.84,TAM
220697,2025,6,PASSAGEM AÉREA - SIGEPA,1877.5,TAM
220697,2025,6,PASSAGEM AÉREA - SIGEPA,102.0,TAM
220697,2025,6,PASSAGEM AÉREA - SIGEPA,1861.01,TAM
220697,2025,7,PASSAGEM AÉREA - SIGEPA,-942.05,TAM
220697,2025,6,PASSAGEM AÉREA - SIGEPA,102.0,TAM
220697,2025,6,PASSAGEM AÉREA - SIGEPA,1502.34,TAM
220697,2025,7,PASSAGEM AÉREA - SIGEPA,-1861.01,TAM
220697,2025,7,PASSAGEM AÉREA - SIGEPA,-2976.51,TAM
220697,2025,7,PASSAGEM AÉREA - SIGEPA,1474.17,TAM
220697,2025,7,PASSAGEM AÉREA - SIGEPA,132.0,TAM
220697,2025,7,PASSAGEM AÉREA - SIGEPA,2879.85,TAM
220697,2025,7,PASSAGEM AÉREA - SIGEPA,-736.85,TAM
220697,2025,7,PASSAGEM AÉREA - SIGEPA,108.0,TAM
220697,2025,7,PASSAGEM AÉREA - SIGEPA,736.85,TAM
220697,2026,3,MANUTENÇÃO DE ESCRITÓRIO DE APOIO À ATIVIDADE PARLAMENTAR,295.6,EMYSOUTO PAPELARIA INFORMATICA E LIMPEZA LTDA
220697,2026,4,MANUTENÇÃO DE ESCRITÓRIO DE APOIO À ATIVIDADE PARLAMENTAR,466.4,EMYSOUTO PAPELARIA INFORMATICA E LIMPEZA LTDA
220697,2026,5,MANUTENÇÃO DE ESCRITÓRIO DE APOIO À ATIVIDADE PARLAMENTAR,312.1,EMYSOUTO PAPELARIA INFORMATICA E LIMPEZA LTDA
220697,2026,6,MANUTENÇÃO DE ESCRITÓRIO DE APOIO À ATIVIDADE PARLAMENTAR,210.4,EMYSOUTO PAPELARIA INFORMATICA E LIMPEZA LTDA
220697,2026,7,MANUTENÇÃO DE ESCRITÓRIO DE APOIO À ATIVIDADE PARLAMENTAR,320.8,EMYSOUTO PAPELARIA INFORMATICA E LIMPEZA LTDA
220697,2026,8,MANUTENÇÃO DE ESCRITÓRIO DE APOIO À ATIVIDADE PARLAMENTAR,815.5,EMYSOUTO PAPELARIA INFORMATICA E LIMPEZA LTDA
220697,2026,1,MANUTENÇÃO DE ESCRITÓRIO DE APOIO À ATIVIDADE PARLAMENTAR,223.1,EMYSOUTO PAPELARIA INFORMATICA E LIMPEZA LTDA
220697,2026,7,MANUTENÇÃO DE ESCRITÓRIO DE APOIO À ATIVIDADE PARLAMENTAR,1545.0,IMOBILIARIA ROCHA FILHO LTDA
220697,2026,1,MANUTENÇÃO DE ESCRITÓRIO DE APOIO À ATIVIDADE PARLAMENTAR,1545.0,ROCHA FILHO
220697,2026,2,MANUTENÇÃO DE ESCRITÓRIO DE APOIO À ATIVIDADE PARLAMENTAR,1545.0,ROCHA FILHO
220697,2026,3,MANUTENÇÃO DE ESCRITÓRIO DE APOIO À ATIVIDADE PARLAMENTAR,1545.0,ROCHA FILHO
220697,2026,4,MANUTENÇÃO DE ESCRITÓRIO DE APOIO À ATIVIDADE PARLAMENTAR,1545.0,ROCHA FILHO
220697,2026,5,MANUTENÇÃO DE ESCRITÓRIO DE APOIO À ATIVIDADE PARLAMENTAR,1545.0,ROCHA FILHO
220697,2026,6,MANUTENÇÃO DE ESCRITÓRIO DE APOIO À ATIVIDADE PARLAMENTAR,1545.0,ROCHA FILHO
220697,2026,2,COMBUSTÍVEIS E LUBRIFICANTES.,132.33,AUTO POSTO CINCO ESTRELAS LTDA
220697,2026,3,COMBUSTÍVEIS E LUBRIFICANTES.,220.55,AUTO POSTO CINCO ESTRELAS LTDA
220697,2026,3,COMBUSTÍVEIS E LUBRIFICANTES.,268.02,AUTO POSTO CINCO ESTRELAS LTDA
220697,2026,4,COMBUSTÍVEIS E LUBRIFICANTES.,518.82,AUTO POSTO CINCO ESTRELAS LTDA
220697,2026,5,COMBUSTÍVEIS E LUBRIFICANTES.,286.59,AUTO POSTO CINCO ESTRELAS LTDA
220697,2026,5,COMBUSTÍVEIS E LUBRIFICANTES.,256.63,AUTO POSTO CINCO ESTRELAS LTDA
220697,2026,1,COMBUSTÍVEIS E LUBRIFICANTES.,276.26,AUTO POSTO CINCO ESTRELAS LTDA
220697,2026,7,COMBUSTÍVEIS E LUBRIFICANTES.,246.6,AUTO POSTO CINCO ESTRELAS LTDA
220697,2026,1,COMBUSTÍVEIS E LUBRIFICANTES.,249.84,AUTO POSTO JK LTDA
220697,2026,2,COMBUSTÍVEIS E LUBRIFICANTES.,100.0,AUTO POSTO JK LTDA
220697,2026,3,COMBUSTÍVEIS E LUBRIFICANTES.,210.0,AUTO POSTO JK LTDA
220697,2026,3,COMBUSTÍVEIS E LUBRIFICANTES.,347.42,AUTO POSTO JK LTDA
220697,2026,8,COMBUSTÍVEIS E LUBRIFICANTES.,335.29,AUTO POSTO JK LTDA
220697,2026,4,COMBUSTÍVEIS E LUBRIFICANTES.,424.0,DAIR JOSE RODRIGUES 06696354646
220697,2026,1,DIVULGAÇÃO DA ATIVIDADE PARLAMENTAR.,2000.0,ALFA COMUNICAÇÃO E MARKETING DIGITAL LTDA
220697,2026,2,DIVULGAÇÃO DA ATIVIDADE PARLAMENTAR.,2000.0,ALFA COMUNICAÇÃO E MARKETING DIGITAL LTDA
220697,2026,3,DIVULGAÇÃO DA ATIVIDADE PARLAMENTAR.,2000.0,ALFA COMUNICAÇÃO E MARKETING DIGITAL LTDA
220697,2026,4,DIVULGAÇÃO DA ATIVIDADE PARLAMENTAR.,2000.0,ALFA COMUNICAÇÃO E MARKETING DIGITAL LTDA
220697,2026,5,DIVULGAÇÃO DA ATIVIDADE PARLAMENTAR.,2000.0,ALFA COMUNICAÇÃO E MARKETING DIGITAL LTDA
220697,2026,1,DIVULGAÇÃO DA ATIVIDADE PARLAMENTAR.,1500.0,ANDRE DE MOURA PEREIRA COELHO
220697,2026,3,DIVULGAÇÃO DA ATIVIDADE PARLAMENTAR.,1500.0,ANDRE DE MOURA PEREIRA COELHO
220697,2026,4,DIVULGAÇÃO DA ATIVIDADE PARLAMENTAR.,1500.0,ANDRE DE MOURA PEREIRA COELHO
220697,2026,5,DIVULGAÇÃO DA ATIVIDADE PARLAMENTAR.,1500.0,ANDRE DE MOURA PEREIRA COELHO
220697,2026,2,DIVULGAÇÃO DA ATIVIDADE PARLAMENTAR.,2000.0,ELDORADO COMUNICACAO E JORNALISMO LTDA
220697,2026,3,DIVULGAÇÃO DA ATIVIDADE PARLAMENTAR.,2000.0,ELDORADO COMUNICACAO E JORNALISMO LTDA
220697,2026,4,DIVULGAÇÃO DA ATIVIDADE PARLAMENTAR.,2000.0,ELDORADO COMUNICACAO E JORNALISMO LTDA
220697,2026,5,DIVULGAÇÃO DA ATIVIDADE PARLAMENTAR.,2000.0,ELDORADO COMUNICACAO E JORNALISMO LTDA
220697,2026,2,DIVULGAÇÃO DA ATIVIDADE PARLAMENTAR.,2500.0,ESTIMATIVA EDITORA E COMUNICACAO LTDA
220697,2026,3,DIVULGAÇÃO DA ATIVIDADE PARLAMENTAR.,2500.0,ESTIMATIVA EDITORA E COMUNICACAO LTDA
220697,2026,4,DIVULGAÇÃO DA ATIVIDADE PARLAMENTAR.,2500.0,ESTIMATIVA EDITORA E COMUNICACAO LTDA
220697,2026,5,DIVULGAÇÃO DA ATIVIDADE PARLAMENTAR.,2500.0,ESTIMATIVA EDITORA E COMUNICACAO LTDA
220697,2026,3,DIVULGAÇÃO DA ATIVIDADE PARLAMENTAR.,5000.0,NF COMUNICAÇÃO DIGITAL LTDA
220697,2026,4,DIVULGAÇÃO DA ATIVIDADE PARLAMENTAR.,2500.0,NF COMUNICAÇÃO DIGITAL LTDA
220697,2026,5,DIVULGAÇÃO DA ATIVIDADE PARLAMENTAR.,2500.0,NF COMUNICAÇÃO DIGITAL LTDA
220697,2026,2,DIVULGAÇÃO DA ATIVIDADE PARLAMENTAR.,3000.0,Thiago Francisco Moreira Branco LTDA
220697,2026,3,DIVULGAÇÃO DA ATIVIDADE PARLAMENTAR.,3000.0,Thiago Francisco Moreira Branco LTDA
220697,2026,4,DIVULGAÇÃO DA ATIVIDADE PARLAMENTAR.,3000.0,Thiago Francisco Moreira Branco LTDA
220697,2026,5,DIVULGAÇÃO DA ATIVIDADE PARLAMENTAR.,3000.0,Thiago Francisco Moreira Branco LTDA
220697,2026,1,DIVULGAÇÃO DA ATIVIDADE PARLAMENTAR.,3000.0,Thiago Francisco Moreira Branco LTDA
220697,2026,1,DIVULGAÇÃO DA ATIVIDADE PARLAMENTAR.,8000.0,VÉRTICE COMUNICAÇÃO E JORNALISMO LTDA EPP
220697,2026,2,DIVULGAÇÃO DA ATIVIDADE PARLAMENTAR.,8000.0,VÉRTICE COMUNICAÇÃO E JORNALISMO LTDA EPP
220697,2026,3,DIVULGAÇÃO DA ATIVIDADE PARLAMENTAR.,8000.0,VÉRTICE COMUNICAÇÃO E JORNALISMO LTDA EPP
220697,2026,4,DIVULGAÇÃO DA ATIVIDADE PARLAMENTAR.,8000.0,VÉRTICE COMUNICAÇÃO E JORNALISMO LTDA EPP
220697,2026,6,TELEFONIA,81.2,CLARO NXT TELECOMUNICACOES S/A
220697,2026,6,"HOSPEDAGEM ,EXCETO DO PARLAMENTAR NO DISTRITO FEDERAL.",949.73,Blue Tree
220697,2026,6,"HOSPEDAGEM ,EXCETO DO PARLAMENTAR NO DISTRITO FEDERAL.",459.64,Blue Tree
220697,2026,6,"HOSPEDAGEM ,EXCETO DO PARLAMENTAR NO DISTRITO FEDERAL.",831.6,Blue Tree
220697,2026,5,"HOSPEDAGEM ,EXCETO DO PARLAMENTAR NO DISTRITO FEDERAL.",886.42,EUROPA INVESTIMENTOS LTDA
220697,2026,8,"HOSPEDAGEM ,EXCETO DO PARLAMENTAR NO DISTRITO FEDERAL.",1050.0,NBR HOTELARIA LTDA
220697,2026,7,"HOSPEDAGEM ,EXCETO DO PARLAMENTAR NO DISTRITO FEDERAL.",738.0,R. MELO & MELO LTDA
220697,2026,5,"HOSPEDAGEM ,EXCETO DO PARLAMENTAR NO DISTRITO FEDERAL.",1558.25,"ROMA SERVIÇOS DE RESTAURAÇÃO, CONSTRUÇÃO E ADMINISTRAÇÃO LTDA"
220697,2026,6,"SERVIÇO DE TÁXI, PEDÁGIO E ESTACIONAMENTO",53.0,ASSOCIACAO DOS TAXISTAS DO DISTRITO FEDERAL
220697,2026,5,"SERVIÇO DE TÁXI, PEDÁGIO E ESTACIONAMENTO",70.0,ASSOCIAÇÃO DOS TAXISTAS DO DISTRITO FEDERAL
220697,2026,5,"SERVIÇO DE TÁXI, PEDÁGIO E ESTACIONAMENTO",220.0,COOPERTAXI - COOPERATIVA DOS TAXISTAS AUTONOMOS DO DISTRITO FEDERAL LTDA.
220697,2026,8,"SERVIÇO DE TÁXI, PEDÁGIO E ESTACIONAMENTO",30.0,IMPERTAXI  COOPERATIVA DO TRANSPORTE ALTERNATIVO DOS TAXISTAS DO IMPERIAL SHOPPING DE IMPERATRIZ MA
220697,2026,8,"SERVIÇO DE TÁXI, PEDÁGIO E ESTACIONAMENTO",70.0,IMPERTAXI  COOPERATIVA DO TRANSPORTE ALTERNATIVO DOS TAXISTAS DO IMPERIAL SHOPPING DE IMPERATRIZ MA
220697,2026,5,"SERVIÇO DE TÁXI, PEDÁGIO E ESTACIONAMENTO",45.0,SINDICATO DOS PERMISSIONARIOS DE TAXIS E MOTORISTAS AUXILIARES DO DISTRITO FEDERAL
220697,2026,6,"SERVIÇO DE TÁXI, PEDÁGIO E ESTACIONAMENTO",57.0,SINDICATO DOS PERMISSIONARIOS DE TAXIS E MOTORISTAS AUXILIARES DO DISTRITO FEDERAL
220697,2026,3,"SERVIÇO DE TÁXI, PEDÁGIO E ESTACIONAMENTO",10.66,UBER DO BRASIL TECNOLOGIA LTDA.
220697,2026,5,"SERVIÇO DE TÁXI, PEDÁGIO E ESTACIONAMENTO",28.19,UBER DO BRASIL TECNOLOGIA LTDA.
220697,2026,5,"SERVIÇO DE TÁXI, PEDÁGIO E ESTACIONAMENTO",25.92,UBER DO BRASIL TECNOLOGIA LTDA.
220697,2026,8,"SERVIÇO DE TÁXI, PEDÁGIO E ESTACIONAMENTO",31.99,UBER DO BRASIL TECNOLOGIA LTDA.
220697,2026,5,"SERVIÇO DE TÁXI, PEDÁGIO E ESTACIONAMENTO",16.61,UBER DO BRASIL TECNOLOGIA LTDA.
220697,2026,8,"SERVIÇO DE TÁXI, PEDÁGIO E ESTACIONAMENTO",34.97,UBER DO BRASIL TECNOLOGIA LTDA.
220697,2026,5,PASSAGEM AÉREA - SIGEPA,2592.28,Azul Linhas Aéreas
220697,2026,7,PASSAGEM AÉREA - SIGEPA,1209.27,Azul Linhas Aéreas
220697,2026,7,PASSAGEM AÉREA - SIGEPA,1381.68,Azul Linhas Aéreas
220697,2026,5,PASSAGEM AÉREA - SIGEPA,1365.23,Azul Linhas Aéreas
220697,2026,3,PASSAGEM AÉREA - SIGEPA,2486.27,Gol Linhas Aéreas
220697,2026,3,PASSAGEM AÉREA - SIGEPA,-768.89,Gol Linhas Aéreas
220697,2026,5,PASSAGEM AÉREA - SIGEPA,2570.27,Gol Linhas Aéreas
220697,2026,5,PASSAGEM AÉREA - SIGEPA,2177.87,Gol Linhas Aéreas
220697,2026,5,PASSAGEM AÉREA - SIGEPA,2398.09,Gol Linhas Aéreas
220697,2026,6,PASSAGEM AÉREA - SIGEPA,-676.37,Gol Linhas Aéreas
220697,2026,5,PASSAGEM AÉREA - SIGEPA,2570.27,Gol Linhas Aéreas
220697,2026,6,PASSAGEM AÉREA - SIGEPA,2464.61,Gol Linhas Aéreas
220697,2026,1,PASSAGEM AÉREA - SIGEPA,130.0,LATAM Airlines Brasil
220697,2026,1,PASSAGEM AÉREA - SIGEPA,1986.82,LATAM Airlines Brasil
220697,2026,1,PASSAGEM AÉREA - SIGEPA,-1701.02,LATAM Airlines Brasil
220697,2026,1,PASSAGEM AÉREA - SIGEPA,1108.88,LATAM Airlines Brasil
220697,2026,2,PASSAGEM AÉREA - SIGEPA,2510.83,LATAM Airlines Brasil
220697,2026,2,PASSAGEM AÉREA - SIGEPA,2107.78,LATAM Airlines Brasil
220697,2026,2,PASSAGEM AÉREA - SIGEPA,2181.32,LATAM Airlines Brasil
220697,2026,2,PASSAGEM AÉREA - SIGEPA,-1364.1,LATAM Airlines Brasil
220697,2026,2,PASSAGEM AÉREA - SIGEPA,410.23,LATAM Airlines Brasil
220697,2026,2,PASSAGEM AÉREA - SIGEPA,-1120.08,LATAM Airlines Brasil
220697,2026,2,PASSAGEM AÉREA - SIGEPA,-105.0,LATAM Airlines Brasil
220697,2026,2,PASSAGEM AÉREA - SIGEPA,105.0,LATAM Airlines Brasil
220697,2026,2,PASSAGEM AÉREA - SIGEPA,1120.08,LATAM Airlines Brasil
220697,2026,2,PASSAGEM AÉREA - SIGEPA,-828.69,LATAM Airlines Brasil
220697,2026,2,PASSAGEM AÉREA - SIGEPA,-142.0,LATAM Airlines Brasil
220697,2026,2,PASSAGEM AÉREA - SIGEPA,142.0,LATAM Airlines Brasil
220697,2026,2,PASSAGEM AÉREA - SIGEPA,828.69,LATAM Airlines Brasil
220697,2026,2,PASSAGEM AÉREA - SIGEPA,-3011.74,LATAM Airlines Brasil
220697,2026,2,PASSAGEM AÉREA - SIGEPA,3011.74,LATAM Airlines Brasil
220697,2026,3,PASSAGEM AÉREA - SIGEPA,179.0,LATAM Airlines Brasil
220697,2026,3,PASSAGEM AÉREA - SIGEPA,2271.75,LATAM Airlines Brasil
220697,2026,3,PASSAGEM AÉREA - SIGEPA,1997.39,LATAM Airlines Brasil
220697,2026,3,PASSAGEM AÉREA - SIGEPA,1519.25,LATAM Airlines Brasil
220697,2026,4,PASSAGEM AÉREA - SIGEPA,179.0,LATAM Airlines Brasil
220697,2026,4,PASSAGEM AÉREA - SIGEPA,3282.58,LATAM Airlines Brasil
220697,2026,4,PASSAGEM AÉREA - SIGEPA,-690.2,LATAM Airlines Brasil
220697,2026,4,PASSAGEM AÉREA - SIGEPA,2223.98,LATAM Airlines Brasil
220697,2026,4,PASSAGEM AÉREA - SIGEPA,-1982.39,LATAM Airlines Brasil
220697,2026,4,PASSAGEM AÉREA - SIGEPA,-123.0,LATAM Airlines Brasil
220697,2026,4,PASSAGEM AÉREA - SIGEPA,123.0,LATAM Airlines Brasil
220697,2026,4,PASSAGEM AÉREA - SIGEPA,1982.39,LATAM Airlines Brasil
220697,2026,4,PASSAGEM AÉREA - SIGEPA,1987.37,LATAM Airlines Brasil
220697,2026,4,PASSAGEM AÉREA - SIGEPA,2074.58,LATAM Airlines Brasil
220697,2026,4,PASSAGEM AÉREA - SIGEPA,1708.9,LATAM Airlines Brasil
220697,2026,5,PASSAGEM AÉREA - SIGEPA,2352.15,LATAM Airlines Brasil
220697,2026,5,PASSAGEM AÉREA - SIGEPA,881.56,LATAM Airlines Brasil
220697,2026,5,PASSAGEM AÉREA - SIGEPA,-661.15,LATAM Airlines Brasil
220697,2026,5,PASSAGEM AÉREA - SIGEPA,661.15,LATAM Airlines Brasil
220697,2026,5,PASSAGEM AÉREA - SIGEPA,653.97,LATAM Airlines Brasil
220697,2026,5,PASSAGEM AÉREA - SIGEPA,881.56,LATAM Airlines Brasil
220697,2026,5,PASSAGEM AÉREA - SIGEPA,881.56,LATAM Airlines Brasil
220697,2026,5,PASSAGEM AÉREA - SIGEPA,653.97,LATAM Airlines Brasil
220697,2026,5,PASSAGEM AÉREA - SIGEPA,3341.51,LATAM Airlines Brasil
220697,2026,5,PASSAGEM AÉREA - SIGEPA,130.0,LATAM Airlines Brasil
220697,2026,5,PASSAGEM AÉREA - SIGEPA,1909.35,LATAM Airlines Brasil
220697,2026,5,PASSAGEM AÉREA - SIGEPA,111.0,LATAM Airlines Brasil
220697,2026,5,PASSAGEM AÉREA - SIGEPA,1926.36,LATAM Airlines Brasil
220697,2026,5,PASSAGEM AÉREA - SIGEPA,1909.35,LATAM Airlines Brasil
220697,2026,6,PASSAGEM AÉREA - SIGEPA,117.0,LATAM Airlines Brasil
220697,2026,6,PASSAGEM AÉREA - SIGEPA,1926.36,LATAM Airlines Brasil
220697,2026,6,PASSAGEM AÉREA - SIGEPA,1903.33,LATAM Airlines Brasil
220697,2026,6,PASSAGEM AÉREA - SIGEPA,-2081.17,LATAM Airlines Brasil
220697,2026,6,PASSAGEM AÉREA - SIGEPA,2081.17,LATAM Airlines Brasil
220697,2026,6,PASSAGEM AÉREA - SIGEPA,2966.27,LATAM Airlines Brasil
220697,2026,6,PASSAGEM AÉREA - SIGEPA,2959.51,LATAM Airlines Brasil
220697,2026,6,PASSAGEM AÉREA - SIGEPA,2280.32,LATAM Airlines Brasil
220697,2026,6,PASSAGEM AÉREA - SIGEPA,2280.32,LATAM Airlines Brasil
220697,2026,6,PASSAGEM AÉREA - SIGEPA,163.0,LATAM Airlines Brasil
220697,2026,6,PASSAGEM AÉREA - SIGEPA,3179.66,LATAM Airlines Brasil
220697,2026,6,PASSAGEM AÉREA - SIGEPA,2197.84,LATAM Airlines Brasil
220697,2026,6,PASSAGEM AÉREA - SIGEPA,1926.36,LATAM Airlines Brasil
220697,2026,6,PASSAGEM AÉREA - SIGEPA,117.0,LATAM Airlines Brasil
220697,2026,6,PASSAGEM AÉREA - SIGEPA,1849.87,LATAM Airlines Brasil
220697,2026,6,PASSAGEM AÉREA - SIGEPA,2050.45,LATAM Airlines Brasil
220697,2026,6,PASSAGEM AÉREA - SIGEPA,-2280.77,LATAM Airlines Brasil
220697,2026,6,PASSAGEM AÉREA - SIGEPA,-130.0,LATAM Airlines Brasil
220697,2026,6,PASSAGEM AÉREA - SIGEPA,130.0,LATAM Airlines Brasil
220697,2026,6,PASSAGEM AÉREA - SIGEPA,2280.77,LATAM Airlines Brasil
220697,2026,6,PASSAGEM AÉREA - SIGEPA,-1345.37,LATAM Airlines Brasil
220697,2026,6,PASSAGEM AÉREA - SIGEPA,-130.0,LATAM Airlines Brasil
220697,2026,6,PASSAGEM AÉREA - SIGEPA,130.0,LATAM Airlines Brasil
220697,2026,6,PASSAGEM AÉREA - SIGEPA,1345.37,LATAM Airlines Brasil
220697,2026,7,PASSAGEM AÉREA - SIGEPA,2398.28,LATAM Airlines Brasil
220697,2026,7,PASSAGEM AÉREA - SIGEPA,2416.06,LATAM Airlines Brasil
66385,2023,2,MANUTENÇÃO DE ESCRITÓRIO DE APOIO À ATIVIDADE PARLAMENTAR,6000.0,MOTA E REGO LOBAO LTDA
66385,2023,3,MANUTENÇÃO DE ESCRITÓRIO DE APOIO À ATIVIDADE PARLAMENTAR,6000.0,MOTA E REGO LOBAO LTDA
66385,2023,4,MANUTENÇÃO DE ESCRITÓRIO DE APOIO À ATIVIDADE PARLAMENTAR,6000.0,MOTA E REGO LOBAO LTDA
66385,2023,5,MANUTENÇÃO DE ESCRITÓRIO DE APOIO À ATIVIDADE PARLAMENTAR,6000.0,MOTA E REGO LOBAO LTDA
66385,2023,6,MANUTENÇÃO DE ESCRITÓRIO DE APOIO À ATIVIDADE PARLAMENTAR,6000.0,MOTA E REGO LOBAO LTDA
66385,2023,7,MANUTENÇÃO DE ESCRITÓRIO DE APOIO À ATIVIDADE PARLAMENTAR,6000.0,MOTA E REGO LOBAO LTDA
66385,2023,8,MANUTENÇÃO DE ESCRITÓRIO DE APOIO À ATIVIDADE PARLAMENTAR,6000.0,MOTA E REGO LOBAO LTDA
66385,2023,9,MANUTENÇÃO DE ESCRITÓRIO DE APOIO À ATIVIDADE PARLAMENTAR,6000.0,MOTA E REGO LOBAO LTDA
66385,2023,10,MANUTENÇÃO DE ESCRITÓRIO DE APOIO À ATIVIDADE PARLAMENTAR,6000.0,MOTA E REGO LOBAO LTDA
66385,2023,11,MANUTENÇÃO DE ESCRITÓRIO DE APOIO À ATIVIDADE PARLAMENTAR,6000.0,MOTA E REGO LOBAO LTDA
66385,2023,12,MANUTENÇÃO DE ESCRITÓRIO DE APOIO À ATIVIDADE PARLAMENTAR,6000.0,MOTA E REGO LOBAO LTDA
66385,2023,3,MANUTENÇÃO DE ESCRITÓRIO DE APOIO À ATIVIDADE PARLAMENTAR,476.49,WMS COMERCIO DE ARTIGOS DE PAPELARIA LTDA-ME
66385,2023,4,MANUTENÇÃO DE ESCRITÓRIO DE APOIO À ATIVIDADE PARLAMENTAR,126.6,WMS COMERCIO DE ARTIGOS DE PAPELARIA LTDA-ME
66385,2023,9,MANUTENÇÃO DE ESCRITÓRIO DE APOIO À ATIVIDADE PARLAMENTAR,115.5,WMS COMERCIO DE ARTIGOS DE PAPELARIA LTDA-ME
66385,2023,8,COMBUSTÍVEIS E LUBRIFICANTES.,230.0,031 - 302 NORTE - CASCOL COMBUSTIVEIS PARA VEICULOS LTDA
66385,2023,9,COMBUSTÍVEIS E LUBRIFICANTES.,240.0,031 - 302 NORTE - CASCOL COMBUSTIVEIS PARA VEICULOS LTDA
66385,2023,12,COMBUSTÍVEIS E LUBRIFICANTES.,231.94,045 - QL 02 - CASCOL COMBUSTIVEIS PARA VEICULOS LTDA
66385,2023,4,COMBUSTÍVEIS E LUBRIFICANTES.,221.87,063 - 311 SUL - CASCOL COMBUSTIVEIS PARA VEICULOS LTDA
66385,2023,5,COMBUSTÍVEIS E LUBRIFICANTES.,230.0,063 - 311 SUL - CASCOL COMBUSTIVEIS PARA VEICULOS LTDA
66385,2023,5,COMBUSTÍVEIS E LUBRIFICANTES.,223.39,063 - 311 SUL - CASCOL COMBUSTIVEIS PARA VEICULOS LTDA
66385,2023,6,COMBUSTÍVEIS E LUBRIFICANTES.,230.0,063 - 311 SUL - CASCOL COMBUSTIVEIS PARA VEICULOS LTDA
66385,2023,6,COMBUSTÍVEIS E LUBRIFICANTES.,230.0,063 - 311 SUL - CASCOL COMBUSTIVEIS PARA VEICULOS LTDA
66385,2023,6,COMBUSTÍVEIS E LUBRIFICANTES.,230.0,063 - 311 SUL - CASCOL COMBUSTIVEIS PARA VEICULOS LTDA
66385,2023,9,COMBUSTÍVEIS E LUBRIFICANTES.,240.0,063 - 311 SUL - CASCOL COMBUSTIVEIS PARA VEICULOS LTDA
66385,2023,11,COMBUSTÍVEIS E LUBRIFICANTES.,228.57,063 - 311 SUL - CASCOL COMBUSTIVEIS PARA VEICULOS LTDA
66385,2023,12,COMBUSTÍVEIS E LUBRIFICANTES.,240.0,063 - 311 SUL - CASCOL COMBUSTIVEIS PARA VEICULOS LTDA
66385,2023,9,COMBUSTÍVEIS E LUBRIFICANTES.,232.64,081 - JAGUAR - CASCOL COMBUSTIVEIS PARA VEICULOS LTDA
66385,2023,5,COMBUSTÍVEIS E LUBRIFICANTES.,350.07,A DE S RIBEIRO EIRELI
66385,2023,7,COMBUSTÍVEIS E LUBRIFICANTES.,172.01,AUTO POSTO CENTER LTDA
66385,2023,2,COMBUSTÍVEIS E LUBRIFICANTES.,295.03,AUTO POSTO CINCO ESTRELAS LTDA
66385,2023,2,COMBUSTÍVEIS E LUBRIFICANTES.,233.1,AUTO POSTO CINCO ESTRELAS LTDA
66385,2023,2,COMBUSTÍVEIS E LUBRIFICANTES.,230.01,AUTO POSTO CINCO ESTRELAS LTDA
66385,2023,3,COMBUSTÍVEIS E LUBRIFICANTES.,230.03,AUTO POSTO CINCO ESTRELAS LTDA
66385,2023,3,COMBUSTÍVEIS E LUBRIFICANTES.,250.0,AUTO POSTO CINCO ESTRELAS LTDA
66385,2023,6,COMBUSTÍVEIS E LUBRIFICANTES.,230.0,AUTO POSTO JK LTDA
66385,2023,12,COMBUSTÍVEIS E LUBRIFICANTES.,240.0,AUTO SHOPPING QL 06 COMERCIO DE DERIV DE PETROLEO LTDA
66385,2023,5,COMBUSTÍVEIS E LUBRIFICANTES.,100.0,AVANT PETORLEO SV LTDA
66385,2023,5,COMBUSTÍVEIS E LUBRIFICANTES.,270.02,BONTEMPO PETROLEO LTDA
66385,2023,5,COMBUSTÍVEIS E LUBRIFICANTES.,268.02,BONTEMPO PETROLEO LTDA
66385,2023,8,COMBUSTÍVEIS E LUBRIFICANTES.,200.0,CACIQUE PETROLEO LTDA
66385,2023,8,COMBUSTÍVEIS E LUBRIFICANTES.,300.0,CACIQUE PETROLEO LTDA
66385,2023,12,COMBUSTÍVEIS E LUBRIFICANTES.,200.0,CACIQUE PETROLEO LTDA.
66385,2023,6,COMBUSTÍVEIS E LUBRIFICANTES.,245.11,CIA BRASILEIRA DE DISTRIBUICAO
66385,2023,6,COMBUSTÍVEIS E LUBRIFICANTES.,149.57,CIA BRASILEIRA DE DISTRIBUICAO
66385,2023,7,COMBUSTÍVEIS E LUBRIFICANTES.,244.61,CIA BRASILEIRA DE DISTRIBUICAO
66385,2023,8,COMBUSTÍVEIS E LUBRIFICANTES.,256.2,CIA BRASILEIRA DE DISTRIBUICAO
66385,2023,8,COMBUSTÍVEIS E LUBRIFICANTES.,174.31,CIA BRASILEIRA DE DISTRIBUICAO
66385,2023,9,COMBUSTÍVEIS E LUBRIFICANTES.,257.18,CIA BRASILEIRA DE DISTRIBUICAO
66385,2023,9,COMBUSTÍVEIS E LUBRIFICANTES.,257.5,CIA BRASILEIRA DE DISTRIBUICAO
66385,2023,11,COMBUSTÍVEIS E LUBRIFICANTES.,184.84,CIA BRASILEIRA DE DISTRIBUICAO
66385,2023,11,COMBUSTÍVEIS E LUBRIFICANTES.,175.47,CIA BRASILEIRA DE DISTRIBUICAO
66385,2023,3,COMBUSTÍVEIS E LUBRIFICANTES.,262.42,CIA BRASILEIRA DE DISTRIBUICAO
66385,2023,5,COMBUSTÍVEIS E LUBRIFICANTES.,250.67,CIA BRASILEIRA DE DISTRIBUICAO
66385,2023,5,COMBUSTÍVEIS E LUBRIFICANTES.,240.52,CIA BRASILEIRA DE DISTRIBUICAO
66385,2023,5,COMBUSTÍVEIS E LUBRIFICANTES.,242.42,CIA BRASILEIRA DE DISTRIBUICAO
66385,2023,6,COMBUSTÍVEIS E LUBRIFICANTES.,225.35,CIA BRASILEIRA DE DISTRIBUICAO
66385,2023,6,COMBUSTÍVEIS E LUBRIFICANTES.,239.06,CIA BRASILEIRA DE DISTRIBUICAO
66385,2023,7,COMBUSTÍVEIS E LUBRIFICANTES.,100.0,CIA BRASILEIRA DE DISTRIBUICAO
66385,2023,7,COMBUSTÍVEIS E LUBRIFICANTES.,167.15,CIA BRASILEIRA DE DISTRIBUICAO
66385,2023,8,COMBUSTÍVEIS E LUBRIFICANTES.,100.0,CIA BRASILEIRA DE DISTRIBUICAO
66385,2023,8,COMBUSTÍVEIS E LUBRIFICANTES.,240.58,CIA BRASILEIRA DE DISTRIBUICAO
66385,2023,9,COMBUSTÍVEIS E LUBRIFICANTES.,259.15,CIA BRASILEIRA DE DISTRIBUICAO
66385,2023,10,COMBUSTÍVEIS E LUBRIFICANTES.,100.0,CIA BRASILEIRA DE DISTRIBUICAO
66385,2023,10,COMBUSTÍVEIS E LUBRIFICANTES.,265.42,CIA BRASILEIRA DE DISTRIBUICAO
66385,2023,11,COMBUSTÍVEIS E LUBRIFICANTES.,156.65,CIA BRASILEIRA DE DISTRIBUICAO
66385,2023,11,COMBUSTÍVEIS E LUBRIFICANTES.,253.79,CIA BRASILEIRA DE DISTRIBUICAO
66385,2023,11,COMBUSTÍVEIS E LUBRIFICANTES.,328.54,CIA BRASILEIRA DE DISTRIBUICAO
66385,2023,7,COMBUSTÍVEIS E LUBRIFICANTES.,90.04,COPAS COMBUSTIVEIS LTDA EPP
66385,2023,5,COMBUSTÍVEIS E LUBRIFICANTES.,325.01,FCN.X CARVALHO COMBUSTIVEL LTDA
66385,2023,5,COMBUSTÍVEIS E LUBRIFICANTES.,150.0,FCN.X CARVALHO COMBUSTIVEL LTDA
66385,2023,4,COMBUSTÍVEIS E LUBRIFICANTES.,470.0,FIGUEREDO COMERCIAL DE COMBUSTIVEL LTDA
66385,2023,7,COMBUSTÍVEIS E LUBRIFICANTES.,206.55,GILDA E JOAO LTDA
66385,2023,3,COMBUSTÍVEIS E LUBRIFICANTES.,299.48,HD PETROLEO BURITIZINHO LTDA
66385,2023,3,COMBUSTÍVEIS E LUBRIFICANTES.,260.34,HD PETROLEO BURITIZINHO LTDA
66385,2023,4,COMBUSTÍVEIS E LUBRIFICANTES.,199.99,HD PETROLEO BURITIZINHO LTDA
66385,2023,5,COMBUSTÍVEIS E LUBRIFICANTES.,200.0,HD PETROLEO BURITIZINHO LTDA
66385,2023,5,COMBUSTÍVEIS E LUBRIFICANTES.,199.99,HD PETROLEO BURITIZINHO LTDA
66385,2023,5,COMBUSTÍVEIS E LUBRIFICANTES.,200.0,HD PETROLEO BURITIZINHO LTDA
66385,2023,6,COMBUSTÍVEIS E LUBRIFICANTES.,278.53,HD PETROLEO BURITIZINHO LTDA
66385,2023,5,COMBUSTÍVEIS E LUBRIFICANTES.,200.0,HD PETROLEO BURITIZINHO LTDA
66385,2023,12,COMBUSTÍVEIS E LUBRIFICANTES.,285.06,J & S PINHEIRO LTDA
66385,2023,4,COMBUSTÍVEIS E LUBRIFICANTES.,330.0,J B MAGALHAES EIRELI
66385,2023,7,COMBUSTÍVEIS E LUBRIFICANTES.,209.58,JOSE FONTES DERIVADOS DE PETROLEO LTDA
66385,2023,3,COMBUSTÍVEIS E LUBRIFICANTES.,50.0,L F NAVARRO DE SOUSA EIRELI
66385,2023,4,COMBUSTÍVEIS E LUBRIFICANTES.,345.03,M C LEMOS E CIA LTDA
66385,2023,7,COMBUSTÍVEIS E LUBRIFICANTES.,195.04,M C LEMOS E CIA LTDA
66385,2023,7,COMBUSTÍVEIS E LUBRIFICANTES.,160.01,M. C. B. LIRA E SOUZA - EPP
66385,2023,9,COMBUSTÍVEIS E LUBRIFICANTES.,300.0,MAXXI DM PETROLEO LTDA
66385,2023,4,COMBUSTÍVEIS E LUBRIFICANTES.,245.0,NENO AUTO POSTO LTDA
66385,2023,8,COMBUSTÍVEIS E LUBRIFICANTES.,265.0,PIPEL PICOS PETROLEO LTDA
66385,2023,10,COMBUSTÍVEIS E LUBRIFICANTES.,200.06,PIPEL PICOS PETROLEO LTDA
66385,2023,9,COMBUSTÍVEIS E LUBRIFICANTES.,300.0,PLANALTO PETROLEO HOMERO LTDA
66385,2023,11,COMBUSTÍVEIS E LUBRIFICANTES.,450.06,PLANALTO PETROLEO HOMERO LTDA
66385,2023,6,COMBUSTÍVEIS E LUBRIFICANTES.,340.6,PLANALTO PETROLEO HOMERO LTDA
66385,2023,3,COMBUSTÍVEIS E LUBRIFICANTES.,200.0,PLANALTO PETROLEO ILHOTAS LTDA
66385,2023,8,COMBUSTÍVEIS E LUBRIFICANTES.,280.01,POSTO 13 PETROLEO LTDA
66385,2023,4,COMBUSTÍVEIS E LUBRIFICANTES.,60.0,POSTO CRISTO REI LTDA
66385,2023,3,COMBUSTÍVEIS E LUBRIFICANTES.,300.0,POSTO CRISTO REI LTDA
66385,2023,4,COMBUSTÍVEIS E LUBRIFICANTES.,300.01,POSTO CRISTO REI LTDA
66385,2023,8,COMBUSTÍVEIS E LUBRIFICANTES.,100.0,POSTO CRISTO REI LTDA
66385,2023,4,COMBUSTÍVEIS E LUBRIFICANTES.,430.02,POSTO DE COMBUSTIVEIS 309 SUL LTDA
66385,2023,4,COMBUSTÍVEIS E LUBRIFICANTES.,223.28,POSTO DE COMBUSTIVEIS 310 SUL LTDA
66385,2023,3,COMBUSTÍVEIS E LUBRIFICANTES.,250.08,POSTO DE COMBUSTIVEIS 310 SUL LTDA
66385,2023,10,COMBUSTÍVEIS E LUBRIFICANTES.,236.26,POSTO DE COMBUSTIVEIS ADE LTDA
66385,2023,4,COMBUSTÍVEIS E LUBRIFICANTES.,230.0,POSTO DE COMBUSTIVEL GUERREIRINHO LTDA
66385,2023,2,COMBUSTÍVEIS E LUBRIFICANTES.,76.39,POSTO DE COMBUSTIVEL QI 09 LAGO SUL LTDA
66385,2023,3,COMBUSTÍVEIS E LUBRIFICANTES.,250.0,POSTO DE COMBUSTIVEL QI 09 LAGO SUL LTDA
66385,2023,3,COMBUSTÍVEIS E LUBRIFICANTES.,250.0,POSTO DE COMBUSTIVEL QI 09 LAGO SUL LTDA
66385,2023,3,COMBUSTÍVEIS E LUBRIFICANTES.,230.03,POSTO DE COMBUSTIVEL QI 09 LAGO SUL LTDA
66385,2023,12,COMBUSTÍVEIS E LUBRIFICANTES.,240.0,POSTO DE COMBUSTIVEL RANIA LTDA
66385,2023,6,COMBUSTÍVEIS E LUBRIFICANTES.,200.0,POSTO MARTINEZ LTDA
66385,2023,6,COMBUSTÍVEIS E LUBRIFICANTES.,300.02,POSTO RAMOS PIRACURUCA LTDA
66385,2023,4,COMBUSTÍVEIS E LUBRIFICANTES.,212.08,POSTO ROSARIO LTDA
66385,2023,5,COMBUSTÍVEIS E LUBRIFICANTES.,100.0,POSTO SAO BENEDITO PETROLEO LTDA
66385,2023,5,COMBUSTÍVEIS E LUBRIFICANTES.,200.0,POSTO SAO BENEDITO PETROLEO LTDA
66385,2023,5,COMBUSTÍVEIS E LUBRIFICANTES.,150.0,POSTO SAO BENEDITO PETROLEO LTDA
66385,2023,5,COMBUSTÍVEIS E LUBRIFICANTES.,210.1,POSTO SAO BENEDITO PETROLEO LTDA
66385,2023,5,COMBUSTÍVEIS E LUBRIFICANTES.,100.0,POSTO SAO BENEDITO PETROLEO LTDA
66385,2023,5,COMBUSTÍVEIS E LUBRIFICANTES.,100.0,POSTO SAO BENEDITO PETROLEO LTDA
66385,2023,5,COMBUSTÍVEIS E LUBRIFICANTES.,120.0,POSTO SAO BENEDITO PETROLEO LTDA
66385,2023,6,COMBUSTÍVEIS E LUBRIFICANTES.,50.0,POSTO SAO BENEDITO PETROLEO LTDA
66385,2023,3,COMBUSTÍVEIS E LUBRIFICANTES.,100.0,POSTO SAO BENEDITO PETROLEO LTDA
66385,2023,6,COMBUSTÍVEIS E LUBRIFICANTES.,150.0,POSTO SAO BENEDITO PETROLEO LTDA
66385,2023,6,COMBUSTÍVEIS E LUBRIFICANTES.,150.0,POSTO SAO BENEDITO PETROLEO LTDA
66385,2023,6,COMBUSTÍVEIS E LUBRIFICANTES.,120.0,POSTO SAO BENEDITO PETROLEO LTDA
66385,2023,6,COMBUSTÍVEIS E LUBRIFICANTES.,100.0,POSTO SAO BENEDITO PETROLEO LTDA
66385,2023,6,COMBUSTÍVEIS E LUBRIFICANTES.,150.0,POSTO SAO BENEDITO PETROLEO LTDA
66385,2023,6,COMBUSTÍVEIS E LUBRIFICANTES.,213.03,POSTO SAO BENEDITO PETROLEO LTDA
66385,2023,6,COMBUSTÍVEIS E LUBRIFICANTES.,206.54,POSTO SAO BENEDITO PETROLEO LTDA
66385,2023,6,COMBUSTÍVEIS E LUBRIFICANTES.,277.09,POSTO SAO BENEDITO PETROLEO LTDA
66385,2023,6,COMBUSTÍVEIS E LUBRIFICANTES.,200.0,POSTO SAO BENEDITO PETROLEO LTDA
66385,2023,7,COMBUSTÍVEIS E LUBRIFICANTES.,275.11,POSTO SAO BENEDITO PETROLEO LTDA
66385,2023,7,COMBUSTÍVEIS E LUBRIFICANTES.,300.0,POSTO SAO BENEDITO PETROLEO LTDA
66385,2023,7,COMBUSTÍVEIS E LUBRIFICANTES.,200.0,POSTO SAO BENEDITO PETROLEO LTDA
66385,2023,7,COMBUSTÍVEIS E LUBRIFICANTES.,100.0,POSTO SAO BENEDITO PETROLEO LTDA
66385,2023,7,COMBUSTÍVEIS E LUBRIFICANTES.,170.0,POSTO SAO BENEDITO PETROLEO LTDA
66385,2023,7,COMBUSTÍVEIS E LUBRIFICANTES.,100.0,POSTO SAO BENEDITO PETROLEO LTDA
66385,2023,8,COMBUSTÍVEIS E LUBRIFICANTES.,132.0,POSTO SAO BENEDITO PETROLEO LTDA
66385,2023,8,COMBUSTÍVEIS E LUBRIFICANTES.,320.07,POSTO SAO BENEDITO PETROLEO LTDA
66385,2023,8,COMBUSTÍVEIS E LUBRIFICANTES.,265.03,POSTO SAO BENEDITO PETROLEO LTDA
66385,2023,8,COMBUSTÍVEIS E LUBRIFICANTES.,352.24,POSTO SAO BENEDITO PETROLEO LTDA
66385,2023,8,COMBUSTÍVEIS E LUBRIFICANTES.,200.0,POSTO SAO BENEDITO PETROLEO LTDA
66385,2023,8,COMBUSTÍVEIS E LUBRIFICANTES.,270.05,POSTO SAO BENEDITO PETROLEO LTDA
66385,2023,8,COMBUSTÍVEIS E LUBRIFICANTES.,138.03,POSTO SAO BENEDITO PETROLEO LTDA
66385,2023,8,COMBUSTÍVEIS E LUBRIFICANTES.,160.0,POSTO SAO BENEDITO PETROLEO LTDA
66385,2023,8,COMBUSTÍVEIS E LUBRIFICANTES.,100.0,POSTO SAO BENEDITO PETROLEO LTDA
66385,2023,8,COMBUSTÍVEIS E LUBRIFICANTES.,200.0,POSTO SAO BENEDITO PETROLEO LTDA
66385,2023,8,COMBUSTÍVEIS E LUBRIFICANTES.,200.0,POSTO SAO BENEDITO PETROLEO LTDA
66385,2023,8,COMBUSTÍVEIS E LUBRIFICANTES.,170.0,POSTO SAO BENEDITO PETROLEO LTDA
66385,2023,8,COMBUSTÍVEIS E LUBRIFICANTES.,200.0,POSTO SAO BENEDITO PETROLEO LTDA
66385,2023,8,COMBUSTÍVEIS E LUBRIFICANTES.,212.03,POSTO SAO BENEDITO PETROLEO LTDA
66385,2023,8,COMBUSTÍVEIS E LUBRIFICANTES.,191.01,POSTO SAO BENEDITO PETROLEO LTDA
66385,2023,8,COMBUSTÍVEIS E LUBRIFICANTES.,181.0,POSTO SAO BENEDITO PETROLEO LTDA
66385,2023,8,COMBUSTÍVEIS E LUBRIFICANTES.,200.0,POSTO SAO BENEDITO PETROLEO LTDA
66385,2023,8,COMBUSTÍVEIS E LUBRIFICANTES.,277.05,POSTO SAO BENEDITO PETROLEO LTDA
66385,2023,8,COMBUSTÍVEIS E LUBRIFICANTES.,367.78,POSTO SAO BENEDITO PETROLEO LTDA
66385,2023,9,COMBUSTÍVEIS E LUBRIFICANTES.,362.24,POSTO SAO BENEDITO PETROLEO LTDA
66385,2023,9,COMBUSTÍVEIS E LUBRIFICANTES.,100.0,POSTO SAO BENEDITO PETROLEO LTDA
66385,2023,9,COMBUSTÍVEIS E LUBRIFICANTES.,100.0,POSTO SAO BENEDITO PETROLEO LTDA
66385,2023,9,COMBUSTÍVEIS E LUBRIFICANTES.,100.0,POSTO SAO BENEDITO PETROLEO LTDA
66385,2023,9,COMBUSTÍVEIS E LUBRIFICANTES.,275.0,POSTO SAO BENEDITO PETROLEO LTDA
66385,2023,9,COMBUSTÍVEIS E LUBRIFICANTES.,257.08,POSTO SAO BENEDITO PETROLEO LTDA
66385,2023,9,COMBUSTÍVEIS E LUBRIFICANTES.,195.04,POSTO SAO BENEDITO PETROLEO LTDA
66385,2023,9,COMBUSTÍVEIS E LUBRIFICANTES.,270.03,POSTO SAO BENEDITO PETROLEO LTDA
66385,2023,9,COMBUSTÍVEIS E LUBRIFICANTES.,100.0,POSTO SAO BENEDITO PETROLEO LTDA
66385,2023,9,COMBUSTÍVEIS E LUBRIFICANTES.,100.0,POSTO SAO BENEDITO PETROLEO LTDA
66385,2023,9,COMBUSTÍVEIS E LUBRIFICANTES.,100.0,POSTO SAO BENEDITO PETROLEO LTDA
66385,2023,9,COMBUSTÍVEIS E LUBRIFICANTES.,100.0,POSTO SAO BENEDITO PETROLEO LTDA
66385,2023,10,COMBUSTÍVEIS E LUBRIFICANTES.,100.0,POSTO SAO BENEDITO PETROLEO LTDA
66385,2023,10,COMBUSTÍVEIS E LUBRIFICANTES.,175.02,POSTO SAO BENEDITO PETROLEO LTDA
66385,2023,10,COMBUSTÍVEIS E LUBRIFICANTES.,200.0,POSTO SAO BENEDITO PETROLEO LTDA
66385,2023,10,COMBUSTÍVEIS E LUBRIFICANTES.,100.0,POSTO SAO BENEDITO PETROLEO LTDA
66385,2023,10,COMBUSTÍVEIS E LUBRIFICANTES.,200.0,POSTO SAO BENEDITO PETROLEO LTDA
66385,2023,10,COMBUSTÍVEIS E LUBRIFICANTES.,350.04,POSTO SAO BENEDITO PETROLEO LTDA
66385,2023,10,COMBUSTÍVEIS E LUBRIFICANTES.,190.01,POSTO SAO BENEDITO PETROLEO LTDA
66385,2023,10,COMBUSTÍVEIS E LUBRIFICANTES.,200.0,POSTO SAO BENEDITO PETROLEO LTDA
66385,2023,10,COMBUSTÍVEIS E LUBRIFICANTES.,347.27,POSTO SAO BENEDITO PETROLEO LTDA
66385,2023,10,COMBUSTÍVEIS E LUBRIFICANTES.,159.05,POSTO SAO BENEDITO PETROLEO LTDA
66385,2023,10,COMBUSTÍVEIS E LUBRIFICANTES.,150.0,POSTO SAO BENEDITO PETROLEO LTDA
66385,2023,10,COMBUSTÍVEIS E LUBRIFICANTES.,115.02,POSTO SAO BENEDITO PETROLEO LTDA
66385,2023,10,COMBUSTÍVEIS E LUBRIFICANTES.,100.03,POSTO SAO BENEDITO PETROLEO LTDA
66385,2023,10,COMBUSTÍVEIS E LUBRIFICANTES.,200.0,POSTO SAO BENEDITO PETROLEO LTDA
66385,2023,10,COMBUSTÍVEIS E LUBRIFICANTES.,100.0,POSTO SAO BENEDITO PETROLEO LTDA
66385,2023,10,COMBUSTÍVEIS E LUBRIFICANTES.,150.0,POSTO SAO BENEDITO PETROLEO LTDA
66385,2023,11,COMBUSTÍVEIS E LUBRIFICANTES.,318.07,POSTO SAO BENEDITO PETROLEO LTDA
66385,2023,11,COMBUSTÍVEIS E LUBRIFICANTES.,278.77,POSTO SAO BENEDITO PETROLEO LTDA
66385,2023,11,COMBUSTÍVEIS E LUBRIFICANTES.,351.8,POSTO SAO BENEDITO PETROLEO LTDA
66385,2023,11,COMBUSTÍVEIS E LUBRIFICANTES.,100.0,POSTO SAO BENEDITO PETROLEO LTDA
66385,2023,11,COMBUSTÍVEIS E LUBRIFICANTES.,360.04,POSTO SAO BENEDITO PETROLEO LTDA
66385,2023,12,COMBUSTÍVEIS E LUBRIFICANTES.,150.0,POSTO SAO BENEDITO PETROLEO LTDA
66385,2023,12,COMBUSTÍVEIS E LUBRIFICANTES.,100.0,POSTO SAO BENEDITO PETROLEO LTDA
66385,2023,12,COMBUSTÍVEIS E LUBRIFICANTES.,200.0,POSTO SAO BENEDITO PETROLEO LTDA
66385,2023,2,COMBUSTÍVEIS E LUBRIFICANTES.,200.0,POSTO SAO BENEDITO PETROLEO LTDA
66385,2023,2,COMBUSTÍVEIS E LUBRIFICANTES.,78.0,POSTO SAO BENEDITO PETROLEO LTDA
66385,2023,3,COMBUSTÍVEIS E LUBRIFICANTES.,349.22,POSTO SAO BENEDITO PETROLEO LTDA
66385,2023,3,COMBUSTÍVEIS E LUBRIFICANTES.,300.0,POSTO SAO BENEDITO PETROLEO LTDA
66385,2023,3,COMBUSTÍVEIS E LUBRIFICANTES.,50.0,POSTO SAO BENEDITO PETROLEO LTDA
66385,2023,3,COMBUSTÍVEIS E LUBRIFICANTES.,300.0,POSTO SAO BENEDITO PETROLEO LTDA
66385,2023,3,COMBUSTÍVEIS E LUBRIFICANTES.,200.0,POSTO SAO BENEDITO PETROLEO LTDA
66385,2023,3,COMBUSTÍVEIS E LUBRIFICANTES.,100.0,POSTO SAO BENEDITO PETROLEO LTDA
66385,2023,3,COMBUSTÍVEIS E LUBRIFICANTES.,60.0,POSTO SAO BENEDITO PETROLEO LTDA
66385,2023,3,COMBUSTÍVEIS E LUBRIFICANTES.,300.0,POSTO SAO BENEDITO PETROLEO LTDA
66385,2023,4,COMBUSTÍVEIS E LUBRIFICANTES.,150.0,POSTO SAO BENEDITO PETROLEO LTDA
66385,2023,4,COMBUSTÍVEIS E LUBRIFICANTES.,220.0,POSTO SAO BENEDITO PETROLEO LTDA
66385,2023,4,COMBUSTÍVEIS E LUBRIFICANTES.,100.0,POSTO SAO BENEDITO PETROLEO LTDA
66385,2023,5,COMBUSTÍVEIS E LUBRIFICANTES.,200.0,POSTO SAO BENEDITO PETROLEO LTDA
66385,2023,5,COMBUSTÍVEIS E LUBRIFICANTES.,70.0,POSTO SAO BENEDITO PETROLEO LTDA
66385,2023,5,COMBUSTÍVEIS E LUBRIFICANTES.,200.0,POSTO SAO BENEDITO PETROLEO LTDA
66385,2023,5,COMBUSTÍVEIS E LUBRIFICANTES.,150.0,POSTO SAO BENEDITO PETROLEO LTDA
66385,2023,5,COMBUSTÍVEIS E LUBRIFICANTES.,200.0,POSTO SAO BENEDITO PETROLEO LTDA
66385,2023,5,COMBUSTÍVEIS E LUBRIFICANTES.,100.0,POSTO SAO BENEDITO PETROLEO LTDA
66385,2023,5,COMBUSTÍVEIS E LUBRIFICANTES.,200.0,POSTO SAO BENEDITO PETROLEO LTDA
66385,2023,5,COMBUSTÍVEIS E LUBRIFICANTES.,100.0,POSTO SAO BENEDITO PETROLEO LTDA
66385,2023,5,COMBUSTÍVEIS E LUBRIFICANTES.,194.04,POSTO SAO BENEDITO PETROLEO LTDA
66385,2023,6,COMBUSTÍVEIS E LUBRIFICANTES.,200.0,POSTO SAO BENEDITO PETROLEO LTDA
66385,2023,6,COMBUSTÍVEIS E LUBRIFICANTES.,180.0,POSTO SAO BENEDITO PETROLEO LTDA
66385,2023,6,COMBUSTÍVEIS E LUBRIFICANTES.,140.0,POSTO SAO BENEDITO PETROLEO LTDA
66385,2023,6,COMBUSTÍVEIS E LUBRIFICANTES.,200.01,POSTO SAO BENEDITO PETROLEO LTDA
66385,2023,6,COMBUSTÍVEIS E LUBRIFICANTES.,100.0,POSTO SAO BENEDITO PETROLEO LTDA
66385,2023,6,COMBUSTÍVEIS E LUBRIFICANTES.,80.0,POSTO SAO BENEDITO PETROLEO LTDA
66385,2023,6,COMBUSTÍVEIS E LUBRIFICANTES.,100.0,POSTO SAO BENEDITO PETROLEO LTDA
66385,2023,6,COMBUSTÍVEIS E LUBRIFICANTES.,130.0,POSTO SAO BENEDITO PETROLEO LTDA
66385,2023,6,COMBUSTÍVEIS E LUBRIFICANTES.,200.0,POSTO SAO BENEDITO PETROLEO LTDA
66385,2023,6,COMBUSTÍVEIS E LUBRIFICANTES.,300.0,POSTO SAO BENEDITO PETROLEO LTDA
66385,2023,6,COMBUSTÍVEIS E LUBRIFICANTES.,200.0,POSTO SAO BENEDITO PETROLEO LTDA
66385,2023,6,COMBUSTÍVEIS E LUBRIFICANTES.,150.0,POSTO SAO BENEDITO PETROLEO LTDA
66385,2023,6,COMBUSTÍVEIS E LUBRIFICANTES.,170.02,POSTO SAO BENEDITO PETROLEO LTDA
66385,2023,6,COMBUSTÍVEIS E LUBRIFICANTES.,200.0,POSTO SAO BENEDITO PETROLEO LTDA
66385,2023,6,COMBUSTÍVEIS E LUBRIFICANTES.,100.0,POSTO SAO BENEDITO PETROLEO LTDA
66385,2023,7,COMBUSTÍVEIS E LUBRIFICANTES.,150.0,POSTO SAO BENEDITO PETROLEO LTDA
66385,2023,8,COMBUSTÍVEIS E LUBRIFICANTES.,250.0,POSTO SAO BENEDITO PETROLEO LTDA.
66385,2023,11,COMBUSTÍVEIS E LUBRIFICANTES.,165.0,POSTO SAO BENEDITO PETROLEO LTDA.
66385,2023,7,COMBUSTÍVEIS E LUBRIFICANTES.,220.01,POSTO SERRA AZUL EIRELI LTDA
66385,2023,3,COMBUSTÍVEIS E LUBRIFICANTES.,120.0,POSTO SUL COMERCIO DE COMBUSTIVEIS E LUBRIFICANTES LTDA
66385,2023,6,COMBUSTÍVEIS E LUBRIFICANTES.,50.0,SAO FRANCISCO PETROLEO LTDA
66385,2023,9,COMBUSTÍVEIS E LUBRIFICANTES.,70.0,TEPEL - TERESINA PETROLEO LTDA.
66385,2023,12,COMBUSTÍVEIS E LUBRIFICANTES.,2562.0,J W SARAIVA E CIA LTDA
66385,2023,12,COMBUSTÍVEIS E LUBRIFICANTES.,2013.0,J W SARAIVA E CIA LTDA
66385,2023,11,DIVULGAÇÃO DA ATIVIDADE PARLAMENTAR.,9000.0,R R DA S DE O JUNIOR LTDA
66385,2023,3,DIVULGAÇÃO DA ATIVIDADE PARLAMENTAR.,9000.0,SAMANTA SILVA DE OLIVEIRA
66385,2023,4,DIVULGAÇÃO DA ATIVIDADE PARLAMENTAR.,9000.0,SAMANTA SILVA DE OLIVEIRA
66385,2023,5,DIVULGAÇÃO DA ATIVIDADE PARLAMENTAR.,12000.0,SAMANTA SILVA DE OLIVEIRA
66385,2023,6,DIVULGAÇÃO DA ATIVIDADE PARLAMENTAR.,12000.0,SAMANTA SILVA DE OLIVEIRA
66385,2023,7,DIVULGAÇÃO DA ATIVIDADE PARLAMENTAR.,9000.0,SAMANTA SILVA DE OLIVEIRA
66385,2023,8,DIVULGAÇÃO DA ATIVIDADE PARLAMENTAR.,9000.0,SAMANTA SILVA DE OLIVEIRA
66385,2023,9,DIVULGAÇÃO DA ATIVIDADE PARLAMENTAR.,9000.0,SAMANTA SILVA DE OLIVEIRA
66385,2023,10,DIVULGAÇÃO DA ATIVIDADE PARLAMENTAR.,9000.0,SAMANTA SILVA DE OLIVEIRA
66385,2023,2,DIVULGAÇÃO DA ATIVIDADE PARLAMENTAR.,9000.0,SAMANTA SILVA DE OLIVEIRA 05169018347
66385,2023,2,SERVIÇO DE SEGURANÇA PRESTADO POR EMPRESA ESPECIALIZADA.,8700.0,SERVFAZ SERVICOS DE SEGURANCA LTDA
66385,2023,3,SERVIÇO DE SEGURANÇA PRESTADO POR EMPRESA ESPECIALIZADA.,8700.0,SERVFAZ SERVIÇOS DE SEGURANÇA LTDA
66385,2023,4,SERVIÇO DE SEGURANÇA PRESTADO POR EMPRESA ESPECIALIZADA.,8700.0,SERVFAZ SERVIÇOS DE SEGURANÇA LTDA
66385,2023,5,SERVIÇO DE SEGURANÇA PRESTADO POR EMPRESA ESPECIALIZADA.,8700.0,SERVFAZ SERVIÇOS DE SEGURANÇA LTDA
66385,2023,6,SERVIÇO DE SEGURANÇA PRESTADO POR EMPRESA ESPECIALIZADA.,8700.0,SERVFAZ SERVIÇOS DE SEGURANÇA LTDA
66385,2023,7,SERVIÇO DE SEGURANÇA PRESTADO POR EMPRESA ESPECIALIZADA.,8700.0,SERVFAZ SERVIÇOS DE SEGURANÇA LTDA
66385,2023,8,SERVIÇO DE SEGURANÇA PRESTADO POR EMPRESA ESPECIALIZADA.,8700.0,SERVFAZ SERVIÇOS DE SEGURANÇA LTDA
66385,2023,9,SERVIÇO DE SEGURANÇA PRESTADO POR EMPRESA ESPECIALIZADA.,8700.0,SERVFAZ SERVIÇOS DE SEGURANÇA LTDA
66385,2023,10,SERVIÇO DE SEGURANÇA PRESTADO POR EMPRESA ESPECIALIZADA.,8700.0,SERVFAZ SERVIÇOS DE SEGURANÇA LTDA
66385,2023,11,SERVIÇO DE SEGURANÇA PRESTADO POR EMPRESA ESPECIALIZADA.,8700.0,SERVFAZ SERVIÇOS DE SEGURANÇA LTDA
66385,2023,12,SERVIÇO DE SEGURANÇA PRESTADO POR EMPRESA ESPECIALIZADA.,8700.0,SERVFAZ SERVIÇOS DE SEGURANÇA LTDA
66385,2023,4,LOCAÇÃO OU FRETAMENTO DE VEÍCULOS AUTOMOTORES,12000.0,LELEKA PRODUÇOES E LACAÇOES EIRELI
66385,2023,5,LOCAÇÃO OU FRETAMENTO DE VEÍCULOS AUTOMOTORES,12000.0,LELEKA PRODUÇOES E LACAÇOES EIRELI
66385,2023,7,LOCAÇÃO OU FRETAMENTO DE VEÍCULOS AUTOMOTORES,12000.0,LELEKA PRODUÇOES E LACAÇOES EIRELI
66385,2023,8,LOCAÇÃO OU FRETAMENTO DE VEÍCULOS AUTOMOTORES,12000.0,LELEKA PRODUÇOES E LACAÇOES EIRELI
66385,2023,9,LOCAÇÃO OU FRETAMENTO DE VEÍCULOS AUTOMOTORES,12000.0,LELEKA PRODUÇOES E LACAÇOES EIRELI
66385,2023,10,LOCAÇÃO OU FRETAMENTO DE VEÍCULOS AUTOMOTORES,12000.0,LELEKA PRODUÇOES E LACAÇOES EIRELI
66385,2023,11,LOCAÇÃO OU FRETAMENTO DE VEÍCULOS AUTOMOTORES,12000.0,LELEKA PRODUÇOES E LACAÇOES EIRELI
66385,2023,12,LOCAÇÃO OU FRETAMENTO DE VEÍCULOS AUTOMOTORES,12000.0,LELEKA PRODUÇOES E LACAÇOES EIRELI
66385,2023,6,LOCAÇÃO OU FRETAMENTO DE VEÍCULOS AUTOMOTORES,12000.0,LELEKA PRODUÇOES E LACAÇOES EIRELI
66385,2023,2,LOCAÇÃO OU FRETAMENTO DE VEÍCULOS AUTOMOTORES,7113.0,LELEKA PRODUCOES E LOCACOES LTDA
66385,2023,3,LOCAÇÃO OU FRETAMENTO DE VEÍCULOS AUTOMOTORES,12000.0,LELEKA PRODUCOES E LOCACOES LTDA
66385,2023,2,LOCAÇÃO OU FRETAMENTO DE VEÍCULOS AUTOMOTORES,5600.0,NOVACAR LOCADORA DE VEICULOS LTDA
66385,2023,9,PASSAGEM AÉREA - SIGEPA,1483.54,AZUL
66385,2023,9,PASSAGEM AÉREA - SIGEPA,-1410.84,AZUL
66385,2023,8,PASSAGEM AÉREA - SIGEPA,2099.14,AZUL
66385,2023,8,PASSAGEM AÉREA - SIGEPA,1995.77,GOL
66385,2023,10,PASSAGEM AÉREA - SIGEPA,1903.25,GOL
66385,2023,10,PASSAGEM AÉREA - SIGEPA,1346.59,GOL
66385,2023,3,PASSAGEM AÉREA - SIGEPA,1983.23,GOL
66385,2023,6,PASSAGEM AÉREA - SIGEPA,783.03,MAP
66385,2023,2,PASSAGEM AÉREA - SIGEPA,1377.74,TAM
66385,2023,2,PASSAGEM AÉREA - SIGEPA,1366.37,TAM
66385,2023,2,PASSAGEM AÉREA - SIGEPA,1366.37,TAM
66385,2023,3,PASSAGEM AÉREA - SIGEPA,1377.74,TAM
66385,2023,3,PASSAGEM AÉREA - SIGEPA,1377.74,TAM
66385,2023,3,PASSAGEM AÉREA - SIGEPA,1819.74,TAM
66385,2023,3,PASSAGEM AÉREA - SIGEPA,1778.15,TAM
66385,2023,3,PASSAGEM AÉREA - SIGEPA,1163.09,TAM
66385,2023,4,PASSAGEM AÉREA - SIGEPA,1823.34,TAM
66385,2023,4,PASSAGEM AÉREA - SIGEPA,1381.34,TAM
66385,2023,4,PASSAGEM AÉREA - SIGEPA,1366.37,TAM
66385,2023,4,PASSAGEM AÉREA - SIGEPA,49.0,TAM
66385,2023,4,PASSAGEM AÉREA - SIGEPA,55.0,TAM
66385,2023,4,PASSAGEM AÉREA - SIGEPA,69.0,TAM
66385,2023,4,PASSAGEM AÉREA - SIGEPA,75.0,TAM
66385,2023,4,PASSAGEM AÉREA - SIGEPA,6058.52,TAM
66385,2023,5,PASSAGEM AÉREA - SIGEPA,1823.34,TAM
66385,2023,5,PASSAGEM AÉREA - SIGEPA,1242.71,TAM
66385,2023,5,PASSAGEM AÉREA - SIGEPA,1823.34,TAM
66385,2023,5,PASSAGEM AÉREA - SIGEPA,1808.37,TAM
66385,2023,5,PASSAGEM AÉREA - SIGEPA,1808.37,TAM
66385,2023,6,PASSAGEM AÉREA - SIGEPA,1808.37,TAM
66385,2023,6,PASSAGEM AÉREA - SIGEPA,1808.37,TAM
66385,2023,6,PASSAGEM AÉREA - SIGEPA,-1381.34,TAM
66385,2023,6,PASSAGEM AÉREA - SIGEPA,1381.34,TAM
66385,2023,6,PASSAGEM AÉREA - SIGEPA,1746.56,TAM
66385,2023,6,PASSAGEM AÉREA - SIGEPA,1731.59,TAM
66385,2023,6,PASSAGEM AÉREA - SIGEPA,877.44,TAM
66385,2023,6,PASSAGEM AÉREA - SIGEPA,-323.6,TAM
66385,2023,7,PASSAGEM AÉREA - SIGEPA,1808.37,TAM
66385,2023,7,PASSAGEM AÉREA - SIGEPA,1808.37,TAM
66385,2023,7,PASSAGEM AÉREA - SIGEPA,-1808.37,TAM
66385,2023,7,PASSAGEM AÉREA - SIGEPA,442.0,TAM
66385,2023,7,PASSAGEM AÉREA - SIGEPA,2137.58,TAM
66385,2023,8,PASSAGEM AÉREA - SIGEPA,1442.53,TAM
66385,2023,8,PASSAGEM AÉREA - SIGEPA,-870.83,TAM
66385,2023,8,PASSAGEM AÉREA - SIGEPA,2041.43,TAM
66385,2023,8,PASSAGEM AÉREA - SIGEPA,1823.34,TAM
66385,2023,8,PASSAGEM AÉREA - SIGEPA,-4747.61,TAM
66385,2023,8,PASSAGEM AÉREA - SIGEPA,4747.61,TAM
66385,2023,8,PASSAGEM AÉREA - SIGEPA,1366.37,TAM
66385,2023,8,PASSAGEM AÉREA - SIGEPA,-1162.8,TAM
66385,2023,8,PASSAGEM AÉREA - SIGEPA,2830.75,TAM
66385,2023,8,PASSAGEM AÉREA - SIGEPA,1368.65,TAM
66385,2023,8,PASSAGEM AÉREA - SIGEPA,1823.34,TAM
66385,2023,8,PASSAGEM AÉREA - SIGEPA,1697.11,TAM
66385,2023,8,PASSAGEM AÉREA - SIGEPA,1809.51,TAM
66385,2023,8,PASSAGEM AÉREA - SIGEPA,1367.51,TAM
66385,2023,9,PASSAGEM AÉREA - SIGEPA,1809.51,TAM
66385,2023,9,PASSAGEM AÉREA - SIGEPA,1809.51,TAM
66385,2023,9,PASSAGEM AÉREA - SIGEPA,1809.51,TAM
66385,2023,9,PASSAGEM AÉREA - SIGEPA,-1823.34,TAM
66385,2023,9,PASSAGEM AÉREA - SIGEPA,13.83,TAM
66385,2023,9,PASSAGEM AÉREA - SIGEPA,-1823.34,TAM
66385,2023,9,PASSAGEM AÉREA - SIGEPA,13.83,TAM
66385,2023,9,PASSAGEM AÉREA - SIGEPA,1823.34,TAM
66385,2023,9,PASSAGEM AÉREA - SIGEPA,-992.87,TAM
66385,2023,9,PASSAGEM AÉREA - SIGEPA,2437.92,TAM
66385,2023,9,PASSAGEM AÉREA - SIGEPA,1822.29,TAM
66385,2023,9,PASSAGEM AÉREA - SIGEPA,1524.18,TAM
66385,2023,9,PASSAGEM AÉREA - SIGEPA,299.16,TAM
66385,2023,9,PASSAGEM AÉREA - SIGEPA,874.54,TAM
66385,2023,9,PASSAGEM AÉREA - SIGEPA,1823.34,TAM
66385,2023,10,PASSAGEM AÉREA - SIGEPA,1381.34,TAM
66385,2023,10,PASSAGEM AÉREA - SIGEPA,1809.51,TAM
66385,2023,10,PASSAGEM AÉREA - SIGEPA,442.0,TAM
66385,2023,10,PASSAGEM AÉREA - SIGEPA,-1957.05,TAM
66385,2023,10,PASSAGEM AÉREA - SIGEPA,133.71,TAM
66385,2023,10,PASSAGEM AÉREA - SIGEPA,-1606.88,TAM
66385,2023,10,PASSAGEM AÉREA - SIGEPA,1606.88,TAM
66385,2023,10,PASSAGEM AÉREA - SIGEPA,1381.34,TAM
66385,2023,10,PASSAGEM AÉREA - SIGEPA,442.0,TAM
66385,2023,12,PASSAGEM AÉREA - SIGEPA,-1809.51,TAM
66385,2023,12,PASSAGEM AÉREA - SIGEPA,1809.51,TAM
66385,2023,12,PASSAGEM AÉREA - SIGEPA,-1809.51,TAM
66385,2023,12,PASSAGEM AÉREA - SIGEPA,1809.51,TAM
66385,2023,12,PASSAGEM AÉREA - SIGEPA,-29.51,TAM
66385,2023,12,PASSAGEM AÉREA - SIGEPA,1367.51,TAM
66385,2023,12,PASSAGEM AÉREA - SIGEPA,79.0,TAM
66385,2023,12,PASSAGEM AÉREA - SIGEPA,1014.21,TAM
66385,2023,12,PASSAGEM AÉREA - SIGEPA,832.82,TAM
66385,2023,12,PASSAGEM AÉREA - SIGEPA,1781.39,TAM
66385,2023,12,PASSAGEM AÉREA - SIGEPA,912.19,TAM
66385,2023,12,PASSAGEM AÉREA - SIGEPA,-1466.23,TAM
66385,2023,12,PASSAGEM AÉREA - SIGEPA,1466.23,TAM
66385,2023,12,PASSAGEM AÉREA - SIGEPA,-1093.5,TAM
66385,2023,12,PASSAGEM AÉREA - SIGEPA,1093.5,TAM
66385,2024,8,MANUTENÇÃO DE ESCRITÓRIO DE APOIO À ATIVIDADE PARLAMENTAR,6000.0,MOTA E REGO LOBAO LTDA
66385,2024,1,MANUTENÇÃO DE ESCRITÓRIO DE APOIO À ATIVIDADE PARLAMENTAR,6000.0,MOTA E REGO LOBAO LTDA
66385,2024,2,MANUTENÇÃO DE ESCRITÓRIO DE APOIO À ATIVIDADE PARLAMENTAR,6000.0,MOTA E REGO LOBAO LTDA
66385,2024,3,MANUTENÇÃO DE ESCRITÓRIO DE APOIO À ATIVIDADE PARLAMENTAR,6000.0,MOTA E REGO LOBAO LTDA
66385,2024,6,MANUTENÇÃO DE ESCRITÓRIO DE APOIO À ATIVIDADE PARLAMENTAR,6000.0,MOTA E REGO LOBAO LTDA
66385,2024,9,MANUTENÇÃO DE ESCRITÓRIO DE APOIO À ATIVIDADE PARLAMENTAR,6000.0,MOTA E REGO LOBAO LTDA
66385,2024,10,MANUTENÇÃO DE ESCRITÓRIO DE APOIO À ATIVIDADE PARLAMENTAR,6000.0,MOTA E REGO LOBAO LTDA
66385,2024,11,MANUTENÇÃO DE ESCRITÓRIO DE APOIO À ATIVIDADE PARLAMENTAR,6000.0,MOTA E REGO LOBAO LTDA
66385,2024,12,MANUTENÇÃO DE ESCRITÓRIO DE APOIO À ATIVIDADE PARLAMENTAR,6000.0,MOTA E REGO LOBAO LTDA
66385,2024,4,MANUTENÇÃO DE ESCRITÓRIO DE APOIO À ATIVIDADE PARLAMENTAR,6000.0,MOTA E REGO LOBAO LTDA
66385,2024,5,MANUTENÇÃO DE ESCRITÓRIO DE APOIO À ATIVIDADE PARLAMENTAR,6000.0,MOTA E REGO LOBAO LTDA
66385,2024,7,MANUTENÇÃO DE ESCRITÓRIO DE APOIO À ATIVIDADE PARLAMENTAR,6000.0,MOTA E REGO LOBAO LTDA
66385,2024,2,MANUTENÇÃO DE ESCRITÓRIO DE APOIO À ATIVIDADE PARLAMENTAR,59.8,WMS COMERCIO DE ARTIGOS DE PAPELARIA LTDA-ME
66385,2024,4,MANUTENÇÃO DE ESCRITÓRIO DE APOIO À ATIVIDADE PARLAMENTAR,97.6,WMS COMERCIO DE ARTIGOS DE PAPELARIA LTDA-ME
66385,2024,4,COMBUSTÍVEIS E LUBRIFICANTES.,275.07,045 - QL 02 - CASCOL COMBUSTIVEIS PARA VEICULOS LTDA
66385,2024,9,COMBUSTÍVEIS E LUBRIFICANTES.,200.0,045 - QL 02 - CASCOL COMBUSTIVEIS PARA VEICULOS LTDA
66385,2024,4,COMBUSTÍVEIS E LUBRIFICANTES.,279.99,063 - 311 SUL - CASCOL COMBUSTIVEIS PARA VEICULOS LTDA
66385,2024,6,COMBUSTÍVEIS E LUBRIFICANTES.,200.0,063 - 311 SUL - CASCOL COMBUSTIVEIS PARA VEICULOS LTDA
66385,2024,7,COMBUSTÍVEIS E LUBRIFICANTES.,230.02,063 - 311 SUL - CASCOL COMBUSTIVEIS PARA VEICULOS LTDA
66385,2024,7,COMBUSTÍVEIS E LUBRIFICANTES.,70.0,063 - 311 SUL - CASCOL COMBUSTIVEIS PARA VEICULOS LTDA
66385,2024,7,COMBUSTÍVEIS E LUBRIFICANTES.,210.07,063 - 311 SUL - CASCOL COMBUSTIVEIS PARA VEICULOS LTDA
66385,2024,7,COMBUSTÍVEIS E LUBRIFICANTES.,50.0,063 - 311 SUL - CASCOL COMBUSTIVEIS PARA VEICULOS LTDA
66385,2024,8,COMBUSTÍVEIS E LUBRIFICANTES.,250.0,063 - 311 SUL - CASCOL COMBUSTIVEIS PARA VEICULOS LTDA
66385,2024,8,COMBUSTÍVEIS E LUBRIFICANTES.,207.58,063 - 311 SUL - CASCOL COMBUSTIVEIS PARA VEICULOS LTDA
66385,2024,9,COMBUSTÍVEIS E LUBRIFICANTES.,200.0,063 - 311 SUL - CASCOL COMBUSTIVEIS PARA VEICULOS LTDA
66385,2024,9,COMBUSTÍVEIS E LUBRIFICANTES.,243.17,063 - 311 SUL - CASCOL COMBUSTIVEIS PARA VEICULOS LTDA
66385,2024,10,COMBUSTÍVEIS E LUBRIFICANTES.,240.12,063 - 311 SUL - CASCOL COMBUSTIVEIS PARA VEICULOS LTDA
66385,2024,11,COMBUSTÍVEIS E LUBRIFICANTES.,236.38,063 - 311 SUL - CASCOL COMBUSTIVEIS PARA VEICULOS LTDA
66385,2024,12,COMBUSTÍVEIS E LUBRIFICANTES.,217.0,063 - 311 SUL - CASCOL COMBUSTIVEIS PARA VEICULOS LTDA
66385,2024,12,COMBUSTÍVEIS E LUBRIFICANTES.,242.44,063 - 311 SUL - CASCOL COMBUSTIVEIS PARA VEICULOS LTDA
66385,2024,12,COMBUSTÍVEIS E LUBRIFICANTES.,235.82,063 - 311 SUL - CASCOL COMBUSTIVEIS PARA VEICULOS LTDA
66385,2024,12,COMBUSTÍVEIS E LUBRIFICANTES.,217.92,063 - 311 SUL - CASCOL COMBUSTIVEIS PARA VEICULOS LTDA
66385,2024,8,COMBUSTÍVEIS E LUBRIFICANTES.,233.49,072 - 403 SUL - CASCOL COMBUSTIVEIS PARA VEICULOS LTDA
66385,2024,2,COMBUSTÍVEIS E LUBRIFICANTES.,250.0,AUTO POSTO BR 060 LTDA
66385,2024,10,COMBUSTÍVEIS E LUBRIFICANTES.,270.2,AUTO POSTO GETY EIRELI
66385,2024,10,COMBUSTÍVEIS E LUBRIFICANTES.,340.05,AUTO POSTO GETY EIRELI
66385,2024,9,COMBUSTÍVEIS E LUBRIFICANTES.,200.0,CACIQUE PETROLEO LTDA
66385,2024,9,COMBUSTÍVEIS E LUBRIFICANTES.,270.06,CACIQUE PETROLEO LTDA
66385,2024,7,COMBUSTÍVEIS E LUBRIFICANTES.,352.95,CACIQUE PETROLEO LTDA
66385,2024,2,COMBUSTÍVEIS E LUBRIFICANTES.,273.84,CIA BRASILEIRA DE DISTRIBUICAO
66385,2024,3,COMBUSTÍVEIS E LUBRIFICANTES.,108.9,CIA BRASILEIRA DE DISTRIBUICAO
66385,2024,3,COMBUSTÍVEIS E LUBRIFICANTES.,147.25,CIA BRASILEIRA DE DISTRIBUICAO
66385,2024,3,COMBUSTÍVEIS E LUBRIFICANTES.,91.04,CIA BRASILEIRA DE DISTRIBUICAO
66385,2024,6,COMBUSTÍVEIS E LUBRIFICANTES.,110.23,CIA BRASILEIRA DE DISTRIBUICAO
66385,2024,6,COMBUSTÍVEIS E LUBRIFICANTES.,116.5,CIA BRASILEIRA DE DISTRIBUICAO
66385,2024,7,COMBUSTÍVEIS E LUBRIFICANTES.,124.87,CIA BRASILEIRA DE DISTRIBUICAO
66385,2024,7,COMBUSTÍVEIS E LUBRIFICANTES.,87.17,CIA BRASILEIRA DE DISTRIBUICAO
66385,2024,9,COMBUSTÍVEIS E LUBRIFICANTES.,143.56,CIA BRASILEIRA DE DISTRIBUICAO
66385,2024,2,COMBUSTÍVEIS E LUBRIFICANTES.,100.0,CIA BRASILEIRA DE DISTRIBUICAO
66385,2024,3,COMBUSTÍVEIS E LUBRIFICANTES.,133.68,CIA BRASILEIRA DE DISTRIBUICAO
66385,2024,7,COMBUSTÍVEIS E LUBRIFICANTES.,143.44,CIA BRASILEIRA DE DISTRIBUICAO
66385,2024,8,COMBUSTÍVEIS E LUBRIFICANTES.,149.97,CIA BRASILEIRA DE DISTRIBUICAO
66385,2024,8,COMBUSTÍVEIS E LUBRIFICANTES.,134.83,CIA BRASILEIRA DE DISTRIBUICAO
66385,2024,9,COMBUSTÍVEIS E LUBRIFICANTES.,111.44,CIA BRASILEIRA DE DISTRIBUICAO
66385,2024,10,COMBUSTÍVEIS E LUBRIFICANTES.,200.0,NERIS E SAMPAIO LTDA
66385,2024,10,COMBUSTÍVEIS E LUBRIFICANTES.,400.0,OSORIO DE ALBUQUERQUE MARANHAO
66385,2024,10,COMBUSTÍVEIS E LUBRIFICANTES.,250.0,OSORIO DE ALBUQUERQUE MARANHAO
66385,2024,9,COMBUSTÍVEIS E LUBRIFICANTES.,130.0,PETROLEO COMBUSTIVEL III LTDA
66385,2024,9,COMBUSTÍVEIS E LUBRIFICANTES.,210.03,PIPEL PICOS PETROLEO LTDA
66385,2024,9,COMBUSTÍVEIS E LUBRIFICANTES.,300.0,PLANALTO PETROLEO HOMERO LTDA
66385,2024,10,COMBUSTÍVEIS E LUBRIFICANTES.,120.16,PN PETROLEO LTDA
66385,2024,1,COMBUSTÍVEIS E LUBRIFICANTES.,200.0,POSTO CRISTO REI LTDA
66385,2024,10,COMBUSTÍVEIS E LUBRIFICANTES.,307.77,POSTO MAIS GURUPI LTDA
66385,2024,9,COMBUSTÍVEIS E LUBRIFICANTES.,322.08,POSTO MARTINEZ LTDA
66385,2024,1,COMBUSTÍVEIS E LUBRIFICANTES.,120.0,POSTO SAO BENEDITO PETROLEO LTDA
66385,2024,1,COMBUSTÍVEIS E LUBRIFICANTES.,273.02,POSTO SAO BENEDITO PETROLEO LTDA
66385,2024,1,COMBUSTÍVEIS E LUBRIFICANTES.,340.11,POSTO SAO BENEDITO PETROLEO LTDA
66385,2024,2,COMBUSTÍVEIS E LUBRIFICANTES.,306.03,POSTO SAO BENEDITO PETROLEO LTDA
66385,2024,2,COMBUSTÍVEIS E LUBRIFICANTES.,177.06,POSTO SAO BENEDITO PETROLEO LTDA
66385,2024,2,COMBUSTÍVEIS E LUBRIFICANTES.,200.0,POSTO SAO BENEDITO PETROLEO LTDA
66385,2024,2,COMBUSTÍVEIS E LUBRIFICANTES.,100.0,POSTO SAO BENEDITO PETROLEO LTDA
66385,2024,2,COMBUSTÍVEIS E LUBRIFICANTES.,200.0,POSTO SAO BENEDITO PETROLEO LTDA
66385,2024,2,COMBUSTÍVEIS E LUBRIFICANTES.,118.58,POSTO SAO BENEDITO PETROLEO LTDA
66385,2024,2,COMBUSTÍVEIS E LUBRIFICANTES.,165.04,POSTO SAO BENEDITO PETROLEO LTDA
66385,2024,2,COMBUSTÍVEIS E LUBRIFICANTES.,120.0,POSTO SAO BENEDITO PETROLEO LTDA
66385,2024,2,COMBUSTÍVEIS E LUBRIFICANTES.,100.0,POSTO SAO BENEDITO PETROLEO LTDA
66385,2024,2,COMBUSTÍVEIS E LUBRIFICANTES.,220.02,POSTO SAO BENEDITO PETROLEO LTDA
66385,2024,2,COMBUSTÍVEIS E LUBRIFICANTES.,100.0,POSTO SAO BENEDITO PETROLEO LTDA
66385,2024,2,COMBUSTÍVEIS E LUBRIFICANTES.,270.09,POSTO SAO BENEDITO PETROLEO LTDA
66385,2024,2,COMBUSTÍVEIS E LUBRIFICANTES.,50.0,POSTO SAO BENEDITO PETROLEO LTDA
66385,2024,3,COMBUSTÍVEIS E LUBRIFICANTES.,100.0,POSTO SAO BENEDITO PETROLEO LTDA
66385,2024,3,COMBUSTÍVEIS E LUBRIFICANTES.,260.03,POSTO SAO BENEDITO PETROLEO LTDA
66385,2024,3,COMBUSTÍVEIS E LUBRIFICANTES.,220.04,POSTO SAO BENEDITO PETROLEO LTDA
66385,2024,4,COMBUSTÍVEIS E LUBRIFICANTES.,100.0,POSTO SAO BENEDITO PETROLEO LTDA
66385,2024,4,COMBUSTÍVEIS E LUBRIFICANTES.,200.0,POSTO SAO BENEDITO PETROLEO LTDA
66385,2024,4,COMBUSTÍVEIS E LUBRIFICANTES.,153.39,POSTO SAO BENEDITO PETROLEO LTDA
66385,2024,4,COMBUSTÍVEIS E LUBRIFICANTES.,200.0,POSTO SAO BENEDITO PETROLEO LTDA
66385,2024,4,COMBUSTÍVEIS E LUBRIFICANTES.,170.03,POSTO SAO BENEDITO PETROLEO LTDA
66385,2024,4,COMBUSTÍVEIS E LUBRIFICANTES.,200.0,POSTO SAO BENEDITO PETROLEO LTDA
66385,2024,4,COMBUSTÍVEIS E LUBRIFICANTES.,100.0,POSTO SAO BENEDITO PETROLEO LTDA
66385,2024,4,COMBUSTÍVEIS E LUBRIFICANTES.,100.0,POSTO SAO BENEDITO PETROLEO LTDA
66385,2024,4,COMBUSTÍVEIS E LUBRIFICANTES.,251.1,POSTO SAO BENEDITO PETROLEO LTDA
66385,2024,4,COMBUSTÍVEIS E LUBRIFICANTES.,175.02,POSTO SAO BENEDITO PETROLEO LTDA
66385,2024,4,COMBUSTÍVEIS E LUBRIFICANTES.,100.0,POSTO SAO BENEDITO PETROLEO LTDA
66385,2024,4,COMBUSTÍVEIS E LUBRIFICANTES.,120.0,POSTO SAO BENEDITO PETROLEO LTDA
66385,2024,4,COMBUSTÍVEIS E LUBRIFICANTES.,166.02,POSTO SAO BENEDITO PETROLEO LTDA
66385,2024,4,COMBUSTÍVEIS E LUBRIFICANTES.,250.04,POSTO SAO BENEDITO PETROLEO LTDA
66385,2024,5,COMBUSTÍVEIS E LUBRIFICANTES.,310.04,POSTO SAO BENEDITO PETROLEO LTDA
66385,2024,5,COMBUSTÍVEIS E LUBRIFICANTES.,325.38,POSTO SAO BENEDITO PETROLEO LTDA
66385,2024,6,COMBUSTÍVEIS E LUBRIFICANTES.,200.0,POSTO SAO BENEDITO PETROLEO LTDA
66385,2024,6,COMBUSTÍVEIS E LUBRIFICANTES.,350.12,POSTO SAO BENEDITO PETROLEO LTDA
66385,2024,6,COMBUSTÍVEIS E LUBRIFICANTES.,300.0,POSTO SAO BENEDITO PETROLEO LTDA
66385,2024,7,COMBUSTÍVEIS E LUBRIFICANTES.,316.99,POSTO SAO BENEDITO PETROLEO LTDA
66385,2024,7,COMBUSTÍVEIS E LUBRIFICANTES.,329.57,POSTO SAO BENEDITO PETROLEO LTDA
66385,2024,7,COMBUSTÍVEIS E LUBRIFICANTES.,300.0,POSTO SAO BENEDITO PETROLEO LTDA
66385,2024,7,COMBUSTÍVEIS E LUBRIFICANTES.,313.34,POSTO SAO BENEDITO PETROLEO LTDA
66385,2024,7,COMBUSTÍVEIS E LUBRIFICANTES.,303.09,POSTO SAO BENEDITO PETROLEO LTDA
66385,2024,8,COMBUSTÍVEIS E LUBRIFICANTES.,70.0,POSTO SAO BENEDITO PETROLEO LTDA
66385,2024,8,COMBUSTÍVEIS E LUBRIFICANTES.,359.46,POSTO SAO BENEDITO PETROLEO LTDA
66385,2024,8,COMBUSTÍVEIS E LUBRIFICANTES.,200.0,POSTO SAO BENEDITO PETROLEO LTDA
66385,2024,8,COMBUSTÍVEIS E LUBRIFICANTES.,110.0,POSTO SAO BENEDITO PETROLEO LTDA
66385,2024,8,COMBUSTÍVEIS E LUBRIFICANTES.,205.02,POSTO SAO BENEDITO PETROLEO LTDA
66385,2024,8,COMBUSTÍVEIS E LUBRIFICANTES.,200.0,POSTO SAO BENEDITO PETROLEO LTDA
66385,2024,8,COMBUSTÍVEIS E LUBRIFICANTES.,100.0,POSTO SAO BENEDITO PETROLEO LTDA
66385,2024,8,COMBUSTÍVEIS E LUBRIFICANTES.,200.0,POSTO SAO BENEDITO PETROLEO LTDA
66385,2024,8,COMBUSTÍVEIS E LUBRIFICANTES.,150.0,POSTO SAO BENEDITO PETROLEO LTDA
66385,2024,8,COMBUSTÍVEIS E LUBRIFICANTES.,300.0,POSTO SAO BENEDITO PETROLEO LTDA
66385,2024,9,COMBUSTÍVEIS E LUBRIFICANTES.,330.05,POSTO SAO BENEDITO PETROLEO LTDA
66385,2024,10,COMBUSTÍVEIS E LUBRIFICANTES.,299.86,POSTO SAO BENEDITO PETROLEO LTDA
66385,2024,10,COMBUSTÍVEIS E LUBRIFICANTES.,300.04,POSTO SAO BENEDITO PETROLEO LTDA
66385,2024,10,COMBUSTÍVEIS E LUBRIFICANTES.,287.52,POSTO SAO BENEDITO PETROLEO LTDA
66385,2024,10,COMBUSTÍVEIS E LUBRIFICANTES.,150.0,SAO FRANCISCO PETROLEO LTDA
66385,2024,6,COMBUSTÍVEIS E LUBRIFICANTES.,100.0,TRANSSERVICE PETROLEO LTDA
66385,2024,2,DIVULGAÇÃO DA ATIVIDADE PARLAMENTAR.,376.8,Facebook Serviços Online do Brasil ltda
66385,2024,3,DIVULGAÇÃO DA ATIVIDADE PARLAMENTAR.,733.03,Facebook Serviços Online do Brasil ltda
66385,2024,4,DIVULGAÇÃO DA ATIVIDADE PARLAMENTAR.,479.45,Facebook Serviços Online do Brasil ltda
66385,2024,5,DIVULGAÇÃO DA ATIVIDADE PARLAMENTAR.,200.62,Facebook Serviços Online do Brasil ltda
66385,2024,6,DIVULGAÇÃO DA ATIVIDADE PARLAMENTAR.,400.05,Facebook Serviços Online do Brasil ltda
66385,2024,8,DIVULGAÇÃO DA ATIVIDADE PARLAMENTAR.,99.7,Facebook Serviços Online do Brasil ltda
66385,2024,3,DIVULGAÇÃO DA ATIVIDADE PARLAMENTAR.,1600.0,GOMO COMUNICAÇÂO LTDA
66385,2024,3,DIVULGAÇÃO DA ATIVIDADE PARLAMENTAR.,800.0,LUIS GUILHERME CRONEMBERGER NEGREIROS BARBOSA
66385,2024,5,DIVULGAÇÃO DA ATIVIDADE PARLAMENTAR.,800.0,LUIS GUILHERME CRONEMBERGER NEGREIROS BARBOSA
66385,2024,4,DIVULGAÇÃO DA ATIVIDADE PARLAMENTAR.,800.0,LUIS GUILHERME CRONEMBERGER NEGREIROS BARBOSA
66385,2024,6,DIVULGAÇÃO DA ATIVIDADE PARLAMENTAR.,800.0,LUIS GUILHERME CRONEMBERGER NEGREIROS BARBOSA
66385,2024,7,DIVULGAÇÃO DA ATIVIDADE PARLAMENTAR.,800.0,LUIS GUILHERME CRONEMBERGER NEGREIROS BARBOSA
66385,2024,8,DIVULGAÇÃO DA ATIVIDADE PARLAMENTAR.,800.0,LUIS GUILHERME CRONEMBERGER NEGREIROS BARBOSA
66385,2024,2,DIVULGAÇÃO DA ATIVIDADE PARLAMENTAR.,800.0,LUIS GUILHERME CRONEMBERGER NEGREIROS BARBOSA
66385,2024,1,DIVULGAÇÃO DA ATIVIDADE PARLAMENTAR.,12000.0,R R DA S DE O JUNIOR LTDA
66385,2024,2,DIVULGAÇÃO DA ATIVIDADE PARLAMENTAR.,9000.0,R R DA S DE O JUNIOR LTDA
66385,2024,3,DIVULGAÇÃO DA ATIVIDADE PARLAMENTAR.,9000.0,R R DA S DE O JUNIOR LTDA
66385,2024,4,DIVULGAÇÃO DA ATIVIDADE PARLAMENTAR.,9000.0,R R DA S DE O JUNIOR LTDA
66385,2024,5,DIVULGAÇÃO DA ATIVIDADE PARLAMENTAR.,9000.0,R R DA S DE O JUNIOR LTDA
66385,2024,6,DIVULGAÇÃO DA ATIVIDADE PARLAMENTAR.,9000.0,R R DA S DE O JUNIOR LTDA
66385,2024,7,DIVULGAÇÃO DA ATIVIDADE PARLAMENTAR.,9000.0,R R DA S DE O JUNIOR LTDA
66385,2024,8,DIVULGAÇÃO DA ATIVIDADE PARLAMENTAR.,9000.0,R R DA S DE O JUNIOR LTDA
66385,2024,9,DIVULGAÇÃO DA ATIVIDADE PARLAMENTAR.,9000.0,R R DA S DE O JUNIOR LTDA
66385,2024,10,DIVULGAÇÃO DA ATIVIDADE PARLAMENTAR.,9000.0,R R DA S DE O JUNIOR LTDA
66385,2024,11,DIVULGAÇÃO DA ATIVIDADE PARLAMENTAR.,9000.0,R R DA S DE O JUNIOR LTDA
66385,2024,1,SERVIÇO DE SEGURANÇA PRESTADO POR EMPRESA ESPECIALIZADA.,8700.0,SERVFAZ SERVIÇOS DE SEGURANÇA LTDA
66385,2024,2,SERVIÇO DE SEGURANÇA PRESTADO POR EMPRESA ESPECIALIZADA.,8700.0,SERVFAZ SERVIÇOS DE SEGURANÇA LTDA
66385,2024,3,SERVIÇO DE SEGURANÇA PRESTADO POR EMPRESA ESPECIALIZADA.,8700.0,SERVFAZ SERVIÇOS DE SEGURANÇA LTDA
66385,2024,4,SERVIÇO DE SEGURANÇA PRESTADO POR EMPRESA ESPECIALIZADA.,8700.0,SERVFAZ SERVIÇOS DE SEGURANÇA LTDA
66385,2024,5,SERVIÇO DE SEGURANÇA PRESTADO POR EMPRESA ESPECIALIZADA.,8700.0,SERVFAZ SERVIÇOS DE SEGURANÇA LTDA
66385,2024,6,SERVIÇO DE SEGURANÇA PRESTADO POR EMPRESA ESPECIALIZADA.,8700.0,SERVFAZ SERVIÇOS DE SEGURANÇA LTDA
66385,2024,7,SERVIÇO DE SEGURANÇA PRESTADO POR EMPRESA ESPECIALIZADA.,8700.0,SERVFAZ SERVIÇOS DE SEGURANÇA LTDA
66385,2024,8,SERVIÇO DE SEGURANÇA PRESTADO POR EMPRESA ESPECIALIZADA.,8700.0,SERVFAZ SERVIÇOS DE SEGURANÇA LTDA
66385,2024,9,SERVIÇO DE SEGURANÇA PRESTADO POR EMPRESA ESPECIALIZADA.,8700.0,SERVFAZ SERVIÇOS DE SEGURANÇA LTDA
66385,2024,10,SERVIÇO DE SEGURANÇA PRESTADO POR EMPRESA ESPECIALIZADA.,8700.0,SERVFAZ SERVIÇOS DE SEGURANÇA LTDA
66385,2024,11,SERVIÇO DE SEGURANÇA PRESTADO POR EMPRESA ESPECIALIZADA.,8700.0,SERVFAZ SERVIÇOS DE SEGURANÇA LTDA
66385,2024,12,SERVIÇO DE SEGURANÇA PRESTADO POR EMPRESA ESPECIALIZADA.,8700.0,SERVFAZ SERVIÇOS DE SEGURANÇA LTDA
66385,2024,1,LOCAÇÃO OU FRETAMENTO DE VEÍCULOS AUTOMOTORES,12000.0,LELEKA PRODUÇOES E LACAÇOES EIRELI
66385,2024,2,LOCAÇÃO OU FRETAMENTO DE VEÍCULOS AUTOMOTORES,12000.0,LELEKA PRODUÇOES E LACAÇOES EIRELI
66385,2024,3,LOCAÇÃO OU FRETAMENTO DE VEÍCULOS AUTOMOTORES,12000.0,LELEKA PRODUÇOES E LACAÇOES EIRELI
66385,2024,4,LOCAÇÃO OU FRETAMENTO DE VEÍCULOS AUTOMOTORES,12000.0,LELEKA PRODUÇOES E LACAÇOES EIRELI
66385,2024,5,LOCAÇÃO OU FRETAMENTO DE VEÍCULOS AUTOMOTORES,12000.0,LELEKA PRODUÇOES E LACAÇOES EIRELI
66385,2024,6,LOCAÇÃO OU FRETAMENTO DE VEÍCULOS AUTOMOTORES,12000.0,LELEKA PRODUÇOES E LACAÇOES EIRELI
66385,2024,7,LOCAÇÃO OU FRETAMENTO DE VEÍCULOS AUTOMOTORES,12000.0,LELEKA PRODUÇOES E LACAÇOES EIRELI
66385,2024,8,LOCAÇÃO OU FRETAMENTO DE VEÍCULOS AUTOMOTORES,12000.0,LELEKA PRODUÇOES E LACAÇOES EIRELI
66385,2024,9,LOCAÇÃO OU FRETAMENTO DE VEÍCULOS AUTOMOTORES,12000.0,LELEKA PRODUÇOES E LACAÇOES EIRELI
66385,2024,10,LOCAÇÃO OU FRETAMENTO DE VEÍCULOS AUTOMOTORES,12000.0,LELEKA PRODUÇOES E LACAÇOES EIRELI
66385,2024,11,LOCAÇÃO OU FRETAMENTO DE VEÍCULOS AUTOMOTORES,12000.0,LELEKA PRODUÇOES E LACAÇOES EIRELI
66385,2024,12,LOCAÇÃO OU FRETAMENTO DE VEÍCULOS AUTOMOTORES,12000.0,LELEKA PRODUÇOES E LACAÇOES EIRELI
66385,2024,3,PASSAGEM AÉREA - SIGEPA,1061.74,AZUL
66385,2024,12,PASSAGEM AÉREA - SIGEPA,2233.98,AZUL
66385,2024,12,PASSAGEM AÉREA - SIGEPA,2318.98,AZUL
66385,2024,2,PASSAGEM AÉREA - SIGEPA,730.0,AZUL
66385,2024,10,PASSAGEM AÉREA - SIGEPA,-45.56,AZUL
66385,2024,8,PASSAGEM AÉREA - SIGEPA,-1809.57,GOL
66385,2024,8,PASSAGEM AÉREA - SIGEPA,-1281.43,GOL
66385,2024,3,PASSAGEM AÉREA - SIGEPA,1817.3,GOL
66385,2024,4,PASSAGEM AÉREA - SIGEPA,1792.51,GOL
66385,2024,4,PASSAGEM AÉREA - SIGEPA,2303.61,GOL
66385,2024,4,PASSAGEM AÉREA - SIGEPA,1513.16,GOL
66385,2024,10,PASSAGEM AÉREA - SIGEPA,-1439.78,GOL
66385,2024,4,PASSAGEM AÉREA - SIGEPA,1513.16,GOL
66385,2024,7,PASSAGEM AÉREA - SIGEPA,2248.51,GOL
66385,2024,9,PASSAGEM AÉREA - SIGEPA,-2138.37,GOL
66385,2024,7,PASSAGEM AÉREA - SIGEPA,2179.16,GOL
66385,2024,9,PASSAGEM AÉREA - SIGEPA,-2072.48,GOL
66385,2024,7,PASSAGEM AÉREA - SIGEPA,1505.1,GOL
66385,2024,10,PASSAGEM AÉREA - SIGEPA,-1431.45,GOL
66385,2024,7,PASSAGEM AÉREA - SIGEPA,2484.44,GOL
66385,2024,8,PASSAGEM AÉREA - SIGEPA,2536.46,GOL
66385,2024,8,PASSAGEM AÉREA - SIGEPA,-2411.11,GOL
66385,2024,8,PASSAGEM AÉREA - SIGEPA,3116.57,GOL
66385,2024,10,PASSAGEM AÉREA - SIGEPA,-2962.96,GOL
66385,2024,8,PASSAGEM AÉREA - SIGEPA,3116.57,GOL
66385,2024,9,PASSAGEM AÉREA - SIGEPA,-2962.95,GOL
66385,2024,8,PASSAGEM AÉREA - SIGEPA,2517.36,GOL
66385,2024,8,PASSAGEM AÉREA - SIGEPA,-2517.36,GOL
66385,2024,8,PASSAGEM AÉREA - SIGEPA,1964.3,GOL
66385,2024,8,PASSAGEM AÉREA - SIGEPA,1969.21,GOL
66385,2024,9,PASSAGEM AÉREA - SIGEPA,-1873.03,GOL
66385,2024,8,PASSAGEM AÉREA - SIGEPA,1969.21,GOL
66385,2024,9,PASSAGEM AÉREA - SIGEPA,-1873.03,GOL
66385,2024,8,PASSAGEM AÉREA - SIGEPA,1985.9,GOL
66385,2024,9,PASSAGEM AÉREA - SIGEPA,2248.51,GOL
66385,2024,9,PASSAGEM AÉREA - SIGEPA,-2138.36,GOL
66385,2024,9,PASSAGEM AÉREA - SIGEPA,1794.5,GOL
66385,2024,11,PASSAGEM AÉREA - SIGEPA,1654.49,GOL
66385,2024,1,PASSAGEM AÉREA - SIGEPA,817.05,TAM
66385,2024,1,PASSAGEM AÉREA - SIGEPA,824.12,TAM
66385,2024,2,PASSAGEM AÉREA - SIGEPA,1302.57,TAM
66385,2024,3,PASSAGEM AÉREA - SIGEPA,1367.51,TAM
66385,2024,3,PASSAGEM AÉREA - SIGEPA,1636.7,TAM
66385,2024,3,PASSAGEM AÉREA - SIGEPA,1636.7,TAM
66385,2024,3,PASSAGEM AÉREA - SIGEPA,1825.56,TAM
66385,2024,3,PASSAGEM AÉREA - SIGEPA,1809.51,TAM
66385,2024,4,PASSAGEM AÉREA - SIGEPA,659.1,TAM
66385,2024,4,PASSAGEM AÉREA - SIGEPA,1825.56,TAM
66385,2024,4,PASSAGEM AÉREA - SIGEPA,1809.51,TAM
66385,2024,4,PASSAGEM AÉREA - SIGEPA,-1810.76,TAM
66385,2024,4,PASSAGEM AÉREA - SIGEPA,1810.76,TAM
66385,2024,4,PASSAGEM AÉREA - SIGEPA,1023.66,TAM
66385,2024,5,PASSAGEM AÉREA - SIGEPA,1254.08,TAM
66385,2024,5,PASSAGEM AÉREA - SIGEPA,-1572.68,TAM
66385,2024,5,PASSAGEM AÉREA - SIGEPA,1572.68,TAM
66385,2024,5,PASSAGEM AÉREA - SIGEPA,78.0,TAM
66385,2024,5,PASSAGEM AÉREA - SIGEPA,1265.36,TAM
66385,2024,5,PASSAGEM AÉREA - SIGEPA,-446.96,TAM
66385,2024,5,PASSAGEM AÉREA - SIGEPA,1383.56,TAM
66385,2024,5,PASSAGEM AÉREA - SIGEPA,-430.91,TAM
66385,2024,5,PASSAGEM AÉREA - SIGEPA,1367.51,TAM
66385,2024,5,PASSAGEM AÉREA - SIGEPA,-384.5,TAM
66385,2024,5,PASSAGEM AÉREA - SIGEPA,1212.81,TAM
66385,2024,5,PASSAGEM AÉREA - SIGEPA,1809.51,TAM
66385,2024,5,PASSAGEM AÉREA - SIGEPA,-1572.68,TAM
66385,2024,5,PASSAGEM AÉREA - SIGEPA,1572.68,TAM
66385,2024,6,PASSAGEM AÉREA - SIGEPA,1639.61,TAM
66385,2024,6,PASSAGEM AÉREA - SIGEPA,1367.51,TAM
66385,2024,6,PASSAGEM AÉREA - SIGEPA,1959.56,TAM
66385,2024,6,PASSAGEM AÉREA - SIGEPA,-461.21,TAM
66385,2024,6,PASSAGEM AÉREA - SIGEPA,1468.51,TAM
66385,2024,7,PASSAGEM AÉREA - SIGEPA,-1943.51,TAM
66385,2024,7,PASSAGEM AÉREA - SIGEPA,1943.51,TAM
66385,2024,7,PASSAGEM AÉREA - SIGEPA,1468.51,TAM
66385,2024,7,PASSAGEM AÉREA - SIGEPA,933.45,TAM
66385,2024,7,PASSAGEM AÉREA - SIGEPA,75.0,TAM
66385,2024,7,PASSAGEM AÉREA - SIGEPA,1484.56,TAM
66385,2024,7,PASSAGEM AÉREA - SIGEPA,1587.01,TAM
66385,2024,7,PASSAGEM AÉREA - SIGEPA,310.4,TAM
66385,2024,8,PASSAGEM AÉREA - SIGEPA,1484.56,TAM
66385,2024,8,PASSAGEM AÉREA - SIGEPA,75.0,TAM
66385,2024,8,PASSAGEM AÉREA - SIGEPA,1468.51,TAM
66385,2024,8,PASSAGEM AÉREA - SIGEPA,1468.51,TAM
66385,2024,8,PASSAGEM AÉREA - SIGEPA,1943.51,TAM
66385,2024,8,PASSAGEM AÉREA - SIGEPA,1725.5,TAM
66385,2024,8,PASSAGEM AÉREA - SIGEPA,-1291.38,TAM
66385,2024,8,PASSAGEM AÉREA - SIGEPA,234.06,TAM
66385,2024,8,PASSAGEM AÉREA - SIGEPA,1958.27,TAM
66385,2024,9,PASSAGEM AÉREA - SIGEPA,80.0,TAM
66385,2024,9,PASSAGEM AÉREA - SIGEPA,1469.95,TAM
66385,2024,9,PASSAGEM AÉREA - SIGEPA,1959.56,TAM
66385,2024,9,PASSAGEM AÉREA - SIGEPA,-45.56,TAM
66385,2024,9,PASSAGEM AÉREA - SIGEPA,1944.95,TAM
66385,2024,9,PASSAGEM AÉREA - SIGEPA,120.0,TAM
66385,2024,9,PASSAGEM AÉREA - SIGEPA,1469.95,TAM
66385,2024,10,PASSAGEM AÉREA - SIGEPA,1959.56,TAM
66385,2024,10,PASSAGEM AÉREA - SIGEPA,1959.56,TAM
66385,2024,10,PASSAGEM AÉREA - SIGEPA,-381.9,TAM
66385,2024,10,PASSAGEM AÉREA - SIGEPA,2326.85,TAM
66385,2024,11,PASSAGEM AÉREA - SIGEPA,75.0,TAM
66385,2024,11,PASSAGEM AÉREA - SIGEPA,1470.44,TAM
66385,2024,11,PASSAGEM AÉREA - SIGEPA,-1469.95,TAM
66385,2024,11,PASSAGEM AÉREA - SIGEPA,1469.95,TAM
66385,2024,11,PASSAGEM AÉREA - SIGEPA,1959.56,TAM
66385,2024,11,PASSAGEM AÉREA - SIGEPA,-462.65,TAM
66385,2024,11,PASSAGEM AÉREA - SIGEPA,75.0,TAM
66385,2024,11,PASSAGEM AÉREA - SIGEPA,1469.95,TAM
66385,2024,11,PASSAGEM AÉREA - SIGEPA,1944.95,TAM
66385,2024,11,PASSAGEM AÉREA - SIGEPA,-1959.56,TAM
66385,2024,11,PASSAGEM AÉREA - SIGEPA,-384.48,TAM
66385,2024,11,PASSAGEM AÉREA - SIGEPA,1209.4,TAM
66385,2024,11,PASSAGEM AÉREA - SIGEPA,-1959.56,TAM
66385,2024,11,PASSAGEM AÉREA - SIGEPA,14.61,TAM
66385,2024,11,PASSAGEM AÉREA - SIGEPA,-1484.56,TAM
66385,2024,11,PASSAGEM AÉREA - SIGEPA,1484.56,TAM
66385,2024,11,PASSAGEM AÉREA - SIGEPA,-1959.56,TAM
66385,2024,11,PASSAGEM AÉREA - SIGEPA,1959.56,TAM
66385,2024,11,PASSAGEM AÉREA - SIGEPA,1959.56,TAM
66385,2024,11,PASSAGEM AÉREA - SIGEPA,75.0,TAM
66385,2024,11,PASSAGEM AÉREA - SIGEPA,894.21,TAM
66385,2024,11,PASSAGEM AÉREA - SIGEPA,1944.95,TAM
66385,2024,12,PASSAGEM AÉREA - SIGEPA,-1944.95,TAM
66385,2024,12,PASSAGEM AÉREA - SIGEPA,1944.95,TAM
66385,2024,12,PASSAGEM AÉREA - SIGEPA,-1944.95,TAM
66385,2024,12,PASSAGEM AÉREA - SIGEPA,1944.95,TAM
66385,2024,12,PASSAGEM AÉREA - SIGEPA,-1944.95,TAM
66385,2024,12,PASSAGEM AÉREA - SIGEPA,1944.95,TAM
66385,2024,12,PASSAGEM AÉREA - SIGEPA,-1463.6,TAM
66385,2024,12,PASSAGEM AÉREA - SIGEPA,1463.6,TAM
66385,2024,12,PASSAGEM AÉREA - SIGEPA,1944.95,TAM
66385,2024,12,PASSAGEM AÉREA - SIGEPA,-462.65,TAM
66385,2024,12,PASSAGEM AÉREA - SIGEPA,75.0,TAM
66385,2024,12,PASSAGEM AÉREA - SIGEPA,1469.95,TAM
66385,2024,12,PASSAGEM AÉREA - SIGEPA,691.48,TAM
66385,2024,12,PASSAGEM AÉREA - SIGEPA,-1944.95,TAM
66385,2024,12,PASSAGEM AÉREA - SIGEPA,1944.95,TAM
66385,2024,12,PASSAGEM AÉREA - SIGEPA,-477.26,TAM
66385,2024,12,PASSAGEM AÉREA - SIGEPA,110.0,TAM
66385,2024,12,PASSAGEM AÉREA - SIGEPA,1484.56,TAM
66385,2024,12,PASSAGEM AÉREA - SIGEPA,1268.08,TAM
66385,2024,12,PASSAGEM AÉREA - SIGEPA,-1944.95,TAM
66385,2024,12,PASSAGEM AÉREA - SIGEPA,1944.95,TAM
66385,2024,12,PASSAGEM AÉREA - SIGEPA,-1469.95,TAM
66385,2024,12,PASSAGEM AÉREA - SIGEPA,100.0,TAM
66385,2024,12,PASSAGEM AÉREA - SIGEPA,1469.95,TAM
66385,2024,12,PASSAGEM AÉREA - SIGEPA,-1469.95,TAM
66385,2024,12,PASSAGEM AÉREA - SIGEPA,75.0,TAM
66385,2024,12,PASSAGEM AÉREA - SIGEPA,1469.95,TAM
66385,2024,12,PASSAGEM AÉREA - SIGEPA,-710.88,TAM
66385,2024,12,PASSAGEM AÉREA - SIGEPA,710.88,TAM
66385,2024,12,PASSAGEM AÉREA - SIGEPA,1469.95,TAM
66385,2024,5,PASSAGEM AÉREA - RPA,3028.41,Cia Aérea - TAM
66385,2024,7,PASSAGEM AÉREA - RPA,151.05,Cia Aérea - TAM
66385,2025,1,MANUTENÇÃO DE ESCRITÓRIO DE APOIO À ATIVIDADE PARLAMENTAR,6000.0,MOTA E REGO LOBAO LTDA
66385,2025,3,MANUTENÇÃO DE ESCRITÓRIO DE APOIO À ATIVIDADE PARLAMENTAR,6000.0,MOTA E REGO LOBAO LTDA
66385,2025,6,MANUTENÇÃO DE ESCRITÓRIO DE APOIO À ATIVIDADE PARLAMENTAR,6000.0,MOTA E REGO LOBAO LTDA
66385,2025,7,MANUTENÇÃO DE ESCRITÓRIO DE APOIO À ATIVIDADE PARLAMENTAR,6000.0,MOTA E REGO LOBAO LTDA
66385,2025,8,MANUTENÇÃO DE ESCRITÓRIO DE APOIO À ATIVIDADE PARLAMENTAR,6000.0,MOTA E REGO LOBAO LTDA
66385,2025,9,MANUTENÇÃO DE ESCRITÓRIO DE APOIO À ATIVIDADE PARLAMENTAR,6000.0,MOTA E REGO LOBAO LTDA
66385,2025,10,MANUTENÇÃO DE ESCRITÓRIO DE APOIO À ATIVIDADE PARLAMENTAR,6000.0,MOTA E REGO LOBAO LTDA
66385,2025,5,MANUTENÇÃO DE ESCRITÓRIO DE APOIO À ATIVIDADE PARLAMENTAR,6000.0,MOTA E REGO LOBAO LTDA
66385,2025,2,MANUTENÇÃO DE ESCRITÓRIO DE APOIO À ATIVIDADE PARLAMENTAR,6000.0,MOTA E REGO LOBAO LTDA
66385,2025,4,MANUTENÇÃO DE ESCRITÓRIO DE APOIO À ATIVIDADE PARLAMENTAR,6000.0,MOTA E REGO LOBAO LTDA
66385,2025,2,MANUTENÇÃO DE ESCRITÓRIO DE APOIO À ATIVIDADE PARLAMENTAR,880.74,"REPORTEI DDADOS, TECNOLOGIA E SOLUÇÕES PARA INTERNET LTDA - ME"
66385,2025,2,COMBUSTÍVEIS E LUBRIFICANTES.,4380.0,J W SARAIVA E CIA LTDA
66385,2025,7,COMBUSTÍVEIS E LUBRIFICANTES.,1390.0,PLANALTO PETROLEO SAO PEDRO LTDA
66385,2025,7,COMBUSTÍVEIS E LUBRIFICANTES.,2200.0,PLANALTO PETROLEO SAO PEDRO LTDA
66385,2025,7,COMBUSTÍVEIS E LUBRIFICANTES.,2131.67,PLANALTO PETROLEO SAO PEDRO LTDA
66385,2025,7,COMBUSTÍVEIS E LUBRIFICANTES.,1955.86,PLANALTO PETROLEO SAO PEDRO LTDA
66385,2025,9,COMBUSTÍVEIS E LUBRIFICANTES.,2131.23,PLANALTO PETROLEO SAO PEDRO LTDA
66385,2025,9,COMBUSTÍVEIS E LUBRIFICANTES.,1761.88,PLANALTO PETROLEO SAO PEDRO LTDA
66385,2025,9,COMBUSTÍVEIS E LUBRIFICANTES.,1272.45,PLANALTO PETROLEO SAO PEDRO LTDA
66385,2025,10,COMBUSTÍVEIS E LUBRIFICANTES.,2302.08,PLANALTO PETROLEO SAO PEDRO LTDA
66385,2025,10,COMBUSTÍVEIS E LUBRIFICANTES.,1956.17,PLANALTO PETROLEO SAO PEDRO LTDA
66385,2025,10,COMBUSTÍVEIS E LUBRIFICANTES.,2251.33,PLANALTO PETROLEO SAO PEDRO LTDA
66385,2025,10,COMBUSTÍVEIS E LUBRIFICANTES.,1981.12,PLANALTO PETROLEO SAO PEDRO LTDA
66385,2025,1,COMBUSTÍVEIS E LUBRIFICANTES.,4500.0,J W SARAIVA E CIA LTDA
66385,2025,2,COMBUSTÍVEIS E LUBRIFICANTES.,4629.0,J W SARAIVA E CIA LTDA
66385,2025,3,COMBUSTÍVEIS E LUBRIFICANTES.,4655.0,J W SARAIVA E CIA LTDA
66385,2025,3,COMBUSTÍVEIS E LUBRIFICANTES.,4350.03,J W SARAIVA E CIA LTDA
66385,2025,1,COMBUSTÍVEIS E LUBRIFICANTES.,4512.0,J W SARAIVA E CIA LTDA
66385,2025,1,DIVULGAÇÃO DA ATIVIDADE PARLAMENTAR.,327.19,FACEBOOK SERVIÇOS ONLINE DO BRASIL LTDA
66385,2025,2,DIVULGAÇÃO DA ATIVIDADE PARLAMENTAR.,763.04,FACEBOOK SERVIÇOS ONLINE DO BRASIL LTDA
66385,2025,3,DIVULGAÇÃO DA ATIVIDADE PARLAMENTAR.,994.7,FACEBOOK SERVIÇOS ONLINE DO BRASIL LTDA
66385,2025,4,DIVULGAÇÃO DA ATIVIDADE PARLAMENTAR.,887.1,FACEBOOK SERVIÇOS ONLINE DO BRASIL LTDA
66385,2025,5,DIVULGAÇÃO DA ATIVIDADE PARLAMENTAR.,866.64,FACEBOOK SERVIÇOS ONLINE DO BRASIL LTDA
66385,2025,6,DIVULGAÇÃO DA ATIVIDADE PARLAMENTAR.,761.68,Facebook Serviços Online do Brasil Ltda.
66385,2025,7,DIVULGAÇÃO DA ATIVIDADE PARLAMENTAR.,1000.0,Facebook Serviços Online do Brasil Ltda.
66385,2025,8,DIVULGAÇÃO DA ATIVIDADE PARLAMENTAR.,914.06,Facebook Serviços Online do Brasil Ltda.
66385,2025,9,DIVULGAÇÃO DA ATIVIDADE PARLAMENTAR.,851.84,Facebook Serviços Online do Brasil Ltda.
66385,2025,2,DIVULGAÇÃO DA ATIVIDADE PARLAMENTAR.,9000.0,R R DA S DE O JUNIOR LTDA
66385,2025,3,DIVULGAÇÃO DA ATIVIDADE PARLAMENTAR.,9000.0,R R DA S DE O JUNIOR LTDA
66385,2025,4,DIVULGAÇÃO DA ATIVIDADE PARLAMENTAR.,9000.0,R R DA S DE O JUNIOR LTDA
66385,2025,1,SERVIÇO DE SEGURANÇA PRESTADO POR EMPRESA ESPECIALIZADA.,8700.0,SERVFAZ SERVIÇOS DE SEGURANÇA LTDA
66385,2025,2,SERVIÇO DE SEGURANÇA PRESTADO POR EMPRESA ESPECIALIZADA.,8700.0,SERVFAZ SERVIÇOS DE SEGURANÇA LTDA
66385,2025,3,SERVIÇO DE SEGURANÇA PRESTADO POR EMPRESA ESPECIALIZADA.,8700.0,SERVFAZ SERVIÇOS DE SEGURANÇA LTDA
66385,2025,4,SERVIÇO DE SEGURANÇA PRESTADO POR EMPRESA ESPECIALIZADA.,8700.0,SERVFAZ SERVIÇOS DE SEGURANÇA LTDA
66385,2025,5,SERVIÇO DE SEGURANÇA PRESTADO POR EMPRESA ESPECIALIZADA.,8700.0,SERVFAZ SERVIÇOS DE SEGURANÇA LTDA
66385,2025,6,SERVIÇO DE SEGURANÇA PRESTADO POR EMPRESA ESPECIALIZADA.,8700.0,SERVFAZ SERVIÇOS DE SEGURANÇA LTDA
66385,2025,7,SERVIÇO DE SEGURANÇA PRESTADO POR EMPRESA ESPECIALIZADA.,8700.0,SERVFAZ SERVIÇOS DE SEGURANÇA LTDA
66385,2025,8,SERVIÇO DE SEGURANÇA PRESTADO POR EMPRESA ESPECIALIZADA.,8700.0,SERVFAZ SERVIÇOS DE SEGURANÇA LTDA
66385,2025,9,SERVIÇO DE SEGURANÇA PRESTADO POR EMPRESA ESPECIALIZADA.,8700.0,SERVFAZ SERVIÇOS DE SEGURANÇA LTDA
66385,2025,10,SERVIÇO DE SEGURANÇA PRESTADO POR EMPRESA ESPECIALIZADA.,8700.0,SERVFAZ SERVIÇOS DE SEGURANÇA LTDA
66385,2025,2,LOCAÇÃO OU FRETAMENTO DE VEÍCULOS AUTOMOTORES,12700.0,LELEKA PRODUÇOES E LACAÇOES EIRELI
66385,2025,3,LOCAÇÃO OU FRETAMENTO DE VEÍCULOS AUTOMOTORES,12700.0,LELEKA PRODUÇOES E LACAÇOES EIRELI
66385,2025,4,LOCAÇÃO OU FRETAMENTO DE VEÍCULOS AUTOMOTORES,12700.0,LELEKA PRODUÇOES E LACAÇOES EIRELI
66385,2025,1,LOCAÇÃO OU FRETAMENTO DE VEÍCULOS AUTOMOTORES,12000.0,LELEKA PRODUÇOES E LACAÇOES EIRELI
66385,2025,5,LOCAÇÃO OU FRETAMENTO DE VEÍCULOS AUTOMOTORES,12700.0,LELEKA PRODUÇOES E LACAÇOES EIRELI
66385,2025,6,LOCAÇÃO OU FRETAMENTO DE VEÍCULOS AUTOMOTORES,12700.0,LELEKA PRODUÇOES E LACAÇOES EIRELI
66385,2025,7,LOCAÇÃO OU FRETAMENTO DE VEÍCULOS AUTOMOTORES,12700.0,LELEKA PRODUÇOES E LACAÇOES EIRELI
66385,2025,8,LOCAÇÃO OU FRETAMENTO DE VEÍCULOS AUTOMOTORES,12700.0,LELEKA PRODUÇOES E LACAÇOES EIRELI
66385,2025,9,LOCAÇÃO OU FRETAMENTO DE VEÍCULOS AUTOMOTORES,12700.0,LELEKA PRODUÇOES E LACAÇOES EIRELI
66385,2025,10,LOCAÇÃO OU FRETAMENTO DE VEÍCULOS AUTOMOTORES,12700.0,LELEKA PRODUÇOES E LACAÇOES EIRELI
66385,2025,1,PASSAGEM AÉREA - SIGEPA,2601.54,AZUL
66385,2025,10,PASSAGEM AÉREA - SIGEPA,-393.1,Azul Linhas Aéreas
66385,2025,9,PASSAGEM AÉREA - SIGEPA,1432.23,Azul Linhas Aéreas
66385,2025,4,PASSAGEM AÉREA - SIGEPA,1932.29,GOL
66385,2025,5,PASSAGEM AÉREA - SIGEPA,-1932.29,GOL
66385,2025,4,PASSAGEM AÉREA - SIGEPA,2193.35,GOL
66385,2025,5,PASSAGEM AÉREA - SIGEPA,1501.38,GOL
66385,2025,9,PASSAGEM AÉREA - SIGEPA,2192.27,Gol Linhas Aéreas
66385,2025,9,PASSAGEM AÉREA - SIGEPA,85.0,Gol Linhas Aéreas
66385,2025,9,PASSAGEM AÉREA - SIGEPA,675.0,Gol Linhas Aéreas
66385,2025,9,PASSAGEM AÉREA - SIGEPA,2220.02,Gol Linhas Aéreas
66385,2025,8,PASSAGEM AÉREA - SIGEPA,3159.11,LATAM Airlines Brasil
66385,2025,8,PASSAGEM AÉREA - SIGEPA,-690.77,LATAM Airlines Brasil
66385,2025,8,PASSAGEM AÉREA - SIGEPA,114.0,LATAM Airlines Brasil
66385,2025,8,PASSAGEM AÉREA - SIGEPA,2230.36,LATAM Airlines Brasil
66385,2025,8,PASSAGEM AÉREA - SIGEPA,-2846.11,LATAM Airlines Brasil
66385,2025,8,PASSAGEM AÉREA - SIGEPA,114.0,LATAM Airlines Brasil
66385,2025,8,PASSAGEM AÉREA - SIGEPA,2846.11,LATAM Airlines Brasil
66385,2025,8,PASSAGEM AÉREA - SIGEPA,-1351.39,LATAM Airlines Brasil
66385,2025,8,PASSAGEM AÉREA - SIGEPA,1351.39,LATAM Airlines Brasil
66385,2025,8,PASSAGEM AÉREA - SIGEPA,-2807.62,LATAM Airlines Brasil
66385,2025,8,PASSAGEM AÉREA - SIGEPA,102.0,LATAM Airlines Brasil
66385,2025,8,PASSAGEM AÉREA - SIGEPA,144.0,LATAM Airlines Brasil
66385,2025,8,PASSAGEM AÉREA - SIGEPA,5615.23,LATAM Airlines Brasil
66385,2025,8,PASSAGEM AÉREA - SIGEPA,-30.95,LATAM Airlines Brasil
66385,2025,8,PASSAGEM AÉREA - SIGEPA,96.0,LATAM Airlines Brasil
66385,2025,8,PASSAGEM AÉREA - SIGEPA,553.76,LATAM Airlines Brasil
66385,2025,8,PASSAGEM AÉREA - SIGEPA,-2976.51,LATAM Airlines Brasil
66385,2025,8,PASSAGEM AÉREA - SIGEPA,102.0,LATAM Airlines Brasil
66385,2025,8,PASSAGEM AÉREA - SIGEPA,2976.51,LATAM Airlines Brasil
66385,2025,8,PASSAGEM AÉREA - SIGEPA,132.0,LATAM Airlines Brasil
66385,2025,8,PASSAGEM AÉREA - SIGEPA,2442.73,LATAM Airlines Brasil
66385,2025,8,PASSAGEM AÉREA - SIGEPA,-1435.48,LATAM Airlines Brasil
66385,2025,8,PASSAGEM AÉREA - SIGEPA,1435.48,LATAM Airlines Brasil
66385,2025,8,PASSAGEM AÉREA - SIGEPA,-1350.56,LATAM Airlines Brasil
66385,2025,8,PASSAGEM AÉREA - SIGEPA,1350.56,LATAM Airlines Brasil
66385,2025,8,PASSAGEM AÉREA - SIGEPA,-1433.56,LATAM Airlines Brasil
66385,2025,8,PASSAGEM AÉREA - SIGEPA,1433.56,LATAM Airlines Brasil
66385,2025,8,PASSAGEM AÉREA - SIGEPA,114.0,LATAM Airlines Brasil
66385,2025,8,PASSAGEM AÉREA - SIGEPA,2329.85,LATAM Airlines Brasil
66385,2025,8,PASSAGEM AÉREA - SIGEPA,2134.34,LATAM Airlines Brasil
66385,2025,8,PASSAGEM AÉREA - SIGEPA,-425.02,LATAM Airlines Brasil
66385,2025,8,PASSAGEM AÉREA - SIGEPA,1340.03,LATAM Airlines Brasil
66385,2025,8,PASSAGEM AÉREA - SIGEPA,-2551.83,LATAM Airlines Brasil
66385,2025,8,PASSAGEM AÉREA - SIGEPA,2551.83,LATAM Airlines Brasil
66385,2025,8,PASSAGEM AÉREA - SIGEPA,-961.39,LATAM Airlines Brasil
66385,2025,8,PASSAGEM AÉREA - SIGEPA,-114.0,LATAM Airlines Brasil
66385,2025,8,PASSAGEM AÉREA - SIGEPA,114.0,LATAM Airlines Brasil
66385,2025,8,PASSAGEM AÉREA - SIGEPA,114.0,LATAM Airlines Brasil
66385,2025,8,PASSAGEM AÉREA - SIGEPA,3127.94,LATAM Airlines Brasil
66385,2025,9,PASSAGEM AÉREA - SIGEPA,-2134.34,LATAM Airlines Brasil
66385,2025,9,PASSAGEM AÉREA - SIGEPA,2255.15,LATAM Airlines Brasil
66385,2025,9,PASSAGEM AÉREA - SIGEPA,2209.4,LATAM Airlines Brasil
66385,2025,9,PASSAGEM AÉREA - SIGEPA,-2209.4,LATAM Airlines Brasil
66385,2025,9,PASSAGEM AÉREA - SIGEPA,-2993.11,LATAM Airlines Brasil
66385,2025,9,PASSAGEM AÉREA - SIGEPA,2993.11,LATAM Airlines Brasil
66385,2025,9,PASSAGEM AÉREA - SIGEPA,-2566.4,LATAM Airlines Brasil
66385,2025,9,PASSAGEM AÉREA - SIGEPA,2566.4,LATAM Airlines Brasil
66385,2025,9,PASSAGEM AÉREA - SIGEPA,-926.16,LATAM Airlines Brasil
66385,2025,9,PASSAGEM AÉREA - SIGEPA,2976.51,LATAM Airlines Brasil
66385,2025,9,PASSAGEM AÉREA - SIGEPA,-911.59,LATAM Airlines Brasil
66385,2025,9,PASSAGEM AÉREA - SIGEPA,2961.94,LATAM Airlines Brasil
66385,2025,9,PASSAGEM AÉREA - SIGEPA,54.0,LATAM Airlines Brasil
66385,2025,9,PASSAGEM AÉREA - SIGEPA,553.14,LATAM Airlines Brasil
66385,2025,9,PASSAGEM AÉREA - SIGEPA,96.0,LATAM Airlines Brasil
66385,2025,9,PASSAGEM AÉREA - SIGEPA,2394.59,LATAM Airlines Brasil
66385,2025,9,PASSAGEM AÉREA - SIGEPA,-3159.11,LATAM Airlines Brasil
66385,2025,9,PASSAGEM AÉREA - SIGEPA,3159.11,LATAM Airlines Brasil
66385,2025,9,PASSAGEM AÉREA - SIGEPA,1746.73,LATAM Airlines Brasil
66385,2025,9,PASSAGEM AÉREA - SIGEPA,122.0,LATAM Airlines Brasil
66385,2025,9,PASSAGEM AÉREA - SIGEPA,1957.18,LATAM Airlines Brasil
66385,2025,9,PASSAGEM AÉREA - SIGEPA,-2053.67,LATAM Airlines Brasil
66385,2025,9,PASSAGEM AÉREA - SIGEPA,546.49,LATAM Airlines Brasil
66385,2025,9,PASSAGEM AÉREA - SIGEPA,120.0,LATAM Airlines Brasil
66385,2025,9,PASSAGEM AÉREA - SIGEPA,2269.26,LATAM Airlines Brasil
66385,2025,9,PASSAGEM AÉREA - SIGEPA,-1323.79,LATAM Airlines Brasil
66385,2025,9,PASSAGEM AÉREA - SIGEPA,1323.79,LATAM Airlines Brasil
66385,2025,9,PASSAGEM AÉREA - SIGEPA,-1406.79,LATAM Airlines Brasil
66385,2025,9,PASSAGEM AÉREA - SIGEPA,1406.79,LATAM Airlines Brasil
66385,2025,9,PASSAGEM AÉREA - SIGEPA,-1346.76,LATAM Airlines Brasil
66385,2025,9,PASSAGEM AÉREA - SIGEPA,443.16,LATAM Airlines Brasil
66385,2025,10,PASSAGEM AÉREA - SIGEPA,-742.62,LATAM Airlines Brasil
66385,2025,10,PASSAGEM AÉREA - SIGEPA,2364.71,LATAM Airlines Brasil
66385,2025,10,PASSAGEM AÉREA - SIGEPA,-3159.11,LATAM Airlines Brasil
66385,2025,10,PASSAGEM AÉREA - SIGEPA,3159.11,LATAM Airlines Brasil
66385,2025,10,PASSAGEM AÉREA - SIGEPA,-2928.28,LATAM Airlines Brasil
66385,2025,10,PASSAGEM AÉREA - SIGEPA,2928.28,LATAM Airlines Brasil
66385,2025,10,PASSAGEM AÉREA - SIGEPA,161.0,LATAM Airlines Brasil
66385,2025,10,PASSAGEM AÉREA - SIGEPA,1849.28,LATAM Airlines Brasil
66385,2025,10,PASSAGEM AÉREA - SIGEPA,-32.87,LATAM Airlines Brasil
66385,2025,10,PASSAGEM AÉREA - SIGEPA,186.0,LATAM Airlines Brasil
66385,2025,10,PASSAGEM AÉREA - SIGEPA,1434.65,LATAM Airlines Brasil
66385,2025,10,PASSAGEM AÉREA - SIGEPA,-422.66,LATAM Airlines Brasil
66385,2025,10,PASSAGEM AÉREA - SIGEPA,161.0,LATAM Airlines Brasil
66385,2025,10,PASSAGEM AÉREA - SIGEPA,1298.16,LATAM Airlines Brasil
66385,2025,10,PASSAGEM AÉREA - SIGEPA,-1379.04,LATAM Airlines Brasil
66385,2025,10,PASSAGEM AÉREA - SIGEPA,1379.04,LATAM Airlines Brasil
66385,2025,10,PASSAGEM AÉREA - SIGEPA,-909.72,LATAM Airlines Brasil
66385,2025,10,PASSAGEM AÉREA - SIGEPA,909.72,LATAM Airlines Brasil
66385,2025,10,PASSAGEM AÉREA - SIGEPA,-32.87,LATAM Airlines Brasil
66385,2025,10,PASSAGEM AÉREA - SIGEPA,186.0,LATAM Airlines Brasil
66385,2025,10,PASSAGEM AÉREA - SIGEPA,1823.92,LATAM Airlines Brasil
66385,2025,10,PASSAGEM AÉREA - SIGEPA,-47.44,LATAM Airlines Brasil
66385,2025,10,PASSAGEM AÉREA - SIGEPA,186.0,LATAM Airlines Brasil
66385,2025,10,PASSAGEM AÉREA - SIGEPA,690.6,LATAM Airlines Brasil
66385,2025,10,PASSAGEM AÉREA - SIGEPA,-32.87,LATAM Airlines Brasil
66385,2025,10,PASSAGEM AÉREA - SIGEPA,186.0,LATAM Airlines Brasil
66385,2025,10,PASSAGEM AÉREA - SIGEPA,1007.2,LATAM Airlines Brasil
66385,2025,10,PASSAGEM AÉREA - SIGEPA,-32.87,LATAM Airlines Brasil
66385,2025,10,PASSAGEM AÉREA - SIGEPA,144.0,LATAM Airlines Brasil
66385,2025,10,PASSAGEM AÉREA - SIGEPA,953.61,LATAM Airlines Brasil
66385,2025,10,PASSAGEM AÉREA - SIGEPA,-47.44,LATAM Airlines Brasil
66385,2025,10,PASSAGEM AÉREA - SIGEPA,186.0,LATAM Airlines Brasil
66385,2025,10,PASSAGEM AÉREA - SIGEPA,690.6,LATAM Airlines Brasil
66385,2025,10,PASSAGEM AÉREA - SIGEPA,-1213.5,LATAM Airlines Brasil
66385,2025,10,PASSAGEM AÉREA - SIGEPA,1213.5,LATAM Airlines Brasil
66385,2025,10,PASSAGEM AÉREA - SIGEPA,86.0,LATAM Airlines Brasil
66385,2025,10,PASSAGEM AÉREA - SIGEPA,1789.04,LATAM Airlines Brasil
66385,2025,10,PASSAGEM AÉREA - SIGEPA,-1979.07,LATAM Airlines Brasil
66385,2025,10,PASSAGEM AÉREA - SIGEPA,1979.07,LATAM Airlines Brasil
66385,2025,10,PASSAGEM AÉREA - SIGEPA,-1545.4,LATAM Airlines Brasil
66385,2025,10,PASSAGEM AÉREA - SIGEPA,1545.4,LATAM Airlines Brasil
66385,2025,10,PASSAGEM AÉREA - SIGEPA,144.0,LATAM Airlines Brasil
66385,2025,10,PASSAGEM AÉREA - SIGEPA,1984.57,LATAM Airlines Brasil
66385,2025,11,PASSAGEM AÉREA - SIGEPA,-3034.61,LATAM Airlines Brasil
66385,2025,11,PASSAGEM AÉREA - SIGEPA,3034.61,LATAM Airlines Brasil
66385,2025,1,PASSAGEM AÉREA - SIGEPA,1959.56,TAM
66385,2025,1,PASSAGEM AÉREA - SIGEPA,-1944.95,TAM
66385,2025,1,PASSAGEM AÉREA - SIGEPA,1944.95,TAM
66385,2025,1,PASSAGEM AÉREA - SIGEPA,1944.95,TAM
66385,2025,1,PASSAGEM AÉREA - SIGEPA,-1515.98,TAM
66385,2025,1,PASSAGEM AÉREA - SIGEPA,1515.98,TAM
66385,2025,1,PASSAGEM AÉREA - SIGEPA,-1611.46,TAM
66385,2025,1,PASSAGEM AÉREA - SIGEPA,1611.46,TAM
66385,2025,1,PASSAGEM AÉREA - SIGEPA,1967.57,TAM
66385,2025,1,PASSAGEM AÉREA - SIGEPA,1967.57,TAM
66385,2025,1,PASSAGEM AÉREA - SIGEPA,1110.46,TAM
66385,2025,1,PASSAGEM AÉREA - SIGEPA,90.0,TAM
66385,2025,1,PASSAGEM AÉREA - SIGEPA,1484.56,TAM
66385,2025,1,PASSAGEM AÉREA - SIGEPA,90.0,TAM
66385,2025,1,PASSAGEM AÉREA - SIGEPA,1484.56,TAM
66385,2025,1,PASSAGEM AÉREA - SIGEPA,-1799.85,TAM
66385,2025,1,PASSAGEM AÉREA - SIGEPA,1799.85,TAM
66385,2025,1,PASSAGEM AÉREA - SIGEPA,-1877.73,TAM
66385,2025,1,PASSAGEM AÉREA - SIGEPA,1877.73,TAM
66385,2025,1,PASSAGEM AÉREA - SIGEPA,1528.37,TAM
66385,2025,2,PASSAGEM AÉREA - SIGEPA,-1944.95,TAM
66385,2025,2,PASSAGEM AÉREA - SIGEPA,460.39,TAM
66385,2025,2,PASSAGEM AÉREA - SIGEPA,947.56,TAM
66385,2025,2,PASSAGEM AÉREA - SIGEPA,443.67,TAM
66385,2025,2,PASSAGEM AÉREA - SIGEPA,90.0,TAM
66385,2025,2,PASSAGEM AÉREA - SIGEPA,1484.56,TAM
66385,2025,2,PASSAGEM AÉREA - SIGEPA,-1027.46,TAM
66385,2025,2,PASSAGEM AÉREA - SIGEPA,1027.46,TAM
66385,2025,2,PASSAGEM AÉREA - SIGEPA,-1484.56,TAM
66385,2025,2,PASSAGEM AÉREA - SIGEPA,54.0,TAM
66385,2025,2,PASSAGEM AÉREA - SIGEPA,1484.56,TAM
66385,2025,2,PASSAGEM AÉREA - SIGEPA,337.02,TAM
66385,2025,2,PASSAGEM AÉREA - SIGEPA,1958.27,TAM
66385,2025,2,PASSAGEM AÉREA - SIGEPA,-2928.4,TAM
66385,2025,2,PASSAGEM AÉREA - SIGEPA,2928.4,TAM
66385,2025,2,PASSAGEM AÉREA - SIGEPA,90.0,TAM
66385,2025,2,PASSAGEM AÉREA - SIGEPA,2928.4,TAM
66385,2025,3,PASSAGEM AÉREA - SIGEPA,-1483.27,TAM
66385,2025,3,PASSAGEM AÉREA - SIGEPA,1483.27,TAM
66385,2025,3,PASSAGEM AÉREA - SIGEPA,-1435.41,TAM
66385,2025,3,PASSAGEM AÉREA - SIGEPA,1435.41,TAM
66385,2025,3,PASSAGEM AÉREA - SIGEPA,-47.44,TAM
66385,2025,3,PASSAGEM AÉREA - SIGEPA,110.0,TAM
66385,2025,3,PASSAGEM AÉREA - SIGEPA,1197.76,TAM
66385,2025,3,PASSAGEM AÉREA - SIGEPA,-1418.92,TAM
66385,2025,3,PASSAGEM AÉREA - SIGEPA,1418.92,TAM
66385,2025,3,PASSAGEM AÉREA - SIGEPA,203.7,TAM
66385,2025,3,PASSAGEM AÉREA - SIGEPA,-1384.85,TAM
66385,2025,3,PASSAGEM AÉREA - SIGEPA,1384.85,TAM
66385,2025,3,PASSAGEM AÉREA - SIGEPA,-30.95,TAM
66385,2025,3,PASSAGEM AÉREA - SIGEPA,110.0,TAM
66385,2025,3,PASSAGEM AÉREA - SIGEPA,757.38,TAM
66385,2025,3,PASSAGEM AÉREA - SIGEPA,1961.44,TAM
66385,2025,3,PASSAGEM AÉREA - SIGEPA,1382.85,TAM
66385,2025,3,PASSAGEM AÉREA - SIGEPA,-1488.85,TAM
66385,2025,3,PASSAGEM AÉREA - SIGEPA,1488.85,TAM
66385,2025,3,PASSAGEM AÉREA - SIGEPA,-1211.89,TAM
66385,2025,3,PASSAGEM AÉREA - SIGEPA,1211.89,TAM
66385,2025,3,PASSAGEM AÉREA - SIGEPA,90.0,TAM
66385,2025,3,PASSAGEM AÉREA - SIGEPA,1486.44,TAM
66385,2025,3,PASSAGEM AÉREA - SIGEPA,-1944.95,TAM
66385,2025,3,PASSAGEM AÉREA - SIGEPA,1944.95,TAM
66385,2025,3,PASSAGEM AÉREA - SIGEPA,475.0,TAM
66385,2025,3,PASSAGEM AÉREA - SIGEPA,110.0,TAM
66385,2025,3,PASSAGEM AÉREA - SIGEPA,1295.8,TAM
66385,2025,3,PASSAGEM AÉREA - SIGEPA,-1545.99,TAM
66385,2025,3,PASSAGEM AÉREA - SIGEPA,1545.99,TAM
66385,2025,4,PASSAGEM AÉREA - SIGEPA,1545.99,TAM
66385,2025,4,PASSAGEM AÉREA - SIGEPA,1998.34,TAM
66385,2025,4,PASSAGEM AÉREA - SIGEPA,-30.95,TAM
66385,2025,4,PASSAGEM AÉREA - SIGEPA,110.0,TAM
66385,2025,4,PASSAGEM AÉREA - SIGEPA,1716.85,TAM
66385,2025,4,PASSAGEM AÉREA - SIGEPA,-1171.57,TAM
66385,2025,4,PASSAGEM AÉREA - SIGEPA,1171.57,TAM
66385,2025,4,PASSAGEM AÉREA - SIGEPA,1488.76,TAM
66385,2025,4,PASSAGEM AÉREA - SIGEPA,1074.57,TAM
66385,2025,4,PASSAGEM AÉREA - SIGEPA,1961.44,TAM
66385,2025,4,PASSAGEM AÉREA - SIGEPA,-1961.44,TAM
66385,2025,4,PASSAGEM AÉREA - SIGEPA,415.45,TAM
66385,2025,4,PASSAGEM AÉREA - SIGEPA,-1998.34,TAM
66385,2025,4,PASSAGEM AÉREA - SIGEPA,2380.17,TAM
66385,2025,4,PASSAGEM AÉREA - SIGEPA,2090.9,TAM
66385,2025,4,PASSAGEM AÉREA - SIGEPA,-671.62,TAM
66385,2025,4,PASSAGEM AÉREA - SIGEPA,671.62,TAM
66385,2025,4,PASSAGEM AÉREA - SIGEPA,-845.81,TAM
66385,2025,4,PASSAGEM AÉREA - SIGEPA,845.81,TAM
66385,2025,4,PASSAGEM AÉREA - SIGEPA,-2098.04,TAM
66385,2025,4,PASSAGEM AÉREA - SIGEPA,7.14,TAM
66385,2025,4,PASSAGEM AÉREA - SIGEPA,273.37,TAM
66385,2025,4,PASSAGEM AÉREA - SIGEPA,-231.69,TAM
66385,2025,4,PASSAGEM AÉREA - SIGEPA,319.28,TAM
66385,2025,4,PASSAGEM AÉREA - SIGEPA,143.59,TAM
66385,2025,5,PASSAGEM AÉREA - SIGEPA,1173.43,TAM
66385,2025,5,PASSAGEM AÉREA - SIGEPA,788.65,TAM
66385,2025,5,PASSAGEM AÉREA - SIGEPA,-47.44,TAM
66385,2025,5,PASSAGEM AÉREA - SIGEPA,85.0,TAM
66385,2025,5,PASSAGEM AÉREA - SIGEPA,2092.47,TAM
66385,2025,5,PASSAGEM AÉREA - SIGEPA,-47.44,TAM
66385,2025,5,PASSAGEM AÉREA - SIGEPA,85.0,TAM
66385,2025,5,PASSAGEM AÉREA - SIGEPA,2785.61,TAM
66385,2025,6,PASSAGEM AÉREA - SIGEPA,-460.68,TAM
66385,2025,6,PASSAGEM AÉREA - SIGEPA,102.0,TAM
66385,2025,6,PASSAGEM AÉREA - SIGEPA,2757.34,TAM
66385,2025,6,PASSAGEM AÉREA - SIGEPA,-460.68,TAM
66385,2025,6,PASSAGEM AÉREA - SIGEPA,-47.44,TAM
66385,2025,6,PASSAGEM AÉREA - SIGEPA,132.0,TAM
66385,2025,6,PASSAGEM AÉREA - SIGEPA,2757.34,TAM
66385,2025,6,PASSAGEM AÉREA - SIGEPA,102.0,TAM
66385,2025,6,PASSAGEM AÉREA - SIGEPA,2101.14,TAM
66385,2025,6,PASSAGEM AÉREA - SIGEPA,-47.44,TAM
66385,2025,6,PASSAGEM AÉREA - SIGEPA,132.0,TAM
66385,2025,6,PASSAGEM AÉREA - SIGEPA,1882.57,TAM
66385,2025,6,PASSAGEM AÉREA - SIGEPA,54.0,TAM
66385,2025,6,PASSAGEM AÉREA - SIGEPA,2161.67,TAM
66385,2025,7,PASSAGEM AÉREA - SIGEPA,-1774.69,TAM
66385,2025,7,PASSAGEM AÉREA - SIGEPA,1774.69,TAM
66385,2025,7,PASSAGEM AÉREA - SIGEPA,2346.45,TAM
66385,2025,7,PASSAGEM AÉREA - SIGEPA,-2618.69,TAM
66385,2025,7,PASSAGEM AÉREA - SIGEPA,2618.69,TAM
66385,2025,7,PASSAGEM AÉREA - SIGEPA,132.0,TAM
66385,2025,7,PASSAGEM AÉREA - SIGEPA,2027.01,TAM
66385,2026,6,MANUTENÇÃO DE ESCRITÓRIO DE APOIO À ATIVIDADE PARLAMENTAR,6000.0,MOTA & REGO LOBAO IMOVEIS LTDA
66385,2026,7,MANUTENÇÃO DE ESCRITÓRIO DE APOIO À ATIVIDADE PARLAMENTAR,6000.0,MOTA & REGO LOBAO IMOVEIS LTDA
66385,2026,8,MANUTENÇÃO DE ESCRITÓRIO DE APOIO À ATIVIDADE PARLAMENTAR,6000.0,MOTA & REGO LOBAO IMOVEIS LTDA
66385,2026,3,MANUTENÇÃO DE ESCRITÓRIO DE APOIO À ATIVIDADE PARLAMENTAR,6000.0,MOTA E REGO LOBAO LTDA
66385,2026,5,MANUTENÇÃO DE ESCRITÓRIO DE APOIO À ATIVIDADE PARLAMENTAR,6000.0,MOTA E REGO LOBAO LTDA
66385,2026,4,MANUTENÇÃO DE ESCRITÓRIO DE APOIO À ATIVIDADE PARLAMENTAR,6000.0,MOTA E REGO LOBAO LTDA
66385,2026,2,MANUTENÇÃO DE ESCRITÓRIO DE APOIO À ATIVIDADE PARLAMENTAR,5400.0,MOTA E REGO LOBAO LTDA
66385,2026,8,MANUTENÇÃO DE ESCRITÓRIO DE APOIO À ATIVIDADE PARLAMENTAR,37.99,WILLIAM LIMEIRA DOS ANJOS LTDA
66385,2026,2,COMBUSTÍVEIS E LUBRIFICANTES.,300.0,063 - 311 SUL - CASCOL COMBUSTIVEIS PARA VEICULOS LTDA
66385,2026,3,COMBUSTÍVEIS E LUBRIFICANTES.,300.0,063 - 311 SUL - CASCOL COMBUSTIVEIS PARA VEICULOS LTDA
66385,2026,4,COMBUSTÍVEIS E LUBRIFICANTES.,280.1,063 - 311 SUL - CASCOL COMBUSTIVEIS PARA VEICULOS LTDA
66385,2026,4,COMBUSTÍVEIS E LUBRIFICANTES.,270.01,063 - 311 SUL - CASCOL COMBUSTIVEIS PARA VEICULOS LTDA
66385,2026,8,COMBUSTÍVEIS E LUBRIFICANTES.,342.02,ALTO POSTO RIO LONGA LTDA
66385,2026,4,COMBUSTÍVEIS E LUBRIFICANTES.,300.0,AUTO POSTO BR 060 LTDA
66385,2026,4,COMBUSTÍVEIS E LUBRIFICANTES.,250.0,AUTO POSTO BR 060 LTDA
66385,2026,5,COMBUSTÍVEIS E LUBRIFICANTES.,100.0,AUTO POSTO BR 060 LTDA
66385,2026,4,COMBUSTÍVEIS E LUBRIFICANTES.,300.0,AUTO POSTO CINCO ESTRELAS LTDA
66385,2026,2,COMBUSTÍVEIS E LUBRIFICANTES.,283.69,AUTO POSTO CINCO ESTRELAS LTDA
66385,2026,7,COMBUSTÍVEIS E LUBRIFICANTES.,510.0,CACIQUE PETROLEO LTDA
66385,2026,7,COMBUSTÍVEIS E LUBRIFICANTES.,400.0,CACIQUE PETROLEO LTDA
66385,2026,8,COMBUSTÍVEIS E LUBRIFICANTES.,200.0,CACIQUE PETROLEO LTDA
66385,2026,6,COMBUSTÍVEIS E LUBRIFICANTES.,242.37,CIA BRASILEIRA DE DISTRIBUICAO
66385,2026,5,COMBUSTÍVEIS E LUBRIFICANTES.,271.14,CIA BRASILEIRA DE DISTRIBUICAO
66385,2026,6,COMBUSTÍVEIS E LUBRIFICANTES.,100.0,CIA BRASILEIRA DE DISTRIBUICAO
66385,2026,6,COMBUSTÍVEIS E LUBRIFICANTES.,252.02,CIA BRASILEIRA DE DISTRIBUICAO
66385,2026,7,COMBUSTÍVEIS E LUBRIFICANTES.,268.82,CIA BRASILEIRA DE DISTRIBUICAO
66385,2026,7,COMBUSTÍVEIS E LUBRIFICANTES.,265.29,CIA BRASILEIRA DE DISTRIBUICAO
66385,2026,5,COMBUSTÍVEIS E LUBRIFICANTES.,411.0,FCN.X CARVALHO COMBUSTIVEL LTDA
66385,2026,6,COMBUSTÍVEIS E LUBRIFICANTES.,475.25,FCN.X CARVALHO COMBUSTIVEL LTDA
66385,2026,7,COMBUSTÍVEIS E LUBRIFICANTES.,100.0,FCN.X CARVALHO COMBUSTIVEL LTDA
66385,2026,8,COMBUSTÍVEIS E LUBRIFICANTES.,471.27,FCN.X CARVALHO COMBUSTIVEL LTDA
66385,2026,7,COMBUSTÍVEIS E LUBRIFICANTES.,420.02,FCN.X CARVALHO COMBUSTIVEL LTDA
66385,2026,7,COMBUSTÍVEIS E LUBRIFICANTES.,310.01,MAXXI MEGA PETROLEO LTDA
66385,2026,7,COMBUSTÍVEIS E LUBRIFICANTES.,396.31,MAXXI SERRA AZUL PETROLEO LTDA
66385,2026,6,COMBUSTÍVEIS E LUBRIFICANTES.,250.0,MAXXI SERRA AZUL PETROLEO LTDA
66385,2026,6,COMBUSTÍVEIS E LUBRIFICANTES.,100.0,NERIS E SAMPAIO LTDA
66385,2026,7,COMBUSTÍVEIS E LUBRIFICANTES.,480.34,NERIS E SAMPAIO LTDA
66385,2026,7,COMBUSTÍVEIS E LUBRIFICANTES.,150.0,PETROLEO COMBUSTIVEL III LTDA
66385,2026,6,COMBUSTÍVEIS E LUBRIFICANTES.,420.42,POSTO 13 PETROLEO LTDA
66385,2026,7,COMBUSTÍVEIS E LUBRIFICANTES.,150.0,POSTO CERTO LTDA
66385,2026,7,COMBUSTÍVEIS E LUBRIFICANTES.,129.96,POSTO MAGNOLIA LTDA
66385,2026,8,COMBUSTÍVEIS E LUBRIFICANTES.,365.04,POSTO MARTINEZ LTDA
66385,2026,8,COMBUSTÍVEIS E LUBRIFICANTES.,400.03,POSTO MARTINEZ LTDA
66385,2026,7,COMBUSTÍVEIS E LUBRIFICANTES.,150.0,POSTO SANTA ISABEL LTDA
66385,2026,5,COMBUSTÍVEIS E LUBRIFICANTES.,200.0,POSTO SAO BENEDITO PETROLEO LTDA
66385,2026,6,COMBUSTÍVEIS E LUBRIFICANTES.,250.0,POSTO SAO BENEDITO PETROLEO LTDA
66385,2026,6,COMBUSTÍVEIS E LUBRIFICANTES.,268.48,POSTO SAO BENEDITO PETROLEO LTDA
66385,2026,6,COMBUSTÍVEIS E LUBRIFICANTES.,200.0,POSTO SAO BENEDITO PETROLEO LTDA
66385,2026,6,COMBUSTÍVEIS E LUBRIFICANTES.,210.02,POSTO SAO BENEDITO PETROLEO LTDA
66385,2026,6,COMBUSTÍVEIS E LUBRIFICANTES.,375.5,POSTO SAO BENEDITO PETROLEO LTDA
66385,2026,6,COMBUSTÍVEIS E LUBRIFICANTES.,300.0,POSTO SAO BENEDITO PETROLEO LTDA
66385,2026,6,COMBUSTÍVEIS E LUBRIFICANTES.,215.03,POSTO SAO BENEDITO PETROLEO LTDA
66385,2026,6,COMBUSTÍVEIS E LUBRIFICANTES.,385.06,POSTO SAO BENEDITO PETROLEO LTDA
66385,2026,6,COMBUSTÍVEIS E LUBRIFICANTES.,250.0,POSTO SAO BENEDITO PETROLEO LTDA
66385,2026,6,COMBUSTÍVEIS E LUBRIFICANTES.,150.0,POSTO SAO BENEDITO PETROLEO LTDA
66385,2026,6,COMBUSTÍVEIS E LUBRIFICANTES.,200.0,POSTO SAO BENEDITO PETROLEO LTDA
66385,2026,6,COMBUSTÍVEIS E LUBRIFICANTES.,439.3,POSTO SAO BENEDITO PETROLEO LTDA
66385,2026,6,COMBUSTÍVEIS E LUBRIFICANTES.,400.0,POSTO SAO BENEDITO PETROLEO LTDA
66385,2026,6,COMBUSTÍVEIS E LUBRIFICANTES.,210.0,POSTO SAO BENEDITO PETROLEO LTDA
66385,2026,6,COMBUSTÍVEIS E LUBRIFICANTES.,200.0,POSTO SAO BENEDITO PETROLEO LTDA
66385,2026,6,COMBUSTÍVEIS E LUBRIFICANTES.,253.74,POSTO SAO BENEDITO PETROLEO LTDA
66385,2026,6,COMBUSTÍVEIS E LUBRIFICANTES.,150.0,POSTO SAO BENEDITO PETROLEO LTDA
66385,2026,6,COMBUSTÍVEIS E LUBRIFICANTES.,300.06,POSTO SAO BENEDITO PETROLEO LTDA
66385,2026,6,COMBUSTÍVEIS E LUBRIFICANTES.,250.0,POSTO SAO BENEDITO PETROLEO LTDA
66385,2026,6,COMBUSTÍVEIS E LUBRIFICANTES.,165.02,POSTO SAO BENEDITO PETROLEO LTDA
66385,2026,6,COMBUSTÍVEIS E LUBRIFICANTES.,300.0,POSTO SAO BENEDITO PETROLEO LTDA
66385,2026,6,COMBUSTÍVEIS E LUBRIFICANTES.,200.0,POSTO SAO BENEDITO PETROLEO LTDA
66385,2026,6,COMBUSTÍVEIS E LUBRIFICANTES.,250.0,POSTO SAO BENEDITO PETROLEO LTDA
66385,2026,6,COMBUSTÍVEIS E LUBRIFICANTES.,150.0,POSTO SAO BENEDITO PETROLEO LTDA
66385,2026,6,COMBUSTÍVEIS E LUBRIFICANTES.,190.03,POSTO SAO BENEDITO PETROLEO LTDA
66385,2026,6,COMBUSTÍVEIS E LUBRIFICANTES.,200.0,POSTO SAO BENEDITO PETROLEO LTDA
66385,2026,8,COMBUSTÍVEIS E LUBRIFICANTES.,300.0,POSTO SAO BENEDITO PETROLEO LTDA
66385,2026,8,COMBUSTÍVEIS E LUBRIFICANTES.,230.03,POSTO SAO BENEDITO PETROLEO LTDA
66385,2026,8,COMBUSTÍVEIS E LUBRIFICANTES.,210.0,POSTO SAO BENEDITO PETROLEO LTDA
66385,2026,8,COMBUSTÍVEIS E LUBRIFICANTES.,198.27,POSTO SAO BENEDITO PETROLEO LTDA
66385,2026,8,COMBUSTÍVEIS E LUBRIFICANTES.,150.0,POSTO SAO BENEDITO PETROLEO LTDA
66385,2026,6,COMBUSTÍVEIS E LUBRIFICANTES.,160.0,POSTO SAO BENEDITO PETROLEO LTDA
66385,2026,8,COMBUSTÍVEIS E LUBRIFICANTES.,101.85,POSTO SAO BENEDITO PETROLEO LTDA
66385,2026,8,COMBUSTÍVEIS E LUBRIFICANTES.,240.0,POSTO SAO BENEDITO PETROLEO LTDA
66385,2026,8,COMBUSTÍVEIS E LUBRIFICANTES.,150.0,POSTO SAO BENEDITO PETROLEO LTDA
66385,2026,8,COMBUSTÍVEIS E LUBRIFICANTES.,220.0,POSTO SAO BENEDITO PETROLEO LTDA
66385,2026,8,COMBUSTÍVEIS E LUBRIFICANTES.,200.0,POSTO SAO BENEDITO PETROLEO LTDA
66385,2026,8,COMBUSTÍVEIS E LUBRIFICANTES.,290.0,POSTO SAO BENEDITO PETROLEO LTDA
66385,2026,8,COMBUSTÍVEIS E LUBRIFICANTES.,253.0,POSTO SAO BENEDITO PETROLEO LTDA
66385,2026,8,COMBUSTÍVEIS E LUBRIFICANTES.,300.0,POSTO SAO BENEDITO PETROLEO LTDA
66385,2026,8,COMBUSTÍVEIS E LUBRIFICANTES.,100.0,POSTO SAO BENEDITO PETROLEO LTDA
66385,2026,8,COMBUSTÍVEIS E LUBRIFICANTES.,100.0,POSTO SAO BENEDITO PETROLEO LTDA
66385,2026,8,COMBUSTÍVEIS E LUBRIFICANTES.,200.0,POSTO SAO BENEDITO PETROLEO LTDA
66385,2026,8,COMBUSTÍVEIS E LUBRIFICANTES.,245.05,POSTO SAO BENEDITO PETROLEO LTDA
66385,2026,8,COMBUSTÍVEIS E LUBRIFICANTES.,200.0,POSTO SAO BENEDITO PETROLEO LTDA
66385,2026,8,COMBUSTÍVEIS E LUBRIFICANTES.,150.0,POSTO SAO BENEDITO PETROLEO LTDA
66385,2026,8,COMBUSTÍVEIS E LUBRIFICANTES.,100.0,POSTO SAO BENEDITO PETROLEO LTDA
66385,2026,8,COMBUSTÍVEIS E LUBRIFICANTES.,190.05,POSTO SAO BENEDITO PETROLEO LTDA
66385,2026,8,COMBUSTÍVEIS E LUBRIFICANTES.,360.05,POSTO SAO BENEDITO PETROLEO LTDA
66385,2026,8,COMBUSTÍVEIS E LUBRIFICANTES.,245.05,POSTO SAO BENEDITO PETROLEO LTDA
66385,2026,8,COMBUSTÍVEIS E LUBRIFICANTES.,206.55,POSTO SAO BENEDITO PETROLEO LTDA
66385,2026,8,COMBUSTÍVEIS E LUBRIFICANTES.,200.0,POSTO SAO BENEDITO PETROLEO LTDA
66385,2026,8,COMBUSTÍVEIS E LUBRIFICANTES.,50.0,POSTO SAO BENEDITO PETROLEO LTDA
66385,2026,7,COMBUSTÍVEIS E LUBRIFICANTES.,280.02,R.DEMES & CIA LTDA
66385,2026,5,COMBUSTÍVEIS E LUBRIFICANTES.,300.0,ROCHA COMERCIO VAREJISTA DE DERIVADOS DE PETROLEO LTDA
66385,2026,3,COMBUSTÍVEIS E LUBRIFICANTES.,300.0,ROCHA COMERCIO VAREJISTA DE DERIVADOS DE PETROLEO LTDA
66385,2026,5,COMBUSTÍVEIS E LUBRIFICANTES.,300.0,ROCHA COMERCIO VAREJISTA DE DERIVADOS DE PETROLEO LTDA
66385,2026,6,COMBUSTÍVEIS E LUBRIFICANTES.,200.0,S.P. MAGALHAES EMPREENDIMENTOS LTDA
66385,2026,4,DIVULGAÇÃO DA ATIVIDADE PARLAMENTAR.,652.8,Facebook Serviços Online do Brasil Ltda.
66385,2026,4,DIVULGAÇÃO DA ATIVIDADE PARLAMENTAR.,2000.0,Gomo Comunicação Ltda
66385,2026,2,DIVULGAÇÃO DA ATIVIDADE PARLAMENTAR.,8100.0,R R DA S DE O JUNIOR LTDA
66385,2026,3,DIVULGAÇÃO DA ATIVIDADE PARLAMENTAR.,9000.0,R R DA S DE O JUNIOR LTDA
66385,2026,4,DIVULGAÇÃO DA ATIVIDADE PARLAMENTAR.,9000.0,R R DA S DE O JUNIOR LTDA
66385,2026,5,DIVULGAÇÃO DA ATIVIDADE PARLAMENTAR.,9000.0,R R DA S DE O JUNIOR LTDA
66385,2026,6,SERVIÇO DE SEGURANÇA PRESTADO POR EMPRESA ESPECIALIZADA.,8700.0,SERVFAZ SERVICOS DE SEGURANCA LTDA
66385,2026,7,SERVIÇO DE SEGURANÇA PRESTADO POR EMPRESA ESPECIALIZADA.,8700.0,SERVFAZ SERVICOS DE SEGURANCA LTDA
66385,2026,8,SERVIÇO DE SEGURANÇA PRESTADO POR EMPRESA ESPECIALIZADA.,8700.0,SERVFAZ SERVICOS DE SEGURANCA LTDA
66385,2026,2,SERVIÇO DE SEGURANÇA PRESTADO POR EMPRESA ESPECIALIZADA.,7830.0,SERVFAZ SERVIÇOS DE SEGURANÇA LTDA
66385,2026,3,SERVIÇO DE SEGURANÇA PRESTADO POR EMPRESA ESPECIALIZADA.,8700.0,SERVFAZ SERVIÇOS DE SEGURANÇA LTDA
66385,2026,4,SERVIÇO DE SEGURANÇA PRESTADO POR EMPRESA ESPECIALIZADA.,8700.0,SERVFAZ SERVIÇOS DE SEGURANÇA LTDA
66385,2026,5,SERVIÇO DE SEGURANÇA PRESTADO POR EMPRESA ESPECIALIZADA.,8700.0,SERVFAZ SERVIÇOS DE SEGURANÇA LTDA
66385,2026,2,LOCAÇÃO OU FRETAMENTO DE VEÍCULOS AUTOMOTORES,12700.0,LELEKA PRODUÇOES E LOCAÇOES EIRELI
66385,2026,3,LOCAÇÃO OU FRETAMENTO DE VEÍCULOS AUTOMOTORES,15000.0,LELEKA PRODUÇOES E LOCAÇOES EIRELI
66385,2026,4,LOCAÇÃO OU FRETAMENTO DE VEÍCULOS AUTOMOTORES,15000.0,LELEKA PRODUÇOES E LOCAÇOES EIRELI
66385,2026,5,LOCAÇÃO OU FRETAMENTO DE VEÍCULOS AUTOMOTORES,15000.0,LELEKA PRODUÇOES E LOCAÇOES EIRELI
66385,2026,6,LOCAÇÃO OU FRETAMENTO DE VEÍCULOS AUTOMOTORES,15000.0,LELEKA PRODUCOES E LOCACOES LTDA
66385,2026,7,LOCAÇÃO OU FRETAMENTO DE VEÍCULOS AUTOMOTORES,15000.0,LELEKA PRODUCOES E LOCACOES LTDA
66385,2026,8,LOCAÇÃO OU FRETAMENTO DE VEÍCULOS AUTOMOTORES,6000.0,LELEKA PRODUCOES E LOCACOES LTDA
66385,2026,4,PASSAGEM AÉREA - SIGEPA,1486.9,Azul Linhas Aéreas
66385,2026,3,PASSAGEM AÉREA - SIGEPA,2122.01,Gol Linhas Aéreas
66385,2026,3,PASSAGEM AÉREA - SIGEPA,-2122.01,Gol Linhas Aéreas
66385,2026,3,PASSAGEM AÉREA - SIGEPA,90.0,Gol Linhas Aéreas
66385,2026,3,PASSAGEM AÉREA - SIGEPA,2293.61,Gol Linhas Aéreas
66385,2026,3,PASSAGEM AÉREA - SIGEPA,-2293.61,Gol Linhas Aéreas
66385,2026,3,PASSAGEM AÉREA - SIGEPA,-90.0,Gol Linhas Aéreas
66385,2026,3,PASSAGEM AÉREA - SIGEPA,2190.41,Gol Linhas Aéreas
66385,2026,4,PASSAGEM AÉREA - SIGEPA,2189.59,Gol Linhas Aéreas
66385,2026,4,PASSAGEM AÉREA - SIGEPA,-50.65,Gol Linhas Aéreas
66385,2026,4,PASSAGEM AÉREA - SIGEPA,2516.02,Gol Linhas Aéreas
66385,2026,4,PASSAGEM AÉREA - SIGEPA,-2430.41,Gol Linhas Aéreas
66385,2026,4,PASSAGEM AÉREA - SIGEPA,2430.41,Gol Linhas Aéreas
66385,2026,7,PASSAGEM AÉREA - SIGEPA,2603.65,Gol Linhas Aéreas
66385,2026,7,PASSAGEM AÉREA - SIGEPA,-50.65,Gol Linhas Aéreas
66385,2026,2,PASSAGEM AÉREA - SIGEPA,141.0,LATAM Airlines Brasil
66385,2026,2,PASSAGEM AÉREA - SIGEPA,3009.71,LATAM Airlines Brasil
66385,2026,2,PASSAGEM AÉREA - SIGEPA,-2231.91,LATAM Airlines Brasil
66385,2026,2,PASSAGEM AÉREA - SIGEPA,2231.91,LATAM Airlines Brasil
66385,2026,2,PASSAGEM AÉREA - SIGEPA,-941.1,LATAM Airlines Brasil
66385,2026,2,PASSAGEM AÉREA - SIGEPA,3026.31,LATAM Airlines Brasil
66385,2026,2,PASSAGEM AÉREA - SIGEPA,-2832.37,LATAM Airlines Brasil
66385,2026,2,PASSAGEM AÉREA - SIGEPA,2832.37,LATAM Airlines Brasil
66385,2026,2,PASSAGEM AÉREA - SIGEPA,-3026.31,LATAM Airlines Brasil
66385,2026,2,PASSAGEM AÉREA - SIGEPA,-156.0,LATAM Airlines Brasil
66385,2026,2,PASSAGEM AÉREA - SIGEPA,156.0,LATAM Airlines Brasil
66385,2026,2,PASSAGEM AÉREA - SIGEPA,3026.31,LATAM Airlines Brasil
66385,2026,2,PASSAGEM AÉREA - SIGEPA,-2198.25,LATAM Airlines Brasil
66385,2026,2,PASSAGEM AÉREA - SIGEPA,2198.25,LATAM Airlines Brasil
66385,2026,2,PASSAGEM AÉREA - SIGEPA,-2705.01,LATAM Airlines Brasil
66385,2026,2,PASSAGEM AÉREA - SIGEPA,2705.01,LATAM Airlines Brasil
66385,2026,3,PASSAGEM AÉREA - SIGEPA,-1950.91,LATAM Airlines Brasil
66385,2026,3,PASSAGEM AÉREA - SIGEPA,1950.91,LATAM Airlines Brasil
66385,2026,3,PASSAGEM AÉREA - SIGEPA,134.0,LATAM Airlines Brasil
66385,2026,3,PASSAGEM AÉREA - SIGEPA,2672.18,LATAM Airlines Brasil
66385,2026,3,PASSAGEM AÉREA - SIGEPA,-2060.93,LATAM Airlines Brasil
66385,2026,3,PASSAGEM AÉREA - SIGEPA,2060.93,LATAM Airlines Brasil
66385,2026,3,PASSAGEM AÉREA - SIGEPA,163.0,LATAM Airlines Brasil
66385,2026,3,PASSAGEM AÉREA - SIGEPA,1802.8,LATAM Airlines Brasil
66385,2026,3,PASSAGEM AÉREA - SIGEPA,-2633.63,LATAM Airlines Brasil
66385,2026,3,PASSAGEM AÉREA - SIGEPA,2633.63,LATAM Airlines Brasil
66385,2026,3,PASSAGEM AÉREA - SIGEPA,-32.87,LATAM Airlines Brasil
66385,2026,3,PASSAGEM AÉREA - SIGEPA,126.0,LATAM Airlines Brasil
66385,2026,3,PASSAGEM AÉREA - SIGEPA,1962.53,LATAM Airlines Brasil
66385,2026,3,PASSAGEM AÉREA - SIGEPA,-3362.46,LATAM Airlines Brasil
66385,2026,3,PASSAGEM AÉREA - SIGEPA,3362.46,LATAM Airlines Brasil
66385,2026,3,PASSAGEM AÉREA - SIGEPA,2912.51,LATAM Airlines Brasil
66385,2026,3,PASSAGEM AÉREA - SIGEPA,-1267.29,LATAM Airlines Brasil
66385,2026,3,PASSAGEM AÉREA - SIGEPA,1267.29,LATAM Airlines Brasil
66385,2026,3,PASSAGEM AÉREA - SIGEPA,-937.65,LATAM Airlines Brasil
66385,2026,3,PASSAGEM AÉREA - SIGEPA,-126.0,LATAM Airlines Brasil
66385,2026,3,PASSAGEM AÉREA - SIGEPA,126.0,LATAM Airlines Brasil
66385,2026,3,PASSAGEM AÉREA - SIGEPA,3014.8,LATAM Airlines Brasil
66385,2026,3,PASSAGEM AÉREA - SIGEPA,-2614.91,LATAM Airlines Brasil
66385,2026,3,PASSAGEM AÉREA - SIGEPA,-163.0,LATAM Airlines Brasil
66385,2026,3,PASSAGEM AÉREA - SIGEPA,163.0,LATAM Airlines Brasil
66385,2026,3,PASSAGEM AÉREA - SIGEPA,2614.91,LATAM Airlines Brasil
66385,2026,3,PASSAGEM AÉREA - SIGEPA,179.0,LATAM Airlines Brasil
66385,2026,3,PASSAGEM AÉREA - SIGEPA,3061.45,LATAM Airlines Brasil
66385,2026,4,PASSAGEM AÉREA - SIGEPA,-3341.71,LATAM Airlines Brasil
66385,2026,4,PASSAGEM AÉREA - SIGEPA,-141.0,LATAM Airlines Brasil
66385,2026,4,PASSAGEM AÉREA - SIGEPA,141.0,LATAM Airlines Brasil
66385,2026,4,PASSAGEM AÉREA - SIGEPA,3341.71,LATAM Airlines Brasil
66385,2026,4,PASSAGEM AÉREA - SIGEPA,2007.35,LATAM Airlines Brasil
66385,2026,4,PASSAGEM AÉREA - SIGEPA,163.0,LATAM Airlines Brasil
66385,2026,4,PASSAGEM AÉREA - SIGEPA,2975.96,LATAM Airlines Brasil
66385,2026,4,PASSAGEM AÉREA - SIGEPA,-3200.41,LATAM Airlines Brasil
66385,2026,4,PASSAGEM AÉREA - SIGEPA,3200.41,LATAM Airlines Brasil
66385,2026,4,PASSAGEM AÉREA - SIGEPA,141.0,LATAM Airlines Brasil
66385,2026,4,PASSAGEM AÉREA - SIGEPA,3195.91,LATAM Airlines Brasil
66385,2026,4,PASSAGEM AÉREA - SIGEPA,-32.87,LATAM Airlines Brasil
66385,2026,4,PASSAGEM AÉREA - SIGEPA,163.0,LATAM Airlines Brasil
66385,2026,4,PASSAGEM AÉREA - SIGEPA,1654.6,LATAM Airlines Brasil
66385,2026,4,PASSAGEM AÉREA - SIGEPA,141.0,LATAM Airlines Brasil
66385,2026,4,PASSAGEM AÉREA - SIGEPA,2949.75,LATAM Airlines Brasil
66385,2026,4,PASSAGEM AÉREA - SIGEPA,3365.67,LATAM Airlines Brasil
66385,2026,4,PASSAGEM AÉREA - SIGEPA,-50.65,LATAM Airlines Brasil
66385,2026,4,PASSAGEM AÉREA - SIGEPA,126.0,LATAM Airlines Brasil
66385,2026,4,PASSAGEM AÉREA - SIGEPA,2422.7,LATAM Airlines Brasil
66385,2026,4,PASSAGEM AÉREA - SIGEPA,2592.85,LATAM Airlines Brasil
66385,2026,4,PASSAGEM AÉREA - SIGEPA,-2116.91,LATAM Airlines Brasil
66385,2026,4,PASSAGEM AÉREA - SIGEPA,2116.91,LATAM Airlines Brasil
66385,2026,4,PASSAGEM AÉREA - SIGEPA,-1072.38,LATAM Airlines Brasil
66385,2026,4,PASSAGEM AÉREA - SIGEPA,-163.0,LATAM Airlines Brasil
66385,2026,4,PASSAGEM AÉREA - SIGEPA,163.0,LATAM Airlines Brasil
66385,2026,4,PASSAGEM AÉREA - SIGEPA,1072.38,LATAM Airlines Brasil
66385,2026,5,PASSAGEM AÉREA - SIGEPA,-904.19,LATAM Airlines Brasil
66385,2026,5,PASSAGEM AÉREA - SIGEPA,-2806.64,LATAM Airlines Brasil
66385,2026,5,PASSAGEM AÉREA - SIGEPA,-2802.49,LATAM Airlines Brasil
66385,2026,5,PASSAGEM AÉREA - SIGEPA,-163.0,LATAM Airlines Brasil
66385,2026,5,PASSAGEM AÉREA - SIGEPA,-3344.92,LATAM Airlines Brasil
66385,2026,5,PASSAGEM AÉREA - SIGEPA,3344.92,LATAM Airlines Brasil
66385,2026,5,PASSAGEM AÉREA - SIGEPA,-3058.48,LATAM Airlines Brasil
66385,2026,5,PASSAGEM AÉREA - SIGEPA,3058.48,LATAM Airlines Brasil
66385,2026,5,PASSAGEM AÉREA - SIGEPA,2475.47,LATAM Airlines Brasil
66385,2026,5,PASSAGEM AÉREA - SIGEPA,-50.65,LATAM Airlines Brasil
66385,2026,5,PASSAGEM AÉREA - SIGEPA,118.0,LATAM Airlines Brasil
66385,2026,5,PASSAGEM AÉREA - SIGEPA,2230.14,LATAM Airlines Brasil
66385,2026,5,PASSAGEM AÉREA - SIGEPA,179.0,LATAM Airlines Brasil
66385,2026,5,PASSAGEM AÉREA - SIGEPA,2108.96,LATAM Airlines Brasil
66385,2026,5,PASSAGEM AÉREA - SIGEPA,2003.2,LATAM Airlines Brasil
66385,2026,6,PASSAGEM AÉREA - SIGEPA,2868.41,LATAM Airlines Brasil
66385,2026,6,PASSAGEM AÉREA - SIGEPA,2650.95,LATAM Airlines Brasil
66385,2026,6,PASSAGEM AÉREA - SIGEPA,179.0,LATAM Airlines Brasil
66385,2026,6,PASSAGEM AÉREA - SIGEPA,2229.79,LATAM Airlines Brasil
66385,2026,7,PASSAGEM AÉREA - SIGEPA,1083.9,LATAM Airlines Brasil
66385,2026,7,PASSAGEM AÉREA - SIGEPA,1042.89,LATAM Airlines Brasil
66385,2026,7,PASSAGEM AÉREA - SIGEPA,720.37,LATAM Airlines Brasil
66385,2026,7,PASSAGEM AÉREA - SIGEPA,702.59,LATAM Airlines Brasil
74317,2023,1,COMBUSTÍVEIS E LUBRIFICANTES.,6498.86,POSTO FAMILIA LTDA
74317,2023,1,DIVULGAÇÃO DA ATIVIDADE PARLAMENTAR.,1500.0,ALFA COMUNICAÇÃO E MARKETING DIGITAL LTDA
74317,2023,1,SERVIÇO DE SEGURANÇA PRESTADO POR EMPRESA ESPECIALIZADA.,7000.0,BRASAO VIGILANCIA E SEGURANCA LTDA
74317,2023,1,TELEFONIA,235.8,CELULAR FUNCIONAL
74317,2023,1,TELEFONIA,232.86,CELULAR FUNCIONAL
74317,2023,1,TELEFONIA,87.99,Telefônica Brasil S.A. VIVO
74317,2023,1,LOCAÇÃO OU FRETAMENTO DE VEÍCULOS AUTOMOTORES,8000.0,AUTO LESTE LTDA
74317,2023,10,COMBUSTÍVEIS E LUBRIFICANTES.,6921.96,CARVALHO & CARVALHO POSTO DE GASOLINA LTDA
74317,2023,11,COMBUSTÍVEIS E LUBRIFICANTES.,5953.32,CARVALHO & CARVALHO POSTO DE GASOLINA LTDA
74317,2023,12,COMBUSTÍVEIS E LUBRIFICANTES.,6038.66,CARVALHO & CARVALHO POSTO DE GASOLINA LTDA
74317,2023,4,COMBUSTÍVEIS E LUBRIFICANTES.,6155.82,POSTO CERTO LTDA
74317,2023,5,COMBUSTÍVEIS E LUBRIFICANTES.,6129.82,POSTO CERTO LTDA
74317,2023,6,COMBUSTÍVEIS E LUBRIFICANTES.,6217.5,POSTO CERTO LTDA
74317,2023,7,COMBUSTÍVEIS E LUBRIFICANTES.,5811.72,POSTO CERTO LTDA
74317,2023,8,COMBUSTÍVEIS E LUBRIFICANTES.,5136.01,POSTO CERTO LTDA
74317,2023,9,COMBUSTÍVEIS E LUBRIFICANTES.,6111.57,POSTO CERTO LTDA
74317,2023,2,COMBUSTÍVEIS E LUBRIFICANTES.,6000.3,POSTO FAMILIA LTDA
74317,2023,5,DIVULGAÇÃO DA ATIVIDADE PARLAMENTAR.,1500.0,ALFA COMUNICAÇÃO E MARKETING DIGITAL LTDA
74317,2023,6,DIVULGAÇÃO DA ATIVIDADE PARLAMENTAR.,1500.0,ALFA COMUNICAÇÃO E MARKETING DIGITAL LTDA
74317,2023,7,DIVULGAÇÃO DA ATIVIDADE PARLAMENTAR.,1500.0,ALFA COMUNICAÇÃO E MARKETING DIGITAL LTDA
74317,2023,8,DIVULGAÇÃO DA ATIVIDADE PARLAMENTAR.,1500.0,ALFA COMUNICAÇÃO E MARKETING DIGITAL LTDA
74317,2023,10,DIVULGAÇÃO DA ATIVIDADE PARLAMENTAR.,1500.0,ALFA COMUNICAÇÃO E MARKETING DIGITAL LTDA
74317,2023,11,DIVULGAÇÃO DA ATIVIDADE PARLAMENTAR.,1500.0,ALFA COMUNICAÇÃO E MARKETING DIGITAL LTDA
74317,2023,12,DIVULGAÇÃO DA ATIVIDADE PARLAMENTAR.,1500.0,ALFA COMUNICAÇÃO E MARKETING DIGITAL LTDA
74317,2023,3,DIVULGAÇÃO DA ATIVIDADE PARLAMENTAR.,1500.0,ALFA COMUNICAÇÃO E MARKETING DIGITAL LTDA
74317,2023,3,DIVULGAÇÃO DA ATIVIDADE PARLAMENTAR.,16000.0,D C VIEIRA DE OLIVEIRA
74317,2023,5,DIVULGAÇÃO DA ATIVIDADE PARLAMENTAR.,16000.0,D C VIEIRA DE OLIVEIRA
74317,2023,8,DIVULGAÇÃO DA ATIVIDADE PARLAMENTAR.,1000.0,ELDORADO COMUNICACAO E JORNALISMO LTDA
74317,2023,9,DIVULGAÇÃO DA ATIVIDADE PARLAMENTAR.,1000.0,ELDORADO COMUNICACAO E JORNALISMO LTDA
74317,2023,11,DIVULGAÇÃO DA ATIVIDADE PARLAMENTAR.,1000.0,ELDORADO COMUNICACAO E JORNALISMO LTDA
74317,2023,12,DIVULGAÇÃO DA ATIVIDADE PARLAMENTAR.,1000.0,ELDORADO COMUNICACAO E JORNALISMO LTDA
74317,2023,2,DIVULGAÇÃO DA ATIVIDADE PARLAMENTAR.,4000.0,FF PROPAGANDA E MARKETING LTDA
74317,2023,3,DIVULGAÇÃO DA ATIVIDADE PARLAMENTAR.,4000.0,ff propaganda e marketting eireli
74317,2023,4,DIVULGAÇÃO DA ATIVIDADE PARLAMENTAR.,5000.0,ff propaganda e marketting eireli
74317,2023,5,DIVULGAÇÃO DA ATIVIDADE PARLAMENTAR.,5000.0,ff propaganda e marketting eireli
74317,2023,6,DIVULGAÇÃO DA ATIVIDADE PARLAMENTAR.,5000.0,ff propaganda e marketting eireli
74317,2023,7,DIVULGAÇÃO DA ATIVIDADE PARLAMENTAR.,5000.0,ff propaganda e marketting eireli
74317,2023,9,DIVULGAÇÃO DA ATIVIDADE PARLAMENTAR.,5000.0,ff propaganda e marketting eireli
74317,2023,10,DIVULGAÇÃO DA ATIVIDADE PARLAMENTAR.,5000.0,ff propaganda e marketting eireli
74317,2023,11,DIVULGAÇÃO DA ATIVIDADE PARLAMENTAR.,10500.0,ff propaganda e marketting eireli
74317,2023,12,DIVULGAÇÃO DA ATIVIDADE PARLAMENTAR.,5000.0,FF propaganda e marketting eireli
74317,2023,8,DIVULGAÇÃO DA ATIVIDADE PARLAMENTAR.,5000.0,ff propaganda e marketting eireli
74317,2023,7,DIVULGAÇÃO DA ATIVIDADE PARLAMENTAR.,18000.0,grafica imprimex comunicação visual
74317,2023,11,DIVULGAÇÃO DA ATIVIDADE PARLAMENTAR.,18000.0,grafica imprimex comunicação visual
74317,2023,7,DIVULGAÇÃO DA ATIVIDADE PARLAMENTAR.,5000.0,URBANISMO SERVICOS E EVENTOS LTDA
74317,2023,8,DIVULGAÇÃO DA ATIVIDADE PARLAMENTAR.,5000.0,URBANISMO SERVIÇOS E EVENTOS LTDA
74317,2023,9,DIVULGAÇÃO DA ATIVIDADE PARLAMENTAR.,5000.0,URBANISMO SERVIÇOS E EVENTOS LTDA
74317,2023,10,DIVULGAÇÃO DA ATIVIDADE PARLAMENTAR.,5000.0,URBANISMO SERVIÇOS E EVENTOS LTDA
74317,2023,11,DIVULGAÇÃO DA ATIVIDADE PARLAMENTAR.,5000.0,URBANISMO SERVIÇOS E EVENTOS LTDA
74317,2023,2,SERVIÇO DE SEGURANÇA PRESTADO POR EMPRESA ESPECIALIZADA.,7000.0,BRASAO VIGILANCIA E SEGURANCA LTDA
74317,2023,3,SERVIÇO DE SEGURANÇA PRESTADO POR EMPRESA ESPECIALIZADA.,7000.0,BRASAO VIGILANCIA E SEGURANCA LTDA
74317,2023,4,SERVIÇO DE SEGURANÇA PRESTADO POR EMPRESA ESPECIALIZADA.,7000.0,BRASAO VIGILANCIA E SEGURANCA LTDA
74317,2023,5,SERVIÇO DE SEGURANÇA PRESTADO POR EMPRESA ESPECIALIZADA.,7000.0,BRASAO VIGILANCIA E SEGURANCA LTDA
74317,2023,6,SERVIÇO DE SEGURANÇA PRESTADO POR EMPRESA ESPECIALIZADA.,7000.0,BRASAO VIGILANCIA E SEGURANCA LTDA
74317,2023,7,SERVIÇO DE SEGURANÇA PRESTADO POR EMPRESA ESPECIALIZADA.,7000.0,BRASAO VIGILANCIA E SEGURANCA LTDA
74317,2023,3,TELEFONIA,235.8,CELULAR FUNCIONAL
74317,2023,4,TELEFONIA,235.8,CELULAR FUNCIONAL
74317,2023,2,TELEFONIA,208.1,CELULAR FUNCIONAL
74317,2023,3,TELEFONIA,214.58,CELULAR FUNCIONAL
74317,2023,4,TELEFONIA,214.58,CELULAR FUNCIONAL
74317,2023,4,TELEFONIA,235.8,CELULAR FUNCIONAL
74317,2023,6,TELEFONIA,50.0,CELULAR FUNCIONAL
74317,2023,5,TELEFONIA,329.16,CELULAR FUNCIONAL
74317,2023,5,TELEFONIA,7.57,CELULAR FUNCIONAL
74317,2023,6,TELEFONIA,134.93,CELULAR FUNCIONAL
74317,2023,7,TELEFONIA,50.0,CELULAR FUNCIONAL
74317,2023,6,TELEFONIA,329.16,CELULAR FUNCIONAL
74317,2023,7,TELEFONIA,241.56,CELULAR FUNCIONAL
74317,2023,8,TELEFONIA,241.56,CELULAR FUNCIONAL
74317,2023,9,TELEFONIA,241.56,CELULAR FUNCIONAL
74317,2023,7,TELEFONIA,379.16,CELULAR FUNCIONAL
74317,2023,8,TELEFONIA,379.16,CELULAR FUNCIONAL
74317,2023,9,TELEFONIA,379.16,CELULAR FUNCIONAL
74317,2023,9,TELEFONIA,233.02,CELULAR FUNCIONAL
74317,2023,10,TELEFONIA,379.16,CELULAR FUNCIONAL
74317,2023,10,TELEFONIA,87.66,CELULAR FUNCIONAL
74317,2023,11,TELEFONIA,116.51,CELULAR FUNCIONAL
74317,2023,11,TELEFONIA,214.58,CELULAR FUNCIONAL
74317,2023,11,TELEFONIA,116.51,CELULAR FUNCIONAL
74317,2023,12,TELEFONIA,214.58,CELULAR FUNCIONAL
74317,2023,12,TELEFONIA,116.51,CELULAR FUNCIONAL
74317,2023,3,TELEFONIA,127.27,OI SA - EM RECUPERAÇÃO JUDICIAL
74317,2023,4,TELEFONIA,321.5,OI SA - EM RECUPERAÇÃO JUDICIAL
74317,2023,10,TELEFONIA,119.7,OI SA - EM RECUPERAÇÃO JUDICIAL
74317,2023,2,TELEFONIA,135.57,OI SA - EM RECUPERAÇÃO JUDICIAL
74317,2023,2,TELEFONIA,139.9,OI SA - EM RECUPERAÇÃO JUDICIAL
74317,2023,2,TELEFONIA,263.16,OI SA - EM RECUPERAÇÃO JUDICIAL
74317,2023,3,TELEFONIA,155.31,OI SA - EM RECUPERAÇÃO JUDICIAL
74317,2023,3,TELEFONIA,321.5,OI SA - EM RECUPERAÇÃO JUDICIAL
74317,2023,4,TELEFONIA,139.15,OI SA - EM RECUPERAÇÃO JUDICIAL
74317,2023,4,TELEFONIA,155.31,OI SA - EM RECUPERAÇÃO JUDICIAL
74317,2023,5,TELEFONIA,120.36,OI SA - EM RECUPERAÇÃO JUDICIAL
74317,2023,5,TELEFONIA,321.5,OI SA - EM RECUPERAÇÃO JUDICIAL
74317,2023,7,TELEFONIA,155.31,OI SA - EM RECUPERAÇÃO JUDICIAL
74317,2023,7,TELEFONIA,156.61,OI SA - EM RECUPERAÇÃO JUDICIAL
74317,2023,8,TELEFONIA,166.71,OI SA - EM RECUPERAÇÃO JUDICIAL
74317,2023,8,TELEFONIA,333.87,OI SA - EM RECUPERAÇÃO JUDICIAL
74317,2023,9,TELEFONIA,119.7,OI SA - EM RECUPERAÇÃO JUDICIAL
74317,2023,9,TELEFONIA,166.71,OI SA - EM RECUPERAÇÃO JUDICIAL
74317,2023,9,TELEFONIA,333.87,OI SA - EM RECUPERAÇÃO JUDICIAL
74317,2023,10,TELEFONIA,166.71,OI SA - EM RECUPERAÇÃO JUDICIAL
74317,2023,10,TELEFONIA,168.98,OI SA - EM RECUPERAÇÃO JUDICIAL
74317,2023,11,TELEFONIA,333.87,OI SA - EM RECUPERAÇÃO JUDICIAL
74317,2023,11,TELEFONIA,166.71,OI SA - EM RECUPERAÇÃO JUDICIAL
74317,2023,11,TELEFONIA,904.44,TELEFÔNICA BRASIL S.A
74317,2023,3,TELEFONIA,664.52,TELEFÔNICA BRASIL S.A
74317,2023,11,TELEFONIA,664.52,TELEFÔNICA BRASIL S.A
74317,2023,3,TELEFONIA,876.71,TELEFONICA BRASIL S.A.
74317,2023,9,TELEFONIA,908.11,Telefônica Brasil S.A.
74317,2023,12,TELEFONIA,906.84,TELEFONICA BRASIL S.A.
74317,2023,9,TELEFONIA,365.48,Telefônica Brasil S.A.
74317,2023,12,TELEFONIA,365.48,TELEFONICA BRASIL S.A.
74317,2023,5,TELEFONIA,885.1,Telefônica Brasil S.A. VIVO
74317,2023,6,TELEFONIA,900.54,Telefônica Brasil S.A. VIVO
74317,2023,2,TELEFONIA,40.5,Telefônica Brasil S.A. VIVO
74317,2023,8,TELEFONIA,900.0,Telefônica Brasil S.A. VIVO
74317,2023,10,TELEFONIA,907.44,Telefônica Brasil S.A. VIVO
74317,2023,5,TELEFONIA,664.52,Telefônica Brasil S.A. VIVO
74317,2023,6,TELEFONIA,664.52,Telefônica Brasil S.A. VIVO
74317,2023,8,TELEFONIA,365.48,Telefônica Brasil S.A. VIVO
74317,2023,2,TELEFONIA,541.05,Telefônica Brasil S/A
74317,2023,2,TELEFONIA,275.28,Telefônica Brasil S/A
74317,2023,6,TELEFONIA,296.6,TELEMAR NORTE LESTE S/A
74317,2023,12,TELEFONIA,166.71,TELEMAR NORTE LESTE S/A
74317,2023,12,TELEFONIA,168.88,TELEMAR NORTE LESTE S/A
74317,2023,7,"HOSPEDAGEM ,EXCETO DO PARLAMENTAR NO DISTRITO FEDERAL.",2223.9,MELIA BRASIL ADMINISTRACAO HOTELEIRA E COMERCIAL LTDA
74317,2023,2,LOCAÇÃO OU FRETAMENTO DE AERONAVES,18900.0,CEARA TAXI AEREO LTDA
74317,2023,2,LOCAÇÃO OU FRETAMENTO DE VEÍCULOS AUTOMOTORES,8000.0,AUTO LESTE LTDA
74317,2023,3,LOCAÇÃO OU FRETAMENTO DE VEÍCULOS AUTOMOTORES,8000.0,AUTO LESTE LTDA
74317,2023,4,LOCAÇÃO OU FRETAMENTO DE VEÍCULOS AUTOMOTORES,8000.0,AUTO LESTE LTDA
74317,2023,5,LOCAÇÃO OU FRETAMENTO DE VEÍCULOS AUTOMOTORES,8000.0,AUTO LESTE LTDA
74317,2023,6,LOCAÇÃO OU FRETAMENTO DE VEÍCULOS AUTOMOTORES,8000.0,AUTO LESTE LTDA
74317,2023,5,LOCAÇÃO OU FRETAMENTO DE VEÍCULOS AUTOMOTORES,4713.0,AUTO LESTE LTDA
74317,2023,6,LOCAÇÃO OU FRETAMENTO DE VEÍCULOS AUTOMOTORES,4713.0,AUTO LESTE LTDA
74317,2023,7,LOCAÇÃO OU FRETAMENTO DE VEÍCULOS AUTOMOTORES,8000.0,AUTO LESTE LTDA
74317,2023,7,LOCAÇÃO OU FRETAMENTO DE VEÍCULOS AUTOMOTORES,4713.0,AUTO LESTE LTDA
74317,2023,8,LOCAÇÃO OU FRETAMENTO DE VEÍCULOS AUTOMOTORES,8000.0,AUTO LESTE LTDA
74317,2023,8,LOCAÇÃO OU FRETAMENTO DE VEÍCULOS AUTOMOTORES,4713.0,AUTO LESTE LTDA
74317,2023,9,LOCAÇÃO OU FRETAMENTO DE VEÍCULOS AUTOMOTORES,7713.0,AUTO LESTE LTDA
74317,2023,9,LOCAÇÃO OU FRETAMENTO DE VEÍCULOS AUTOMOTORES,5000.0,AUTO LESTE LTDA
74317,2023,10,LOCAÇÃO OU FRETAMENTO DE VEÍCULOS AUTOMOTORES,7713.0,AUTO LESTE LTDA
74317,2023,10,LOCAÇÃO OU FRETAMENTO DE VEÍCULOS AUTOMOTORES,5000.0,AUTO LESTE LTDA
74317,2023,11,LOCAÇÃO OU FRETAMENTO DE VEÍCULOS AUTOMOTORES,8000.0,AUTO LESTE LTDA
74317,2023,11,LOCAÇÃO OU FRETAMENTO DE VEÍCULOS AUTOMOTORES,4713.0,AUTO LESTE LTDA
74317,2023,12,LOCAÇÃO OU FRETAMENTO DE VEÍCULOS AUTOMOTORES,7713.0,AUTO LESTE LTDA
74317,2023,12,LOCAÇÃO OU FRETAMENTO DE VEÍCULOS AUTOMOTORES,5000.0,AUTO LESTE LTDA
74317,2023,8,PASSAGEM AÉREA - SIGEPA,1079.29,GOL
74317,2023,12,PASSAGEM AÉREA - SIGEPA,1008.35,GOL
74317,2023,5,PASSAGEM AÉREA - SIGEPA,1777.88,GOL
74317,2023,5,PASSAGEM AÉREA - SIGEPA,1681.28,GOL
74317,2023,8,PASSAGEM AÉREA - SIGEPA,456.93,MAP
74317,2023,2,PASSAGEM AÉREA - SIGEPA,1366.37,TAM
74317,2023,3,PASSAGEM AÉREA - SIGEPA,1377.93,TAM
74317,2023,3,PASSAGEM AÉREA - SIGEPA,-39.74,TAM
74317,2023,3,PASSAGEM AÉREA - SIGEPA,1377.74,TAM
74317,2023,3,PASSAGEM AÉREA - SIGEPA,820.76,TAM
74317,2023,3,PASSAGEM AÉREA - SIGEPA,2185.03,TAM
74317,2023,3,PASSAGEM AÉREA - SIGEPA,1377.74,TAM
74317,2023,3,PASSAGEM AÉREA - SIGEPA,1377.74,TAM
74317,2023,3,PASSAGEM AÉREA - SIGEPA,1366.37,TAM
74317,2023,3,PASSAGEM AÉREA - SIGEPA,1366.37,TAM
74317,2023,3,PASSAGEM AÉREA - SIGEPA,55.0,TAM
74317,2023,3,PASSAGEM AÉREA - SIGEPA,1377.74,TAM
74317,2023,3,PASSAGEM AÉREA - SIGEPA,79.96,TAM
74317,2023,4,PASSAGEM AÉREA - SIGEPA,480.62,TAM
74317,2023,4,PASSAGEM AÉREA - SIGEPA,1366.37,TAM
74317,2023,5,PASSAGEM AÉREA - SIGEPA,1381.29,TAM
74317,2023,6,PASSAGEM AÉREA - SIGEPA,1366.37,TAM
74317,2023,6,PASSAGEM AÉREA - SIGEPA,-28.37,TAM
74317,2023,6,PASSAGEM AÉREA - SIGEPA,1366.37,TAM
74317,2023,6,PASSAGEM AÉREA - SIGEPA,1381.34,TAM
74317,2023,6,PASSAGEM AÉREA - SIGEPA,777.08,TAM
74317,2023,7,PASSAGEM AÉREA - SIGEPA,1381.34,TAM
74317,2023,8,PASSAGEM AÉREA - SIGEPA,-29.63,TAM
74317,2023,8,PASSAGEM AÉREA - SIGEPA,1367.63,TAM
74317,2023,8,PASSAGEM AÉREA - SIGEPA,1366.37,TAM
74317,2023,8,PASSAGEM AÉREA - SIGEPA,1381.34,TAM
74317,2023,9,PASSAGEM AÉREA - SIGEPA,-29.51,TAM
74317,2023,9,PASSAGEM AÉREA - SIGEPA,1367.51,TAM
74317,2023,10,PASSAGEM AÉREA - SIGEPA,2005.86,TAM
74317,2023,10,PASSAGEM AÉREA - SIGEPA,1377.93,TAM
74317,2023,11,PASSAGEM AÉREA - SIGEPA,-29.51,TAM
74317,2023,11,PASSAGEM AÉREA - SIGEPA,1367.51,TAM
74317,2023,11,PASSAGEM AÉREA - SIGEPA,1381.34,TAM
74317,2023,11,PASSAGEM AÉREA - SIGEPA,1381.34,TAM
74317,2023,11,PASSAGEM AÉREA - SIGEPA,1388.93,TAM
74317,2023,11,PASSAGEM AÉREA - SIGEPA,1388.93,TAM
74317,2023,12,PASSAGEM AÉREA - SIGEPA,-43.34,TAM
74317,2023,12,PASSAGEM AÉREA - SIGEPA,778.5,TAM
74317,2023,12,PASSAGEM AÉREA - SIGEPA,-29.51,TAM
74317,2023,12,PASSAGEM AÉREA - SIGEPA,1367.51,TAM
74317,2023,12,PASSAGEM AÉREA - SIGEPA,-29.51,TAM
74317,2023,12,PASSAGEM AÉREA - SIGEPA,1367.51,TAM
74317,2023,3,PASSAGEM AÉREA - RPA,1083.29,Cia Aérea - TAM
74317,2023,10,PASSAGEM AÉREA - RPA,2701.41,Cia Aérea - TAM
74317,2024,1,COMBUSTÍVEIS E LUBRIFICANTES.,6291.59,CARVALHO & CARVALHO POSTO DE GASOLINA LTDA
74317,2024,2,COMBUSTÍVEIS E LUBRIFICANTES.,6255.4,CARVALHO & CARVALHO POSTO DE GASOLINA LTDA
74317,2024,3,COMBUSTÍVEIS E LUBRIFICANTES.,6801.95,CARVALHO & CARVALHO POSTO DE GASOLINA LTDA
74317,2024,4,COMBUSTÍVEIS E LUBRIFICANTES.,5378.91,CARVALHO & CARVALHO POSTO DE GASOLINA LTDA
74317,2024,5,COMBUSTÍVEIS E LUBRIFICANTES.,6317.7,CARVALHO & CARVALHO POSTO DE GASOLINA LTDA
74317,2024,7,COMBUSTÍVEIS E LUBRIFICANTES.,6780.33,CARVALHO & CARVALHO POSTO DE GASOLINA LTDA
74317,2024,8,COMBUSTÍVEIS E LUBRIFICANTES.,5297.1,CARVALHO & CARVALHO POSTO DE GASOLINA LTDA
74317,2024,9,COMBUSTÍVEIS E LUBRIFICANTES.,4958.73,CARVALHO & CARVALHO POSTO DE GASOLINA LTDA
74317,2024,10,COMBUSTÍVEIS E LUBRIFICANTES.,6584.37,CARVALHO & CARVALHO POSTO DE GASOLINA LTDA
74317,2024,11,COMBUSTÍVEIS E LUBRIFICANTES.,6375.95,CARVALHO & CARVALHO POSTO DE GASOLINA LTDA
74317,2024,12,COMBUSTÍVEIS E LUBRIFICANTES.,6247.55,CARVALHO & CARVALHO POSTO DE GASOLINA LTDA
74317,2024,12,DIVULGAÇÃO DA ATIVIDADE PARLAMENTAR.,1000.0,ALFA COMUNICAÇÃO E MARKETING DIGITAL LTDA
74317,2024,11,DIVULGAÇÃO DA ATIVIDADE PARLAMENTAR.,1000.0,ALFA COMUNICAÇÃO E MARKETING DIGITAL LTDA
74317,2024,2,DIVULGAÇÃO DA ATIVIDADE PARLAMENTAR.,1000.0,ELDORADO COMUNICACAO E JORNALISMO LTDA
74317,2024,4,DIVULGAÇÃO DA ATIVIDADE PARLAMENTAR.,1000.0,ELDORADO COMUNICACAO E JORNALISMO LTDA
74317,2024,5,DIVULGAÇÃO DA ATIVIDADE PARLAMENTAR.,1000.0,ELDORADO COMUNICACAO E JORNALISMO LTDA
74317,2024,6,DIVULGAÇÃO DA ATIVIDADE PARLAMENTAR.,1000.0,ELDORADO COMUNICACAO E JORNALISMO LTDA
74317,2024,8,DIVULGAÇÃO DA ATIVIDADE PARLAMENTAR.,1000.0,ELDORADO COMUNICACAO E JORNALISMO LTDA
74317,2024,9,DIVULGAÇÃO DA ATIVIDADE PARLAMENTAR.,1000.0,ELDORADO COMUNICACAO E JORNALISMO LTDA
74317,2024,10,DIVULGAÇÃO DA ATIVIDADE PARLAMENTAR.,1000.0,ELDORADO COMUNICACAO E JORNALISMO LTDA
74317,2024,11,DIVULGAÇÃO DA ATIVIDADE PARLAMENTAR.,1000.0,ELDORADO COMUNICACAO E JORNALISMO LTDA
74317,2024,1,DIVULGAÇÃO DA ATIVIDADE PARLAMENTAR.,6000.0,FF propaganda e marketting eireli
74317,2024,2,DIVULGAÇÃO DA ATIVIDADE PARLAMENTAR.,6000.0,FF propaganda e marketting eireli
74317,2024,3,DIVULGAÇÃO DA ATIVIDADE PARLAMENTAR.,6000.0,FF propaganda e marketting eireli
74317,2024,4,DIVULGAÇÃO DA ATIVIDADE PARLAMENTAR.,6000.0,FF propaganda e marketting eireli
74317,2024,5,DIVULGAÇÃO DA ATIVIDADE PARLAMENTAR.,6000.0,FF propaganda e marketting eireli
74317,2024,6,DIVULGAÇÃO DA ATIVIDADE PARLAMENTAR.,6000.0,FF propaganda e marketting eireli
74317,2024,7,DIVULGAÇÃO DA ATIVIDADE PARLAMENTAR.,6000.0,FF propaganda e marketting eireli
74317,2024,8,DIVULGAÇÃO DA ATIVIDADE PARLAMENTAR.,6000.0,FF propaganda e marketting eireli
74317,2024,9,DIVULGAÇÃO DA ATIVIDADE PARLAMENTAR.,6000.0,FF propaganda e marketting eireli
74317,2024,10,DIVULGAÇÃO DA ATIVIDADE PARLAMENTAR.,6000.0,FF propaganda e marketting eireli
74317,2024,11,DIVULGAÇÃO DA ATIVIDADE PARLAMENTAR.,5000.0,FF propaganda e marketting eireli
74317,2024,1,DIVULGAÇÃO DA ATIVIDADE PARLAMENTAR.,18000.0,Regina S Pessoa LTDA
74317,2024,3,DIVULGAÇÃO DA ATIVIDADE PARLAMENTAR.,10000.0,Regina S Pessoa LTDA
74317,2024,5,DIVULGAÇÃO DA ATIVIDADE PARLAMENTAR.,16000.0,Regina S Pessoa LTDA
74317,2024,8,DIVULGAÇÃO DA ATIVIDADE PARLAMENTAR.,18000.0,Regina S Pessoa LTDA
74317,2024,1,DIVULGAÇÃO DA ATIVIDADE PARLAMENTAR.,6000.0,URBANISMO SERVIÇOS E EVENTOS LTDA
74317,2024,2,DIVULGAÇÃO DA ATIVIDADE PARLAMENTAR.,6000.0,URBANISMO SERVIÇOS E EVENTOS LTDA
74317,2024,3,DIVULGAÇÃO DA ATIVIDADE PARLAMENTAR.,6000.0,URBANISMO SERVIÇOS E EVENTOS LTDA
74317,2024,4,DIVULGAÇÃO DA ATIVIDADE PARLAMENTAR.,6000.0,URBANISMO SERVIÇOS E EVENTOS LTDA
74317,2024,5,DIVULGAÇÃO DA ATIVIDADE PARLAMENTAR.,6000.0,URBANISMO SERVIÇOS E EVENTOS LTDA
74317,2024,6,DIVULGAÇÃO DA ATIVIDADE PARLAMENTAR.,6000.0,URBANISMO SERVIÇOS E EVENTOS LTDA
74317,2024,7,DIVULGAÇÃO DA ATIVIDADE PARLAMENTAR.,6000.0,URBANISMO SERVIÇOS E EVENTOS LTDA
74317,2024,8,DIVULGAÇÃO DA ATIVIDADE PARLAMENTAR.,6000.0,URBANISMO SERVIÇOS E EVENTOS LTDA
74317,2024,9,DIVULGAÇÃO DA ATIVIDADE PARLAMENTAR.,6000.0,URBANISMO SERVIÇOS E EVENTOS LTDA
74317,2024,10,DIVULGAÇÃO DA ATIVIDADE PARLAMENTAR.,6000.0,URBANISMO SERVIÇOS E EVENTOS LTDA
74317,2024,11,DIVULGAÇÃO DA ATIVIDADE PARLAMENTAR.,6000.0,URBANISMO SERVIÇOS E EVENTOS LTDA
74317,2024,12,DIVULGAÇÃO DA ATIVIDADE PARLAMENTAR.,1224.45,URBANISMO SERVIÇOS E EVENTOS LTDA
74317,2024,6,DIVULGAÇÃO DA ATIVIDADE PARLAMENTAR.,4000.0,VIANA COMUNICAÇÃO
74317,2024,7,DIVULGAÇÃO DA ATIVIDADE PARLAMENTAR.,4000.0,VIANA COMUNICAÇÃO
74317,2024,8,DIVULGAÇÃO DA ATIVIDADE PARLAMENTAR.,4000.0,VIANA COMUNICAÇÃO
74317,2024,9,DIVULGAÇÃO DA ATIVIDADE PARLAMENTAR.,4000.0,VIANA COMUNICAÇÃO
74317,2024,10,DIVULGAÇÃO DA ATIVIDADE PARLAMENTAR.,4000.0,VIANA COMUNICAÇÃO
74317,2024,11,DIVULGAÇÃO DA ATIVIDADE PARLAMENTAR.,4000.0,VIANA COMUNICAÇÃO
74317,2024,1,TELEFONIA,97.9,CELULAR FUNCIONAL
74317,2024,2,TELEFONIA,78.86,CELULAR FUNCIONAL
74317,2024,2,TELEFONIA,117.72,CELULAR FUNCIONAL
74317,2024,1,TELEFONIA,209.36,CELULAR FUNCIONAL
74317,2024,8,TELEFONIA,168.35,OI SA - EM RECUPERAÇÃO JUDICIAL
74317,2024,8,TELEFONIA,334.66,OI SA - EM RECUPERAÇÃO JUDICIAL
74317,2024,9,TELEFONIA,168.35,OI SA - EM RECUPERAÇÃO JUDICIAL
74317,2024,9,TELEFONIA,169.77,OI SA - EM RECUPERAÇÃO JUDICIAL
74317,2024,10,TELEFONIA,140.54,OI SA - EM RECUPERAÇÃO JUDICIAL
74317,2024,10,TELEFONIA,165.35,OI SA - EM RECUPERAÇÃO JUDICIAL
74317,2024,10,TELEFONIA,309.76,OI SA - EM RECUPERAÇÃO JUDICIAL
74317,2024,2,TELEFONIA,166.71,OI SA - EM RECUPERAÇÃO JUDICIAL
74317,2024,2,TELEFONIA,333.87,OI SA - EM RECUPERAÇÃO JUDICIAL
74317,2024,3,TELEFONIA,166.71,OI SA - EM RECUPERAÇÃO JUDICIAL
74317,2024,3,TELEFONIA,333.87,OI SA - EM RECUPERAÇÃO JUDICIAL
74317,2024,5,TELEFONIA,166.71,OI SA - EM RECUPERAÇÃO JUDICIAL
74317,2024,5,TELEFONIA,168.98,OI SA - EM RECUPERAÇÃO JUDICIAL
74317,2024,6,TELEFONIA,166.71,OI SA - EM RECUPERAÇÃO JUDICIAL
74317,2024,9,TELEFONIA,341.05,Telefonica Brasil S.A - VIVO
74317,2024,9,TELEFONIA,864.84,Telefonica Brasil S.A - VIVO
74317,2024,2,TELEFONIA,831.63,Telefônica Brasil S.A.
74317,2024,2,TELEFONIA,341.05,Telefônica Brasil S.A.
74317,2024,6,TELEFONIA,647.05,TELEFONICA BRASIL SA
74317,2024,6,TELEFONIA,836.63,TELEFONICA BRASIL SA
74317,2024,7,TELEFONIA,647.05,VIVO TELEFONIA BRASIL S/A
74317,2024,1,TELEFONIA,831.43,VIVO TELEFONIA BRASIL S/A
74317,2024,7,TELEFONIA,854.14,VIVO TELEFONIA BRASIL S/A
74317,2024,11,TELEFONIA,862.31,VIVO TELEFONIA BRASIL S/A
74317,2024,1,TELEFONIA,340.68,VIVO TELEFONIA BRASIL S/A
74317,2024,1,LOCAÇÃO OU FRETAMENTO DE VEÍCULOS AUTOMOTORES,5000.0,AUTO LESTE LTDA
74317,2024,1,LOCAÇÃO OU FRETAMENTO DE VEÍCULOS AUTOMOTORES,7713.0,AUTO LESTE LTDA
74317,2024,2,LOCAÇÃO OU FRETAMENTO DE VEÍCULOS AUTOMOTORES,5000.0,AUTO LESTE LTDA
74317,2024,2,LOCAÇÃO OU FRETAMENTO DE VEÍCULOS AUTOMOTORES,7713.0,AUTO LESTE LTDA
74317,2024,3,LOCAÇÃO OU FRETAMENTO DE VEÍCULOS AUTOMOTORES,4713.0,AUTO LESTE LTDA
74317,2024,3,LOCAÇÃO OU FRETAMENTO DE VEÍCULOS AUTOMOTORES,8000.0,AUTO LESTE LTDA
74317,2024,4,LOCAÇÃO OU FRETAMENTO DE VEÍCULOS AUTOMOTORES,8000.0,AUTO LESTE LTDA
74317,2024,4,LOCAÇÃO OU FRETAMENTO DE VEÍCULOS AUTOMOTORES,4713.0,AUTO LESTE LTDA
74317,2024,5,LOCAÇÃO OU FRETAMENTO DE VEÍCULOS AUTOMOTORES,4713.0,AUTO LESTE LTDA
74317,2024,5,LOCAÇÃO OU FRETAMENTO DE VEÍCULOS AUTOMOTORES,8000.0,AUTO LESTE LTDA
74317,2024,6,LOCAÇÃO OU FRETAMENTO DE VEÍCULOS AUTOMOTORES,4713.0,AUTO LESTE LTDA
74317,2024,6,LOCAÇÃO OU FRETAMENTO DE VEÍCULOS AUTOMOTORES,8000.0,AUTO LESTE LTDA
74317,2024,7,LOCAÇÃO OU FRETAMENTO DE VEÍCULOS AUTOMOTORES,4713.0,AUTO LESTE LTDA
74317,2024,7,LOCAÇÃO OU FRETAMENTO DE VEÍCULOS AUTOMOTORES,8000.0,AUTO LESTE LTDA
74317,2024,8,LOCAÇÃO OU FRETAMENTO DE VEÍCULOS AUTOMOTORES,5000.0,AUTO LESTE LTDA
74317,2024,8,LOCAÇÃO OU FRETAMENTO DE VEÍCULOS AUTOMOTORES,7713.0,AUTO LESTE LTDA
74317,2024,9,LOCAÇÃO OU FRETAMENTO DE VEÍCULOS AUTOMOTORES,4713.0,AUTO LESTE LTDA
74317,2024,9,LOCAÇÃO OU FRETAMENTO DE VEÍCULOS AUTOMOTORES,8000.0,AUTO LESTE LTDA
74317,2024,10,LOCAÇÃO OU FRETAMENTO DE VEÍCULOS AUTOMOTORES,4713.0,AUTO LESTE LTDA
74317,2024,10,LOCAÇÃO OU FRETAMENTO DE VEÍCULOS AUTOMOTORES,8000.0,AUTO LESTE LTDA
74317,2024,11,LOCAÇÃO OU FRETAMENTO DE VEÍCULOS AUTOMOTORES,5000.0,AUTO LESTE LTDA
74317,2024,11,LOCAÇÃO OU FRETAMENTO DE VEÍCULOS AUTOMOTORES,7713.0,AUTO LESTE LTDA
74317,2024,12,LOCAÇÃO OU FRETAMENTO DE VEÍCULOS AUTOMOTORES,4713.0,AUTO LESTE LTDA
74317,2024,12,LOCAÇÃO OU FRETAMENTO DE VEÍCULOS AUTOMOTORES,8000.0,AUTO LESTE LTDA
74317,2024,8,PASSAGEM AÉREA - SIGEPA,1484.98,AZUL
74317,2024,4,PASSAGEM AÉREA - SIGEPA,-43.34,GOL
74317,2024,1,PASSAGEM AÉREA - SIGEPA,1925.48,GOL
74317,2024,2,PASSAGEM AÉREA - SIGEPA,677.22,GOL
74317,2024,2,PASSAGEM AÉREA - SIGEPA,1891.64,GOL
74317,2024,4,PASSAGEM AÉREA - SIGEPA,1891.7,GOL
74317,2024,6,PASSAGEM AÉREA - SIGEPA,1828.1,GOL
74317,2024,6,PASSAGEM AÉREA - SIGEPA,1971.05,GOL
74317,2024,8,PASSAGEM AÉREA - SIGEPA,1983.23,GOL
74317,2024,8,PASSAGEM AÉREA - SIGEPA,1971.05,GOL
74317,2024,8,PASSAGEM AÉREA - SIGEPA,53.0,GOL
74317,2024,8,PASSAGEM AÉREA - SIGEPA,1741.8,GOL
74317,2024,9,PASSAGEM AÉREA - SIGEPA,1971.84,GOL
74317,2024,10,PASSAGEM AÉREA - SIGEPA,1845.5,GOL
74317,2024,12,PASSAGEM AÉREA - SIGEPA,2001.89,GOL
74317,2024,6,PASSAGEM AÉREA - SIGEPA,-1599.39,GOL
74317,2024,1,PASSAGEM AÉREA - SIGEPA,-29.51,TAM
74317,2024,1,PASSAGEM AÉREA - SIGEPA,1367.51,TAM
74317,2024,1,PASSAGEM AÉREA - SIGEPA,1381.34,TAM
74317,2024,1,PASSAGEM AÉREA - SIGEPA,1367.51,TAM
74317,2024,2,PASSAGEM AÉREA - SIGEPA,1823.34,TAM
74317,2024,2,PASSAGEM AÉREA - SIGEPA,2748.85,TAM
74317,2024,2,PASSAGEM AÉREA - SIGEPA,1367.51,TAM
74317,2024,3,PASSAGEM AÉREA - SIGEPA,-29.51,TAM
74317,2024,3,PASSAGEM AÉREA - SIGEPA,1367.51,TAM
74317,2024,4,PASSAGEM AÉREA - SIGEPA,55.0,TAM
74317,2024,4,PASSAGEM AÉREA - SIGEPA,55.0,TAM
74317,2024,4,PASSAGEM AÉREA - SIGEPA,2723.44,TAM
74317,2024,4,PASSAGEM AÉREA - SIGEPA,813.88,TAM
74317,2024,4,PASSAGEM AÉREA - SIGEPA,1367.51,TAM
74317,2024,5,PASSAGEM AÉREA - SIGEPA,1383.56,TAM
74317,2024,5,PASSAGEM AÉREA - SIGEPA,1367.51,TAM
74317,2024,5,PASSAGEM AÉREA - SIGEPA,1380.83,TAM
74317,2024,6,PASSAGEM AÉREA - SIGEPA,1367.51,TAM
74317,2024,6,PASSAGEM AÉREA - SIGEPA,16.05,TAM
74317,2024,6,PASSAGEM AÉREA - SIGEPA,68.0,TAM
74317,2024,6,PASSAGEM AÉREA - SIGEPA,68.0,TAM
74317,2024,6,PASSAGEM AÉREA - SIGEPA,1072.11,TAM
74317,2024,6,PASSAGEM AÉREA - SIGEPA,1468.51,TAM
74317,2024,6,PASSAGEM AÉREA - SIGEPA,1484.56,TAM
74317,2024,6,PASSAGEM AÉREA - SIGEPA,68.0,TAM
74317,2024,6,PASSAGEM AÉREA - SIGEPA,1484.56,TAM
74317,2024,6,PASSAGEM AÉREA - SIGEPA,1469.65,TAM
74317,2024,6,PASSAGEM AÉREA - SIGEPA,1493.2,TAM
74317,2024,6,PASSAGEM AÉREA - SIGEPA,475.0,TAM
74317,2024,7,PASSAGEM AÉREA - SIGEPA,1484.56,TAM
74317,2024,7,PASSAGEM AÉREA - SIGEPA,76.0,TAM
74317,2024,7,PASSAGEM AÉREA - SIGEPA,1468.51,TAM
74317,2024,8,PASSAGEM AÉREA - SIGEPA,1484.56,TAM
74317,2024,8,PASSAGEM AÉREA - SIGEPA,70.0,TAM
74317,2024,8,PASSAGEM AÉREA - SIGEPA,1484.56,TAM
74317,2024,8,PASSAGEM AÉREA - SIGEPA,75.0,TAM
74317,2024,8,PASSAGEM AÉREA - SIGEPA,1493.2,TAM
74317,2024,8,PASSAGEM AÉREA - SIGEPA,1468.51,TAM
74317,2024,8,PASSAGEM AÉREA - SIGEPA,1469.95,TAM
74317,2024,9,PASSAGEM AÉREA - SIGEPA,1469.95,TAM
74317,2024,9,PASSAGEM AÉREA - SIGEPA,100.0,TAM
74317,2024,9,PASSAGEM AÉREA - SIGEPA,100.0,TAM
74317,2024,9,PASSAGEM AÉREA - SIGEPA,2954.51,TAM
74317,2024,9,PASSAGEM AÉREA - SIGEPA,75.0,TAM
74317,2024,9,PASSAGEM AÉREA - SIGEPA,100.0,TAM
74317,2024,9,PASSAGEM AÉREA - SIGEPA,2954.51,TAM
74317,2024,9,PASSAGEM AÉREA - SIGEPA,-1484.56,TAM
74317,2024,9,PASSAGEM AÉREA - SIGEPA,1484.56,TAM
74317,2024,9,PASSAGEM AÉREA - SIGEPA,1484.56,TAM
74317,2024,9,PASSAGEM AÉREA - SIGEPA,80.0,TAM
74317,2024,9,PASSAGEM AÉREA - SIGEPA,1484.56,TAM
74317,2024,9,PASSAGEM AÉREA - SIGEPA,75.0,TAM
74317,2024,9,PASSAGEM AÉREA - SIGEPA,1469.95,TAM
74317,2024,10,PASSAGEM AÉREA - SIGEPA,75.0,TAM
74317,2024,10,PASSAGEM AÉREA - SIGEPA,1484.56,TAM
74317,2024,10,PASSAGEM AÉREA - SIGEPA,1469.95,TAM
74317,2024,10,PASSAGEM AÉREA - SIGEPA,1484.56,TAM
74317,2024,10,PASSAGEM AÉREA - SIGEPA,1171.6,TAM
74317,2024,10,PASSAGEM AÉREA - SIGEPA,1470.44,TAM
74317,2024,10,PASSAGEM AÉREA - SIGEPA,1484.56,TAM
74317,2024,10,PASSAGEM AÉREA - SIGEPA,1469.95,TAM
74317,2024,10,PASSAGEM AÉREA - SIGEPA,75.0,TAM
74317,2024,10,PASSAGEM AÉREA - SIGEPA,1496.87,TAM
74317,2024,11,PASSAGEM AÉREA - SIGEPA,-1484.56,TAM
74317,2024,11,PASSAGEM AÉREA - SIGEPA,1484.56,TAM
74317,2024,11,PASSAGEM AÉREA - SIGEPA,1469.95,TAM
74317,2024,12,PASSAGEM AÉREA - SIGEPA,1469.95,TAM
74317,2024,12,PASSAGEM AÉREA - SIGEPA,1469.95,TAM
74317,2024,12,PASSAGEM AÉREA - SIGEPA,883.64,TAM
74317,2024,12,PASSAGEM AÉREA - SIGEPA,75.0,TAM
74317,2024,12,PASSAGEM AÉREA - SIGEPA,1469.95,TAM
74317,2024,12,PASSAGEM AÉREA - SIGEPA,-30.95,TAM
74317,2024,12,PASSAGEM AÉREA - SIGEPA,1469.95,TAM
74317,2024,12,PASSAGEM AÉREA - SIGEPA,1066.87,TAM
74317,2025,5,MANUTENÇÃO DE ESCRITÓRIO DE APOIO À ATIVIDADE PARLAMENTAR,373.8,Kalunga SA
74317,2025,1,COMBUSTÍVEIS E LUBRIFICANTES.,5300.67,CARVALHO & CARVALHO POSTO DE GASOLINA LTDA
74317,2025,2,COMBUSTÍVEIS E LUBRIFICANTES.,6655.65,CARVALHO & CARVALHO POSTO DE GASOLINA LTDA
74317,2025,3,COMBUSTÍVEIS E LUBRIFICANTES.,6933.61,CARVALHO & CARVALHO POSTO DE GASOLINA LTDA
74317,2025,4,COMBUSTÍVEIS E LUBRIFICANTES.,4110.31,CARVALHO & CARVALHO POSTO DE GASOLINA LTDA
74317,2025,5,COMBUSTÍVEIS E LUBRIFICANTES.,5341.34,CARVALHO & CARVALHO POSTO DE GASOLINA LTDA
74317,2025,6,COMBUSTÍVEIS E LUBRIFICANTES.,6117.29,CARVALHO & CARVALHO POSTO DE GASOLINA LTDA
74317,2025,8,COMBUSTÍVEIS E LUBRIFICANTES.,5568.49,CARVALHO & CARVALHO POSTO DE GASOLINA LTDA
74317,2025,9,COMBUSTÍVEIS E LUBRIFICANTES.,5718.62,CARVALHO & CARVALHO POSTO DE GASOLINA LTDA
74317,2025,10,COMBUSTÍVEIS E LUBRIFICANTES.,5679.14,CARVALHO & CARVALHO POSTO DE GASOLINA LTDA
74317,2025,11,COMBUSTÍVEIS E LUBRIFICANTES.,5717.15,CARVALHO & CARVALHO POSTO DE GASOLINA LTDA
74317,2025,12,COMBUSTÍVEIS E LUBRIFICANTES.,6421.75,CARVALHO & CARVALHO POSTO DE GASOLINA LTDA
74317,2025,1,DIVULGAÇÃO DA ATIVIDADE PARLAMENTAR.,1000.0,ALFA COMUNICAÇÃO E MARKETING DIGITAL LTDA
74317,2025,2,DIVULGAÇÃO DA ATIVIDADE PARLAMENTAR.,1000.0,ELDORADO COMUNICACAO E JORNALISMO LTDA
74317,2025,3,DIVULGAÇÃO DA ATIVIDADE PARLAMENTAR.,1000.0,ELDORADO COMUNICACAO E JORNALISMO LTDA
74317,2025,4,DIVULGAÇÃO DA ATIVIDADE PARLAMENTAR.,1000.0,ELDORADO COMUNICACAO E JORNALISMO LTDA
74317,2025,5,DIVULGAÇÃO DA ATIVIDADE PARLAMENTAR.,1000.0,ELDORADO COMUNICACAO E JORNALISMO LTDA
74317,2025,6,DIVULGAÇÃO DA ATIVIDADE PARLAMENTAR.,1000.0,ELDORADO COMUNICACAO E JORNALISMO LTDA
74317,2025,1,DIVULGAÇÃO DA ATIVIDADE PARLAMENTAR.,6000.0,FF propaganda e marketting eireli
74317,2025,2,DIVULGAÇÃO DA ATIVIDADE PARLAMENTAR.,6000.0,FF propaganda e marketting eireli
74317,2025,3,DIVULGAÇÃO DA ATIVIDADE PARLAMENTAR.,6000.0,FF propaganda e marketting eireli
74317,2025,4,DIVULGAÇÃO DA ATIVIDADE PARLAMENTAR.,6000.0,FF propaganda e marketting eireli
74317,2025,5,DIVULGAÇÃO DA ATIVIDADE PARLAMENTAR.,6000.0,FF propaganda e marketting eireli
74317,2025,6,DIVULGAÇÃO DA ATIVIDADE PARLAMENTAR.,6000.0,FF propaganda e marketting eireli
74317,2025,7,DIVULGAÇÃO DA ATIVIDADE PARLAMENTAR.,6000.0,FF propaganda e marketting eireli
74317,2025,8,DIVULGAÇÃO DA ATIVIDADE PARLAMENTAR.,6000.0,FF propaganda e marketting eireli
74317,2025,9,DIVULGAÇÃO DA ATIVIDADE PARLAMENTAR.,6000.0,FF propaganda e marketting eireli
74317,2025,12,DIVULGAÇÃO DA ATIVIDADE PARLAMENTAR.,6000.0,FF propaganda e marketting eireli
74317,2025,11,DIVULGAÇÃO DA ATIVIDADE PARLAMENTAR.,6000.0,FF propaganda e marketting eireli
74317,2025,9,DIVULGAÇÃO DA ATIVIDADE PARLAMENTAR.,2500.0,J C S HOLANDA
74317,2025,12,DIVULGAÇÃO DA ATIVIDADE PARLAMENTAR.,25000.0,JM INDUSTRIA DE EMBALAGENS E ROTULOS LTDA
74317,2025,2,DIVULGAÇÃO DA ATIVIDADE PARLAMENTAR.,6000.0,URBANISMO SERVIÇOS E EVENTOS LTDA
74317,2025,1,DIVULGAÇÃO DA ATIVIDADE PARLAMENTAR.,6000.0,URBANISMO SERVIÇOS E EVENTOS LTDA
74317,2025,3,DIVULGAÇÃO DA ATIVIDADE PARLAMENTAR.,6000.0,URBANISMO SERVIÇOS E EVENTOS LTDA
74317,2025,4,DIVULGAÇÃO DA ATIVIDADE PARLAMENTAR.,18000.0,URBANISMO SERVIÇOS E EVENTOS LTDA
74317,2025,4,DIVULGAÇÃO DA ATIVIDADE PARLAMENTAR.,6000.0,URBANISMO SERVIÇOS E EVENTOS LTDA
74317,2025,5,DIVULGAÇÃO DA ATIVIDADE PARLAMENTAR.,6000.0,URBANISMO SERVIÇOS E EVENTOS LTDA
74317,2025,6,DIVULGAÇÃO DA ATIVIDADE PARLAMENTAR.,6000.0,URBANISMO SERVIÇOS E EVENTOS LTDA
74317,2025,7,DIVULGAÇÃO DA ATIVIDADE PARLAMENTAR.,6000.0,URBANISMO SERVIÇOS E EVENTOS LTDA
74317,2025,8,DIVULGAÇÃO DA ATIVIDADE PARLAMENTAR.,6000.0,URBANISMO SERVIÇOS E EVENTOS LTDA
74317,2025,9,DIVULGAÇÃO DA ATIVIDADE PARLAMENTAR.,6000.0,URBANISMO SERVIÇOS E EVENTOS LTDA
74317,2025,10,DIVULGAÇÃO DA ATIVIDADE PARLAMENTAR.,6000.0,URBANISMO SERVIÇOS E EVENTOS LTDA
74317,2025,11,DIVULGAÇÃO DA ATIVIDADE PARLAMENTAR.,6000.0,URBANISMO SERVIÇOS E EVENTOS LTDA
74317,2025,12,DIVULGAÇÃO DA ATIVIDADE PARLAMENTAR.,6000.0,URBANISMO SERVIÇOS E EVENTOS LTDA
74317,2025,1,DIVULGAÇÃO DA ATIVIDADE PARLAMENTAR.,4000.0,VIANA COMUNICAÇÃO
74317,2025,5,PASSAGEM AÉREA - REEMBOLSO,2966.85,Latam Linhas Aéreas S.A
74317,2025,7,TELEFONIA,168.35,CLIENT CO SERVICOS DE REDE NORDESTE S.A.
74317,2025,7,TELEFONIA,170.85,NIO - CLIENT CO SERVICOS DE REDE NORDESTE S.A
74317,2025,2,TELEFONIA,170.85,OI SA - EM RECUPERAÇÃO JUDICIAL
74317,2025,2,TELEFONIA,168.35,OI SA - EM RECUPERAÇÃO JUDICIAL
74317,2025,9,TELEFONIA,972.99,Telefônica Brasil S.A. VIVO
74317,2025,10,TELEFONIA,912.09,TELEFÔNICA BRASIL S/A - VIVO
74317,2025,3,TELEFONIA,348.2,VIVO TELEFONIA BRASIL S/A
74317,2025,3,TELEFONIA,842.41,VIVO TELEFONIA BRASIL S/A
74317,2025,1,LOCAÇÃO OU FRETAMENTO DE VEÍCULOS AUTOMOTORES,4713.0,AUTO LESTE LTDA
74317,2025,1,LOCAÇÃO OU FRETAMENTO DE VEÍCULOS AUTOMOTORES,8000.0,AUTO LESTE LTDA
74317,2025,2,LOCAÇÃO OU FRETAMENTO DE VEÍCULOS AUTOMOTORES,5000.0,AUTO LESTE LTDA
74317,2025,2,LOCAÇÃO OU FRETAMENTO DE VEÍCULOS AUTOMOTORES,7713.0,AUTO LESTE LTDA
74317,2025,3,LOCAÇÃO OU FRETAMENTO DE VEÍCULOS AUTOMOTORES,4713.0,AUTO LESTE LTDA
74317,2025,3,LOCAÇÃO OU FRETAMENTO DE VEÍCULOS AUTOMOTORES,8000.0,AUTO LESTE LTDA
74317,2025,4,LOCAÇÃO OU FRETAMENTO DE VEÍCULOS AUTOMOTORES,4713.0,AUTO LESTE LTDA
74317,2025,4,LOCAÇÃO OU FRETAMENTO DE VEÍCULOS AUTOMOTORES,8000.0,AUTO LESTE LTDA
74317,2025,5,LOCAÇÃO OU FRETAMENTO DE VEÍCULOS AUTOMOTORES,5000.0,AUTO LESTE LTDA
74317,2025,5,LOCAÇÃO OU FRETAMENTO DE VEÍCULOS AUTOMOTORES,8000.0,AUTO LESTE LTDA
74317,2025,6,LOCAÇÃO OU FRETAMENTO DE VEÍCULOS AUTOMOTORES,5000.0,AUTO LESTE LTDA
74317,2025,6,LOCAÇÃO OU FRETAMENTO DE VEÍCULOS AUTOMOTORES,8000.0,AUTO LESTE LTDA
74317,2025,7,LOCAÇÃO OU FRETAMENTO DE VEÍCULOS AUTOMOTORES,5000.0,AUTO LESTE LTDA
74317,2025,7,LOCAÇÃO OU FRETAMENTO DE VEÍCULOS AUTOMOTORES,8000.0,AUTO LESTE LTDA
74317,2025,8,LOCAÇÃO OU FRETAMENTO DE VEÍCULOS AUTOMOTORES,5000.0,AUTO LESTE LTDA
74317,2025,8,LOCAÇÃO OU FRETAMENTO DE VEÍCULOS AUTOMOTORES,8000.0,AUTO LESTE LTDA
74317,2025,9,LOCAÇÃO OU FRETAMENTO DE VEÍCULOS AUTOMOTORES,5000.0,AUTO LESTE LTDA
74317,2025,9,LOCAÇÃO OU FRETAMENTO DE VEÍCULOS AUTOMOTORES,8000.0,AUTO LESTE LTDA
74317,2025,10,LOCAÇÃO OU FRETAMENTO DE VEÍCULOS AUTOMOTORES,5000.0,AUTO LESTE LTDA
74317,2025,10,LOCAÇÃO OU FRETAMENTO DE VEÍCULOS AUTOMOTORES,8000.0,AUTO LESTE LTDA
74317,2025,11,LOCAÇÃO OU FRETAMENTO DE VEÍCULOS AUTOMOTORES,5000.0,AUTO LESTE LTDA
74317,2025,11,LOCAÇÃO OU FRETAMENTO DE VEÍCULOS AUTOMOTORES,8000.0,AUTO LESTE LTDA
74317,2025,12,LOCAÇÃO OU FRETAMENTO DE VEÍCULOS AUTOMOTORES,5000.0,AUTO LESTE LTDA
74317,2025,12,LOCAÇÃO OU FRETAMENTO DE VEÍCULOS AUTOMOTORES,8000.0,AUTO LESTE LTDA
74317,2025,1,PASSAGEM AÉREA - SIGEPA,2165.57,AZUL
74317,2025,9,PASSAGEM AÉREA - SIGEPA,1865.09,Azul Linhas Aéreas
74317,2025,12,PASSAGEM AÉREA - SIGEPA,2261.9,Azul Linhas Aéreas
74317,2025,6,PASSAGEM AÉREA - SIGEPA,2206.84,GOL
74317,2025,8,PASSAGEM AÉREA - SIGEPA,1952.7,Gol Linhas Aéreas
74317,2025,8,PASSAGEM AÉREA - SIGEPA,2070.89,Gol Linhas Aéreas
74317,2025,9,PASSAGEM AÉREA - SIGEPA,2192.27,Gol Linhas Aéreas
74317,2025,11,PASSAGEM AÉREA - SIGEPA,2028.58,Gol Linhas Aéreas
74317,2025,11,PASSAGEM AÉREA - SIGEPA,2223.47,Gol Linhas Aéreas
74317,2025,11,PASSAGEM AÉREA - SIGEPA,2014.01,Gol Linhas Aéreas
74317,2025,11,PASSAGEM AÉREA - SIGEPA,1824.47,Gol Linhas Aéreas
74317,2025,11,PASSAGEM AÉREA - SIGEPA,3266.57,Gol Linhas Aéreas
74317,2025,8,PASSAGEM AÉREA - SIGEPA,1791.91,LATAM Airlines Brasil
74317,2025,9,PASSAGEM AÉREA - SIGEPA,-47.44,LATAM Airlines Brasil
74317,2025,9,PASSAGEM AÉREA - SIGEPA,2785.52,LATAM Airlines Brasil
74317,2025,9,PASSAGEM AÉREA - SIGEPA,2222.32,LATAM Airlines Brasil
74317,2025,9,PASSAGEM AÉREA - SIGEPA,2222.32,LATAM Airlines Brasil
74317,2025,9,PASSAGEM AÉREA - SIGEPA,2782.2,LATAM Airlines Brasil
74317,2025,10,PASSAGEM AÉREA - SIGEPA,6828.77,LATAM Airlines Brasil
74317,2025,10,PASSAGEM AÉREA - SIGEPA,2997.17,LATAM Airlines Brasil
74317,2025,10,PASSAGEM AÉREA - SIGEPA,4845.99,LATAM Airlines Brasil
74317,2025,11,PASSAGEM AÉREA - SIGEPA,1930.16,LATAM Airlines Brasil
74317,2025,11,PASSAGEM AÉREA - SIGEPA,144.0,LATAM Airlines Brasil
74317,2025,11,PASSAGEM AÉREA - SIGEPA,806.8,LATAM Airlines Brasil
74317,2025,11,PASSAGEM AÉREA - SIGEPA,-278.98,LATAM Airlines Brasil
74317,2025,11,PASSAGEM AÉREA - SIGEPA,819.25,LATAM Airlines Brasil
74317,2025,11,PASSAGEM AÉREA - SIGEPA,537.88,LATAM Airlines Brasil
74317,2025,12,PASSAGEM AÉREA - SIGEPA,-2565.2,LATAM Airlines Brasil
74317,2025,12,PASSAGEM AÉREA - SIGEPA,2565.2,LATAM Airlines Brasil
74317,2025,12,PASSAGEM AÉREA - SIGEPA,2565.2,LATAM Airlines Brasil
74317,2025,12,PASSAGEM AÉREA - SIGEPA,446.54,LATAM Airlines Brasil
74317,2025,12,PASSAGEM AÉREA - SIGEPA,3011.74,LATAM Airlines Brasil
74317,2025,12,PASSAGEM AÉREA - SIGEPA,3011.74,LATAM Airlines Brasil
74317,2025,12,PASSAGEM AÉREA - SIGEPA,126.0,LATAM Airlines Brasil
74317,2025,12,PASSAGEM AÉREA - SIGEPA,2930.77,LATAM Airlines Brasil
74317,2025,12,PASSAGEM AÉREA - SIGEPA,3011.74,LATAM Airlines Brasil
74317,2025,1,PASSAGEM AÉREA - SIGEPA,2977.13,TAM
74317,2025,1,PASSAGEM AÉREA - SIGEPA,1425.56,TAM
74317,2025,1,PASSAGEM AÉREA - SIGEPA,236.68,TAM
74317,2025,1,PASSAGEM AÉREA - SIGEPA,824.8,TAM
74317,2025,1,PASSAGEM AÉREA - SIGEPA,912.39,TAM
74317,2025,1,PASSAGEM AÉREA - SIGEPA,177.13,TAM
74317,2025,1,PASSAGEM AÉREA - SIGEPA,75.0,TAM
74317,2025,1,PASSAGEM AÉREA - SIGEPA,1484.56,TAM
74317,2025,2,PASSAGEM AÉREA - SIGEPA,1484.56,TAM
74317,2025,2,PASSAGEM AÉREA - SIGEPA,1093.06,TAM
74317,2025,3,PASSAGEM AÉREA - SIGEPA,1484.56,TAM
74317,2025,3,PASSAGEM AÉREA - SIGEPA,90.0,TAM
74317,2025,3,PASSAGEM AÉREA - SIGEPA,1497.89,TAM
74317,2025,4,PASSAGEM AÉREA - SIGEPA,85.0,TAM
74317,2025,4,PASSAGEM AÉREA - SIGEPA,90.0,TAM
74317,2025,4,PASSAGEM AÉREA - SIGEPA,2776.35,TAM
74317,2025,4,PASSAGEM AÉREA - SIGEPA,672.34,TAM
74317,2025,4,PASSAGEM AÉREA - SIGEPA,1124.84,TAM
74317,2025,4,PASSAGEM AÉREA - SIGEPA,3355.05,TAM
74317,2025,4,PASSAGEM AÉREA - SIGEPA,1542.18,TAM
74317,2025,5,PASSAGEM AÉREA - SIGEPA,1139.01,TAM
74317,2025,5,PASSAGEM AÉREA - SIGEPA,2467.63,TAM
74317,2025,5,PASSAGEM AÉREA - SIGEPA,450.0,TAM
74317,2025,5,PASSAGEM AÉREA - SIGEPA,765.4,TAM
74317,2025,5,PASSAGEM AÉREA - SIGEPA,-47.44,TAM
74317,2025,5,PASSAGEM AÉREA - SIGEPA,450.0,TAM
74317,2025,5,PASSAGEM AÉREA - SIGEPA,2065.91,TAM
74317,2025,5,PASSAGEM AÉREA - SIGEPA,753.78,TAM
74317,2025,5,PASSAGEM AÉREA - SIGEPA,443.99,TAM
74317,2025,5,PASSAGEM AÉREA - SIGEPA,95.0,TAM
74317,2025,5,PASSAGEM AÉREA - SIGEPA,654.29,TAM
74317,2025,5,PASSAGEM AÉREA - SIGEPA,90.0,TAM
74317,2025,5,PASSAGEM AÉREA - SIGEPA,1942.14,TAM
74317,2025,5,PASSAGEM AÉREA - SIGEPA,2686.03,TAM
74317,2025,6,PASSAGEM AÉREA - SIGEPA,110.0,TAM
74317,2025,6,PASSAGEM AÉREA - SIGEPA,611.03,TAM
74317,2025,6,PASSAGEM AÉREA - SIGEPA,2785.52,TAM
74317,2025,6,PASSAGEM AÉREA - SIGEPA,433.51,TAM
74317,2025,7,PASSAGEM AÉREA - SIGEPA,2626.16,TAM
74317,2025,7,PASSAGEM AÉREA - SIGEPA,868.82,TAM
74317,2025,7,PASSAGEM AÉREA - SIGEPA,607.7,TAM
74317,2025,7,PASSAGEM AÉREA - SIGEPA,2935.12,TAM
74317,2025,7,PASSAGEM AÉREA - SIGEPA,2783.03,TAM
74317,2025,7,PASSAGEM AÉREA - SIGEPA,3556.79,TAM
74317,2025,7,PASSAGEM AÉREA - SIGEPA,2993.11,TAM
74317,2025,7,PASSAGEM AÉREA - SIGEPA,2368.63,TAM
74317,2025,7,PASSAGEM AÉREA - SIGEPA,2148.68,TAM
74317,2026,1,COMBUSTÍVEIS E LUBRIFICANTES.,5903.58,CARVALHO & CARVALHO POSTO DE GASOLINA LTDA
74317,2026,2,COMBUSTÍVEIS E LUBRIFICANTES.,6102.48,CARVALHO & CARVALHO POSTO DE GASOLINA LTDA
74317,2026,3,COMBUSTÍVEIS E LUBRIFICANTES.,5912.78,CARVALHO & CARVALHO POSTO DE GASOLINA LTDA
74317,2026,6,COMBUSTÍVEIS E LUBRIFICANTES.,6172.78,CARVALHO & CARVALHO POSTO DE GASOLINA LTDA
74317,2026,7,COMBUSTÍVEIS E LUBRIFICANTES.,6093.08,POSTO PARENTE GARRA LTDA
74317,2026,4,DIVULGAÇÃO DA ATIVIDADE PARLAMENTAR.,25000.0,Regina S Pessoa LTDA
74317,2026,1,DIVULGAÇÃO DA ATIVIDADE PARLAMENTAR.,6000.0,URBANISMO SERVIÇOS E EVENTOS LTDA
74317,2026,2,DIVULGAÇÃO DA ATIVIDADE PARLAMENTAR.,6000.0,URBANISMO SERVIÇOS E EVENTOS LTDA
74317,2026,3,DIVULGAÇÃO DA ATIVIDADE PARLAMENTAR.,6000.0,URBANISMO SERVIÇOS E EVENTOS LTDA
74317,2026,4,DIVULGAÇÃO DA ATIVIDADE PARLAMENTAR.,8000.0,URBANISMO SERVIÇOS E EVENTOS LTDA
74317,2026,5,TELEFONIA,859.42,TELEFONICA BRASIL S/A - VIVO
74317,2026,1,LOCAÇÃO OU FRETAMENTO DE VEÍCULOS AUTOMOTORES,5000.0,AUTO LESTE LTDA
74317,2026,1,LOCAÇÃO OU FRETAMENTO DE VEÍCULOS AUTOMOTORES,8000.0,AUTO LESTE LTDA
74317,2026,2,LOCAÇÃO OU FRETAMENTO DE VEÍCULOS AUTOMOTORES,5000.0,AUTO LESTE LTDA
74317,2026,2,LOCAÇÃO OU FRETAMENTO DE VEÍCULOS AUTOMOTORES,8000.0,AUTO LESTE LTDA
74317,2026,3,LOCAÇÃO OU FRETAMENTO DE VEÍCULOS AUTOMOTORES,5000.0,AUTO LESTE LTDA
74317,2026,3,LOCAÇÃO OU FRETAMENTO DE VEÍCULOS AUTOMOTORES,8000.0,AUTO LESTE LTDA
74317,2026,4,LOCAÇÃO OU FRETAMENTO DE VEÍCULOS AUTOMOTORES,5000.0,AUTO LESTE LTDA
74317,2026,4,LOCAÇÃO OU FRETAMENTO DE VEÍCULOS AUTOMOTORES,8000.0,AUTO LESTE LTDA
74317,2026,5,LOCAÇÃO OU FRETAMENTO DE VEÍCULOS AUTOMOTORES,5000.0,AUTO LESTE LTDA
74317,2026,5,LOCAÇÃO OU FRETAMENTO DE VEÍCULOS AUTOMOTORES,8000.0,AUTO LESTE LTDA
74317,2026,6,LOCAÇÃO OU FRETAMENTO DE VEÍCULOS AUTOMOTORES,8000.0,AUTO LESTE LTDA
74317,2026,6,LOCAÇÃO OU FRETAMENTO DE VEÍCULOS AUTOMOTORES,5000.0,AUTO LESTE LTDA
74317,2026,7,LOCAÇÃO OU FRETAMENTO DE VEÍCULOS AUTOMOTORES,8000.0,AUTO LESTE LTDA
74317,2026,7,LOCAÇÃO OU FRETAMENTO DE VEÍCULOS AUTOMOTORES,5000.0,AUTO LESTE LTDA
74317,2026,1,PASSAGEM AÉREA - SIGEPA,2200.84,Gol Linhas Aéreas
74317,2026,3,PASSAGEM AÉREA - SIGEPA,-47.44,Gol Linhas Aéreas
74317,2026,2,PASSAGEM AÉREA - SIGEPA,1950.82,Gol Linhas Aéreas
74317,2026,2,PASSAGEM AÉREA - SIGEPA,3442.42,Gol Linhas Aéreas
74317,2026,4,PASSAGEM AÉREA - SIGEPA,2093.59,Gol Linhas Aéreas
74317,2026,4,PASSAGEM AÉREA - SIGEPA,2430.41,Gol Linhas Aéreas
74317,2026,5,PASSAGEM AÉREA - SIGEPA,2149.99,Gol Linhas Aéreas
74317,2026,6,PASSAGEM AÉREA - SIGEPA,2072.81,Gol Linhas Aéreas
74317,2026,6,PASSAGEM AÉREA - SIGEPA,2090.59,Gol Linhas Aéreas
74317,2026,1,PASSAGEM AÉREA - SIGEPA,163.0,LATAM Airlines Brasil
74317,2026,1,PASSAGEM AÉREA - SIGEPA,1408.9,LATAM Airlines Brasil
74317,2026,1,PASSAGEM AÉREA - SIGEPA,-913.87,LATAM Airlines Brasil
74317,2026,1,PASSAGEM AÉREA - SIGEPA,1550.58,LATAM Airlines Brasil
74317,2026,1,PASSAGEM AÉREA - SIGEPA,3026.31,LATAM Airlines Brasil
74317,2026,1,PASSAGEM AÉREA - SIGEPA,2666.59,LATAM Airlines Brasil
74317,2026,1,PASSAGEM AÉREA - SIGEPA,717.53,LATAM Airlines Brasil
74317,2026,1,PASSAGEM AÉREA - SIGEPA,2832.0,LATAM Airlines Brasil
74317,2026,2,PASSAGEM AÉREA - SIGEPA,3011.74,LATAM Airlines Brasil
74317,2026,2,PASSAGEM AÉREA - SIGEPA,2368.34,LATAM Airlines Brasil
74317,2026,2,PASSAGEM AÉREA - SIGEPA,3026.31,LATAM Airlines Brasil
74317,2026,2,PASSAGEM AÉREA - SIGEPA,3011.74,LATAM Airlines Brasil
74317,2026,2,PASSAGEM AÉREA - SIGEPA,2254.69,LATAM Airlines Brasil
74317,2026,3,PASSAGEM AÉREA - SIGEPA,3341.71,LATAM Airlines Brasil
74317,2026,3,PASSAGEM AÉREA - SIGEPA,163.0,LATAM Airlines Brasil
74317,2026,3,PASSAGEM AÉREA - SIGEPA,2684.26,LATAM Airlines Brasil
74317,2026,4,PASSAGEM AÉREA - SIGEPA,1002.96,LATAM Airlines Brasil
74317,2026,4,PASSAGEM AÉREA - SIGEPA,2608.49,LATAM Airlines Brasil
74317,2026,4,PASSAGEM AÉREA - SIGEPA,5112.0,LATAM Airlines Brasil
74317,2026,5,PASSAGEM AÉREA - SIGEPA,-1854.15,LATAM Airlines Brasil
74317,2026,5,PASSAGEM AÉREA - SIGEPA,-163.0,LATAM Airlines Brasil
74317,2026,5,PASSAGEM AÉREA - SIGEPA,3341.51,LATAM Airlines Brasil
74317,2026,5,PASSAGEM AÉREA - SIGEPA,3341.51,LATAM Airlines Brasil
74317,2026,5,PASSAGEM AÉREA - SIGEPA,1860.97,LATAM Airlines Brasil
74317,2026,5,PASSAGEM AÉREA - SIGEPA,1762.16,LATAM Airlines Brasil
204431,2023,2,MANUTENÇÃO DE ESCRITÓRIO DE APOIO À ATIVIDADE PARLAMENTAR,73.24,AGUAS DE TERESINA SAN. SPE SA
204431,2023,2,MANUTENÇÃO DE ESCRITÓRIO DE APOIO À ATIVIDADE PARLAMENTAR,1275.0,MARIA DAS GRACAS NUNES DE SOUSA LEAL
204431,2023,6,MANUTENÇÃO DE ESCRITÓRIO DE APOIO À ATIVIDADE PARLAMENTAR,1265.2,WMS COMERCIO DE ARTIGOS DE PAPELARIA LTDA-ME
204431,2023,11,COMBUSTÍVEIS E LUBRIFICANTES.,120.0,AUTO POSTO CINCO ESTRELAS LTDA - 413 SUL
204431,2023,11,COMBUSTÍVEIS E LUBRIFICANTES.,120.0,AUTO POSTO CINCO ESTRELAS LTDA - 413 SUL
204431,2023,12,COMBUSTÍVEIS E LUBRIFICANTES.,100.0,AUTO POSTO CINCO ESTRELAS LTDA - 413 SUL
204431,2023,12,COMBUSTÍVEIS E LUBRIFICANTES.,80.0,AUTO POSTO CINCO ESTRELAS LTDA - 413 SUL
204431,2023,10,COMBUSTÍVEIS E LUBRIFICANTES.,150.0,AUTO POSTO CINCO ESTRELAS LTDA - 413 SUL
204431,2023,2,COMBUSTÍVEIS E LUBRIFICANTES.,180.0,AUTO POSTO JK LTDA
204431,2023,2,COMBUSTÍVEIS E LUBRIFICANTES.,100.0,AUTO POSTO JK LTDA
204431,2023,2,COMBUSTÍVEIS E LUBRIFICANTES.,150.0,AUTO POSTO JK LTDA
204431,2023,3,COMBUSTÍVEIS E LUBRIFICANTES.,130.0,AUTO POSTO JK LTDA
204431,2023,3,COMBUSTÍVEIS E LUBRIFICANTES.,120.0,AUTO POSTO JK LTDA
204431,2023,3,COMBUSTÍVEIS E LUBRIFICANTES.,150.0,AUTO POSTO JK LTDA
204431,2023,3,COMBUSTÍVEIS E LUBRIFICANTES.,50.0,AUTO POSTO JK LTDA
204431,2023,4,COMBUSTÍVEIS E LUBRIFICANTES.,150.0,AUTO POSTO JK LTDA
204431,2023,4,COMBUSTÍVEIS E LUBRIFICANTES.,150.0,AUTO POSTO JK LTDA
204431,2023,4,COMBUSTÍVEIS E LUBRIFICANTES.,150.0,AUTO POSTO JK LTDA
204431,2023,5,COMBUSTÍVEIS E LUBRIFICANTES.,150.0,AUTO POSTO JK LTDA
204431,2023,5,COMBUSTÍVEIS E LUBRIFICANTES.,150.0,AUTO POSTO JK LTDA
204431,2023,5,COMBUSTÍVEIS E LUBRIFICANTES.,140.0,AUTO POSTO JK LTDA
204431,2023,5,COMBUSTÍVEIS E LUBRIFICANTES.,140.0,AUTO POSTO JK LTDA
204431,2023,6,COMBUSTÍVEIS E LUBRIFICANTES.,130.0,AUTO POSTO JK LTDA
204431,2023,7,COMBUSTÍVEIS E LUBRIFICANTES.,130.0,AUTO POSTO JK LTDA
204431,2023,7,COMBUSTÍVEIS E LUBRIFICANTES.,60.0,AUTO POSTO JK LTDA
204431,2023,8,COMBUSTÍVEIS E LUBRIFICANTES.,120.0,AUTO POSTO JK LTDA
204431,2023,8,COMBUSTÍVEIS E LUBRIFICANTES.,120.0,AUTO POSTO JK LTDA
204431,2023,8,COMBUSTÍVEIS E LUBRIFICANTES.,120.0,AUTO POSTO JK LTDA
204431,2023,9,COMBUSTÍVEIS E LUBRIFICANTES.,120.0,AUTO POSTO JK LTDA
204431,2023,9,COMBUSTÍVEIS E LUBRIFICANTES.,120.0,AUTO POSTO JK LTDA
204431,2023,10,COMBUSTÍVEIS E LUBRIFICANTES.,100.0,AUTO POSTO JK LTDA
204431,2023,10,COMBUSTÍVEIS E LUBRIFICANTES.,100.0,AUTO POSTO JK LTDA
204431,2023,10,COMBUSTÍVEIS E LUBRIFICANTES.,216.62,AUTO POSTO JK LTDA
204431,2023,11,COMBUSTÍVEIS E LUBRIFICANTES.,200.0,AUTO POSTO JK LTDA
204431,2023,12,COMBUSTÍVEIS E LUBRIFICANTES.,170.0,AUTO POSTO JK LTDA.
204431,2023,2,COMBUSTÍVEIS E LUBRIFICANTES.,3000.0,AUTO POSTO SAO JOSE LTDA
204431,2023,2,COMBUSTÍVEIS E LUBRIFICANTES.,4200.0,PARENTE & ARAUJO COMBUSTIVEL LTDA EPP
204431,2023,3,COMBUSTÍVEIS E LUBRIFICANTES.,7300.0,PARENTE & ARAUJO COMBUSTIVEL LTDA EPP
204431,2023,4,COMBUSTÍVEIS E LUBRIFICANTES.,7000.0,PARENTE & ARAUJO COMBUSTIVEL LTDA EPP
204431,2023,5,COMBUSTÍVEIS E LUBRIFICANTES.,7200.0,PARENTE & ARAUJO COMBUSTIVEL LTDA EPP
204431,2023,6,COMBUSTÍVEIS E LUBRIFICANTES.,7300.0,PARENTE & ARAUJO COMBUSTIVEL LTDA EPP
204431,2023,7,COMBUSTÍVEIS E LUBRIFICANTES.,7200.0,PARENTE & ARAUJO COMBUSTIVEL LTDA EPP
204431,2023,8,COMBUSTÍVEIS E LUBRIFICANTES.,7300.0,PARENTE & ARAUJO COMBUSTIVEL LTDA EPP
204431,2023,9,COMBUSTÍVEIS E LUBRIFICANTES.,7200.0,PARENTE & ARAUJO COMBUSTIVEL LTDA EPP
204431,2023,10,COMBUSTÍVEIS E LUBRIFICANTES.,7300.0,PARENTE & ARAUJO COMBUSTIVEL LTDA EPP
204431,2023,11,COMBUSTÍVEIS E LUBRIFICANTES.,7200.0,PARENTE & ARAUJO COMBUSTIVEL LTDA EPP
204431,2023,12,COMBUSTÍVEIS E LUBRIFICANTES.,7300.0,PARENTE & ARAUJO COMBUSTIVEL LTDA EPP
204431,2023,9,COMBUSTÍVEIS E LUBRIFICANTES.,130.0,POSTO DE COMBUSTIVEIS 206 LTDA
204431,2023,5,COMBUSTÍVEIS E LUBRIFICANTES.,150.0,POSTO DE COMBUSTIVEL GUERREIRINHO LTDA
204431,2023,11,COMBUSTÍVEIS E LUBRIFICANTES.,120.0,POSTO ITAMARATY LTDA
204431,2023,9,COMBUSTÍVEIS E LUBRIFICANTES.,130.0,POSTO SANTO EXPEDITO LTDA
204431,2023,5,DIVULGAÇÃO DA ATIVIDADE PARLAMENTAR.,15000.0,ANDRE LUIZ SANTOS MAGALHAES
204431,2023,6,DIVULGAÇÃO DA ATIVIDADE PARLAMENTAR.,15000.0,ANDRE LUIZ SANTOS MAGALHAES
204431,2023,7,DIVULGAÇÃO DA ATIVIDADE PARLAMENTAR.,10000.0,ANDRE LUIZ SANTOS MAGALHAES
204431,2023,8,DIVULGAÇÃO DA ATIVIDADE PARLAMENTAR.,10000.0,ANDRE LUIZ SANTOS MAGALHAES
204431,2023,9,DIVULGAÇÃO DA ATIVIDADE PARLAMENTAR.,11000.0,ANDRE LUIZ SANTOS MAGALHAES
204431,2023,10,DIVULGAÇÃO DA ATIVIDADE PARLAMENTAR.,11000.0,ANDRE LUIZ SANTOS MAGALHAES
204431,2023,11,DIVULGAÇÃO DA ATIVIDADE PARLAMENTAR.,14000.0,ANDRE LUIZ SANTOS MAGALHAES
204431,2023,2,DIVULGAÇÃO DA ATIVIDADE PARLAMENTAR.,15000.0,EXITO COMUNICACAO LTDA
204431,2023,4,DIVULGAÇÃO DA ATIVIDADE PARLAMENTAR.,11000.0,S C DE SOUSA FILHO EIRELI
204431,2023,5,DIVULGAÇÃO DA ATIVIDADE PARLAMENTAR.,11000.0,S C DE SOUSA FILHO EIRELI
204431,2023,6,DIVULGAÇÃO DA ATIVIDADE PARLAMENTAR.,11000.0,S C DE SOUSA FILHO EIRELI
204431,2023,7,DIVULGAÇÃO DA ATIVIDADE PARLAMENTAR.,11000.0,S C DE SOUSA FILHO EIRELI
204431,2023,8,DIVULGAÇÃO DA ATIVIDADE PARLAMENTAR.,11000.0,S C DE SOUSA FILHO EIRELI
204431,2023,9,DIVULGAÇÃO DA ATIVIDADE PARLAMENTAR.,11000.0,S C DE SOUSA FILHO EIRELI
204431,2023,10,DIVULGAÇÃO DA ATIVIDADE PARLAMENTAR.,11000.0,S C DE SOUSA FILHO EIRELI
204431,2023,11,DIVULGAÇÃO DA ATIVIDADE PARLAMENTAR.,11000.0,S C DE SOUSA FILHO EIRELI
204431,2023,3,DIVULGAÇÃO DA ATIVIDADE PARLAMENTAR.,11000.0,S C DE SOUSA FILHO LTDA
204431,2023,3,SERVIÇO DE SEGURANÇA PRESTADO POR EMPRESA ESPECIALIZADA.,8500.0,A4 VIGILANCIA E SEGURANCA PATRIMONIAL EIRELI - EPP
204431,2023,5,SERVIÇO DE SEGURANÇA PRESTADO POR EMPRESA ESPECIALIZADA.,8500.0,A4 VIGILANCIA E SEGURANCA PATRIMONIAL EIRELI - EPP
204431,2023,6,SERVIÇO DE SEGURANÇA PRESTADO POR EMPRESA ESPECIALIZADA.,8500.0,A4 VIGILANCIA E SEGURANCA PATRIMONIAL EIRELI - EPP
204431,2023,7,SERVIÇO DE SEGURANÇA PRESTADO POR EMPRESA ESPECIALIZADA.,8500.0,A4 VIGILANCIA E SEGURANCA PATRIMONIAL EIRELI - EPP
204431,2023,8,SERVIÇO DE SEGURANÇA PRESTADO POR EMPRESA ESPECIALIZADA.,8500.0,A4 VIGILANCIA E SEGURANCA PATRIMONIAL EIRELI - EPP
204431,2023,4,SERVIÇO DE SEGURANÇA PRESTADO POR EMPRESA ESPECIALIZADA.,8500.0,A4 VIGILANCIA E SEGURANCA PATRIMONIAL LTDA
204431,2023,2,LOCAÇÃO OU FRETAMENTO DE VEÍCULOS AUTOMOTORES,12000.0,ABAETE EMPREENDIMENTOS LTDA
204431,2023,3,LOCAÇÃO OU FRETAMENTO DE VEÍCULOS AUTOMOTORES,12000.0,AUTO LESTE LTDA
204431,2023,4,LOCAÇÃO OU FRETAMENTO DE VEÍCULOS AUTOMOTORES,12000.0,AUTO LESTE LTDA
204431,2023,5,LOCAÇÃO OU FRETAMENTO DE VEÍCULOS AUTOMOTORES,12000.0,AUTO LESTE LTDA
204431,2023,6,LOCAÇÃO OU FRETAMENTO DE VEÍCULOS AUTOMOTORES,12000.0,AUTO LESTE LTDA
204431,2023,7,LOCAÇÃO OU FRETAMENTO DE VEÍCULOS AUTOMOTORES,12000.0,AUTO LESTE LTDA
204431,2023,8,LOCAÇÃO OU FRETAMENTO DE VEÍCULOS AUTOMOTORES,12000.0,AUTO LESTE LTDA
204431,2023,9,LOCAÇÃO OU FRETAMENTO DE VEÍCULOS AUTOMOTORES,12000.0,AUTO LESTE LTDA
204431,2023,10,LOCAÇÃO OU FRETAMENTO DE VEÍCULOS AUTOMOTORES,12000.0,AUTO LESTE LTDA
204431,2023,11,LOCAÇÃO OU FRETAMENTO DE VEÍCULOS AUTOMOTORES,12000.0,AUTO LESTE LTDA
204431,2023,12,LOCAÇÃO OU FRETAMENTO DE VEÍCULOS AUTOMOTORES,12000.0,AUTO LESTE LTDA
204431,2023,12,PASSAGEM AÉREA - SIGEPA,1911.65,GOL
204431,2023,6,PASSAGEM AÉREA - SIGEPA,1856.67,GOL
204431,2023,6,PASSAGEM AÉREA - SIGEPA,1753.88,GOL
204431,2023,2,PASSAGEM AÉREA - SIGEPA,2606.26,TAM
204431,2023,2,PASSAGEM AÉREA - SIGEPA,1819.74,TAM
204431,2023,2,PASSAGEM AÉREA - SIGEPA,1808.37,TAM
204431,2023,4,PASSAGEM AÉREA - SIGEPA,1808.37,TAM
204431,2023,4,PASSAGEM AÉREA - SIGEPA,1808.37,TAM
204431,2023,4,PASSAGEM AÉREA - SIGEPA,1823.34,TAM
204431,2023,4,PASSAGEM AÉREA - SIGEPA,1823.34,TAM
204431,2023,5,PASSAGEM AÉREA - SIGEPA,1823.34,TAM
204431,2023,5,PASSAGEM AÉREA - SIGEPA,1381.34,TAM
204431,2023,5,PASSAGEM AÉREA - SIGEPA,1808.37,TAM
204431,2023,6,PASSAGEM AÉREA - SIGEPA,1808.37,TAM
204431,2023,6,PASSAGEM AÉREA - SIGEPA,1808.37,TAM
204431,2023,7,PASSAGEM AÉREA - SIGEPA,1808.37,TAM
204431,2023,7,PASSAGEM AÉREA - SIGEPA,1808.37,TAM
204431,2023,8,PASSAGEM AÉREA - SIGEPA,1823.34,TAM
204431,2023,8,PASSAGEM AÉREA - SIGEPA,1809.51,TAM
204431,2023,9,PASSAGEM AÉREA - SIGEPA,59.0,TAM
204431,2023,9,PASSAGEM AÉREA - SIGEPA,1367.51,TAM
204431,2023,9,PASSAGEM AÉREA - SIGEPA,1809.51,TAM
204431,2023,9,PASSAGEM AÉREA - SIGEPA,1823.34,TAM
204431,2023,10,PASSAGEM AÉREA - SIGEPA,1809.51,TAM
204431,2023,10,PASSAGEM AÉREA - SIGEPA,1256.71,TAM
204431,2023,10,PASSAGEM AÉREA - SIGEPA,1823.34,TAM
204431,2023,10,PASSAGEM AÉREA - SIGEPA,1823.34,TAM
204431,2023,10,PASSAGEM AÉREA - SIGEPA,1592.08,TAM
204431,2023,11,PASSAGEM AÉREA - SIGEPA,1809.51,TAM
204431,2023,12,PASSAGEM AÉREA - SIGEPA,-1823.34,TAM
204431,2023,12,PASSAGEM AÉREA - SIGEPA,1823.34,TAM
204431,2023,12,PASSAGEM AÉREA - SIGEPA,87.0,TAM
204431,2023,12,PASSAGEM AÉREA - SIGEPA,1367.51,TAM
204431,2023,1,MANUTENÇÃO DE ESCRITÓRIO DE APOIO À ATIVIDADE PARLAMENTAR,227.3,Claro NXT Telecomunicações S.A
204431,2023,1,LOCAÇÃO OU FRETAMENTO DE VEÍCULOS AUTOMOTORES,12000.0,AUTO LESTE LTDA
204431,2024,8,COMBUSTÍVEIS E LUBRIFICANTES.,100.0,AUTO POSTO CINCO ESTRELAS LTDA
204431,2024,11,COMBUSTÍVEIS E LUBRIFICANTES.,100.0,AUTO POSTO CINCO ESTRELAS LTDA
204431,2024,11,COMBUSTÍVEIS E LUBRIFICANTES.,90.0,AUTO POSTO CINCO ESTRELAS LTDA
204431,2024,2,COMBUSTÍVEIS E LUBRIFICANTES.,100.0,AUTO POSTO CINCO ESTRELAS LTDA - 413 SUL
204431,2024,2,COMBUSTÍVEIS E LUBRIFICANTES.,100.0,AUTO POSTO CINCO ESTRELAS LTDA - 413 SUL
204431,2024,2,COMBUSTÍVEIS E LUBRIFICANTES.,80.0,AUTO POSTO CINCO ESTRELAS LTDA - 413 SUL
204431,2024,3,COMBUSTÍVEIS E LUBRIFICANTES.,80.0,AUTO POSTO CINCO ESTRELAS LTDA - 413 SUL
204431,2024,3,COMBUSTÍVEIS E LUBRIFICANTES.,50.0,AUTO POSTO CINCO ESTRELAS LTDA - 413 SUL
204431,2024,3,COMBUSTÍVEIS E LUBRIFICANTES.,80.0,AUTO POSTO CINCO ESTRELAS LTDA - 413 SUL
204431,2024,3,COMBUSTÍVEIS E LUBRIFICANTES.,50.0,AUTO POSTO CINCO ESTRELAS LTDA - 413 SUL
204431,2024,4,COMBUSTÍVEIS E LUBRIFICANTES.,90.0,AUTO POSTO CINCO ESTRELAS LTDA - 413 SUL
204431,2024,6,COMBUSTÍVEIS E LUBRIFICANTES.,90.0,AUTO POSTO CINCO ESTRELAS LTDA - 413 SUL
204431,2024,6,COMBUSTÍVEIS E LUBRIFICANTES.,100.0,AUTO POSTO CINCO ESTRELAS LTDA - 413 SUL
204431,2024,12,COMBUSTÍVEIS E LUBRIFICANTES.,116.09,AUTO POSTO JK LTDA
204431,2024,11,COMBUSTÍVEIS E LUBRIFICANTES.,100.0,AUTO POSTO ORIGINAL BRASILIA 414 DERIVADOS DE PETROLEO LTDA
204431,2024,1,COMBUSTÍVEIS E LUBRIFICANTES.,7200.0,PARENTE & ARAUJO COMBUSTIVEL LTDA EPP
204431,2024,2,COMBUSTÍVEIS E LUBRIFICANTES.,7300.0,PARENTE & ARAUJO COMBUSTIVEL LTDA EPP
204431,2024,3,COMBUSTÍVEIS E LUBRIFICANTES.,7200.0,PARENTE & ARAUJO COMBUSTIVEL LTDA EPP
204431,2024,4,COMBUSTÍVEIS E LUBRIFICANTES.,7300.0,PARENTE & ARAUJO COMBUSTIVEL LTDA EPP
204431,2024,5,COMBUSTÍVEIS E LUBRIFICANTES.,7200.0,PARENTE & ARAUJO COMBUSTIVEL LTDA EPP
204431,2024,6,COMBUSTÍVEIS E LUBRIFICANTES.,7300.0,PARENTE & ARAUJO COMBUSTIVEL LTDA EPP
204431,2024,7,COMBUSTÍVEIS E LUBRIFICANTES.,7200.0,PARENTE & ARAUJO COMBUSTIVEL LTDA EPP
204431,2024,8,COMBUSTÍVEIS E LUBRIFICANTES.,7300.0,PARENTE & ARAUJO COMBUSTIVEL LTDA EPP
204431,2024,9,COMBUSTÍVEIS E LUBRIFICANTES.,7200.0,PARENTE & ARAUJO COMBUSTIVEL LTDA EPP
204431,2024,10,COMBUSTÍVEIS E LUBRIFICANTES.,7300.0,PARENTE & ARAUJO COMBUSTIVEL LTDA EPP
204431,2024,11,COMBUSTÍVEIS E LUBRIFICANTES.,7200.0,PARENTE & ARAUJO COMBUSTIVEL LTDA EPP
204431,2024,12,COMBUSTÍVEIS E LUBRIFICANTES.,7300.0,PARENTE & ARAUJO COMBUSTIVEL LTDA EPP
204431,2024,12,COMBUSTÍVEIS E LUBRIFICANTES.,80.0,POSTO 212 SUL LTDA
204431,2024,10,COMBUSTÍVEIS E LUBRIFICANTES.,100.0,POSTO DE SERVICO 307 LTDA
204431,2024,6,COMBUSTÍVEIS E LUBRIFICANTES.,75.0,POSTO Z + Z 314 SUL LTDA
204431,2024,1,DIVULGAÇÃO DA ATIVIDADE PARLAMENTAR.,14000.0,ANDRE LUIZ SANTOS MAGALHAES
204431,2024,2,DIVULGAÇÃO DA ATIVIDADE PARLAMENTAR.,14000.0,ANDRE LUIZ SANTOS MAGALHAES
204431,2024,3,DIVULGAÇÃO DA ATIVIDADE PARLAMENTAR.,14000.0,ANDRE LUIZ SANTOS MAGALHAES
204431,2024,4,DIVULGAÇÃO DA ATIVIDADE PARLAMENTAR.,14000.0,ANDRE LUIZ SANTOS MAGALHAES
204431,2024,5,DIVULGAÇÃO DA ATIVIDADE PARLAMENTAR.,14000.0,ANDRE LUIZ SANTOS MAGALHAES
204431,2024,6,DIVULGAÇÃO DA ATIVIDADE PARLAMENTAR.,14000.0,ANDRE LUIZ SANTOS MAGALHAES
204431,2024,7,DIVULGAÇÃO DA ATIVIDADE PARLAMENTAR.,14000.0,ANDRE LUIZ SANTOS MAGALHAES
204431,2024,8,DIVULGAÇÃO DA ATIVIDADE PARLAMENTAR.,14000.0,ANDRE LUIZ SANTOS MAGALHAES
204431,2024,9,DIVULGAÇÃO DA ATIVIDADE PARLAMENTAR.,14000.0,ANDRE LUIZ SANTOS MAGALHAES
204431,2024,10,DIVULGAÇÃO DA ATIVIDADE PARLAMENTAR.,14000.0,ANDRE LUIZ SANTOS MAGALHAES
204431,2024,12,DIVULGAÇÃO DA ATIVIDADE PARLAMENTAR.,14000.0,ANDRE LUIZ SANTOS MAGALHAES
204431,2024,11,DIVULGAÇÃO DA ATIVIDADE PARLAMENTAR.,9000.0,ANDRE LUIZ SANTOS MAGALHAES
204431,2024,1,DIVULGAÇÃO DA ATIVIDADE PARLAMENTAR.,11000.0,S C DE SOUSA FILHO EIRELI
204431,2024,2,DIVULGAÇÃO DA ATIVIDADE PARLAMENTAR.,11000.0,SS COMUNICACAO LTDA
204431,2024,3,DIVULGAÇÃO DA ATIVIDADE PARLAMENTAR.,11000.0,SS COMUNICACAO LTDA
204431,2024,4,DIVULGAÇÃO DA ATIVIDADE PARLAMENTAR.,11000.0,SS COMUNICACAO LTDA
204431,2024,5,DIVULGAÇÃO DA ATIVIDADE PARLAMENTAR.,11000.0,SS COMUNICACAO LTDA
204431,2024,6,DIVULGAÇÃO DA ATIVIDADE PARLAMENTAR.,11000.0,SS COMUNICACAO LTDA
204431,2024,7,DIVULGAÇÃO DA ATIVIDADE PARLAMENTAR.,11000.0,SS COMUNICACAO LTDA
204431,2024,8,DIVULGAÇÃO DA ATIVIDADE PARLAMENTAR.,11000.0,SS COMUNICACAO LTDA
204431,2024,9,DIVULGAÇÃO DA ATIVIDADE PARLAMENTAR.,11000.0,SS COMUNICACAO LTDA
204431,2024,10,DIVULGAÇÃO DA ATIVIDADE PARLAMENTAR.,11000.0,SS COMUNICACAO LTDA
204431,2024,11,DIVULGAÇÃO DA ATIVIDADE PARLAMENTAR.,11000.0,SS COMUNICACAO LTDA
204431,2024,12,DIVULGAÇÃO DA ATIVIDADE PARLAMENTAR.,11000.0,SS COMUNICACAO LTDA
204431,2024,1,LOCAÇÃO OU FRETAMENTO DE VEÍCULOS AUTOMOTORES,12000.0,AUTO LESTE LTDA
204431,2024,2,LOCAÇÃO OU FRETAMENTO DE VEÍCULOS AUTOMOTORES,12000.0,AUTO LESTE LTDA
204431,2024,3,LOCAÇÃO OU FRETAMENTO DE VEÍCULOS AUTOMOTORES,12000.0,AUTO LESTE LTDA
204431,2024,4,LOCAÇÃO OU FRETAMENTO DE VEÍCULOS AUTOMOTORES,12000.0,AUTO LESTE LTDA
204431,2024,5,LOCAÇÃO OU FRETAMENTO DE VEÍCULOS AUTOMOTORES,12000.0,AUTO LESTE LTDA
204431,2024,6,LOCAÇÃO OU FRETAMENTO DE VEÍCULOS AUTOMOTORES,12000.0,AUTO LESTE LTDA
204431,2024,7,LOCAÇÃO OU FRETAMENTO DE VEÍCULOS AUTOMOTORES,12000.0,AUTO LESTE LTDA
204431,2024,8,LOCAÇÃO OU FRETAMENTO DE VEÍCULOS AUTOMOTORES,12000.0,AUTO LESTE LTDA
204431,2024,9,LOCAÇÃO OU FRETAMENTO DE VEÍCULOS AUTOMOTORES,12000.0,AUTO LESTE LTDA
204431,2024,10,LOCAÇÃO OU FRETAMENTO DE VEÍCULOS AUTOMOTORES,12000.0,AUTO LESTE LTDA
204431,2024,11,LOCAÇÃO OU FRETAMENTO DE VEÍCULOS AUTOMOTORES,12000.0,AUTO LESTE LTDA
204431,2024,12,LOCAÇÃO OU FRETAMENTO DE VEÍCULOS AUTOMOTORES,12000.0,AUTO LESTE LTDA
204431,2024,4,PASSAGEM AÉREA - SIGEPA,-1817.55,GOL
204431,2024,12,PASSAGEM AÉREA - SIGEPA,2001.89,GOL
204431,2024,6,PASSAGEM AÉREA - SIGEPA,-1668.36,GOL
204431,2024,1,PASSAGEM AÉREA - SIGEPA,1809.51,TAM
204431,2024,2,PASSAGEM AÉREA - SIGEPA,1656.1,TAM
204431,2024,3,PASSAGEM AÉREA - SIGEPA,1650.53,TAM
204431,2024,3,PASSAGEM AÉREA - SIGEPA,172.81,TAM
204431,2024,3,PASSAGEM AÉREA - SIGEPA,1367.51,TAM
204431,2024,3,PASSAGEM AÉREA - SIGEPA,87.0,TAM
204431,2024,3,PASSAGEM AÉREA - SIGEPA,1383.56,TAM
204431,2024,4,PASSAGEM AÉREA - SIGEPA,1825.56,TAM
204431,2024,5,PASSAGEM AÉREA - SIGEPA,1809.51,TAM
204431,2024,5,PASSAGEM AÉREA - SIGEPA,110.0,TAM
204431,2024,5,PASSAGEM AÉREA - SIGEPA,1367.51,TAM
204431,2024,5,PASSAGEM AÉREA - SIGEPA,1825.56,TAM
204431,2024,6,PASSAGEM AÉREA - SIGEPA,1367.51,TAM
204431,2024,6,PASSAGEM AÉREA - SIGEPA,90.0,TAM
204431,2024,6,PASSAGEM AÉREA - SIGEPA,1383.56,TAM
204431,2024,6,PASSAGEM AÉREA - SIGEPA,90.0,TAM
204431,2024,6,PASSAGEM AÉREA - SIGEPA,1367.51,TAM
204431,2024,6,PASSAGEM AÉREA - SIGEPA,1590.14,TAM
204431,2024,6,PASSAGEM AÉREA - SIGEPA,456.87,TAM
204431,2024,6,PASSAGEM AÉREA - SIGEPA,101.0,TAM
204431,2024,8,PASSAGEM AÉREA - SIGEPA,1710.42,TAM
204431,2024,8,PASSAGEM AÉREA - SIGEPA,75.0,TAM
204431,2024,8,PASSAGEM AÉREA - SIGEPA,1484.56,TAM
204431,2024,8,PASSAGEM AÉREA - SIGEPA,80.0,TAM
204431,2024,8,PASSAGEM AÉREA - SIGEPA,1468.51,TAM
204431,2024,8,PASSAGEM AÉREA - SIGEPA,100.0,TAM
204431,2024,8,PASSAGEM AÉREA - SIGEPA,1484.56,TAM
204431,2024,8,PASSAGEM AÉREA - SIGEPA,475.0,TAM
204431,2024,8,PASSAGEM AÉREA - SIGEPA,204.67,TAM
204431,2024,10,PASSAGEM AÉREA - SIGEPA,1944.95,TAM
204431,2024,10,PASSAGEM AÉREA - SIGEPA,80.0,TAM
204431,2024,10,PASSAGEM AÉREA - SIGEPA,1469.95,TAM
204431,2024,11,PASSAGEM AÉREA - SIGEPA,1959.56,TAM
204431,2024,11,PASSAGEM AÉREA - SIGEPA,1469.95,TAM
204431,2024,11,PASSAGEM AÉREA - SIGEPA,475.0,TAM
204431,2024,11,PASSAGEM AÉREA - SIGEPA,75.0,TAM
204431,2024,11,PASSAGEM AÉREA - SIGEPA,1469.95,TAM
204431,2024,11,PASSAGEM AÉREA - SIGEPA,1944.95,TAM
204431,2024,12,PASSAGEM AÉREA - SIGEPA,1944.95,TAM
204431,2024,12,PASSAGEM AÉREA - SIGEPA,100.0,TAM
204431,2024,12,PASSAGEM AÉREA - SIGEPA,491.6,TAM
204431,2024,12,PASSAGEM AÉREA - SIGEPA,-30.95,TAM
204431,2024,12,PASSAGEM AÉREA - SIGEPA,100.0,TAM
204431,2024,12,PASSAGEM AÉREA - SIGEPA,817.52,TAM
204431,2024,12,PASSAGEM AÉREA - SIGEPA,100.0,TAM
204431,2024,12,PASSAGEM AÉREA - SIGEPA,817.52,TAM
204431,2025,2,COMBUSTÍVEIS E LUBRIFICANTES.,150.0,AUTO POSTO JK LTDA
204431,2025,1,COMBUSTÍVEIS E LUBRIFICANTES.,7200.0,PARENTE & ARAUJO COMBUSTIVEL LTDA EPP
204431,2025,2,COMBUSTÍVEIS E LUBRIFICANTES.,7300.0,PARENTE & ARAUJO COMBUSTIVEL LTDA EPP
204431,2025,3,COMBUSTÍVEIS E LUBRIFICANTES.,7200.0,PARENTE & ARAUJO COMBUSTIVEL LTDA EPP
204431,2025,4,COMBUSTÍVEIS E LUBRIFICANTES.,7300.0,PARENTE & ARAUJO COMBUSTIVEL LTDA EPP
204431,2025,5,COMBUSTÍVEIS E LUBRIFICANTES.,7200.0,PARENTE & ARAUJO COMBUSTIVEL LTDA EPP
204431,2025,6,COMBUSTÍVEIS E LUBRIFICANTES.,7300.0,PARENTE & ARAUJO COMBUSTIVEL LTDA EPP
204431,2025,7,COMBUSTÍVEIS E LUBRIFICANTES.,7200.0,PARENTE & ARAUJO COMBUSTIVEL LTDA EPP
204431,2025,8,COMBUSTÍVEIS E LUBRIFICANTES.,7300.0,PARENTE & ARAUJO COMBUSTIVEL LTDA EPP
204431,2025,9,COMBUSTÍVEIS E LUBRIFICANTES.,7200.0,PARENTE & ARAUJO COMBUSTIVEL LTDA EPP
204431,2025,10,COMBUSTÍVEIS E LUBRIFICANTES.,7300.0,PARENTE & ARAUJO COMBUSTIVEL LTDA EPP
204431,2025,11,COMBUSTÍVEIS E LUBRIFICANTES.,7200.0,PARENTE & ARAUJO COMBUSTIVEL LTDA EPP
204431,2025,12,COMBUSTÍVEIS E LUBRIFICANTES.,6000.0,PARENTE & ARAUJO COMBUSTIVEL LTDA EPP
204431,2025,2,COMBUSTÍVEIS E LUBRIFICANTES.,100.0,POSTO DE COMBUSTIVEIS 206 LTDA
204431,2025,2,COMBUSTÍVEIS E LUBRIFICANTES.,100.0,POSTO SANTO EXPEDITO LTDA
204431,2025,1,DIVULGAÇÃO DA ATIVIDADE PARLAMENTAR.,14000.0,ANDRE LUIZ SANTOS MAGALHAES
204431,2025,2,DIVULGAÇÃO DA ATIVIDADE PARLAMENTAR.,14000.0,ANDRE LUIZ SANTOS MAGALHAES
204431,2025,3,DIVULGAÇÃO DA ATIVIDADE PARLAMENTAR.,14000.0,ANDRE LUIZ SANTOS MAGALHAES
204431,2025,4,DIVULGAÇÃO DA ATIVIDADE PARLAMENTAR.,14000.0,ANDRE LUIZ SANTOS MAGALHAES
204431,2025,5,DIVULGAÇÃO DA ATIVIDADE PARLAMENTAR.,14000.0,ANDRE LUIZ SANTOS MAGALHAES
204431,2025,6,DIVULGAÇÃO DA ATIVIDADE PARLAMENTAR.,14000.0,ANDRE LUIZ SANTOS MAGALHAES
204431,2025,7,DIVULGAÇÃO DA ATIVIDADE PARLAMENTAR.,14000.0,ANDRE LUIZ SANTOS MAGALHAES
204431,2025,8,DIVULGAÇÃO DA ATIVIDADE PARLAMENTAR.,14000.0,ANDRE LUIZ SANTOS MAGALHAES
204431,2025,9,DIVULGAÇÃO DA ATIVIDADE PARLAMENTAR.,14000.0,ANDRE LUIZ SANTOS MAGALHAES
204431,2025,10,DIVULGAÇÃO DA ATIVIDADE PARLAMENTAR.,14000.0,ANDRE LUIZ SANTOS MAGALHAES
204431,2025,11,DIVULGAÇÃO DA ATIVIDADE PARLAMENTAR.,10000.0,ANDRE LUIZ SANTOS MAGALHAES
204431,2025,1,DIVULGAÇÃO DA ATIVIDADE PARLAMENTAR.,11000.0,SS COMUNICACAO LTDA
204431,2025,2,DIVULGAÇÃO DA ATIVIDADE PARLAMENTAR.,11000.0,SS COMUNICACAO LTDA
204431,2025,3,DIVULGAÇÃO DA ATIVIDADE PARLAMENTAR.,11000.0,SS COMUNICACAO LTDA
204431,2025,4,DIVULGAÇÃO DA ATIVIDADE PARLAMENTAR.,11000.0,SS COMUNICACAO LTDA
204431,2025,5,DIVULGAÇÃO DA ATIVIDADE PARLAMENTAR.,11000.0,SS COMUNICACAO LTDA
204431,2025,6,DIVULGAÇÃO DA ATIVIDADE PARLAMENTAR.,11000.0,SS COMUNICACAO LTDA
204431,2025,7,DIVULGAÇÃO DA ATIVIDADE PARLAMENTAR.,11000.0,SS COMUNICACAO LTDA
204431,2025,8,DIVULGAÇÃO DA ATIVIDADE PARLAMENTAR.,11000.0,SS COMUNICACAO LTDA
204431,2025,9,DIVULGAÇÃO DA ATIVIDADE PARLAMENTAR.,11000.0,SS COMUNICACAO LTDA
204431,2025,10,DIVULGAÇÃO DA ATIVIDADE PARLAMENTAR.,11000.0,SS COMUNICACAO LTDA
204431,2025,11,DIVULGAÇÃO DA ATIVIDADE PARLAMENTAR.,11000.0,SS COMUNICACAO LTDA
204431,2025,12,DIVULGAÇÃO DA ATIVIDADE PARLAMENTAR.,11000.0,SS COMUNICACAO LTDA
204431,2025,1,LOCAÇÃO OU FRETAMENTO DE VEÍCULOS AUTOMOTORES,12000.0,AUTO LESTE LTDA
204431,2025,2,LOCAÇÃO OU FRETAMENTO DE VEÍCULOS AUTOMOTORES,12000.0,AUTO LESTE LTDA
204431,2025,3,LOCAÇÃO OU FRETAMENTO DE VEÍCULOS AUTOMOTORES,12000.0,AUTO LESTE LTDA
204431,2025,4,LOCAÇÃO OU FRETAMENTO DE VEÍCULOS AUTOMOTORES,12000.0,AUTO LESTE LTDA
204431,2025,5,LOCAÇÃO OU FRETAMENTO DE VEÍCULOS AUTOMOTORES,12000.0,AUTO LESTE LTDA
204431,2025,6,LOCAÇÃO OU FRETAMENTO DE VEÍCULOS AUTOMOTORES,12000.0,AUTO LESTE LTDA
204431,2025,7,LOCAÇÃO OU FRETAMENTO DE VEÍCULOS AUTOMOTORES,12000.0,AUTO LESTE LTDA
204431,2025,8,LOCAÇÃO OU FRETAMENTO DE VEÍCULOS AUTOMOTORES,12000.0,AUTO LESTE LTDA
204431,2025,9,LOCAÇÃO OU FRETAMENTO DE VEÍCULOS AUTOMOTORES,12000.0,AUTO LESTE LTDA
204431,2025,10,LOCAÇÃO OU FRETAMENTO DE VEÍCULOS AUTOMOTORES,12000.0,AUTO LESTE LTDA
204431,2025,11,LOCAÇÃO OU FRETAMENTO DE VEÍCULOS AUTOMOTORES,12000.0,AUTO LESTE LTDA
204431,2025,1,PASSAGEM AÉREA - SIGEPA,1996.49,GOL
204431,2025,9,PASSAGEM AÉREA - SIGEPA,2206.84,Gol Linhas Aéreas
204431,2025,9,PASSAGEM AÉREA - SIGEPA,1956.41,Gol Linhas Aéreas
204431,2025,11,PASSAGEM AÉREA - SIGEPA,1944.27,LATAM Airlines Brasil
204431,2025,1,PASSAGEM AÉREA - SIGEPA,90.0,TAM
204431,2025,1,PASSAGEM AÉREA - SIGEPA,3285.66,TAM
204431,2025,2,PASSAGEM AÉREA - SIGEPA,90.0,TAM
204431,2025,2,PASSAGEM AÉREA - SIGEPA,1079.42,TAM
204431,2025,2,PASSAGEM AÉREA - SIGEPA,1664.39,TAM
204431,2025,2,PASSAGEM AÉREA - SIGEPA,1317.07,TAM
204431,2025,2,PASSAGEM AÉREA - SIGEPA,236.68,TAM
204431,2025,2,PASSAGEM AÉREA - SIGEPA,1316.1,TAM
204431,2025,2,PASSAGEM AÉREA - SIGEPA,97.0,TAM
204431,2025,2,PASSAGEM AÉREA - SIGEPA,1164.84,TAM
204431,2025,2,PASSAGEM AÉREA - SIGEPA,1263.72,TAM
204431,2025,2,PASSAGEM AÉREA - SIGEPA,661.34,TAM
204431,2025,3,PASSAGEM AÉREA - SIGEPA,1080.39,TAM
204431,2025,3,PASSAGEM AÉREA - SIGEPA,110.0,TAM
204431,2025,3,PASSAGEM AÉREA - SIGEPA,1291.85,TAM
204431,2025,4,PASSAGEM AÉREA - SIGEPA,1419.89,TAM
204431,2025,4,PASSAGEM AÉREA - SIGEPA,1944.95,TAM
204431,2025,4,PASSAGEM AÉREA - SIGEPA,75.0,TAM
204431,2025,4,PASSAGEM AÉREA - SIGEPA,2601.71,TAM
204431,2025,4,PASSAGEM AÉREA - SIGEPA,1655.55,TAM
204431,2025,5,PASSAGEM AÉREA - SIGEPA,85.0,TAM
204431,2025,5,PASSAGEM AÉREA - SIGEPA,2976.51,TAM
204431,2025,5,PASSAGEM AÉREA - SIGEPA,937.61,TAM
204431,2025,5,PASSAGEM AÉREA - SIGEPA,1130.39,TAM
204431,2025,6,PASSAGEM AÉREA - SIGEPA,2613.71,TAM
204431,2025,6,PASSAGEM AÉREA - SIGEPA,2976.62,TAM
204431,2025,7,PASSAGEM AÉREA - SIGEPA,2573.04,TAM
204431,2025,7,PASSAGEM AÉREA - SIGEPA,2556.55,TAM
204431,2025,7,PASSAGEM AÉREA - SIGEPA,420.07,TAM
204431,2025,7,PASSAGEM AÉREA - SIGEPA,102.0,TAM
204431,2025,7,PASSAGEM AÉREA - SIGEPA,2869.46,TAM
204431,2026,1,COMBUSTÍVEIS E LUBRIFICANTES.,7200.0,PARENTE & ARAUJO COMBUSTIVEL LTDA EPP
204431,2026,2,COMBUSTÍVEIS E LUBRIFICANTES.,7300.0,PARENTE & ARAUJO COMBUSTIVEL LTDA EPP
204431,2026,3,COMBUSTÍVEIS E LUBRIFICANTES.,7200.0,PARENTE & ARAUJO COMBUSTIVEL LTDA EPP
204431,2026,4,COMBUSTÍVEIS E LUBRIFICANTES.,7300.0,PARENTE & ARAUJO COMBUSTIVEL LTDA EPP
204431,2026,5,COMBUSTÍVEIS E LUBRIFICANTES.,7200.0,PARENTE & ARAUJO COMBUSTIVEL LTDA EPP
204431,2026,6,COMBUSTÍVEIS E LUBRIFICANTES.,7300.0,PARENTE & ARAUJO COMBUSTIVEL LTDA EPP
204431,2026,1,DIVULGAÇÃO DA ATIVIDADE PARLAMENTAR.,14000.0,ANDRE LUIZ SANTOS MAGALHAES
204431,2026,2,DIVULGAÇÃO DA ATIVIDADE PARLAMENTAR.,14000.0,ANDRE LUIZ SANTOS MAGALHAES
204431,2026,3,DIVULGAÇÃO DA ATIVIDADE PARLAMENTAR.,14000.0,ANDRE LUIZ SANTOS MAGALHAES
204431,2026,4,DIVULGAÇÃO DA ATIVIDADE PARLAMENTAR.,14000.0,ANDRE LUIZ SANTOS MAGALHAES
204431,2026,1,DIVULGAÇÃO DA ATIVIDADE PARLAMENTAR.,11000.0,SS COMUNICACAO LTDA
204431,2026,2,DIVULGAÇÃO DA ATIVIDADE PARLAMENTAR.,11000.0,SS COMUNICACAO LTDA
204431,2026,3,DIVULGAÇÃO DA ATIVIDADE PARLAMENTAR.,11000.0,SS COMUNICACAO LTDA
204431,2026,4,DIVULGAÇÃO DA ATIVIDADE PARLAMENTAR.,11000.0,SS COMUNICACAO LTDA
204431,2026,5,DIVULGAÇÃO DA ATIVIDADE PARLAMENTAR.,11000.0,SS COMUNICACAO LTDA
204431,2026,1,LOCAÇÃO OU FRETAMENTO DE VEÍCULOS AUTOMOTORES,12000.0,AUTO LESTE LTDA
204431,2026,2,LOCAÇÃO OU FRETAMENTO DE VEÍCULOS AUTOMOTORES,12000.0,AUTO LESTE LTDA
204431,2026,3,LOCAÇÃO OU FRETAMENTO DE VEÍCULOS AUTOMOTORES,12000.0,AUTO LESTE LTDA
204431,2026,4,LOCAÇÃO OU FRETAMENTO DE VEÍCULOS AUTOMOTORES,12000.0,AUTO LESTE LTDA
204431,2026,5,LOCAÇÃO OU FRETAMENTO DE VEÍCULOS AUTOMOTORES,12000.0,AUTO LESTE LTDA
204431,2026,7,LOCAÇÃO OU FRETAMENTO DE VEÍCULOS AUTOMOTORES,12000.0,AUTO LESTE LTDA
204431,2026,3,PASSAGEM AÉREA - SIGEPA,1866.71,LATAM Airlines Brasil
204431,2026,3,PASSAGEM AÉREA - SIGEPA,2402.06,LATAM Airlines Brasil
204431,2026,3,PASSAGEM AÉREA - SIGEPA,2387.49,LATAM Airlines Brasil
204431,2026,4,PASSAGEM AÉREA - SIGEPA,2580.5,LATAM Airlines Brasil
204431,2026,5,PASSAGEM AÉREA - SIGEPA,3394.3,LATAM Airlines Brasil
204431,2026,5,PASSAGEM AÉREA - SIGEPA,2343.02,LATAM Airlines Brasil
204431,2026,6,PASSAGEM AÉREA - SIGEPA,3839.92,LATAM Airlines Brasil
188097,2023,1,DIVULGAÇÃO DA ATIVIDADE PARLAMENTAR.,300.0,ASSOCIA;'AO COMUNIT[ARIO DE RADIO DIFUS'AO DE PEDRO II
188097,2023,1,DIVULGAÇÃO DA ATIVIDADE PARLAMENTAR.,500.0,VISUAL CLIPAGEM
188097,2023,1,TELEFONIA,235.8,CELULAR FUNCIONAL
188097,2023,2,MANUTENÇÃO DE ESCRITÓRIO DE APOIO À ATIVIDADE PARLAMENTAR,127.82,AGUAS DE TERESINA SAN. SPE SA
188097,2023,3,MANUTENÇÃO DE ESCRITÓRIO DE APOIO À ATIVIDADE PARLAMENTAR,114.18,AGUAS DE TERESINA SAN. SPE SA
188097,2023,4,MANUTENÇÃO DE ESCRITÓRIO DE APOIO À ATIVIDADE PARLAMENTAR,86.88,AGUAS DE TERESINA SAN. SPE SA
188097,2023,5,MANUTENÇÃO DE ESCRITÓRIO DE APOIO À ATIVIDADE PARLAMENTAR,73.24,AGUAS DE TERESINA SAN. SPE SA
188097,2023,6,MANUTENÇÃO DE ESCRITÓRIO DE APOIO À ATIVIDADE PARLAMENTAR,86.88,AGUAS DE TERESINA SAN. SPE SA
188097,2023,7,MANUTENÇÃO DE ESCRITÓRIO DE APOIO À ATIVIDADE PARLAMENTAR,89.22,AGUAS DE TERESINA SAN. SPE SA
188097,2023,8,MANUTENÇÃO DE ESCRITÓRIO DE APOIO À ATIVIDADE PARLAMENTAR,82.22,AGUAS DE TERESINA SAN. SPE SA
188097,2023,10,MANUTENÇÃO DE ESCRITÓRIO DE APOIO À ATIVIDADE PARLAMENTAR,128.18,AGUAS DE TERESINA SAN. SPE SA
188097,2023,11,MANUTENÇÃO DE ESCRITÓRIO DE APOIO À ATIVIDADE PARLAMENTAR,128.18,AGUAS DE TERESINA SAN. SPE SA
188097,2023,12,MANUTENÇÃO DE ESCRITÓRIO DE APOIO À ATIVIDADE PARLAMENTAR,220.1,AGUAS DE TERESINA SAN. SPE SA
188097,2023,2,MANUTENÇÃO DE ESCRITÓRIO DE APOIO À ATIVIDADE PARLAMENTAR,102.0,BRISANET SERVIÇOS DE TELECOMUNICAÇÕES LTDA - PI
188097,2023,3,MANUTENÇÃO DE ESCRITÓRIO DE APOIO À ATIVIDADE PARLAMENTAR,102.0,BRISANET SERVIÇOS DE TELECOMUNICAÇÕES LTDA - PI
188097,2023,5,MANUTENÇÃO DE ESCRITÓRIO DE APOIO À ATIVIDADE PARLAMENTAR,102.0,BRISANET SERVIÇOS DE TELECOMUNICAÇÕES LTDA - PI
188097,2023,6,MANUTENÇÃO DE ESCRITÓRIO DE APOIO À ATIVIDADE PARLAMENTAR,102.0,BRISANET SERVIÇOS DE TELECOMUNICAÇÕES LTDA - PI
188097,2023,7,MANUTENÇÃO DE ESCRITÓRIO DE APOIO À ATIVIDADE PARLAMENTAR,102.0,BRISANET SERVIÇOS DE TELECOMUNICAÇÕES LTDA - PI
188097,2023,11,MANUTENÇÃO DE ESCRITÓRIO DE APOIO À ATIVIDADE PARLAMENTAR,102.0,BRISANET SERVIÇOS DE TELECOMUNICAÇÕES LTDA - PI
188097,2023,4,MANUTENÇÃO DE ESCRITÓRIO DE APOIO À ATIVIDADE PARLAMENTAR,102.0,BRISANET SERVIÇOS DE TELECOMUNICAÇÕES LTDA - PI
188097,2023,10,MANUTENÇÃO DE ESCRITÓRIO DE APOIO À ATIVIDADE PARLAMENTAR,102.0,BRISANET SERVIÇOS DE TELECOMUNICAÇÕES LTDA - PI
188097,2023,12,MANUTENÇÃO DE ESCRITÓRIO DE APOIO À ATIVIDADE PARLAMENTAR,102.0,BRISANET SERVIÇOS DE TELECOMUNICAÇÕES LTDA - PI
188097,2023,9,MANUTENÇÃO DE ESCRITÓRIO DE APOIO À ATIVIDADE PARLAMENTAR,102.0,BRISANET SERVIÇOS DE TELECOMUNICAÇÕES LTDA - PI
188097,2023,8,MANUTENÇÃO DE ESCRITÓRIO DE APOIO À ATIVIDADE PARLAMENTAR,102.0,BRISANET SERVIÇOS DE TELECOMUNICAÇÕES LTDA - PI
188097,2023,4,MANUTENÇÃO DE ESCRITÓRIO DE APOIO À ATIVIDADE PARLAMENTAR,483.88,COMERCIAL EQIP LTDA
188097,2023,7,MANUTENÇÃO DE ESCRITÓRIO DE APOIO À ATIVIDADE PARLAMENTAR,2346.58,COMERCIAL EQIP LTDA
188097,2023,9,MANUTENÇÃO DE ESCRITÓRIO DE APOIO À ATIVIDADE PARLAMENTAR,720.0,COMERCIAL EQIP LTDA
188097,2023,2,MANUTENÇÃO DE ESCRITÓRIO DE APOIO À ATIVIDADE PARLAMENTAR,938.68,Companhia Energética do Piauí
188097,2023,3,MANUTENÇÃO DE ESCRITÓRIO DE APOIO À ATIVIDADE PARLAMENTAR,1088.59,Companhia Energética do Piauí
188097,2023,4,MANUTENÇÃO DE ESCRITÓRIO DE APOIO À ATIVIDADE PARLAMENTAR,1086.68,Companhia Energética do Piauí
188097,2023,5,MANUTENÇÃO DE ESCRITÓRIO DE APOIO À ATIVIDADE PARLAMENTAR,1140.14,Companhia Energética do Piauí
188097,2023,6,MANUTENÇÃO DE ESCRITÓRIO DE APOIO À ATIVIDADE PARLAMENTAR,1295.64,Companhia Energética do Piauí
188097,2023,7,MANUTENÇÃO DE ESCRITÓRIO DE APOIO À ATIVIDADE PARLAMENTAR,1110.25,Companhia Energética do Piauí
188097,2023,8,MANUTENÇÃO DE ESCRITÓRIO DE APOIO À ATIVIDADE PARLAMENTAR,1287.42,Companhia Energética do Piauí
188097,2023,9,MANUTENÇÃO DE ESCRITÓRIO DE APOIO À ATIVIDADE PARLAMENTAR,1574.41,Companhia Energética do Piauí
188097,2023,10,MANUTENÇÃO DE ESCRITÓRIO DE APOIO À ATIVIDADE PARLAMENTAR,1538.3,Companhia Energética do Piauí
188097,2023,11,MANUTENÇÃO DE ESCRITÓRIO DE APOIO À ATIVIDADE PARLAMENTAR,1490.01,Companhia Energética do Piauí
188097,2023,2,MANUTENÇÃO DE ESCRITÓRIO DE APOIO À ATIVIDADE PARLAMENTAR,3500.0,DANIEL ELVAS CASTELO BRANCO
188097,2023,10,MANUTENÇÃO DE ESCRITÓRIO DE APOIO À ATIVIDADE PARLAMENTAR,26.7,F. DA S. ARAUJO JUNIOR ME
188097,2023,2,MANUTENÇÃO DE ESCRITÓRIO DE APOIO À ATIVIDADE PARLAMENTAR,4000.0,LILIA ELVAS CASTELO BRANCO
188097,2023,3,MANUTENÇÃO DE ESCRITÓRIO DE APOIO À ATIVIDADE PARLAMENTAR,4000.0,LILIA ELVAS CASTELO BRANCO
188097,2023,4,MANUTENÇÃO DE ESCRITÓRIO DE APOIO À ATIVIDADE PARLAMENTAR,4000.0,LILIA ELVAS CASTELO BRANCO
188097,2023,5,MANUTENÇÃO DE ESCRITÓRIO DE APOIO À ATIVIDADE PARLAMENTAR,4000.0,LILIA ELVAS CASTELO BRANCO
188097,2023,6,MANUTENÇÃO DE ESCRITÓRIO DE APOIO À ATIVIDADE PARLAMENTAR,4000.0,LILIA ELVAS CASTELO BRANCO
188097,2023,7,MANUTENÇÃO DE ESCRITÓRIO DE APOIO À ATIVIDADE PARLAMENTAR,4000.0,LILIA ELVAS CASTELO BRANCO
188097,2023,8,MANUTENÇÃO DE ESCRITÓRIO DE APOIO À ATIVIDADE PARLAMENTAR,4000.0,LILIA ELVAS CASTELO BRANCO
188097,2023,9,MANUTENÇÃO DE ESCRITÓRIO DE APOIO À ATIVIDADE PARLAMENTAR,4000.0,LILIA ELVAS CASTELO BRANCO
188097,2023,10,MANUTENÇÃO DE ESCRITÓRIO DE APOIO À ATIVIDADE PARLAMENTAR,4000.0,LILIA ELVAS CASTELO BRANCO
188097,2023,11,MANUTENÇÃO DE ESCRITÓRIO DE APOIO À ATIVIDADE PARLAMENTAR,4000.0,LILIA ELVAS CASTELO BRANCO
188097,2023,2,MANUTENÇÃO DE ESCRITÓRIO DE APOIO À ATIVIDADE PARLAMENTAR,830.0,NEVES E FERREIRA TECNOLOGIA LTDA
188097,2023,3,MANUTENÇÃO DE ESCRITÓRIO DE APOIO À ATIVIDADE PARLAMENTAR,830.0,NEVES E FERREIRA TECNOLOGIA LTDA
188097,2023,4,MANUTENÇÃO DE ESCRITÓRIO DE APOIO À ATIVIDADE PARLAMENTAR,830.0,NEVES E FERREIRA TECNOLOGIA LTDA
188097,2023,6,MANUTENÇÃO DE ESCRITÓRIO DE APOIO À ATIVIDADE PARLAMENTAR,830.0,NEVES E FERREIRA TECNOLOGIA LTDA
188097,2023,8,MANUTENÇÃO DE ESCRITÓRIO DE APOIO À ATIVIDADE PARLAMENTAR,830.0,NEVES E FERREIRA TECNOLOGIA LTDA
188097,2023,9,MANUTENÇÃO DE ESCRITÓRIO DE APOIO À ATIVIDADE PARLAMENTAR,830.0,NEVES E FERREIRA TECNOLOGIA LTDA
188097,2023,10,MANUTENÇÃO DE ESCRITÓRIO DE APOIO À ATIVIDADE PARLAMENTAR,830.0,NEVES E FERREIRA TECNOLOGIA LTDA
188097,2023,11,MANUTENÇÃO DE ESCRITÓRIO DE APOIO À ATIVIDADE PARLAMENTAR,830.0,NEVES E FERREIRA TECNOLOGIA LTDA
188097,2023,12,MANUTENÇÃO DE ESCRITÓRIO DE APOIO À ATIVIDADE PARLAMENTAR,830.0,NEVES E FERREIRA TECNOLOGIA LTDA
188097,2023,10,MANUTENÇÃO DE ESCRITÓRIO DE APOIO À ATIVIDADE PARLAMENTAR,3945.78,P V N COMERCIO VAREJISTA E SERVICOS DE INFORMATICA LTDA
188097,2023,3,MANUTENÇÃO DE ESCRITÓRIO DE APOIO À ATIVIDADE PARLAMENTAR,159.45,WMS COMERCIO DE ARTIGOS DE PAPELARIA LTDA-ME
188097,2023,5,MANUTENÇÃO DE ESCRITÓRIO DE APOIO À ATIVIDADE PARLAMENTAR,107.5,WMS COMERCIO DE ARTIGOS DE PAPELARIA LTDA-ME
188097,2023,8,MANUTENÇÃO DE ESCRITÓRIO DE APOIO À ATIVIDADE PARLAMENTAR,146.6,WMS COMERCIO DE ARTIGOS DE PAPELARIA LTDA-ME
188097,2023,11,MANUTENÇÃO DE ESCRITÓRIO DE APOIO À ATIVIDADE PARLAMENTAR,98.7,WMS COMERCIO DE ARTIGOS DE PAPELARIA LTDA-ME
188097,2023,6,COMBUSTÍVEIS E LUBRIFICANTES.,239.45,024 - CTN - CASCOL COMBUSTIVEIS PARA VEICULOS LTDA
188097,2023,11,COMBUSTÍVEIS E LUBRIFICANTES.,50.0,031 - 302 NORTE - CASCOL COMBUSTIVEIS PARA VEICULOS LTDA
188097,2023,11,COMBUSTÍVEIS E LUBRIFICANTES.,200.0,031 - 302 NORTE - CASCOL COMBUSTIVEIS PARA VEICULOS LTDA
188097,2023,10,COMBUSTÍVEIS E LUBRIFICANTES.,200.0,053 - G PARK - CASCOL COMBUSTIVEIS PARA VEICULOS LTDA
188097,2023,3,COMBUSTÍVEIS E LUBRIFICANTES.,50.0,071 - LAGO NORTE - CASCOL COMBUSTIVEIS PARA VEICULOS LTDA
188097,2023,3,COMBUSTÍVEIS E LUBRIFICANTES.,60.0,071 - LAGO NORTE - CASCOL COMBUSTIVEIS PARA VEICULOS LTDA
188097,2023,6,COMBUSTÍVEIS E LUBRIFICANTES.,50.0,086 - PLANALTO - CASCOL COMBUSTIVEIS PARA VEICULOS LTDA
188097,2023,8,COMBUSTÍVEIS E LUBRIFICANTES.,250.0,AUTO POSTO 303 NORTE LTDA
188097,2023,9,COMBUSTÍVEIS E LUBRIFICANTES.,50.0,AUTO POSTO 303 NORTE LTDA
188097,2023,10,COMBUSTÍVEIS E LUBRIFICANTES.,50.0,AUTO POSTO 303 NORTE LTDA
188097,2023,10,COMBUSTÍVEIS E LUBRIFICANTES.,50.0,AUTO POSTO 303 NORTE LTDA
188097,2023,6,COMBUSTÍVEIS E LUBRIFICANTES.,100.0,AUTO POSTO 5 ESTRELAS LTDA
188097,2023,2,COMBUSTÍVEIS E LUBRIFICANTES.,100.0,AUTO POSTO AEROPORTO LTDA
188097,2023,2,COMBUSTÍVEIS E LUBRIFICANTES.,50.0,AUTO POSTO AEROPORTO LTDA
188097,2023,3,COMBUSTÍVEIS E LUBRIFICANTES.,70.0,AUTO POSTO AEROPORTO LTDA
188097,2023,6,COMBUSTÍVEIS E LUBRIFICANTES.,100.0,AUTO POSTO AEROPORTO LTDA
188097,2023,7,COMBUSTÍVEIS E LUBRIFICANTES.,50.0,AUTO POSTO AEROPORTO LTDA
188097,2023,8,COMBUSTÍVEIS E LUBRIFICANTES.,50.0,AUTO POSTO AEROPORTO LTDA
188097,2023,3,COMBUSTÍVEIS E LUBRIFICANTES.,200.0,AUTO POSTO CINCO ESTRELAS LTDA
188097,2023,3,COMBUSTÍVEIS E LUBRIFICANTES.,100.0,AUTO POSTO CINCO ESTRELAS LTDA
188097,2023,4,COMBUSTÍVEIS E LUBRIFICANTES.,200.0,AUTO POSTO CINCO ESTRELAS LTDA
188097,2023,5,COMBUSTÍVEIS E LUBRIFICANTES.,200.0,AUTO POSTO CINCO ESTRELAS LTDA
188097,2023,6,COMBUSTÍVEIS E LUBRIFICANTES.,100.0,AUTO POSTO CINCO ESTRELAS LTDA
188097,2023,7,COMBUSTÍVEIS E LUBRIFICANTES.,100.0,AUTO POSTO CINCO ESTRELAS LTDA
188097,2023,7,COMBUSTÍVEIS E LUBRIFICANTES.,299.99,AUTO POSTO CINCO ESTRELAS LTDA
188097,2023,9,COMBUSTÍVEIS E LUBRIFICANTES.,250.0,AUTO POSTO CINCO ESTRELAS LTDA
188097,2023,9,COMBUSTÍVEIS E LUBRIFICANTES.,100.0,AUTO POSTO CINCO ESTRELAS LTDA
188097,2023,12,COMBUSTÍVEIS E LUBRIFICANTES.,100.0,AUTO POSTO CINCO ESTRELAS LTDA
188097,2023,5,COMBUSTÍVEIS E LUBRIFICANTES.,200.0,AUTO POSTO CINCO ESTRELAS LTDA
188097,2023,3,COMBUSTÍVEIS E LUBRIFICANTES.,200.0,AUTO POSTO CONCORDE LTDA
188097,2023,3,COMBUSTÍVEIS E LUBRIFICANTES.,200.0,AUTO POSTO CONCORDE LTDA
188097,2023,4,COMBUSTÍVEIS E LUBRIFICANTES.,200.0,AUTO POSTO CONCORDE LTDA
188097,2023,5,COMBUSTÍVEIS E LUBRIFICANTES.,200.0,AUTO POSTO CONCORDE LTDA
188097,2023,6,COMBUSTÍVEIS E LUBRIFICANTES.,200.0,AUTO POSTO CONCORDE LTDA
188097,2023,7,COMBUSTÍVEIS E LUBRIFICANTES.,200.0,AUTO POSTO CONCORDE LTDA
188097,2023,8,COMBUSTÍVEIS E LUBRIFICANTES.,230.19,AUTO POSTO CONCORDE LTDA
188097,2023,9,COMBUSTÍVEIS E LUBRIFICANTES.,200.0,AUTO POSTO CONCORDE LTDA
188097,2023,10,COMBUSTÍVEIS E LUBRIFICANTES.,189.34,AUTO POSTO CONCORDE LTDA
188097,2023,10,COMBUSTÍVEIS E LUBRIFICANTES.,200.0,AUTO POSTO CONCORDE LTDA
188097,2023,12,COMBUSTÍVEIS E LUBRIFICANTES.,200.0,AUTO POSTO CONCORDE LTDA
188097,2023,12,COMBUSTÍVEIS E LUBRIFICANTES.,200.0,AUTO POSTO CONCORDE LTDA
188097,2023,11,COMBUSTÍVEIS E LUBRIFICANTES.,50.0,AUTO POSTO CONCORDE LTDA.
188097,2023,7,COMBUSTÍVEIS E LUBRIFICANTES.,50.0,AUTO POSTO GOLDEN GAS 202 LTDA
188097,2023,8,COMBUSTÍVEIS E LUBRIFICANTES.,60.0,AUTO POSTO JK LTDA
188097,2023,6,COMBUSTÍVEIS E LUBRIFICANTES.,50.0,AUTO POSTO ORIGINAL BRASILIA 409 DERIVADOS DE PETROLEO LTDA
188097,2023,5,COMBUSTÍVEIS E LUBRIFICANTES.,270.01,AVANT PETORLEO SV LTDA
188097,2023,10,COMBUSTÍVEIS E LUBRIFICANTES.,310.08,BONTEMPO PETROLEO LTDA
188097,2023,12,COMBUSTÍVEIS E LUBRIFICANTES.,384.02,BONTEMPO PETROLEO LTDA
188097,2023,12,COMBUSTÍVEIS E LUBRIFICANTES.,199.44,BONTEMPO PETROLEO LTDA
188097,2023,8,COMBUSTÍVEIS E LUBRIFICANTES.,250.0,BRASAL COMBUSTIVEIS LTDA
188097,2023,12,COMBUSTÍVEIS E LUBRIFICANTES.,200.0,BRASAL COMBUSTIVEIS LTDA
188097,2023,3,COMBUSTÍVEIS E LUBRIFICANTES.,200.0,BRASAL COMBUSTIVEIS LTDA
188097,2023,5,COMBUSTÍVEIS E LUBRIFICANTES.,200.0,BRASAL COMBUSTIVEIS LTDA
188097,2023,4,COMBUSTÍVEIS E LUBRIFICANTES.,369.47,BRASIL PETROLEO LTDA
188097,2023,11,COMBUSTÍVEIS E LUBRIFICANTES.,265.29,CACIQUE PETROLEO LTDA
188097,2023,12,COMBUSTÍVEIS E LUBRIFICANTES.,395.01,CACIQUE PETROLEO LTDA
188097,2023,12,COMBUSTÍVEIS E LUBRIFICANTES.,248.8,CACIQUE PETROLEO LTDA
188097,2023,11,COMBUSTÍVEIS E LUBRIFICANTES.,268.26,CACIQUE PETROLEO LTDA
188097,2023,12,COMBUSTÍVEIS E LUBRIFICANTES.,260.11,CACIQUE PETROLEO LTDA
188097,2023,12,COMBUSTÍVEIS E LUBRIFICANTES.,220.0,CACIQUE PETROLEO LTDA
188097,2023,12,COMBUSTÍVEIS E LUBRIFICANTES.,278.18,CACIQUE PETROLEO LTDA
188097,2023,10,COMBUSTÍVEIS E LUBRIFICANTES.,309.87,CACIQUE PETROLEO LTDA
188097,2023,2,COMBUSTÍVEIS E LUBRIFICANTES.,100.0,CACIQUE PETROLEO LTDA
188097,2023,5,COMBUSTÍVEIS E LUBRIFICANTES.,400.0,CACIQUE PETROLEO LTDA
188097,2023,10,COMBUSTÍVEIS E LUBRIFICANTES.,50.0,CACIQUE PETROLEO LTDA
188097,2023,11,COMBUSTÍVEIS E LUBRIFICANTES.,281.95,CACIQUE PETROLEO LTDA
188097,2023,11,COMBUSTÍVEIS E LUBRIFICANTES.,286.33,CACIQUE PETROLEO LTDA
188097,2023,4,COMBUSTÍVEIS E LUBRIFICANTES.,280.01,CACIQUE PETROLEO LTDA
188097,2023,12,COMBUSTÍVEIS E LUBRIFICANTES.,248.64,CACIQUE PETROLEO LTDA
188097,2023,9,COMBUSTÍVEIS E LUBRIFICANTES.,200.09,CACIQUE PETROLEO LTDA
188097,2023,10,COMBUSTÍVEIS E LUBRIFICANTES.,324.99,CACIQUE PETROLEO LTDA
188097,2023,3,COMBUSTÍVEIS E LUBRIFICANTES.,300.04,CACIQUE PETROLEO LTDA
188097,2023,4,COMBUSTÍVEIS E LUBRIFICANTES.,342.63,CACIQUE PETROLEO LTDA
188097,2023,5,COMBUSTÍVEIS E LUBRIFICANTES.,300.0,CACIQUE PETROLEO LTDA
188097,2023,8,COMBUSTÍVEIS E LUBRIFICANTES.,319.53,CACIQUE PETROLEO LTDA
188097,2023,8,COMBUSTÍVEIS E LUBRIFICANTES.,377.55,CACIQUE PETROLEO LTDA
188097,2023,10,COMBUSTÍVEIS E LUBRIFICANTES.,308.7,CACIQUE PETROLEO LTDA
188097,2023,11,COMBUSTÍVEIS E LUBRIFICANTES.,240.08,CACIQUE PETROLEO LTDA
188097,2023,11,COMBUSTÍVEIS E LUBRIFICANTES.,318.84,CACIQUE PETROLEO LTDA
188097,2023,12,COMBUSTÍVEIS E LUBRIFICANTES.,332.45,CACIQUE PETROLEO LTDA
188097,2023,7,COMBUSTÍVEIS E LUBRIFICANTES.,100.0,CACIQUE PETROLEO LTDA
188097,2023,4,COMBUSTÍVEIS E LUBRIFICANTES.,150.02,CACIQUE PETROLEO LTDA
188097,2023,6,COMBUSTÍVEIS E LUBRIFICANTES.,160.03,CACIQUE PETROLEO LTDA
188097,2023,11,COMBUSTÍVEIS E LUBRIFICANTES.,100.0,CARVALHO & CARVALHO POSTO DE GASOLINA LTDA
188097,2023,9,COMBUSTÍVEIS E LUBRIFICANTES.,200.0,CARVALHO & CARVALHO POSTO DE GASOLINA LTDA
188097,2023,9,COMBUSTÍVEIS E LUBRIFICANTES.,298.72,COMERCIO CARVALHO LTDA
188097,2023,4,COMBUSTÍVEIS E LUBRIFICANTES.,200.0,CRUZEIRO COMBUSTIVEIS E SERVICOS S/A
188097,2023,10,COMBUSTÍVEIS E LUBRIFICANTES.,200.0,CRUZEIRO COMBUSTIVEIS E SERVICOS S/A
188097,2023,11,COMBUSTÍVEIS E LUBRIFICANTES.,200.0,CRUZEIRO COMBUSTIVEIS E SERVICOS S/A
188097,2023,11,COMBUSTÍVEIS E LUBRIFICANTES.,200.0,CRUZEIRO COMBUSTIVEIS E SERVICOS S/A
188097,2023,11,COMBUSTÍVEIS E LUBRIFICANTES.,100.0,CRUZEIRO COMBUSTIVEIS E SERVICOS S/A.
188097,2023,3,COMBUSTÍVEIS E LUBRIFICANTES.,200.0,G. S. PETROLEO LTDA - ME
188097,2023,5,COMBUSTÍVEIS E LUBRIFICANTES.,200.0,G. S. PETROLEO LTDA - ME
188097,2023,10,COMBUSTÍVEIS E LUBRIFICANTES.,370.06,GURGUEIA COMBUSTIVEIS LTDA EPP
188097,2023,7,COMBUSTÍVEIS E LUBRIFICANTES.,240.0,HD PETROLEO DEMERVAL LTDA
188097,2023,11,COMBUSTÍVEIS E LUBRIFICANTES.,326.81,HD PETROLEO ESTAIADA LTDA
188097,2023,2,COMBUSTÍVEIS E LUBRIFICANTES.,289.01,HD PETROLEO LAGOA LTDA
188097,2023,3,COMBUSTÍVEIS E LUBRIFICANTES.,299.28,HD PETROLEO LTDA
188097,2023,9,COMBUSTÍVEIS E LUBRIFICANTES.,245.1,ISADORA KALINE DE SOUSA SANTOS EIRELI
188097,2023,9,COMBUSTÍVEIS E LUBRIFICANTES.,300.05,J L CARVALHO DA SILVA ME
188097,2023,2,COMBUSTÍVEIS E LUBRIFICANTES.,230.04,J V MAGALHAES ANDRADE ME ME
188097,2023,10,COMBUSTÍVEIS E LUBRIFICANTES.,60.0,JADE COMERCIO DE DERIVADOS DE PETROLEO LTDA
188097,2023,9,COMBUSTÍVEIS E LUBRIFICANTES.,57.0,JARJOUR REVENDA
188097,2023,6,COMBUSTÍVEIS E LUBRIFICANTES.,50.0,JARJOUR REVENDA
188097,2023,11,COMBUSTÍVEIS E LUBRIFICANTES.,210.0,JJ BATISTA COM VAREJISTA DE COMBUSTIVEL LTDA
188097,2023,8,COMBUSTÍVEIS E LUBRIFICANTES.,300.01,JOALANDRO COELHO DE SOUSA
188097,2023,3,COMBUSTÍVEIS E LUBRIFICANTES.,300.0,MAXXI DM PETROLEO LTDA
188097,2023,3,COMBUSTÍVEIS E LUBRIFICANTES.,100.0,MAXXI DM PETROLEO LTDA
188097,2023,11,COMBUSTÍVEIS E LUBRIFICANTES.,250.0,MAXXI DM PETROLEO LTDA
188097,2023,12,COMBUSTÍVEIS E LUBRIFICANTES.,256.4,PARENTE & ARAUJO COMBUSTIVEL LTDA EPP
188097,2023,9,COMBUSTÍVEIS E LUBRIFICANTES.,100.0,PETROLEO SAO FRANCISCO LTDA
188097,2023,4,COMBUSTÍVEIS E LUBRIFICANTES.,100.0,PETROLEO SAO FRANCISCO LTDA
188097,2023,7,COMBUSTÍVEIS E LUBRIFICANTES.,250.0,PETROLEO SAO FRANCISCO LTDA
188097,2023,7,COMBUSTÍVEIS E LUBRIFICANTES.,150.0,PETROLEO SAO FRANCISCO LTDA
188097,2023,10,COMBUSTÍVEIS E LUBRIFICANTES.,100.0,PETROLEO SAO FRANCISCO LTDA
188097,2023,3,COMBUSTÍVEIS E LUBRIFICANTES.,315.0,PETROLEO SAO FRANCISCO LTDA
188097,2023,6,COMBUSTÍVEIS E LUBRIFICANTES.,200.0,PETROLEO SAO FRANCISCO LTDA
188097,2023,5,COMBUSTÍVEIS E LUBRIFICANTES.,263.06,PIPEL PICOS PETROLEO LTDA
188097,2023,11,COMBUSTÍVEIS E LUBRIFICANTES.,337.01,PLANALTO PETROLEO BOLA LTDA
188097,2023,9,COMBUSTÍVEIS E LUBRIFICANTES.,180.0,PLANALTO PETROLEO FATIMA LTDA
188097,2023,9,COMBUSTÍVEIS E LUBRIFICANTES.,240.12,PLANALTO PETROLEO ILHOTAS LTDA
188097,2023,3,COMBUSTÍVEIS E LUBRIFICANTES.,360.01,PN PETROLEO LTDA
188097,2023,3,COMBUSTÍVEIS E LUBRIFICANTES.,50.0,POSTO 19 DE MARCO LTDA
188097,2023,11,COMBUSTÍVEIS E LUBRIFICANTES.,50.0,POSTO 208 NORTE COMERCIO DE COMBUSTIVEIS LTDA
188097,2023,11,COMBUSTÍVEIS E LUBRIFICANTES.,50.0,POSTO 208 NORTE COMERCIO DE COMBUSTIVEIS LTDA
188097,2023,8,COMBUSTÍVEIS E LUBRIFICANTES.,308.79,POSTO CRISTO REI LTDA
188097,2023,10,COMBUSTÍVEIS E LUBRIFICANTES.,210.02,POSTO CRISTO REI LTDA
188097,2023,9,COMBUSTÍVEIS E LUBRIFICANTES.,55.0,POSTO DE COMBUSTIVEIS JARJOUR 206 NORTE LTDA
188097,2023,9,COMBUSTÍVEIS E LUBRIFICANTES.,50.0,POSTO DE COMBUSTIVEIS JARJOUR 206 NORTE LTDA
188097,2023,2,COMBUSTÍVEIS E LUBRIFICANTES.,50.0,POSTO DE COMBUSTIVEL 406 NORTE
188097,2023,3,COMBUSTÍVEIS E LUBRIFICANTES.,70.0,POSTO DE COMBUSTIVEL 406 NORTE
188097,2023,11,COMBUSTÍVEIS E LUBRIFICANTES.,50.0,POSTO DE COMBUSTIVEL 406 NORTE LTDA
188097,2023,3,COMBUSTÍVEIS E LUBRIFICANTES.,347.64,POSTO DE COMBUSTIVEL PRIMAVERA LTDA
188097,2023,8,COMBUSTÍVEIS E LUBRIFICANTES.,50.0,POSTO DE GASOLINA DOS ANOES LTDA
188097,2023,6,COMBUSTÍVEIS E LUBRIFICANTES.,200.03,POSTO DOIS IRMAOS LTDA
188097,2023,11,COMBUSTÍVEIS E LUBRIFICANTES.,375.0,POSTO DOIS IRMAOS LTDA
188097,2023,2,COMBUSTÍVEIS E LUBRIFICANTES.,200.0,POSTO HOMERO CASTELO BRANCO LTDA
188097,2023,3,COMBUSTÍVEIS E LUBRIFICANTES.,217.4,POSTO HOMERO CASTELO BRANCO LTDA
188097,2023,4,COMBUSTÍVEIS E LUBRIFICANTES.,200.01,POSTO HOMERO CASTELO BRANCO LTDA
188097,2023,5,COMBUSTÍVEIS E LUBRIFICANTES.,260.0,POSTO HOMERO CASTELO BRANCO LTDA
188097,2023,5,COMBUSTÍVEIS E LUBRIFICANTES.,270.04,POSTO HOMERO CASTELO BRANCO LTDA
188097,2023,6,COMBUSTÍVEIS E LUBRIFICANTES.,150.0,POSTO HOMERO CASTELO BRANCO LTDA
188097,2023,8,COMBUSTÍVEIS E LUBRIFICANTES.,200.02,POSTO HOMERO CASTELO BRANCO LTDA
188097,2023,8,COMBUSTÍVEIS E LUBRIFICANTES.,303.12,POSTO HOMERO CASTELO BRANCO LTDA
188097,2023,10,COMBUSTÍVEIS E LUBRIFICANTES.,200.02,POSTO HOMERO CASTELO BRANCO LTDA
188097,2023,10,COMBUSTÍVEIS E LUBRIFICANTES.,200.06,POSTO HOMERO CASTELO BRANCO LTDA
188097,2023,11,COMBUSTÍVEIS E LUBRIFICANTES.,100.07,POSTO HOMERO CASTELO BRANCO LTDA
188097,2023,12,COMBUSTÍVEIS E LUBRIFICANTES.,200.07,POSTO HOMERO CASTELO BRANCO LTDA
188097,2023,12,COMBUSTÍVEIS E LUBRIFICANTES.,200.01,POSTO HOMERO CASTELO BRANCO LTDA
188097,2023,2,COMBUSTÍVEIS E LUBRIFICANTES.,434.08,POSTO HOMERO CASTELO BRANCO LTDA
188097,2023,2,COMBUSTÍVEIS E LUBRIFICANTES.,304.05,POSTO HOMERO CASTELO BRANCO LTDA
188097,2023,4,COMBUSTÍVEIS E LUBRIFICANTES.,310.01,POSTO HOMERO CASTELO BRANCO LTDA
188097,2023,4,COMBUSTÍVEIS E LUBRIFICANTES.,159.2,POSTO HOMERO CASTELO BRANCO LTDA
188097,2023,5,COMBUSTÍVEIS E LUBRIFICANTES.,415.03,POSTO HOMERO CASTELO BRANCO LTDA
188097,2023,5,COMBUSTÍVEIS E LUBRIFICANTES.,350.05,POSTO HOMERO CASTELO BRANCO LTDA
188097,2023,5,COMBUSTÍVEIS E LUBRIFICANTES.,250.0,POSTO HOMERO CASTELO BRANCO LTDA
188097,2023,6,COMBUSTÍVEIS E LUBRIFICANTES.,200.0,POSTO HOMERO CASTELO BRANCO LTDA
188097,2023,7,COMBUSTÍVEIS E LUBRIFICANTES.,320.01,POSTO HOMERO CASTELO BRANCO LTDA
188097,2023,8,COMBUSTÍVEIS E LUBRIFICANTES.,220.01,POSTO HOMERO CASTELO BRANCO LTDA
188097,2023,8,COMBUSTÍVEIS E LUBRIFICANTES.,410.04,POSTO HOMERO CASTELO BRANCO LTDA
188097,2023,9,COMBUSTÍVEIS E LUBRIFICANTES.,375.03,POSTO HOMERO CASTELO BRANCO LTDA
188097,2023,10,COMBUSTÍVEIS E LUBRIFICANTES.,150.0,POSTO HOMERO CASTELO BRANCO LTDA
188097,2023,10,COMBUSTÍVEIS E LUBRIFICANTES.,100.0,POSTO HOMERO CASTELO BRANCO LTDA
188097,2023,10,COMBUSTÍVEIS E LUBRIFICANTES.,180.51,POSTO HOMERO CASTELO BRANCO LTDA
188097,2023,10,COMBUSTÍVEIS E LUBRIFICANTES.,183.37,POSTO HOMERO CASTELO BRANCO LTDA
188097,2023,11,COMBUSTÍVEIS E LUBRIFICANTES.,190.16,POSTO HOMERO CASTELO BRANCO LTDA
188097,2023,7,COMBUSTÍVEIS E LUBRIFICANTES.,211.48,POSTO MAIS PARNAIBA AEROPORTO LTDA
188097,2023,10,COMBUSTÍVEIS E LUBRIFICANTES.,375.96,POSTO RAMOS PIRACURUCA LTDA
188097,2023,2,COMBUSTÍVEIS E LUBRIFICANTES.,150.0,POSTO SANTA EDWIRGES & CIA LTDA
188097,2023,9,COMBUSTÍVEIS E LUBRIFICANTES.,200.04,POSTO SANTA LUCIA LTDA.
188097,2023,8,COMBUSTÍVEIS E LUBRIFICANTES.,250.03,POSTO SANTA LUCIA LTDA.
188097,2023,11,COMBUSTÍVEIS E LUBRIFICANTES.,400.03,POSTO SANTA LUCIA LTDA.
188097,2023,6,COMBUSTÍVEIS E LUBRIFICANTES.,100.0,POSTO SAO BENEDITO PETROLEO LTDA
188097,2023,6,COMBUSTÍVEIS E LUBRIFICANTES.,268.15,POSTO SAO BENEDITO PETROLEO LTDA
188097,2023,7,COMBUSTÍVEIS E LUBRIFICANTES.,284.49,POSTO SAO BENEDITO PETROLEO LTDA
188097,2023,7,COMBUSTÍVEIS E LUBRIFICANTES.,286.83,POSTO SAO BENEDITO PETROLEO LTDA
188097,2023,7,COMBUSTÍVEIS E LUBRIFICANTES.,272.9,POSTO SAO BENEDITO PETROLEO LTDA
188097,2023,8,COMBUSTÍVEIS E LUBRIFICANTES.,278.02,POSTO SAO BENEDITO PETROLEO LTDA
188097,2023,8,COMBUSTÍVEIS E LUBRIFICANTES.,276.45,POSTO SAO BENEDITO PETROLEO LTDA
188097,2023,8,COMBUSTÍVEIS E LUBRIFICANTES.,307.56,POSTO SAO BENEDITO PETROLEO LTDA
188097,2023,9,COMBUSTÍVEIS E LUBRIFICANTES.,310.0,POSTO SAO BENEDITO PETROLEO LTDA
188097,2023,9,COMBUSTÍVEIS E LUBRIFICANTES.,42.05,POSTO SAO BENEDITO PETROLEO LTDA
188097,2023,9,COMBUSTÍVEIS E LUBRIFICANTES.,295.48,POSTO SAO BENEDITO PETROLEO LTDA
188097,2023,9,COMBUSTÍVEIS E LUBRIFICANTES.,245.07,POSTO SAO BENEDITO PETROLEO LTDA
188097,2023,9,COMBUSTÍVEIS E LUBRIFICANTES.,462.13,POSTO SAO BENEDITO PETROLEO LTDA
188097,2023,10,COMBUSTÍVEIS E LUBRIFICANTES.,278.51,POSTO SAO BENEDITO PETROLEO LTDA
188097,2023,10,COMBUSTÍVEIS E LUBRIFICANTES.,43.12,POSTO SAO BENEDITO PETROLEO LTDA
188097,2023,10,COMBUSTÍVEIS E LUBRIFICANTES.,230.03,POSTO SAO BENEDITO PETROLEO LTDA
188097,2023,11,COMBUSTÍVEIS E LUBRIFICANTES.,380.04,POSTO SAO BENEDITO PETROLEO LTDA
188097,2023,11,COMBUSTÍVEIS E LUBRIFICANTES.,276.09,POSTO SAO BENEDITO PETROLEO LTDA
188097,2023,11,COMBUSTÍVEIS E LUBRIFICANTES.,41.04,POSTO SAO BENEDITO PETROLEO LTDA
188097,2023,12,COMBUSTÍVEIS E LUBRIFICANTES.,340.04,POSTO SAO BENEDITO PETROLEO LTDA
188097,2023,12,COMBUSTÍVEIS E LUBRIFICANTES.,350.0,POSTO SAO BENEDITO PETROLEO LTDA
188097,2023,3,COMBUSTÍVEIS E LUBRIFICANTES.,295.0,POSTO SAO BENEDITO PETROLEO LTDA
188097,2023,5,COMBUSTÍVEIS E LUBRIFICANTES.,384.05,POSTO SAO BENEDITO PETROLEO LTDA
188097,2023,5,COMBUSTÍVEIS E LUBRIFICANTES.,273.07,POSTO SAO BENEDITO PETROLEO LTDA
188097,2023,3,COMBUSTÍVEIS E LUBRIFICANTES.,290.12,POSTO SAO BENEDITO PETROLEO LTDA
188097,2023,7,COMBUSTÍVEIS E LUBRIFICANTES.,33.01,POSTO SAO BENEDITO PETROLEO LTDA
188097,2023,6,COMBUSTÍVEIS E LUBRIFICANTES.,300.0,POSTO SAO BENEDITO PETROLEO LTDA
188097,2023,3,COMBUSTÍVEIS E LUBRIFICANTES.,100.0,POSTO SAO BENEDITO PETROLEO LTDA
188097,2023,12,COMBUSTÍVEIS E LUBRIFICANTES.,360.02,POSTO SERRA AZUL EIRELI LTDA
188097,2023,10,COMBUSTÍVEIS E LUBRIFICANTES.,200.07,R. DEMES E CIA LTDA
188097,2023,7,COMBUSTÍVEIS E LUBRIFICANTES.,177.82,REAL COMBUSTIVEIS LTDA
188097,2023,12,COMBUSTÍVEIS E LUBRIFICANTES.,50.0,ROTA 411 COMBUSTIVEIS LTDA
188097,2023,2,COMBUSTÍVEIS E LUBRIFICANTES.,200.0,S P MAGALHAES EMPREENDIMENTOS LTDA
188097,2023,2,COMBUSTÍVEIS E LUBRIFICANTES.,259.76,S P MAGALHAES EMPREENDIMENTOS LTDA
188097,2023,4,COMBUSTÍVEIS E LUBRIFICANTES.,262.12,S P MAGALHAES EMPREENDIMENTOS LTDA
188097,2023,5,COMBUSTÍVEIS E LUBRIFICANTES.,267.76,S P MAGALHAES EMPREENDIMENTOS LTDA
188097,2023,2,COMBUSTÍVEIS E LUBRIFICANTES.,230.03,S P MAGALHAES EMPREENDIMENTOS LTDA
188097,2023,3,COMBUSTÍVEIS E LUBRIFICANTES.,150.0,S P MAGALHAES EMPREENDIMENTOS LTDA
188097,2023,3,COMBUSTÍVEIS E LUBRIFICANTES.,120.0,S P MAGALHAES EMPREENDIMENTOS LTDA
188097,2023,3,COMBUSTÍVEIS E LUBRIFICANTES.,264.42,S P MAGALHAES EMPREENDIMENTOS LTDA
188097,2023,3,COMBUSTÍVEIS E LUBRIFICANTES.,256.62,S P MAGALHAES EMPREENDIMENTOS LTDA
188097,2023,4,COMBUSTÍVEIS E LUBRIFICANTES.,130.0,S P MAGALHAES EMPREENDIMENTOS LTDA
188097,2023,5,COMBUSTÍVEIS E LUBRIFICANTES.,279.0,S P MAGALHAES EMPREENDIMENTOS LTDA
188097,2023,6,COMBUSTÍVEIS E LUBRIFICANTES.,240.95,S P MAGALHAES EMPREENDIMENTOS LTDA
188097,2023,7,COMBUSTÍVEIS E LUBRIFICANTES.,273.55,S P MAGALHAES EMPREENDIMENTOS LTDA
188097,2023,8,COMBUSTÍVEIS E LUBRIFICANTES.,304.95,S P MAGALHAES EMPREENDIMENTOS LTDA
188097,2023,11,COMBUSTÍVEIS E LUBRIFICANTES.,270.01,S P MAGALHAES EMPREENDIMENTOS LTDA
188097,2023,10,COMBUSTÍVEIS E LUBRIFICANTES.,219.58,S P MAGALHAES EMPREENDIMENTOS LTDA
188097,2023,3,COMBUSTÍVEIS E LUBRIFICANTES.,100.0,S P MAGALHAES EMPREENDIMENTOS LTDA
188097,2023,3,COMBUSTÍVEIS E LUBRIFICANTES.,100.0,S P MAGALHAES EMPREENDIMENTOS LTDA
188097,2023,11,COMBUSTÍVEIS E LUBRIFICANTES.,273.94,S.P. MAGALHAES EMPREENDIMENTOS LTDA
188097,2023,10,COMBUSTÍVEIS E LUBRIFICANTES.,350.0,S.P. MAGALHAES EMPREENDIMENTOS LTDA
188097,2023,7,COMBUSTÍVEIS E LUBRIFICANTES.,304.02,SANTOS IND E COM LTDA
188097,2023,11,COMBUSTÍVEIS E LUBRIFICANTES.,395.03,SIQUEIRA SOARES LTDA - EPP
188097,2023,2,COMBUSTÍVEIS E LUBRIFICANTES.,356.04,SIQUEIRA SOARES LTDA - EPP
188097,2023,2,DIVULGAÇÃO DA ATIVIDADE PARLAMENTAR.,300.0,ASSOCIA;'AO COMUNIT[ARIO DE RADIO DIFUS'AO DE PEDRO II
188097,2023,3,DIVULGAÇÃO DA ATIVIDADE PARLAMENTAR.,300.0,ASSOCIA;'AO COMUNIT[ARIO DE RADIO DIFUS'AO DE PEDRO II
188097,2023,4,DIVULGAÇÃO DA ATIVIDADE PARLAMENTAR.,300.0,ASSOCIA;'AO COMUNIT[ARIO DE RADIO DIFUS'AO DE PEDRO II
188097,2023,5,DIVULGAÇÃO DA ATIVIDADE PARLAMENTAR.,300.0,ASSOCIA;'AO COMUNIT[ARIO DE RADIO DIFUS'AO DE PEDRO II
188097,2023,6,DIVULGAÇÃO DA ATIVIDADE PARLAMENTAR.,300.0,ASSOCIA;'AO COMUNIT[ARIO DE RADIO DIFUS'AO DE PEDRO II
188097,2023,7,DIVULGAÇÃO DA ATIVIDADE PARLAMENTAR.,300.0,ASSOCIA;'AO COMUNIT[ARIO DE RADIO DIFUS'AO DE PEDRO II
188097,2023,8,DIVULGAÇÃO DA ATIVIDADE PARLAMENTAR.,300.0,ASSOCIA;'AO COMUNIT[ARIO DE RADIO DIFUS'AO DE PEDRO II
188097,2023,9,DIVULGAÇÃO DA ATIVIDADE PARLAMENTAR.,300.0,ASSOCIA;'AO COMUNIT[ARIO DE RADIO DIFUS'AO DE PEDRO II
188097,2023,11,DIVULGAÇÃO DA ATIVIDADE PARLAMENTAR.,300.0,ASSOCIA;'AO COMUNIT[ARIO DE RADIO DIFUS'AO DE PEDRO II
188097,2023,12,DIVULGAÇÃO DA ATIVIDADE PARLAMENTAR.,300.0,ASSOCIA;'AO COMUNIT[ARIO DE RADIO DIFUS'AO DE PEDRO II
188097,2023,10,DIVULGAÇÃO DA ATIVIDADE PARLAMENTAR.,300.0,ASSOCIAÇÃO COMUNITÁRIA DE RADIODIFUSAO DE PEDRO II
188097,2023,10,DIVULGAÇÃO DA ATIVIDADE PARLAMENTAR.,372.02,Facebook Serviços Online do Brasil
188097,2023,11,DIVULGAÇÃO DA ATIVIDADE PARLAMENTAR.,507.0,Facebook Serviços Online do Brasil
188097,2023,9,DIVULGAÇÃO DA ATIVIDADE PARLAMENTAR.,2000.0,GOMO COMUNICAÇÂO LTDA
188097,2023,6,DIVULGAÇÃO DA ATIVIDADE PARLAMENTAR.,28000.0,MADE PROPAGANDA LTDA
188097,2023,12,DIVULGAÇÃO DA ATIVIDADE PARLAMENTAR.,10000.0,MEDIA CONSULTORIA PUBLICITARIA LTDA
188097,2023,6,DIVULGAÇÃO DA ATIVIDADE PARLAMENTAR.,4000.0,"ON - Z IMPRESSAO, DIVULGACAO & MARKETING DIGITAL LTDA"
188097,2023,7,DIVULGAÇÃO DA ATIVIDADE PARLAMENTAR.,6000.0,"ON - Z IMPRESSAO, DIVULGACAO & MARKETING DIGITAL LTDA"
188097,2023,11,DIVULGAÇÃO DA ATIVIDADE PARLAMENTAR.,28000.0,PIAUI HOJE COMUNICAÇÃO E MARKETING LTDA
188097,2023,4,DIVULGAÇÃO DA ATIVIDADE PARLAMENTAR.,28000.0,VIANA E VELOSO LTDA
188097,2023,5,DIVULGAÇÃO DA ATIVIDADE PARLAMENTAR.,28000.0,VIANA E VELOSO LTDA
188097,2023,7,DIVULGAÇÃO DA ATIVIDADE PARLAMENTAR.,28000.0,VIANA E VELOSO LTDA
188097,2023,8,DIVULGAÇÃO DA ATIVIDADE PARLAMENTAR.,28000.0,VIANA E VELOSO LTDA
188097,2023,2,DIVULGAÇÃO DA ATIVIDADE PARLAMENTAR.,500.0,VISUAL CLIPAGEM
188097,2023,3,DIVULGAÇÃO DA ATIVIDADE PARLAMENTAR.,1500.0,VISUAL CLIPAGEM
188097,2023,4,DIVULGAÇÃO DA ATIVIDADE PARLAMENTAR.,1500.0,VISUAL CLIPAGEM
188097,2023,5,DIVULGAÇÃO DA ATIVIDADE PARLAMENTAR.,1500.0,VISUAL CLIPAGEM
188097,2023,6,DIVULGAÇÃO DA ATIVIDADE PARLAMENTAR.,1500.0,VISUAL CLIPAGEM
188097,2023,7,DIVULGAÇÃO DA ATIVIDADE PARLAMENTAR.,1500.0,VISUAL CLIPAGEM
188097,2023,8,DIVULGAÇÃO DA ATIVIDADE PARLAMENTAR.,1500.0,VISUAL CLIPAGEM
188097,2023,9,DIVULGAÇÃO DA ATIVIDADE PARLAMENTAR.,1500.0,VISUAL CLIPAGEM
188097,2023,10,DIVULGAÇÃO DA ATIVIDADE PARLAMENTAR.,1500.0,VISUAL CLIPAGEM
188097,2023,11,DIVULGAÇÃO DA ATIVIDADE PARLAMENTAR.,1500.0,VISUAL CLIPAGEM
188097,2023,12,DIVULGAÇÃO DA ATIVIDADE PARLAMENTAR.,1500.0,VISUAL CLIPAGEM
188097,2023,10,DIVULGAÇÃO DA ATIVIDADE PARLAMENTAR.,800.0,VITOR CANDEIRA NETO
188097,2023,11,DIVULGAÇÃO DA ATIVIDADE PARLAMENTAR.,800.0,VITOR CANDEIRA NETO
188097,2023,4,DIVULGAÇÃO DA ATIVIDADE PARLAMENTAR.,800.0,VITOR CANDEIRA NETO
188097,2023,5,DIVULGAÇÃO DA ATIVIDADE PARLAMENTAR.,800.0,VITOR CANDEIRA NETO
188097,2023,7,DIVULGAÇÃO DA ATIVIDADE PARLAMENTAR.,800.0,VITOR CANDEIRA NETO
188097,2023,8,DIVULGAÇÃO DA ATIVIDADE PARLAMENTAR.,800.0,VITOR CANDEIRA NETO
188097,2023,9,DIVULGAÇÃO DA ATIVIDADE PARLAMENTAR.,800.0,VITOR CANDEIRA NETO
188097,2023,3,DIVULGAÇÃO DA ATIVIDADE PARLAMENTAR.,800.0,VITOR CANDEIRA NETO 60111227364
188097,2023,3,TELEFONIA,235.8,CELULAR FUNCIONAL
188097,2023,4,TELEFONIA,235.8,CELULAR FUNCIONAL
188097,2023,4,TELEFONIA,235.8,CELULAR FUNCIONAL
188097,2023,6,TELEFONIA,235.8,CELULAR FUNCIONAL
188097,2023,7,TELEFONIA,241.56,CELULAR FUNCIONAL
188097,2023,8,TELEFONIA,357.92,CELULAR FUNCIONAL
188097,2023,9,TELEFONIA,362.34,CELULAR FUNCIONAL
188097,2023,9,TELEFONIA,349.53,CELULAR FUNCIONAL
188097,2023,11,TELEFONIA,349.53,CELULAR FUNCIONAL
188097,2023,11,TELEFONIA,349.53,CELULAR FUNCIONAL
188097,2023,12,TELEFONIA,349.53,CELULAR FUNCIONAL
188097,2023,2,TELEFONIA,133.95,Claro NXT Telecomunicações S.A
188097,2023,3,TELEFONIA,133.95,Claro NXT Telecomunicações S.A
188097,2023,4,TELEFONIA,136.08,Claro NXT Telecomunicações S.A
188097,2023,5,TELEFONIA,136.08,Claro NXT Telecomunicações S.A
188097,2023,6,TELEFONIA,136.08,Claro NXT Telecomunicações S.A
188097,2023,7,TELEFONIA,136.08,Claro NXT Telecomunicações S.A
188097,2023,8,TELEFONIA,136.08,Claro NXT Telecomunicações S.A
188097,2023,9,TELEFONIA,136.08,Claro NXT Telecomunicações S.A
188097,2023,10,TELEFONIA,135.75,Claro NXT Telecomunicações S.A
188097,2023,11,TELEFONIA,136.08,Claro NXT Telecomunicações S.A
188097,2023,3,TELEFONIA,376.98,TELEFÔNICA BRASIL S.A
188097,2023,3,TELEFONIA,159.99,TELEFÔNICA BRASIL S.A
188097,2023,5,TELEFONIA,409.21,Telefônica Brasil S.A.
188097,2023,5,TELEFONIA,174.52,Telefônica Brasil S.A.
188097,2023,7,TELEFONIA,409.21,Telefônica Brasil S.A. VIVO
188097,2023,9,TELEFONIA,397.38,Telefônica Brasil S.A. VIVO
188097,2023,2,TELEFONIA,26.73,Telefônica Brasil S.A. VIVO
188097,2023,6,TELEFONIA,389.21,Telefônica Brasil S.A. VIVO
188097,2023,8,TELEFONIA,389.21,Telefônica Brasil S.A. VIVO
188097,2023,10,TELEFONIA,393.21,Telefônica Brasil S.A. VIVO
188097,2023,11,TELEFONIA,389.21,Telefônica Brasil S.A. VIVO
188097,2023,12,TELEFONIA,488.19,Telefônica Brasil S.A. VIVO
188097,2023,2,TELEFONIA,139.82,Telefônica Brasil S.A. VIVO
188097,2023,6,TELEFONIA,174.52,Telefônica Brasil S.A. VIVO
188097,2023,7,TELEFONIA,174.52,Telefônica Brasil S.A. VIVO
188097,2023,8,TELEFONIA,174.52,Telefônica Brasil S.A. VIVO
188097,2023,9,TELEFONIA,174.52,Telefônica Brasil S.A. VIVO
188097,2023,10,TELEFONIA,174.52,Telefônica Brasil S.A. VIVO
188097,2023,11,TELEFONIA,174.52,Telefônica Brasil S.A. VIVO
188097,2023,5,FORNECIMENTO DE ALIMENTAÇÃO DO PARLAMENTAR,110.0,50.340.443 LAISY OLIVEIRA COSTA DE LIMA
188097,2023,9,FORNECIMENTO DE ALIMENTAÇÃO DO PARLAMENTAR,22.9,BRASILIA AIRPORT RESTAURANTES LTDA
188097,2023,11,FORNECIMENTO DE ALIMENTAÇÃO DO PARLAMENTAR,40.8,CBT COMERCIO DE ALIMENTOS LTDA
188097,2023,6,FORNECIMENTO DE ALIMENTAÇÃO DO PARLAMENTAR,39.8,CBT COMERCIO DE ALIMENTOS LTDA
188097,2023,10,FORNECIMENTO DE ALIMENTAÇÃO DO PARLAMENTAR,40.8,CBT COMERCIO DE ALIMENTOS LTDA
188097,2023,12,FORNECIMENTO DE ALIMENTAÇÃO DO PARLAMENTAR,31.8,CBT COMERCIO DE ALIMENTOS LTDA
188097,2023,9,FORNECIMENTO DE ALIMENTAÇÃO DO PARLAMENTAR,27.0,CPQ Brasil S A
188097,2023,10,FORNECIMENTO DE ALIMENTAÇÃO DO PARLAMENTAR,38.0,CPQ Brasil S A
188097,2023,5,FORNECIMENTO DE ALIMENTAÇÃO DO PARLAMENTAR,51.0,CPQ Brasil S/A
188097,2023,2,FORNECIMENTO DE ALIMENTAÇÃO DO PARLAMENTAR,77.8,FAUSTO E MANOEL PONTAO RESTAURANTE E CHOPPERIA LT
188097,2023,4,FORNECIMENTO DE ALIMENTAÇÃO DO PARLAMENTAR,82.8,FAUSTO E MANOEL PONTAO RESTAURANTE E CHOPPERIA LT
188097,2023,10,FORNECIMENTO DE ALIMENTAÇÃO DO PARLAMENTAR,84.8,FAUSTO E MANOEL PONTAO RESTAURANTE E CHOPPERIA LT
188097,2023,12,FORNECIMENTO DE ALIMENTAÇÃO DO PARLAMENTAR,110.5,FAUSTO E MANOEL PONTAO RESTAURANTE E CHOPPERIA LT
188097,2023,2,FORNECIMENTO DE ALIMENTAÇÃO DO PARLAMENTAR,27.9,GREEN S ALIMENTOS EIRELI
188097,2023,2,FORNECIMENTO DE ALIMENTAÇÃO DO PARLAMENTAR,27.5,GREEN S ALIMENTOS EIRELI
188097,2023,2,FORNECIMENTO DE ALIMENTAÇÃO DO PARLAMENTAR,27.9,GREEN S ALIMENTOS EIRELI
188097,2023,3,FORNECIMENTO DE ALIMENTAÇÃO DO PARLAMENTAR,36.75,GREEN S ALIMENTOS EIRELI
188097,2023,3,FORNECIMENTO DE ALIMENTAÇÃO DO PARLAMENTAR,51.13,GREEN S ALIMENTOS EIRELI
188097,2023,4,FORNECIMENTO DE ALIMENTAÇÃO DO PARLAMENTAR,27.9,GREEN S ALIMENTOS EIRELI
188097,2023,4,FORNECIMENTO DE ALIMENTAÇÃO DO PARLAMENTAR,27.9,GREEN S ALIMENTOS EIRELI
188097,2023,5,FORNECIMENTO DE ALIMENTAÇÃO DO PARLAMENTAR,51.44,GREEN S ALIMENTOS EIRELI
188097,2023,8,FORNECIMENTO DE ALIMENTAÇÃO DO PARLAMENTAR,46.65,GREEN'S ALIMENTOS LTDA
188097,2023,9,FORNECIMENTO DE ALIMENTAÇÃO DO PARLAMENTAR,29.56,GREEN'S ALIMENTOS LTDA
188097,2023,10,FORNECIMENTO DE ALIMENTAÇÃO DO PARLAMENTAR,88.14,GREEN'S ALIMENTOS LTDA
188097,2023,12,FORNECIMENTO DE ALIMENTAÇÃO DO PARLAMENTAR,27.9,GREEN'S ALIMENTOS LTDA
188097,2023,12,FORNECIMENTO DE ALIMENTAÇÃO DO PARLAMENTAR,56.24,GREEN'S ALIMENTOS LTDA
188097,2023,6,FORNECIMENTO DE ALIMENTAÇÃO DO PARLAMENTAR,13.5,JM PANIFICADORA E PRODUTOS ALIMENTICIOS LTDA
188097,2023,6,FORNECIMENTO DE ALIMENTAÇÃO DO PARLAMENTAR,14.0,JM PANIFICADORA E PRODUTOS ALIMENTICIOS LTDA
188097,2023,6,FORNECIMENTO DE ALIMENTAÇÃO DO PARLAMENTAR,9.0,JM PANIFICADORA E PRODUTOS ALIMENTICIOS LTDA
188097,2023,7,FORNECIMENTO DE ALIMENTAÇÃO DO PARLAMENTAR,13.5,JM PANIFICADORA E PRODUTOS ALIMENTICIOS LTDA
188097,2023,7,FORNECIMENTO DE ALIMENTAÇÃO DO PARLAMENTAR,9.0,JM PANIFICADORA E PRODUTOS ALIMENTICIOS LTDA
188097,2023,7,FORNECIMENTO DE ALIMENTAÇÃO DO PARLAMENTAR,9.0,JM PANIFICADORA E PRODUTOS ALIMENTICIOS LTDA
188097,2023,8,FORNECIMENTO DE ALIMENTAÇÃO DO PARLAMENTAR,13.5,JM PANIFICADORA E PRODUTOS ALIMENTICIOS LTDA
188097,2023,8,FORNECIMENTO DE ALIMENTAÇÃO DO PARLAMENTAR,14.0,JM PANIFICADORA E PRODUTOS ALIMENTICIOS LTDA
188097,2023,8,FORNECIMENTO DE ALIMENTAÇÃO DO PARLAMENTAR,14.0,JM PANIFICADORA E PRODUTOS ALIMENTICIOS LTDA
188097,2023,8,FORNECIMENTO DE ALIMENTAÇÃO DO PARLAMENTAR,14.0,JM PANIFICADORA E PRODUTOS ALIMENTICIOS LTDA
188097,2023,8,FORNECIMENTO DE ALIMENTAÇÃO DO PARLAMENTAR,9.0,JM PANIFICADORA E PRODUTOS ALIMENTICIOS LTDA
188097,2023,8,FORNECIMENTO DE ALIMENTAÇÃO DO PARLAMENTAR,13.5,JM PANIFICADORA E PRODUTOS ALIMENTICIOS LTDA
188097,2023,9,FORNECIMENTO DE ALIMENTAÇÃO DO PARLAMENTAR,14.0,JM PANIFICADORA E PRODUTOS ALIMENTICIOS LTDA
188097,2023,9,FORNECIMENTO DE ALIMENTAÇÃO DO PARLAMENTAR,14.0,JM PANIFICADORA E PRODUTOS ALIMENTICIOS LTDA
188097,2023,9,FORNECIMENTO DE ALIMENTAÇÃO DO PARLAMENTAR,13.5,JM PANIFICADORA E PRODUTOS ALIMENTICIOS LTDA
188097,2023,10,FORNECIMENTO DE ALIMENTAÇÃO DO PARLAMENTAR,14.0,JM PANIFICADORA E PRODUTOS ALIMENTICIOS LTDA
188097,2023,10,FORNECIMENTO DE ALIMENTAÇÃO DO PARLAMENTAR,12.0,JM PANIFICADORA E PRODUTOS ALIMENTICIOS LTDA
188097,2023,10,FORNECIMENTO DE ALIMENTAÇÃO DO PARLAMENTAR,14.0,JM PANIFICADORA E PRODUTOS ALIMENTICIOS LTDA
188097,2023,10,FORNECIMENTO DE ALIMENTAÇÃO DO PARLAMENTAR,14.0,JM PANIFICADORA E PRODUTOS ALIMENTICIOS LTDA
188097,2023,11,FORNECIMENTO DE ALIMENTAÇÃO DO PARLAMENTAR,14.0,JM PANIFICADORA E PRODUTOS ALIMENTICIOS LTDA
188097,2023,11,FORNECIMENTO DE ALIMENTAÇÃO DO PARLAMENTAR,9.0,JM PANIFICADORA E PRODUTOS ALIMENTICIOS LTDA
188097,2023,11,FORNECIMENTO DE ALIMENTAÇÃO DO PARLAMENTAR,14.0,JM PANIFICADORA E PRODUTOS ALIMENTICIOS LTDA
188097,2023,11,FORNECIMENTO DE ALIMENTAÇÃO DO PARLAMENTAR,14.0,JM PANIFICADORA E PRODUTOS ALIMENTICIOS LTDA
188097,2023,12,FORNECIMENTO DE ALIMENTAÇÃO DO PARLAMENTAR,9.0,JM PANIFICADORA E PRODUTOS ALIMENTICIOS LTDA
188097,2023,12,FORNECIMENTO DE ALIMENTAÇÃO DO PARLAMENTAR,14.0,JM PANIFICADORA E PRODUTOS ALIMENTICIOS LTDA
188097,2023,12,FORNECIMENTO DE ALIMENTAÇÃO DO PARLAMENTAR,14.0,JM PANIFICADORA E PRODUTOS ALIMENTICIOS LTDA
188097,2023,12,FORNECIMENTO DE ALIMENTAÇÃO DO PARLAMENTAR,14.0,JM PANIFICADORA E PRODUTOS ALIMENTICIOS LTDA
188097,2023,9,FORNECIMENTO DE ALIMENTAÇÃO DO PARLAMENTAR,12.0,JM PANIFICADORA E PRODUTOS ALIMENTICIOS LTDA
188097,2023,3,FORNECIMENTO DE ALIMENTAÇÃO DO PARLAMENTAR,14.5,JM PANIFICADORA E PRODUTOS ALIMENTICIOS LTDA
188097,2023,3,FORNECIMENTO DE ALIMENTAÇÃO DO PARLAMENTAR,5.0,JM PANIFICADORA E PRODUTOS ALIMENTICIOS LTDA
188097,2023,8,FORNECIMENTO DE ALIMENTAÇÃO DO PARLAMENTAR,44.0,LOMA RESTAURANTE LTDA
188097,2023,9,FORNECIMENTO DE ALIMENTAÇÃO DO PARLAMENTAR,37.99,LOMA RESTAURANTE LTDA
188097,2023,9,FORNECIMENTO DE ALIMENTAÇÃO DO PARLAMENTAR,27.0,LOMA RESTAURANTE LTDA
188097,2023,10,FORNECIMENTO DE ALIMENTAÇÃO DO PARLAMENTAR,52.5,LOMA RESTAURANTE LTDA
188097,2023,10,FORNECIMENTO DE ALIMENTAÇÃO DO PARLAMENTAR,49.0,LOMA RESTAURANTE LTDA
188097,2023,11,FORNECIMENTO DE ALIMENTAÇÃO DO PARLAMENTAR,46.0,LOMA RESTAURANTE LTDA
188097,2023,12,FORNECIMENTO DE ALIMENTAÇÃO DO PARLAMENTAR,46.0,LOMA RESTAURANTE LTDA
188097,2023,12,FORNECIMENTO DE ALIMENTAÇÃO DO PARLAMENTAR,25.0,LOMA RESTAURANTE LTDA
188097,2023,6,FORNECIMENTO DE ALIMENTAÇÃO DO PARLAMENTAR,42.0,LOMA RESTAURANTE LTDA
188097,2023,6,FORNECIMENTO DE ALIMENTAÇÃO DO PARLAMENTAR,24.0,LOMA RESTAURANTE LTDA
188097,2023,6,FORNECIMENTO DE ALIMENTAÇÃO DO PARLAMENTAR,29.0,LOMA RESTAURANTE LTDA
188097,2023,6,FORNECIMENTO DE ALIMENTAÇÃO DO PARLAMENTAR,29.0,LOMA RESTAURANTE LTDA
188097,2023,10,FORNECIMENTO DE ALIMENTAÇÃO DO PARLAMENTAR,39.38,LT COMERCIO DE PRODUTOS ALIMENTICIOS LTDA
188097,2023,6,FORNECIMENTO DE ALIMENTAÇÃO DO PARLAMENTAR,63.13,MADERO INDUSTRIA E COMERCIO S.
188097,2023,11,FORNECIMENTO DE ALIMENTAÇÃO DO PARLAMENTAR,58.4,MADERO INDUSTRIA E COMERCIO S.
188097,2023,9,FORNECIMENTO DE ALIMENTAÇÃO DO PARLAMENTAR,82.9,MADERO INDUSTRIA E COMERCIO S.
188097,2023,12,FORNECIMENTO DE ALIMENTAÇÃO DO PARLAMENTAR,66.3,MADERO INDUSTRIA E COMERCIO S.
188097,2023,9,FORNECIMENTO DE ALIMENTAÇÃO DO PARLAMENTAR,53.0,MAXIMUS COMERCIAL LTDA
188097,2023,11,FORNECIMENTO DE ALIMENTAÇÃO DO PARLAMENTAR,48.0,MAXIMUS COMERCIAL LTDA
188097,2023,3,FORNECIMENTO DE ALIMENTAÇÃO DO PARLAMENTAR,18.98,PD PAES E DELICIAS COMERCIO E INDUSTRIA
188097,2023,3,FORNECIMENTO DE ALIMENTAÇÃO DO PARLAMENTAR,17.61,PD PAES E DELICIAS COMERCIO E INDUSTRIA
188097,2023,3,FORNECIMENTO DE ALIMENTAÇÃO DO PARLAMENTAR,12.49,PD PAES E DELICIAS COMERCIO E INDUSTRIA
188097,2023,3,FORNECIMENTO DE ALIMENTAÇÃO DO PARLAMENTAR,10.99,PD PAES E DELICIAS COMERCIO E INDUSTRIA
188097,2023,9,FORNECIMENTO DE ALIMENTAÇÃO DO PARLAMENTAR,11.99,PD PAES E DELICIAS COMERCIO E INDUSTRIA
188097,2023,12,FORNECIMENTO DE ALIMENTAÇÃO DO PARLAMENTAR,10.49,PD PAES E DELICIAS COMERCIO E INDUSTRIA
188097,2023,12,FORNECIMENTO DE ALIMENTAÇÃO DO PARLAMENTAR,14.4,PD PAES E DELICIAS COMERCIO E INDUSTRIA
188097,2023,12,FORNECIMENTO DE ALIMENTAÇÃO DO PARLAMENTAR,12.99,PD PAES E DELICIAS COMERCIO E INDUSTRIA
188097,2023,4,FORNECIMENTO DE ALIMENTAÇÃO DO PARLAMENTAR,10.49,PD PAES E DELICIAS COMERCIO E INDUSTRIA
188097,2023,4,FORNECIMENTO DE ALIMENTAÇÃO DO PARLAMENTAR,10.49,PD PAES E DELICIAS COMERCIO E INDUSTRIA
188097,2023,4,FORNECIMENTO DE ALIMENTAÇÃO DO PARLAMENTAR,10.49,PD PAES E DELICIAS COMERCIO E INDUSTRIA
188097,2023,5,FORNECIMENTO DE ALIMENTAÇÃO DO PARLAMENTAR,23.98,PD PAES E DELICIAS COMERCIO E INDUSTRIA
188097,2023,5,FORNECIMENTO DE ALIMENTAÇÃO DO PARLAMENTAR,24.98,PD PAES E DELICIAS COMERCIO E INDUSTRIA
188097,2023,7,FORNECIMENTO DE ALIMENTAÇÃO DO PARLAMENTAR,10.49,PD PAES E DELICIAS COMERCIO E INDUSTRIA
188097,2023,9,FORNECIMENTO DE ALIMENTAÇÃO DO PARLAMENTAR,14.4,PD PAES E DELICIAS COMERCIO E INDUSTRIA
188097,2023,10,FORNECIMENTO DE ALIMENTAÇÃO DO PARLAMENTAR,10.49,PD PAES E DELICIAS COMERCIO E INDUSTRIA
188097,2023,11,FORNECIMENTO DE ALIMENTAÇÃO DO PARLAMENTAR,14.4,PD PAES E DELICIAS COMERCIO E INDUSTRIA
188097,2023,11,FORNECIMENTO DE ALIMENTAÇÃO DO PARLAMENTAR,14.4,PD PAES E DELICIAS COMERCIO E INDUSTRIA
188097,2023,9,FORNECIMENTO DE ALIMENTAÇÃO DO PARLAMENTAR,38.0,PROXIMUS COMERCIAL LTDA
188097,2023,9,FORNECIMENTO DE ALIMENTAÇÃO DO PARLAMENTAR,120.0,RESTAURANTE DA GRACA EIRELI
188097,2023,11,FORNECIMENTO DE ALIMENTAÇÃO DO PARLAMENTAR,105.0,RESTAURANTE DA GRACA EIRELI
188097,2023,2,FORNECIMENTO DE ALIMENTAÇÃO DO PARLAMENTAR,76.95,RESTAURANTE DAS MINAS LTDA
188097,2023,3,FORNECIMENTO DE ALIMENTAÇÃO DO PARLAMENTAR,40.09,RESTAURANTE DAS MINAS LTDA
188097,2023,3,FORNECIMENTO DE ALIMENTAÇÃO DO PARLAMENTAR,69.94,RESTAURANTE DAS MINAS LTDA
188097,2023,3,FORNECIMENTO DE ALIMENTAÇÃO DO PARLAMENTAR,38.38,RESTAURANTE DAS MINAS LTDA
188097,2023,4,FORNECIMENTO DE ALIMENTAÇÃO DO PARLAMENTAR,83.51,RESTAURANTE DAS MINAS LTDA
188097,2023,4,FORNECIMENTO DE ALIMENTAÇÃO DO PARLAMENTAR,98.0,RESTAURANTE DAS MINAS LTDA
188097,2023,5,FORNECIMENTO DE ALIMENTAÇÃO DO PARLAMENTAR,109.25,RESTAURANTE DAS MINAS LTDA
188097,2023,6,FORNECIMENTO DE ALIMENTAÇÃO DO PARLAMENTAR,74.98,RESTAURANTE DAS MINAS LTDA
188097,2023,7,FORNECIMENTO DE ALIMENTAÇÃO DO PARLAMENTAR,86.67,RESTAURANTE DAS MINAS LTDA
188097,2023,7,FORNECIMENTO DE ALIMENTAÇÃO DO PARLAMENTAR,65.13,RESTAURANTE DAS MINAS LTDA
188097,2023,8,FORNECIMENTO DE ALIMENTAÇÃO DO PARLAMENTAR,60.97,RESTAURANTE DAS MINAS LTDA
188097,2023,8,FORNECIMENTO DE ALIMENTAÇÃO DO PARLAMENTAR,71.92,RESTAURANTE DAS MINAS LTDA
188097,2023,9,FORNECIMENTO DE ALIMENTAÇÃO DO PARLAMENTAR,69.28,RESTAURANTE DAS MINAS LTDA
188097,2023,9,FORNECIMENTO DE ALIMENTAÇÃO DO PARLAMENTAR,56.72,RESTAURANTE DAS MINAS LTDA
188097,2023,12,FORNECIMENTO DE ALIMENTAÇÃO DO PARLAMENTAR,66.7,RESTAURANTE DAS MINAS LTDA
188097,2023,3,FORNECIMENTO DE ALIMENTAÇÃO DO PARLAMENTAR,79.03,SERVICO NACIONAL DE APRENDIZAGEM COMERCIAL SENAC
188097,2023,4,FORNECIMENTO DE ALIMENTAÇÃO DO PARLAMENTAR,79.03,SERVICO NACIONAL DE APRENDIZAGEM COMERCIAL SENAC
188097,2023,4,FORNECIMENTO DE ALIMENTAÇÃO DO PARLAMENTAR,84.27,SERVICO NACIONAL DE APRENDIZAGEM COMERCIAL SENAC
188097,2023,4,FORNECIMENTO DE ALIMENTAÇÃO DO PARLAMENTAR,84.27,SERVICO NACIONAL DE APRENDIZAGEM COMERCIAL SENAC
188097,2023,5,FORNECIMENTO DE ALIMENTAÇÃO DO PARLAMENTAR,84.27,SERVICO NACIONAL DE APRENDIZAGEM COMERCIAL SENAC
188097,2023,5,FORNECIMENTO DE ALIMENTAÇÃO DO PARLAMENTAR,84.27,SERVICO NACIONAL DE APRENDIZAGEM COMERCIAL SENAC
188097,2023,5,FORNECIMENTO DE ALIMENTAÇÃO DO PARLAMENTAR,84.27,SERVICO NACIONAL DE APRENDIZAGEM COMERCIAL SENAC
188097,2023,5,FORNECIMENTO DE ALIMENTAÇÃO DO PARLAMENTAR,84.27,SERVICO NACIONAL DE APRENDIZAGEM COMERCIAL SENAC
188097,2023,5,FORNECIMENTO DE ALIMENTAÇÃO DO PARLAMENTAR,84.27,SERVICO NACIONAL DE APRENDIZAGEM COMERCIAL SENAC
188097,2023,6,FORNECIMENTO DE ALIMENTAÇÃO DO PARLAMENTAR,88.61,SERVICO NACIONAL DE APRENDIZAGEM COMERCIAL SENAC
188097,2023,6,FORNECIMENTO DE ALIMENTAÇÃO DO PARLAMENTAR,84.27,SERVICO NACIONAL DE APRENDIZAGEM COMERCIAL SENAC
188097,2023,8,FORNECIMENTO DE ALIMENTAÇÃO DO PARLAMENTAR,83.37,SERVICO NACIONAL DE APRENDIZAGEM COMERCIAL SENAC
188097,2023,8,FORNECIMENTO DE ALIMENTAÇÃO DO PARLAMENTAR,79.03,SERVICO NACIONAL DE APRENDIZAGEM COMERCIAL SENAC
188097,2023,8,FORNECIMENTO DE ALIMENTAÇÃO DO PARLAMENTAR,79.03,SERVICO NACIONAL DE APRENDIZAGEM COMERCIAL SENAC
188097,2023,8,FORNECIMENTO DE ALIMENTAÇÃO DO PARLAMENTAR,79.03,SERVICO NACIONAL DE APRENDIZAGEM COMERCIAL SENAC
188097,2023,9,FORNECIMENTO DE ALIMENTAÇÃO DO PARLAMENTAR,83.37,SERVICO NACIONAL DE APRENDIZAGEM COMERCIAL SENAC
188097,2023,9,FORNECIMENTO DE ALIMENTAÇÃO DO PARLAMENTAR,79.03,SERVICO NACIONAL DE APRENDIZAGEM COMERCIAL SENAC
188097,2023,9,FORNECIMENTO DE ALIMENTAÇÃO DO PARLAMENTAR,79.03,SERVICO NACIONAL DE APRENDIZAGEM COMERCIAL SENAC
188097,2023,10,FORNECIMENTO DE ALIMENTAÇÃO DO PARLAMENTAR,79.03,SERVICO NACIONAL DE APRENDIZAGEM COMERCIAL SENAC
188097,2023,11,FORNECIMENTO DE ALIMENTAÇÃO DO PARLAMENTAR,84.27,SERVICO NACIONAL DE APRENDIZAGEM COMERCIAL SENAC
188097,2023,11,FORNECIMENTO DE ALIMENTAÇÃO DO PARLAMENTAR,79.03,SERVICO NACIONAL DE APRENDIZAGEM COMERCIAL SENAC
188097,2023,11,FORNECIMENTO DE ALIMENTAÇÃO DO PARLAMENTAR,79.03,SERVICO NACIONAL DE APRENDIZAGEM COMERCIAL SENAC
188097,2023,11,FORNECIMENTO DE ALIMENTAÇÃO DO PARLAMENTAR,79.03,SERVICO NACIONAL DE APRENDIZAGEM COMERCIAL SENAC
188097,2023,12,FORNECIMENTO DE ALIMENTAÇÃO DO PARLAMENTAR,84.27,SERVICO NACIONAL DE APRENDIZAGEM COMERCIAL SENAC
188097,2023,2,FORNECIMENTO DE ALIMENTAÇÃO DO PARLAMENTAR,74.63,SERVICO NACIONAL DE APRENDIZAGEM COMERCIAL SENAC
188097,2023,2,FORNECIMENTO DE ALIMENTAÇÃO DO PARLAMENTAR,78.73,SERVICO NACIONAL DE APRENDIZAGEM COMERCIAL SENAC
188097,2023,2,FORNECIMENTO DE ALIMENTAÇÃO DO PARLAMENTAR,78.73,SERVICO NACIONAL DE APRENDIZAGEM COMERCIAL SENAC
188097,2023,3,FORNECIMENTO DE ALIMENTAÇÃO DO PARLAMENTAR,74.63,SERVICO NACIONAL DE APRENDIZAGEM COMERCIAL SENAC
188097,2023,3,FORNECIMENTO DE ALIMENTAÇÃO DO PARLAMENTAR,79.03,SERVICO NACIONAL DE APRENDIZAGEM COMERCIAL SENAC
188097,2023,3,FORNECIMENTO DE ALIMENTAÇÃO DO PARLAMENTAR,79.03,SERVICO NACIONAL DE APRENDIZAGEM COMERCIAL SENAC
188097,2023,3,FORNECIMENTO DE ALIMENTAÇÃO DO PARLAMENTAR,79.03,SERVICO NACIONAL DE APRENDIZAGEM COMERCIAL SENAC
188097,2023,3,FORNECIMENTO DE ALIMENTAÇÃO DO PARLAMENTAR,83.37,SERVICO NACIONAL DE APRENDIZAGEM COMERCIAL SENAC
188097,2023,3,FORNECIMENTO DE ALIMENTAÇÃO DO PARLAMENTAR,79.03,SERVICO NACIONAL DE APRENDIZAGEM COMERCIAL SENAC
188097,2023,4,FORNECIMENTO DE ALIMENTAÇÃO DO PARLAMENTAR,83.37,SERVICO NACIONAL DE APRENDIZAGEM COMERCIAL SENAC
188097,2023,7,FORNECIMENTO DE ALIMENTAÇÃO DO PARLAMENTAR,84.27,SERVICO NACIONAL DE APRENDIZAGEM COMERCIAL SENAC
188097,2023,12,FORNECIMENTO DE ALIMENTAÇÃO DO PARLAMENTAR,83.37,SERVICO NACIONAL DE APRENDIZAGEM COMERCIAL SENAC
188097,2023,9,FORNECIMENTO DE ALIMENTAÇÃO DO PARLAMENTAR,79.03,SERVICO NACIONAL DE APRENDIZAGEM COMERCIAL SENAC
188097,2023,11,FORNECIMENTO DE ALIMENTAÇÃO DO PARLAMENTAR,84.27,SERVICO NACIONAL DE APRENDIZAGEM COMERCIAL SENAC
188097,2023,6,FORNECIMENTO DE ALIMENTAÇÃO DO PARLAMENTAR,70.65,TOMAS E MAIA RESTAURANTE LTDA EPP
188097,2023,8,FORNECIMENTO DE ALIMENTAÇÃO DO PARLAMENTAR,72.11,TOMAS E MAIA RESTAURANTE LTDA EPP
188097,2023,10,FORNECIMENTO DE ALIMENTAÇÃO DO PARLAMENTAR,63.68,TOMAS E MAIA RESTAURANTE LTDA EPP
188097,2023,10,FORNECIMENTO DE ALIMENTAÇÃO DO PARLAMENTAR,60.75,TOMAS E MAIA RESTAURANTE LTDA EPP
188097,2023,10,FORNECIMENTO DE ALIMENTAÇÃO DO PARLAMENTAR,64.86,TOMAS E MAIA RESTAURANTE LTDA EPP
188097,2023,9,LOCAÇÃO OU FRETAMENTO DE VEÍCULOS AUTOMOTORES,9500.0,MAZUAD AUTOLOCADORA
188097,2023,9,LOCAÇÃO OU FRETAMENTO DE VEÍCULOS AUTOMOTORES,2500.0,MAZUAD AUTOLOCADORA
188097,2023,10,LOCAÇÃO OU FRETAMENTO DE VEÍCULOS AUTOMOTORES,9500.0,MAZUAD AUTOLOCADORA
188097,2023,10,LOCAÇÃO OU FRETAMENTO DE VEÍCULOS AUTOMOTORES,2500.0,MAZUAD AUTOLOCADORA
188097,2023,11,LOCAÇÃO OU FRETAMENTO DE VEÍCULOS AUTOMOTORES,9500.0,MAZUAD AUTOLOCADORA
188097,2023,11,LOCAÇÃO OU FRETAMENTO DE VEÍCULOS AUTOMOTORES,2500.0,MAZUAD AUTOLOCADORA
188097,2023,12,LOCAÇÃO OU FRETAMENTO DE VEÍCULOS AUTOMOTORES,9500.0,MAZUAD AUTOLOCADORA
188097,2023,12,LOCAÇÃO OU FRETAMENTO DE VEÍCULOS AUTOMOTORES,2500.0,MAZUAD AUTOLOCADORA
188097,2023,2,LOCAÇÃO OU FRETAMENTO DE VEÍCULOS AUTOMOTORES,9500.0,MAZUAD AUTOLOCADORA
188097,2023,3,LOCAÇÃO OU FRETAMENTO DE VEÍCULOS AUTOMOTORES,9500.0,MAZUAD AUTOLOCADORA
188097,2023,2,LOCAÇÃO OU FRETAMENTO DE VEÍCULOS AUTOMOTORES,2500.0,MAZUAD AUTOLOCADORA
188097,2023,3,LOCAÇÃO OU FRETAMENTO DE VEÍCULOS AUTOMOTORES,2500.0,MAZUAD AUTOLOCADORA
188097,2023,4,LOCAÇÃO OU FRETAMENTO DE VEÍCULOS AUTOMOTORES,9500.0,MAZUAD AUTOLOCADORA
188097,2023,4,LOCAÇÃO OU FRETAMENTO DE VEÍCULOS AUTOMOTORES,2500.0,MAZUAD AUTOLOCADORA
188097,2023,5,LOCAÇÃO OU FRETAMENTO DE VEÍCULOS AUTOMOTORES,9500.0,MAZUAD AUTOLOCADORA
188097,2023,5,LOCAÇÃO OU FRETAMENTO DE VEÍCULOS AUTOMOTORES,2500.0,MAZUAD AUTOLOCADORA
188097,2023,6,LOCAÇÃO OU FRETAMENTO DE VEÍCULOS AUTOMOTORES,9500.0,MAZUAD AUTOLOCADORA
188097,2023,6,LOCAÇÃO OU FRETAMENTO DE VEÍCULOS AUTOMOTORES,2500.0,MAZUAD AUTOLOCADORA
188097,2023,7,LOCAÇÃO OU FRETAMENTO DE VEÍCULOS AUTOMOTORES,9500.0,MAZUAD AUTOLOCADORA
188097,2023,7,LOCAÇÃO OU FRETAMENTO DE VEÍCULOS AUTOMOTORES,2500.0,MAZUAD AUTOLOCADORA
188097,2023,8,LOCAÇÃO OU FRETAMENTO DE VEÍCULOS AUTOMOTORES,9500.0,MAZUAD AUTOLOCADORA
188097,2023,8,LOCAÇÃO OU FRETAMENTO DE VEÍCULOS AUTOMOTORES,2500.0,MAZUAD AUTOLOCADORA
188097,2023,4,PASSAGEM AÉREA - SIGEPA,1996.94,GOL
188097,2023,7,PASSAGEM AÉREA - SIGEPA,1770.68,GOL
188097,2023,2,PASSAGEM AÉREA - SIGEPA,1377.74,TAM
188097,2023,2,PASSAGEM AÉREA - SIGEPA,422.09,TAM
188097,2023,3,PASSAGEM AÉREA - SIGEPA,1366.37,TAM
188097,2023,3,PASSAGEM AÉREA - SIGEPA,1366.37,TAM
188097,2023,3,PASSAGEM AÉREA - SIGEPA,55.0,TAM
188097,2023,3,PASSAGEM AÉREA - SIGEPA,79.0,TAM
188097,2023,3,PASSAGEM AÉREA - SIGEPA,2744.83,TAM
188097,2023,4,PASSAGEM AÉREA - SIGEPA,79.0,TAM
188097,2023,4,PASSAGEM AÉREA - SIGEPA,1381.34,TAM
188097,2023,4,PASSAGEM AÉREA - SIGEPA,55.0,TAM
188097,2023,4,PASSAGEM AÉREA - SIGEPA,1381.34,TAM
188097,2023,4,PASSAGEM AÉREA - SIGEPA,79.0,TAM
188097,2023,4,PASSAGEM AÉREA - SIGEPA,1381.34,TAM
188097,2023,5,PASSAGEM AÉREA - SIGEPA,1366.37,TAM
188097,2023,5,PASSAGEM AÉREA - SIGEPA,1381.34,TAM
188097,2023,5,PASSAGEM AÉREA - SIGEPA,1366.37,TAM
188097,2023,6,PASSAGEM AÉREA - SIGEPA,1356.72,TAM
188097,2023,7,PASSAGEM AÉREA - SIGEPA,1366.37,TAM
188097,2023,7,PASSAGEM AÉREA - SIGEPA,1366.37,TAM
188097,2023,7,PASSAGEM AÉREA - SIGEPA,-43.34,TAM
188097,2023,7,PASSAGEM AÉREA - SIGEPA,14.97,TAM
188097,2023,8,PASSAGEM AÉREA - SIGEPA,1366.37,TAM
188097,2023,8,PASSAGEM AÉREA - SIGEPA,1367.51,TAM
188097,2023,8,PASSAGEM AÉREA - SIGEPA,1381.34,TAM
188097,2023,8,PASSAGEM AÉREA - SIGEPA,1367.51,TAM
188097,2023,10,PASSAGEM AÉREA - SIGEPA,-29.51,TAM
188097,2023,10,PASSAGEM AÉREA - SIGEPA,1367.51,TAM
188097,2023,10,PASSAGEM AÉREA - SIGEPA,-43.34,TAM
188097,2023,10,PASSAGEM AÉREA - SIGEPA,1381.34,TAM
188097,2023,10,PASSAGEM AÉREA - SIGEPA,1367.51,TAM
188097,2023,11,PASSAGEM AÉREA - SIGEPA,1381.34,TAM
188097,2023,11,PASSAGEM AÉREA - SIGEPA,55.0,TAM
188097,2023,11,PASSAGEM AÉREA - SIGEPA,1381.34,TAM
188097,2023,12,PASSAGEM AÉREA - SIGEPA,1367.51,TAM
188097,2023,10,PASSAGEM AÉREA - RPA,2440.24,Cia Aérea - TAM
188097,2023,12,PASSAGEM AÉREA - RPA,3718.51,Cia Aérea - TAM
188097,2023,12,PASSAGEM AÉREA - RPA,-3718.51,Cia Aérea - TAM
188097,2024,1,MANUTENÇÃO DE ESCRITÓRIO DE APOIO À ATIVIDADE PARLAMENTAR,893.86,AGUAS DE TERESINA SAN. SPE SA
188097,2024,3,MANUTENÇÃO DE ESCRITÓRIO DE APOIO À ATIVIDADE PARLAMENTAR,82.22,AGUAS DE TERESINA SAN. SPE SA
188097,2024,4,MANUTENÇÃO DE ESCRITÓRIO DE APOIO À ATIVIDADE PARLAMENTAR,82.22,AGUAS DE TERESINA SAN. SPE SA
188097,2024,5,MANUTENÇÃO DE ESCRITÓRIO DE APOIO À ATIVIDADE PARLAMENTAR,82.22,AGUAS DE TERESINA SAN. SPE SA
188097,2024,6,MANUTENÇÃO DE ESCRITÓRIO DE APOIO À ATIVIDADE PARLAMENTAR,82.22,AGUAS DE TERESINA SAN. SPE SA
188097,2024,7,MANUTENÇÃO DE ESCRITÓRIO DE APOIO À ATIVIDADE PARLAMENTAR,500.72,AGUAS DE TERESINA SAN. SPE SA
188097,2024,8,MANUTENÇÃO DE ESCRITÓRIO DE APOIO À ATIVIDADE PARLAMENTAR,291.14,AGUAS DE TERESINA SAN. SPE SA
188097,2024,9,MANUTENÇÃO DE ESCRITÓRIO DE APOIO À ATIVIDADE PARLAMENTAR,275.3,AGUAS DE TERESINA SAN. SPE SA
188097,2024,10,MANUTENÇÃO DE ESCRITÓRIO DE APOIO À ATIVIDADE PARLAMENTAR,211.9,AGUAS DE TERESINA SAN. SPE SA
188097,2024,11,MANUTENÇÃO DE ESCRITÓRIO DE APOIO À ATIVIDADE PARLAMENTAR,164.34,AGUAS DE TERESINA SAN. SPE SA
188097,2024,12,MANUTENÇÃO DE ESCRITÓRIO DE APOIO À ATIVIDADE PARLAMENTAR,259.44,AGUAS DE TERESINA SAN. SPE SA
188097,2024,2,MANUTENÇÃO DE ESCRITÓRIO DE APOIO À ATIVIDADE PARLAMENTAR,102.0,BRISANET SERVIÇOS DE TELECOMUNICAÇÕES LTDA - PI
188097,2024,3,MANUTENÇÃO DE ESCRITÓRIO DE APOIO À ATIVIDADE PARLAMENTAR,102.0,BRISANET SERVIÇOS DE TELECOMUNICAÇÕES LTDA - PI
188097,2024,2,MANUTENÇÃO DE ESCRITÓRIO DE APOIO À ATIVIDADE PARLAMENTAR,1165.48,COMERCIAL EQIP LTDA
188097,2024,12,MANUTENÇÃO DE ESCRITÓRIO DE APOIO À ATIVIDADE PARLAMENTAR,2689.04,COMERCIAL EQIP LTDA
188097,2024,1,MANUTENÇÃO DE ESCRITÓRIO DE APOIO À ATIVIDADE PARLAMENTAR,1240.34,Companhia Energética do Piauí
188097,2024,2,MANUTENÇÃO DE ESCRITÓRIO DE APOIO À ATIVIDADE PARLAMENTAR,1301.41,Companhia Energética do Piauí
188097,2024,3,MANUTENÇÃO DE ESCRITÓRIO DE APOIO À ATIVIDADE PARLAMENTAR,1473.46,Companhia Energética do Piauí
188097,2024,4,MANUTENÇÃO DE ESCRITÓRIO DE APOIO À ATIVIDADE PARLAMENTAR,1392.25,Companhia Energética do Piauí
188097,2024,5,MANUTENÇÃO DE ESCRITÓRIO DE APOIO À ATIVIDADE PARLAMENTAR,1529.65,Companhia Energética do Piauí
188097,2024,6,MANUTENÇÃO DE ESCRITÓRIO DE APOIO À ATIVIDADE PARLAMENTAR,1618.92,Companhia Energética do Piauí
188097,2024,7,MANUTENÇÃO DE ESCRITÓRIO DE APOIO À ATIVIDADE PARLAMENTAR,1639.32,Companhia Energética do Piauí
188097,2024,8,MANUTENÇÃO DE ESCRITÓRIO DE APOIO À ATIVIDADE PARLAMENTAR,1669.47,Companhia Energética do Piauí
188097,2024,9,MANUTENÇÃO DE ESCRITÓRIO DE APOIO À ATIVIDADE PARLAMENTAR,2108.85,Companhia Energética do Piauí
188097,2024,10,MANUTENÇÃO DE ESCRITÓRIO DE APOIO À ATIVIDADE PARLAMENTAR,2135.87,Companhia Energética do Piauí
188097,2024,11,MANUTENÇÃO DE ESCRITÓRIO DE APOIO À ATIVIDADE PARLAMENTAR,1398.46,Companhia Energética do Piauí
188097,2024,6,MANUTENÇÃO DE ESCRITÓRIO DE APOIO À ATIVIDADE PARLAMENTAR,4050.53,HENRIQUE MELO CASTELO BRANCO
188097,2024,1,MANUTENÇÃO DE ESCRITÓRIO DE APOIO À ATIVIDADE PARLAMENTAR,4000.0,LILIA ELVAS CASTELO BRANCO
188097,2024,2,MANUTENÇÃO DE ESCRITÓRIO DE APOIO À ATIVIDADE PARLAMENTAR,4000.0,LILIA ELVAS CASTELO BRANCO
188097,2024,3,MANUTENÇÃO DE ESCRITÓRIO DE APOIO À ATIVIDADE PARLAMENTAR,4000.0,LILIA ELVAS CASTELO BRANCO
188097,2024,4,MANUTENÇÃO DE ESCRITÓRIO DE APOIO À ATIVIDADE PARLAMENTAR,4000.0,LILIA ELVAS CASTELO BRANCO
188097,2024,5,MANUTENÇÃO DE ESCRITÓRIO DE APOIO À ATIVIDADE PARLAMENTAR,4000.0,LILIA ELVAS CASTELO BRANCO
188097,2024,6,MANUTENÇÃO DE ESCRITÓRIO DE APOIO À ATIVIDADE PARLAMENTAR,4000.0,LILIA ELVAS CASTELO BRANCO
188097,2024,7,MANUTENÇÃO DE ESCRITÓRIO DE APOIO À ATIVIDADE PARLAMENTAR,4000.0,LILIA ELVAS CASTELO BRANCO
188097,2024,8,MANUTENÇÃO DE ESCRITÓRIO DE APOIO À ATIVIDADE PARLAMENTAR,4000.0,LILIA ELVAS CASTELO BRANCO
188097,2024,9,MANUTENÇÃO DE ESCRITÓRIO DE APOIO À ATIVIDADE PARLAMENTAR,4000.0,LILIA ELVAS CASTELO BRANCO
188097,2024,10,MANUTENÇÃO DE ESCRITÓRIO DE APOIO À ATIVIDADE PARLAMENTAR,4000.0,LILIA ELVAS CASTELO BRANCO
188097,2024,1,MANUTENÇÃO DE ESCRITÓRIO DE APOIO À ATIVIDADE PARLAMENTAR,890.0,NEVES E FERREIRA TECNOLOGIA LTDA
188097,2024,2,MANUTENÇÃO DE ESCRITÓRIO DE APOIO À ATIVIDADE PARLAMENTAR,890.0,NEVES E FERREIRA TECNOLOGIA LTDA
188097,2024,4,MANUTENÇÃO DE ESCRITÓRIO DE APOIO À ATIVIDADE PARLAMENTAR,890.0,NEVES E FERREIRA TECNOLOGIA LTDA
188097,2024,5,MANUTENÇÃO DE ESCRITÓRIO DE APOIO À ATIVIDADE PARLAMENTAR,890.0,NEVES E FERREIRA TECNOLOGIA LTDA
188097,2024,6,MANUTENÇÃO DE ESCRITÓRIO DE APOIO À ATIVIDADE PARLAMENTAR,890.0,NEVES E FERREIRA TECNOLOGIA LTDA
188097,2024,7,MANUTENÇÃO DE ESCRITÓRIO DE APOIO À ATIVIDADE PARLAMENTAR,890.0,NEVES E FERREIRA TECNOLOGIA LTDA
188097,2024,8,MANUTENÇÃO DE ESCRITÓRIO DE APOIO À ATIVIDADE PARLAMENTAR,890.0,NEVES E FERREIRA TECNOLOGIA LTDA
188097,2024,9,MANUTENÇÃO DE ESCRITÓRIO DE APOIO À ATIVIDADE PARLAMENTAR,890.0,NEVES E FERREIRA TECNOLOGIA LTDA
188097,2024,10,MANUTENÇÃO DE ESCRITÓRIO DE APOIO À ATIVIDADE PARLAMENTAR,890.0,NEVES E FERREIRA TECNOLOGIA LTDA
188097,2024,11,MANUTENÇÃO DE ESCRITÓRIO DE APOIO À ATIVIDADE PARLAMENTAR,890.0,NEVES E FERREIRA TECNOLOGIA LTDA
188097,2024,12,MANUTENÇÃO DE ESCRITÓRIO DE APOIO À ATIVIDADE PARLAMENTAR,890.0,NEVES E FERREIRA TECNOLOGIA LTDA
188097,2024,6,MANUTENÇÃO DE ESCRITÓRIO DE APOIO À ATIVIDADE PARLAMENTAR,98.7,WMS COMERCIO DE ARTIGOS DE PAPELARIA LTDA
188097,2024,2,MANUTENÇÃO DE ESCRITÓRIO DE APOIO À ATIVIDADE PARLAMENTAR,120.5,WMS COMERCIO DE ARTIGOS DE PAPELARIA LTDA-ME
188097,2024,4,MANUTENÇÃO DE ESCRITÓRIO DE APOIO À ATIVIDADE PARLAMENTAR,119.6,WMS COMERCIO DE ARTIGOS DE PAPELARIA LTDA-ME
188097,2024,5,COMBUSTÍVEIS E LUBRIFICANTES.,50.0,031 - 302 NORTE - CASCOL COMBUSTIVEIS PARA VEICULOS LTDA
188097,2024,10,COMBUSTÍVEIS E LUBRIFICANTES.,254.4,031 - 302 NORTE - CASCOL COMBUSTIVEIS PARA VEICULOS LTDA
188097,2024,3,COMBUSTÍVEIS E LUBRIFICANTES.,100.0,072 - 403 SUL - CASCOL COMBUSTIVEIS PARA VEICULOS LTDA
188097,2024,12,COMBUSTÍVEIS E LUBRIFICANTES.,70.0,072 - 403 SUL - CASCOL COMBUSTIVEIS PARA VEICULOS LTDA
188097,2024,7,COMBUSTÍVEIS E LUBRIFICANTES.,252.05,ANTONIO SANTOS FERREIRA E SILVA EIRELI
188097,2024,4,COMBUSTÍVEIS E LUBRIFICANTES.,100.0,AUTO POSTO 109 NORTE LTDA
188097,2024,5,COMBUSTÍVEIS E LUBRIFICANTES.,200.0,AUTO POSTO 303 NORTE LTDA
188097,2024,5,COMBUSTÍVEIS E LUBRIFICANTES.,250.0,AUTO POSTO 303 NORTE LTDA
188097,2024,11,COMBUSTÍVEIS E LUBRIFICANTES.,249.99,AUTO POSTO 405 NORTE LTDA
188097,2024,11,COMBUSTÍVEIS E LUBRIFICANTES.,100.0,AUTO POSTO 405 NORTE LTDA
188097,2024,11,COMBUSTÍVEIS E LUBRIFICANTES.,150.0,AUTO POSTO 405 NORTE LTDA
188097,2024,11,COMBUSTÍVEIS E LUBRIFICANTES.,100.0,AUTO POSTO 405 NORTE LTDA
188097,2024,11,COMBUSTÍVEIS E LUBRIFICANTES.,94.31,AUTO POSTO 405 NORTE LTDA
188097,2024,4,COMBUSTÍVEIS E LUBRIFICANTES.,50.0,AUTO POSTO 405 NORTE LTDA
188097,2024,4,COMBUSTÍVEIS E LUBRIFICANTES.,50.0,AUTO POSTO AEROPORTO LTDA
188097,2024,5,COMBUSTÍVEIS E LUBRIFICANTES.,250.0,AUTO POSTO AEROPORTO LTDA
188097,2024,7,COMBUSTÍVEIS E LUBRIFICANTES.,200.0,AUTO POSTO AEROPORTO LTDA
188097,2024,8,COMBUSTÍVEIS E LUBRIFICANTES.,150.0,AUTO POSTO AEROPORTO LTDA
188097,2024,11,COMBUSTÍVEIS E LUBRIFICANTES.,250.0,AUTO POSTO AEROPORTO LTDA
188097,2024,2,COMBUSTÍVEIS E LUBRIFICANTES.,250.0,AUTO POSTO CINCO ESTRELAS LTDA
188097,2024,3,COMBUSTÍVEIS E LUBRIFICANTES.,250.0,AUTO POSTO CINCO ESTRELAS LTDA
188097,2024,6,COMBUSTÍVEIS E LUBRIFICANTES.,50.0,AUTO POSTO CINCO ESTRELAS LTDA
188097,2024,3,COMBUSTÍVEIS E LUBRIFICANTES.,240.04,AUTO POSTO CONCORDE LTDA
188097,2024,3,COMBUSTÍVEIS E LUBRIFICANTES.,230.88,AUTO POSTO CONCORDE LTDA
188097,2024,4,COMBUSTÍVEIS E LUBRIFICANTES.,250.0,AUTO POSTO CONCORDE LTDA
188097,2024,5,COMBUSTÍVEIS E LUBRIFICANTES.,150.0,AUTO POSTO CONCORDE LTDA
188097,2024,10,COMBUSTÍVEIS E LUBRIFICANTES.,80.0,AUTO POSTO EPTG LTDA
188097,2024,10,COMBUSTÍVEIS E LUBRIFICANTES.,90.0,AUTO SHOPPING DERIVADOS DE PETROLEO LTDA
188097,2024,10,COMBUSTÍVEIS E LUBRIFICANTES.,283.42,BRASAL COMBUSTIVEIS LTDA
188097,2024,3,COMBUSTÍVEIS E LUBRIFICANTES.,250.0,BRASAL COMBUSTIVEIS LTDA
188097,2024,2,COMBUSTÍVEIS E LUBRIFICANTES.,216.22,CACIQUE PETROLEO LTDA
188097,2024,3,COMBUSTÍVEIS E LUBRIFICANTES.,231.51,CACIQUE PETROLEO LTDA
188097,2024,3,COMBUSTÍVEIS E LUBRIFICANTES.,215.7,CACIQUE PETROLEO LTDA
188097,2024,4,COMBUSTÍVEIS E LUBRIFICANTES.,152.24,CACIQUE PETROLEO LTDA
188097,2024,7,COMBUSTÍVEIS E LUBRIFICANTES.,210.84,CACIQUE PETROLEO LTDA
188097,2024,7,COMBUSTÍVEIS E LUBRIFICANTES.,218.44,CACIQUE PETROLEO LTDA
188097,2024,8,COMBUSTÍVEIS E LUBRIFICANTES.,382.5,CACIQUE PETROLEO LTDA
188097,2024,10,COMBUSTÍVEIS E LUBRIFICANTES.,365.03,CACIQUE PETROLEO LTDA
188097,2024,1,COMBUSTÍVEIS E LUBRIFICANTES.,254.29,CACIQUE PETROLEO LTDA
188097,2024,2,COMBUSTÍVEIS E LUBRIFICANTES.,201.37,CACIQUE PETROLEO LTDA
188097,2024,3,COMBUSTÍVEIS E LUBRIFICANTES.,220.02,CACIQUE PETROLEO LTDA
188097,2024,4,COMBUSTÍVEIS E LUBRIFICANTES.,235.17,CACIQUE PETROLEO LTDA
188097,2024,5,COMBUSTÍVEIS E LUBRIFICANTES.,246.75,CACIQUE PETROLEO LTDA
188097,2024,6,COMBUSTÍVEIS E LUBRIFICANTES.,246.09,CACIQUE PETROLEO LTDA
188097,2024,6,COMBUSTÍVEIS E LUBRIFICANTES.,227.83,CACIQUE PETROLEO LTDA
188097,2024,6,COMBUSTÍVEIS E LUBRIFICANTES.,230.1,CACIQUE PETROLEO LTDA
188097,2024,6,COMBUSTÍVEIS E LUBRIFICANTES.,219.76,CACIQUE PETROLEO LTDA
188097,2024,7,COMBUSTÍVEIS E LUBRIFICANTES.,350.62,CACIQUE PETROLEO LTDA
188097,2024,8,COMBUSTÍVEIS E LUBRIFICANTES.,242.56,CACIQUE PETROLEO LTDA
188097,2024,10,COMBUSTÍVEIS E LUBRIFICANTES.,258.28,CACIQUE PETROLEO LTDA
188097,2024,12,COMBUSTÍVEIS E LUBRIFICANTES.,353.48,CACIQUE PETROLEO LTDA
188097,2024,6,COMBUSTÍVEIS E LUBRIFICANTES.,388.28,CACIQUE PETROLEO LTDA
188097,2024,10,COMBUSTÍVEIS E LUBRIFICANTES.,211.09,CACIQUE PETROLEO LTDA
188097,2024,2,COMBUSTÍVEIS E LUBRIFICANTES.,89.98,CACIQUE PETROLEO LTDA
188097,2024,6,COMBUSTÍVEIS E LUBRIFICANTES.,209.46,CACIQUE PETROLEO LTDA
188097,2024,2,COMBUSTÍVEIS E LUBRIFICANTES.,287.56,CACIQUE PETROLEO LTDA
188097,2024,4,COMBUSTÍVEIS E LUBRIFICANTES.,100.0,CACIQUE PETROLEO LTDA
188097,2024,4,COMBUSTÍVEIS E LUBRIFICANTES.,331.22,CACIQUE PETROLEO LTDA
188097,2024,5,COMBUSTÍVEIS E LUBRIFICANTES.,349.59,CACIQUE PETROLEO LTDA
188097,2024,2,COMBUSTÍVEIS E LUBRIFICANTES.,303.75,CACIQUE PETROLEO LTDA
188097,2024,3,COMBUSTÍVEIS E LUBRIFICANTES.,250.02,CACIQUE PETROLEO LTDA
188097,2024,5,COMBUSTÍVEIS E LUBRIFICANTES.,338.79,CACIQUE PETROLEO LTDA
188097,2024,6,COMBUSTÍVEIS E LUBRIFICANTES.,214.2,CACIQUE PETROLEO LTDA
188097,2024,7,COMBUSTÍVEIS E LUBRIFICANTES.,420.02,CACIQUE PETROLEO LTDA
188097,2024,7,COMBUSTÍVEIS E LUBRIFICANTES.,44.98,CACIQUE PETROLEO LTDA
188097,2024,8,COMBUSTÍVEIS E LUBRIFICANTES.,312.65,CACIQUE PETROLEO LTDA
188097,2024,8,COMBUSTÍVEIS E LUBRIFICANTES.,200.0,CACIQUE PETROLEO LTDA
188097,2024,9,COMBUSTÍVEIS E LUBRIFICANTES.,289.84,CACIQUE PETROLEO LTDA
188097,2024,10,COMBUSTÍVEIS E LUBRIFICANTES.,280.23,CACIQUE PETROLEO LTDA
188097,2024,11,COMBUSTÍVEIS E LUBRIFICANTES.,270.02,CACIQUE PETROLEO LTDA
188097,2024,11,COMBUSTÍVEIS E LUBRIFICANTES.,291.75,CACIQUE PETROLEO LTDA
188097,2024,11,COMBUSTÍVEIS E LUBRIFICANTES.,285.01,CACIQUE PETROLEO LTDA
188097,2024,11,COMBUSTÍVEIS E LUBRIFICANTES.,235.04,CACIQUE PETROLEO LTDA
188097,2024,4,COMBUSTÍVEIS E LUBRIFICANTES.,180.0,CACIQUE PETROLEO LTDA
188097,2024,6,COMBUSTÍVEIS E LUBRIFICANTES.,303.49,CACIQUE PETROLEO LTDA
188097,2024,7,COMBUSTÍVEIS E LUBRIFICANTES.,350.03,CACIQUE PETROLEO LTDA
188097,2024,8,COMBUSTÍVEIS E LUBRIFICANTES.,305.02,CACIQUE PETROLEO LTDA
188097,2024,9,COMBUSTÍVEIS E LUBRIFICANTES.,142.32,CACIQUE PETROLEO LTDA
188097,2024,9,COMBUSTÍVEIS E LUBRIFICANTES.,242.06,CACIQUE PETROLEO LTDA
188097,2024,9,COMBUSTÍVEIS E LUBRIFICANTES.,335.15,CACIQUE PETROLEO LTDA
188097,2024,10,COMBUSTÍVEIS E LUBRIFICANTES.,200.05,CACIQUE PETROLEO LTDA
188097,2024,10,COMBUSTÍVEIS E LUBRIFICANTES.,340.04,CACIQUE PETROLEO LTDA
188097,2024,10,COMBUSTÍVEIS E LUBRIFICANTES.,310.06,CACIQUE PETROLEO LTDA
188097,2024,10,COMBUSTÍVEIS E LUBRIFICANTES.,293.26,CACIQUE PETROLEO LTDA
188097,2024,11,COMBUSTÍVEIS E LUBRIFICANTES.,325.23,CACIQUE PETROLEO LTDA
188097,2024,11,COMBUSTÍVEIS E LUBRIFICANTES.,177.15,CACIQUE PETROLEO LTDA
188097,2024,11,COMBUSTÍVEIS E LUBRIFICANTES.,205.12,CACIQUE PETROLEO LTDA
188097,2024,7,COMBUSTÍVEIS E LUBRIFICANTES.,242.38,CACIQUE PETROLEO LTDA
188097,2024,6,COMBUSTÍVEIS E LUBRIFICANTES.,205.76,CARVALHO & CARVALHO POSTO DE GASOLINA LTDA
188097,2024,3,COMBUSTÍVEIS E LUBRIFICANTES.,236.9,COMERCIO CARVALHO LTDA
188097,2024,3,COMBUSTÍVEIS E LUBRIFICANTES.,60.0,CRUZEIRO COMBUSTIVEIS E SERVICOS S/A
188097,2024,4,COMBUSTÍVEIS E LUBRIFICANTES.,50.0,DRA4 DERIVADOS DE PETROLEO LTDA
188097,2024,4,COMBUSTÍVEIS E LUBRIFICANTES.,80.0,DRA4 DERIVADOS DE PETROLEO LTDA
188097,2024,6,COMBUSTÍVEIS E LUBRIFICANTES.,250.0,DRA4 DERIVADOS DE PETROLEO LTDA
188097,2024,7,COMBUSTÍVEIS E LUBRIFICANTES.,50.0,DRA4 DERIVADOS DE PETROLEO LTDA
188097,2024,7,COMBUSTÍVEIS E LUBRIFICANTES.,50.0,DRA4 DERIVADOS DE PETROLEO LTDA
188097,2024,5,COMBUSTÍVEIS E LUBRIFICANTES.,153.22,DT COMBUSTIVEIS LTDA
188097,2024,6,COMBUSTÍVEIS E LUBRIFICANTES.,190.06,GILDA E JOAO LTDA
188097,2024,9,COMBUSTÍVEIS E LUBRIFICANTES.,150.19,GURGUEIA COMBUSTIVEIS LTDA EPP
188097,2024,5,COMBUSTÍVEIS E LUBRIFICANTES.,100.0,GURGUEIA COMBUSTIVEIS LTDA EPP
188097,2024,9,COMBUSTÍVEIS E LUBRIFICANTES.,385.0,GURGUEIA COMBUSTIVEIS LTDA EPP
188097,2024,7,COMBUSTÍVEIS E LUBRIFICANTES.,296.59,HD PETROLEO LAGOA LTDA
188097,2024,3,COMBUSTÍVEIS E LUBRIFICANTES.,341.05,HD PETROLEO LAGOA LTDA
188097,2024,3,COMBUSTÍVEIS E LUBRIFICANTES.,200.02,HD PETROLEO LAGOA LTDA
188097,2024,6,COMBUSTÍVEIS E LUBRIFICANTES.,213.09,J & G POSTO LTDA
188097,2024,5,COMBUSTÍVEIS E LUBRIFICANTES.,100.0,J & G POSTO LTDA
188097,2024,7,COMBUSTÍVEIS E LUBRIFICANTES.,242.11,J & G POSTO LTDA
188097,2024,7,COMBUSTÍVEIS E LUBRIFICANTES.,221.43,J & G POSTO LTDA
188097,2024,8,COMBUSTÍVEIS E LUBRIFICANTES.,227.27,J & G POSTO LTDA
188097,2024,8,COMBUSTÍVEIS E LUBRIFICANTES.,279.54,J L CARVALHO DA SILVA EIRELI ME
188097,2024,4,COMBUSTÍVEIS E LUBRIFICANTES.,217.67,J L CARVALHO DA SILVA ME
188097,2024,9,COMBUSTÍVEIS E LUBRIFICANTES.,237.73,J L CARVALHO DA SILVA ME
188097,2024,7,COMBUSTÍVEIS E LUBRIFICANTES.,200.0,JADE COMERCIO DE DERIVADOS DE PETROLEO LTDA
188097,2024,4,COMBUSTÍVEIS E LUBRIFICANTES.,380.01,JJ BATISTA COM VAREJISTA DE COMBUSTIVEL LTDA
188097,2024,9,COMBUSTÍVEIS E LUBRIFICANTES.,250.04,JJ BATISTA COM VAREJISTA DE COMBUSTIVEL LTDA
188097,2024,4,COMBUSTÍVEIS E LUBRIFICANTES.,320.01,JOALANDRO COELHO DE SOUSA LTDA
188097,2024,4,COMBUSTÍVEIS E LUBRIFICANTES.,325.0,JOALANDRO COELHO DE SOUSA LTDA
188097,2024,12,COMBUSTÍVEIS E LUBRIFICANTES.,250.58,JT COMERCIO DE DERIVADOS DE PETROLEO LTDA (203 NORTE)
188097,2024,5,COMBUSTÍVEIS E LUBRIFICANTES.,220.05,M DE J C SAMPAIO LTDA
188097,2024,6,COMBUSTÍVEIS E LUBRIFICANTES.,260.0,M DE J C SAMPAIO LTDA
188097,2024,7,COMBUSTÍVEIS E LUBRIFICANTES.,175.03,M M COMBUSTIVEIS LTDA
188097,2024,5,COMBUSTÍVEIS E LUBRIFICANTES.,237.09,MALTA & BARBOSA LTDA
188097,2024,9,COMBUSTÍVEIS E LUBRIFICANTES.,335.04,MANOEL FRAGOSO E CIA
188097,2024,4,COMBUSTÍVEIS E LUBRIFICANTES.,320.01,MARTINEZ E CIA LTDA
188097,2024,4,COMBUSTÍVEIS E LUBRIFICANTES.,330.05,MAXXI DM PETROLEO LTDA
188097,2024,4,COMBUSTÍVEIS E LUBRIFICANTES.,131.76,MAXXI INFINIT PETROLEO LTDA
188097,2024,6,COMBUSTÍVEIS E LUBRIFICANTES.,266.11,MGC COMBUSTIVEIS EIRELI
188097,2024,7,COMBUSTÍVEIS E LUBRIFICANTES.,339.69,NERIS E SAMPAIO LTDA
188097,2024,8,COMBUSTÍVEIS E LUBRIFICANTES.,340.05,NERIS E SAMPAIO LTDA
188097,2024,1,COMBUSTÍVEIS E LUBRIFICANTES.,259.06,PARENTE & ARAUJO COMBUSTIVEL LTDA EPP
188097,2024,3,COMBUSTÍVEIS E LUBRIFICANTES.,300.0,PETROLEO SAO FRANCISCO LTDA
188097,2024,4,COMBUSTÍVEIS E LUBRIFICANTES.,245.05,PETROLEO SAO FRANCISCO LTDA
188097,2024,3,COMBUSTÍVEIS E LUBRIFICANTES.,100.0,PETRONORTE COMBUSTIVEIS LTDA
188097,2024,12,COMBUSTÍVEIS E LUBRIFICANTES.,226.67,PLANALTO PETROLEO UNIAO LTDA
188097,2024,7,COMBUSTÍVEIS E LUBRIFICANTES.,200.0,POSTO CRISTO REI LTDA
188097,2024,4,COMBUSTÍVEIS E LUBRIFICANTES.,50.0,POSTO DA TORRE EIRELI EPP
188097,2024,3,COMBUSTÍVEIS E LUBRIFICANTES.,194.02,POSTO DE COMBUSTIVEL CAJUINA LTDA
188097,2024,2,COMBUSTÍVEIS E LUBRIFICANTES.,250.0,POSTO DE COMBUSTIVEL CEASA LTDA
188097,2024,5,COMBUSTÍVEIS E LUBRIFICANTES.,299.45,POSTO DE COMBUSTIVEL PRIMAVERA LTDA
188097,2024,10,COMBUSTÍVEIS E LUBRIFICANTES.,200.0,POSTO HOMERO CASTELO BRANCO LTDA
188097,2024,1,COMBUSTÍVEIS E LUBRIFICANTES.,184.09,POSTO HOMERO CASTELO BRANCO LTDA
188097,2024,1,COMBUSTÍVEIS E LUBRIFICANTES.,50.04,POSTO HOMERO CASTELO BRANCO LTDA
188097,2024,3,COMBUSTÍVEIS E LUBRIFICANTES.,250.14,POSTO HOMERO CASTELO BRANCO LTDA
188097,2024,5,COMBUSTÍVEIS E LUBRIFICANTES.,300.04,POSTO HOMERO CASTELO BRANCO LTDA
188097,2024,7,COMBUSTÍVEIS E LUBRIFICANTES.,150.0,POSTO MAIS VALE LTDA
188097,2024,5,COMBUSTÍVEIS E LUBRIFICANTES.,430.05,POSTO MOREIRA BOM JESUS LTDA
188097,2024,5,COMBUSTÍVEIS E LUBRIFICANTES.,181.0,POSTO ROCHA LTDA
188097,2024,1,COMBUSTÍVEIS E LUBRIFICANTES.,300.04,POSTO SAO BENEDITO PETROLEO LTDA
188097,2024,1,COMBUSTÍVEIS E LUBRIFICANTES.,190.0,POSTO SAO BENEDITO PETROLEO LTDA
188097,2024,1,COMBUSTÍVEIS E LUBRIFICANTES.,375.03,POSTO SAO BENEDITO PETROLEO LTDA
188097,2024,1,COMBUSTÍVEIS E LUBRIFICANTES.,370.0,POSTO SAO BENEDITO PETROLEO LTDA
188097,2024,2,COMBUSTÍVEIS E LUBRIFICANTES.,240.08,POSTO SAO BENEDITO PETROLEO LTDA
188097,2024,2,COMBUSTÍVEIS E LUBRIFICANTES.,260.03,POSTO SAO BENEDITO PETROLEO LTDA
188097,2024,3,COMBUSTÍVEIS E LUBRIFICANTES.,300.1,POSTO SAO BENEDITO PETROLEO LTDA
188097,2024,3,COMBUSTÍVEIS E LUBRIFICANTES.,250.02,POSTO SAO BENEDITO PETROLEO LTDA
188097,2024,3,COMBUSTÍVEIS E LUBRIFICANTES.,252.54,POSTO SAO BENEDITO PETROLEO LTDA
188097,2024,4,COMBUSTÍVEIS E LUBRIFICANTES.,380.19,POSTO SAO BENEDITO PETROLEO LTDA
188097,2024,4,COMBUSTÍVEIS E LUBRIFICANTES.,400.01,POSTO SAO BENEDITO PETROLEO LTDA
188097,2024,4,COMBUSTÍVEIS E LUBRIFICANTES.,350.06,POSTO SAO BENEDITO PETROLEO LTDA
188097,2024,5,COMBUSTÍVEIS E LUBRIFICANTES.,330.05,POSTO SAO BENEDITO PETROLEO LTDA
188097,2024,5,COMBUSTÍVEIS E LUBRIFICANTES.,330.05,POSTO SAO BENEDITO PETROLEO LTDA
188097,2024,6,COMBUSTÍVEIS E LUBRIFICANTES.,310.1,POSTO SAO BENEDITO PETROLEO LTDA
188097,2024,8,COMBUSTÍVEIS E LUBRIFICANTES.,175.03,POSTO SAO BENEDITO PETROLEO LTDA
188097,2024,8,COMBUSTÍVEIS E LUBRIFICANTES.,275.0,POSTO SAO BENEDITO PETROLEO LTDA
188097,2024,9,COMBUSTÍVEIS E LUBRIFICANTES.,400.01,POSTO SAO BENEDITO PETROLEO LTDA
188097,2024,9,COMBUSTÍVEIS E LUBRIFICANTES.,250.02,POSTO SAO BENEDITO PETROLEO LTDA
188097,2024,9,COMBUSTÍVEIS E LUBRIFICANTES.,260.09,POSTO SAO BENEDITO PETROLEO LTDA
188097,2024,10,COMBUSTÍVEIS E LUBRIFICANTES.,275.06,POSTO SAO BENEDITO PETROLEO LTDA
188097,2024,10,COMBUSTÍVEIS E LUBRIFICANTES.,250.02,POSTO SAO BENEDITO PETROLEO LTDA
188097,2024,12,COMBUSTÍVEIS E LUBRIFICANTES.,400.01,POSTO SAO BENEDITO PETROLEO LTDA
188097,2024,4,COMBUSTÍVEIS E LUBRIFICANTES.,303.03,POSTO SERRA AZUL EIRELI LTDA
188097,2024,4,COMBUSTÍVEIS E LUBRIFICANTES.,315.03,POSTO SERRA AZUL EIRELI LTDA
188097,2024,7,COMBUSTÍVEIS E LUBRIFICANTES.,262.0,POSTO SERRA AZUL EIRELI LTDA
188097,2024,2,COMBUSTÍVEIS E LUBRIFICANTES.,127.27,POSTO TATU LTDA
188097,2024,8,COMBUSTÍVEIS E LUBRIFICANTES.,250.32,POSTO TATU LTDA
188097,2024,2,COMBUSTÍVEIS E LUBRIFICANTES.,70.0,POSTO Z + Z 314 SUL LTDA
188097,2024,3,COMBUSTÍVEIS E LUBRIFICANTES.,100.06,R. DEMES E CIA LTDA
188097,2024,3,COMBUSTÍVEIS E LUBRIFICANTES.,250.02,R. DEMES E CIA LTDA
188097,2024,4,COMBUSTÍVEIS E LUBRIFICANTES.,315.03,R. DEMES E CIA LTDA
188097,2024,7,COMBUSTÍVEIS E LUBRIFICANTES.,380.04,R. DEMES E CIA LTDA
188097,2024,5,COMBUSTÍVEIS E LUBRIFICANTES.,50.0,ROTA 411 COMBUSTIVEIS LTDA
188097,2024,7,COMBUSTÍVEIS E LUBRIFICANTES.,50.0,ROTA 411 COMBUSTIVEIS LTDA
188097,2024,7,COMBUSTÍVEIS E LUBRIFICANTES.,50.0,ROTA 411 COMBUSTIVEIS LTDA
188097,2024,8,COMBUSTÍVEIS E LUBRIFICANTES.,50.0,ROTA 411 COMBUSTIVEIS LTDA
188097,2024,10,COMBUSTÍVEIS E LUBRIFICANTES.,80.0,ROTA 411 COMBUSTIVEIS LTDA
188097,2024,12,COMBUSTÍVEIS E LUBRIFICANTES.,249.96,ROTA 411 COMBUSTIVEIS LTDA
188097,2024,4,COMBUSTÍVEIS E LUBRIFICANTES.,250.0,ROTA 411 COMBUSTIVEIS LTDA
188097,2024,5,COMBUSTÍVEIS E LUBRIFICANTES.,120.0,ROTA 411 COMBUSTIVEIS LTDA
188097,2024,4,COMBUSTÍVEIS E LUBRIFICANTES.,50.0,ROTA 411 COMBUSTIVEIS LTDA
188097,2024,6,COMBUSTÍVEIS E LUBRIFICANTES.,250.0,ROTA 411 COMBUSTIVEIS LTDA
188097,2024,6,COMBUSTÍVEIS E LUBRIFICANTES.,50.0,ROTA 411 COMBUSTIVEIS LTDA
188097,2024,6,COMBUSTÍVEIS E LUBRIFICANTES.,50.0,ROTA 411 COMBUSTIVEIS LTDA
188097,2024,7,COMBUSTÍVEIS E LUBRIFICANTES.,50.0,ROTA 411 COMBUSTIVEIS LTDA
188097,2024,8,COMBUSTÍVEIS E LUBRIFICANTES.,60.0,ROTA 411 COMBUSTIVEIS LTDA
188097,2024,7,COMBUSTÍVEIS E LUBRIFICANTES.,30.0,ROTA 411 COMBUSTIVEIS LTDA
188097,2024,8,COMBUSTÍVEIS E LUBRIFICANTES.,250.0,ROTA 411 COMBUSTIVEIS LTDA
188097,2024,11,COMBUSTÍVEIS E LUBRIFICANTES.,49.96,ROTA 411 COMBUSTIVEIS LTDA
188097,2024,11,COMBUSTÍVEIS E LUBRIFICANTES.,49.96,ROTA 411 COMBUSTIVEIS LTDA
188097,2024,12,COMBUSTÍVEIS E LUBRIFICANTES.,55.27,ROTA 411 COMBUSTIVEIS LTDA
188097,2024,12,COMBUSTÍVEIS E LUBRIFICANTES.,250.99,ROTA 411 COMBUSTIVEIS LTDA
188097,2024,6,COMBUSTÍVEIS E LUBRIFICANTES.,250.0,ROTA COMBUSTIVEIS LTDA
188097,2024,7,COMBUSTÍVEIS E LUBRIFICANTES.,50.0,ROTA COMBUSTIVEIS LTDA
188097,2024,3,COMBUSTÍVEIS E LUBRIFICANTES.,237.82,S P MAGALHAES EMPREENDIMENTOS LTDA
188097,2024,9,COMBUSTÍVEIS E LUBRIFICANTES.,220.08,S P MAGALHAES EMPREENDIMENTOS LTDA
188097,2024,1,COMBUSTÍVEIS E LUBRIFICANTES.,258.05,S P MAGALHAES EMPREENDIMENTOS LTDA
188097,2024,9,COMBUSTÍVEIS E LUBRIFICANTES.,190.0,S P MAGALHAES EMPREENDIMENTOS LTDA
188097,2024,9,COMBUSTÍVEIS E LUBRIFICANTES.,187.78,S P MAGALHAES EMPREENDIMENTOS LTDA
188097,2024,10,COMBUSTÍVEIS E LUBRIFICANTES.,234.58,S P MAGALHAES EMPREENDIMENTOS LTDA
188097,2024,11,COMBUSTÍVEIS E LUBRIFICANTES.,225.72,S P MAGALHAES EMPREENDIMENTOS LTDA
188097,2024,11,COMBUSTÍVEIS E LUBRIFICANTES.,238.83,S P MAGALHAES EMPREENDIMENTOS LTDA
188097,2024,1,COMBUSTÍVEIS E LUBRIFICANTES.,272.74,S P MAGALHAES EMPREENDIMENTOS LTDA
188097,2024,1,COMBUSTÍVEIS E LUBRIFICANTES.,273.04,S P MAGALHAES EMPREENDIMENTOS LTDA
188097,2024,2,COMBUSTÍVEIS E LUBRIFICANTES.,220.03,S P MAGALHAES EMPREENDIMENTOS LTDA
188097,2024,2,COMBUSTÍVEIS E LUBRIFICANTES.,211.93,S P MAGALHAES EMPREENDIMENTOS LTDA
188097,2024,4,COMBUSTÍVEIS E LUBRIFICANTES.,214.5,S P MAGALHAES EMPREENDIMENTOS LTDA
188097,2024,4,COMBUSTÍVEIS E LUBRIFICANTES.,223.02,S P MAGALHAES EMPREENDIMENTOS LTDA
188097,2024,4,COMBUSTÍVEIS E LUBRIFICANTES.,200.08,S P MAGALHAES EMPREENDIMENTOS LTDA
188097,2024,5,COMBUSTÍVEIS E LUBRIFICANTES.,256.41,S P MAGALHAES EMPREENDIMENTOS LTDA
188097,2024,6,COMBUSTÍVEIS E LUBRIFICANTES.,235.71,S P MAGALHAES EMPREENDIMENTOS LTDA
188097,2024,6,COMBUSTÍVEIS E LUBRIFICANTES.,250.46,S P MAGALHAES EMPREENDIMENTOS LTDA
188097,2024,6,COMBUSTÍVEIS E LUBRIFICANTES.,189.22,S P MAGALHAES EMPREENDIMENTOS LTDA
188097,2024,6,COMBUSTÍVEIS E LUBRIFICANTES.,100.0,S P MAGALHAES EMPREENDIMENTOS LTDA
188097,2024,8,COMBUSTÍVEIS E LUBRIFICANTES.,238.95,S P MAGALHAES EMPREENDIMENTOS LTDA
188097,2024,8,COMBUSTÍVEIS E LUBRIFICANTES.,236.11,S P MAGALHAES EMPREENDIMENTOS LTDA
188097,2024,9,COMBUSTÍVEIS E LUBRIFICANTES.,225.62,S P MAGALHAES EMPREENDIMENTOS LTDA
188097,2024,9,COMBUSTÍVEIS E LUBRIFICANTES.,215.07,S P MAGALHAES EMPREENDIMENTOS LTDA
188097,2024,9,COMBUSTÍVEIS E LUBRIFICANTES.,176.88,S P MAGALHAES EMPREENDIMENTOS LTDA
188097,2024,10,COMBUSTÍVEIS E LUBRIFICANTES.,221.49,S P MAGALHAES EMPREENDIMENTOS LTDA
188097,2024,10,COMBUSTÍVEIS E LUBRIFICANTES.,234.29,S P MAGALHAES EMPREENDIMENTOS LTDA
188097,2024,11,COMBUSTÍVEIS E LUBRIFICANTES.,237.04,S P MAGALHAES EMPREENDIMENTOS LTDA
188097,2024,12,COMBUSTÍVEIS E LUBRIFICANTES.,250.07,S P MAGALHAES EMPREENDIMENTOS LTDA
188097,2024,12,COMBUSTÍVEIS E LUBRIFICANTES.,200.0,S P MAGALHAES EMPREENDIMENTOS LTDA
188097,2024,1,COMBUSTÍVEIS E LUBRIFICANTES.,201.03,S P MAGALHAES EMPREENDIMENTOS LTDA.
188097,2024,12,COMBUSTÍVEIS E LUBRIFICANTES.,208.41,S.P. MAGALHAES EMPREENDIMENTOS LTDA
188097,2024,12,COMBUSTÍVEIS E LUBRIFICANTES.,207.97,S.P. MAGALHAES EMPREENDIMENTOS LTDA
188097,2024,1,COMBUSTÍVEIS E LUBRIFICANTES.,403.05,S.P. MAGALHAES EMPREENDIMENTOS LTDA
188097,2024,4,COMBUSTÍVEIS E LUBRIFICANTES.,243.33,SAO FRANCISCO PETROLEO LTDA
188097,2024,4,COMBUSTÍVEIS E LUBRIFICANTES.,405.11,SIQUEIRA SOARES LTDA - EPP
188097,2024,4,COMBUSTÍVEIS E LUBRIFICANTES.,370.01,SIQUEIRA SOARES LTDA - EPP
188097,2024,6,COMBUSTÍVEIS E LUBRIFICANTES.,370.08,SIQUEIRA SOARES LTDA - EPP
188097,2024,7,COMBUSTÍVEIS E LUBRIFICANTES.,297.57,SIQUEIRA SOARES LTDA - EPP
188097,2024,8,COMBUSTÍVEIS E LUBRIFICANTES.,200.07,SIQUEIRA SOARES LTDA - EPP
188097,2024,8,COMBUSTÍVEIS E LUBRIFICANTES.,304.78,SIQUEIRA SOARES LTDA - EPP
188097,2024,8,COMBUSTÍVEIS E LUBRIFICANTES.,270.01,SIQUEIRA SOARES LTDA - EPP
188097,2024,8,COMBUSTÍVEIS E LUBRIFICANTES.,357.0,SIQUEIRA SOARES LTDA - EPP
188097,2024,6,COMBUSTÍVEIS E LUBRIFICANTES.,50.0,SMAFF COMBUSTIVEIS LTDA
188097,2024,4,COMBUSTÍVEIS E LUBRIFICANTES.,329.83,V R L NORONHA LTDA
188097,2024,1,DIVULGAÇÃO DA ATIVIDADE PARLAMENTAR.,300.0,ASSOCIA;'AO COMUNIT[ARIO DE RADIO DIFUS'AO DE PEDRO II
188097,2024,2,DIVULGAÇÃO DA ATIVIDADE PARLAMENTAR.,300.0,ASSOCIA;'AO COMUNIT[ARIO DE RADIO DIFUS'AO DE PEDRO II
188097,2024,3,DIVULGAÇÃO DA ATIVIDADE PARLAMENTAR.,300.0,ASSOCIA;'AO COMUNIT[ARIO DE RADIO DIFUS'AO DE PEDRO II
188097,2024,4,DIVULGAÇÃO DA ATIVIDADE PARLAMENTAR.,300.0,ASSOCIA;'AO COMUNIT[ARIO DE RADIO DIFUS'AO DE PEDRO II
188097,2024,5,DIVULGAÇÃO DA ATIVIDADE PARLAMENTAR.,300.0,ASSOCIA;'AO COMUNIT[ARIO DE RADIO DIFUS'AO DE PEDRO II
188097,2024,6,DIVULGAÇÃO DA ATIVIDADE PARLAMENTAR.,300.0,ASSOCIA;'AO COMUNIT[ARIO DE RADIO DIFUS'AO DE PEDRO II
188097,2024,8,DIVULGAÇÃO DA ATIVIDADE PARLAMENTAR.,300.0,ASSOCIA;'AO COMUNIT[ARIO DE RADIO DIFUS'AO DE PEDRO II
188097,2024,9,DIVULGAÇÃO DA ATIVIDADE PARLAMENTAR.,300.0,ASSOCIA;'AO COMUNIT[ARIO DE RADIO DIFUS'AO DE PEDRO II
188097,2024,10,DIVULGAÇÃO DA ATIVIDADE PARLAMENTAR.,300.0,ASSOCIA;'AO COMUNIT[ARIO DE RADIO DIFUS'AO DE PEDRO II
188097,2024,11,DIVULGAÇÃO DA ATIVIDADE PARLAMENTAR.,300.0,ASSOCIA;'AO COMUNIT[ARIO DE RADIO DIFUS'AO DE PEDRO II
188097,2024,12,DIVULGAÇÃO DA ATIVIDADE PARLAMENTAR.,300.0,ASSOCIA;'AO COMUNIT[ARIO DE RADIO DIFUS'AO DE PEDRO II
188097,2024,6,DIVULGAÇÃO DA ATIVIDADE PARLAMENTAR.,700.0,GIL DE ALBUQUERQUE COSTA
188097,2024,7,DIVULGAÇÃO DA ATIVIDADE PARLAMENTAR.,700.0,GIL DE ALBUQUERQUE COSTA
188097,2024,8,DIVULGAÇÃO DA ATIVIDADE PARLAMENTAR.,700.0,GIL DE ALBUQUERQUE COSTA
188097,2024,9,DIVULGAÇÃO DA ATIVIDADE PARLAMENTAR.,700.0,GIL DE ALBUQUERQUE COSTA
188097,2024,10,DIVULGAÇÃO DA ATIVIDADE PARLAMENTAR.,700.0,GIL DE ALBUQUERQUE COSTA
188097,2024,11,DIVULGAÇÃO DA ATIVIDADE PARLAMENTAR.,700.0,GIL DE ALBUQUERQUE COSTA
188097,2024,12,DIVULGAÇÃO DA ATIVIDADE PARLAMENTAR.,700.0,GIL DE ALBUQUERQUE COSTA
188097,2024,5,DIVULGAÇÃO DA ATIVIDADE PARLAMENTAR.,1500.0,GOMO COMUNICAÇÂO LTDA
188097,2024,10,DIVULGAÇÃO DA ATIVIDADE PARLAMENTAR.,30000.0,INTERATIVA PROPAGANDA E MARKETING LTDA
188097,2024,11,DIVULGAÇÃO DA ATIVIDADE PARLAMENTAR.,30000.0,INTERATIVA PROPAGANDA E MARKETING LTDA
188097,2024,12,DIVULGAÇÃO DA ATIVIDADE PARLAMENTAR.,30000.0,INTERATIVA PROPAGANDA E MARKETING LTDA
188097,2024,2,DIVULGAÇÃO DA ATIVIDADE PARLAMENTAR.,5000.0,MEDIA CONSULTORIA PUBLICITARIA LTDA
188097,2024,3,DIVULGAÇÃO DA ATIVIDADE PARLAMENTAR.,5000.0,MEDIA CONSULTORIA PUBLICITARIA LTDA
188097,2024,11,DIVULGAÇÃO DA ATIVIDADE PARLAMENTAR.,6000.0,OSCAR DE BARROS SOUSA LTDA
188097,2024,12,DIVULGAÇÃO DA ATIVIDADE PARLAMENTAR.,6000.0,OSCAR DE BARROS SOUSA LTDA
188097,2024,1,DIVULGAÇÃO DA ATIVIDADE PARLAMENTAR.,28000.0,PIAUI HOJE COMUNICAÇÃO E MARKETING LTDA
188097,2024,12,DIVULGAÇÃO DA ATIVIDADE PARLAMENTAR.,30000.0,VALDEMAR LEITE SOUSA
188097,2024,1,DIVULGAÇÃO DA ATIVIDADE PARLAMENTAR.,1500.0,VISUAL CLIPAGEM
188097,2024,2,DIVULGAÇÃO DA ATIVIDADE PARLAMENTAR.,1500.0,VISUAL CLIPAGEM
188097,2024,3,DIVULGAÇÃO DA ATIVIDADE PARLAMENTAR.,1500.0,VISUAL CLIPAGEM
188097,2024,4,DIVULGAÇÃO DA ATIVIDADE PARLAMENTAR.,1500.0,VISUAL CLIPAGEM
188097,2024,5,DIVULGAÇÃO DA ATIVIDADE PARLAMENTAR.,1500.0,VISUAL CLIPAGEM
188097,2024,6,DIVULGAÇÃO DA ATIVIDADE PARLAMENTAR.,1500.0,VISUAL CLIPAGEM
188097,2024,7,DIVULGAÇÃO DA ATIVIDADE PARLAMENTAR.,1500.0,VISUAL CLIPAGEM
188097,2024,8,DIVULGAÇÃO DA ATIVIDADE PARLAMENTAR.,1500.0,VISUAL CLIPAGEM
188097,2024,9,DIVULGAÇÃO DA ATIVIDADE PARLAMENTAR.,1500.0,VISUAL CLIPAGEM
188097,2024,10,DIVULGAÇÃO DA ATIVIDADE PARLAMENTAR.,1500.0,VISUAL CLIPAGEM
188097,2024,12,DIVULGAÇÃO DA ATIVIDADE PARLAMENTAR.,1500.0,VISUAL CLIPAGEM
188097,2024,1,DIVULGAÇÃO DA ATIVIDADE PARLAMENTAR.,800.0,VITOR CANDEIRA NETO
188097,2024,2,DIVULGAÇÃO DA ATIVIDADE PARLAMENTAR.,1100.0,VITOR CANDEIRA NETO
188097,2024,3,DIVULGAÇÃO DA ATIVIDADE PARLAMENTAR.,1100.0,VITOR CANDEIRA NETO
188097,2024,4,DIVULGAÇÃO DA ATIVIDADE PARLAMENTAR.,1100.0,VITOR CANDEIRA NETO
188097,2024,5,DIVULGAÇÃO DA ATIVIDADE PARLAMENTAR.,1100.0,VITOR CANDEIRA NETO
188097,2024,6,DIVULGAÇÃO DA ATIVIDADE PARLAMENTAR.,1100.0,VITOR CANDEIRA NETO
188097,2024,8,DIVULGAÇÃO DA ATIVIDADE PARLAMENTAR.,1100.0,VITOR CANDEIRA NETO
188097,2024,9,DIVULGAÇÃO DA ATIVIDADE PARLAMENTAR.,1100.0,VITOR CANDEIRA NETO
188097,2024,10,DIVULGAÇÃO DA ATIVIDADE PARLAMENTAR.,1100.0,VITOR CANDEIRA NETO
188097,2024,11,DIVULGAÇÃO DA ATIVIDADE PARLAMENTAR.,1100.0,VITOR CANDEIRA NETO
188097,2024,12,DIVULGAÇÃO DA ATIVIDADE PARLAMENTAR.,1100.0,VITOR CANDEIRA NETO
188097,2024,2,TELEFONIA,353.16,CELULAR FUNCIONAL
188097,2024,1,TELEFONIA,136.08,Claro NXT Telecomunicações S.A
188097,2024,2,TELEFONIA,137.49,Claro NXT Telecomunicações S.A
188097,2024,3,TELEFONIA,137.71,Claro NXT Telecomunicações S.A
188097,2024,4,TELEFONIA,148.33,Claro NXT Telecomunicações S.A
188097,2024,5,TELEFONIA,148.33,Claro NXT Telecomunicações S.A
188097,2024,6,TELEFONIA,148.33,Claro NXT Telecomunicações S.A
188097,2024,7,TELEFONIA,148.33,Claro NXT Telecomunicações S.A
188097,2024,9,TELEFONIA,148.33,Claro NXT Telecomunicações S.A
188097,2024,10,TELEFONIA,148.33,Claro NXT Telecomunicações S.A
188097,2024,11,TELEFONIA,148.33,Claro NXT Telecomunicações S.A
188097,2024,12,TELEFONIA,148.33,Claro NXT Telecomunicações S.A
188097,2024,8,TELEFONIA,148.33,Claro NXT Telecomunicações S/A
188097,2024,10,TELEFONIA,582.16,TELEFONIA BRASIL S/A
188097,2024,4,TELEFONIA,574.62,Telefonica Brasil S.A
188097,2024,12,TELEFONIA,560.0,TELEFÔNICA BRASIL S.A. VIVO
188097,2024,2,TELEFONIA,494.61,TELEFÔNICA BRASIL S/A
188097,2024,2,TELEFONIA,164.68,TELEFÔNICA BRASIL S/A
188097,2024,9,TELEFONIA,582.6,Telefônica Brasil S/A
188097,2024,3,TELEFONIA,527.71,TELEFÔNICA BRASIL S/A - VIVO
188097,2024,8,TELEFONIA,572.5,TELEFÔNICA BRASIL S/A - VIVO
188097,2024,11,TELEFONIA,582.6,TELEFÔNICA BRASIL S/A VIVO
188097,2024,6,TELEFONIA,589.17,TELEFONICA BRASIL SA
188097,2024,7,TELEFONIA,581.75,VIVO TELEFONIA BRASIL S/A
188097,2024,1,TELEFONIA,494.61,VIVO TELEFONIA BRASIL S/A
188097,2024,1,TELEFONIA,164.68,VIVO TELEFONIA BRASIL S/A
188097,2024,5,TELEFONIA,582.55,VIVO TELEFONICA BRASIL S/A
188097,2024,2,FORNECIMENTO DE ALIMENTAÇÃO DO PARLAMENTAR,46.0,ALIMENTACAO CONSCIENTE LTDA
188097,2024,5,FORNECIMENTO DE ALIMENTAÇÃO DO PARLAMENTAR,55.0,ALIMENTACAO CONSCIENTE LTDA
188097,2024,8,FORNECIMENTO DE ALIMENTAÇÃO DO PARLAMENTAR,25.01,ALIMENTACAO CONSCIENTE LTDA
188097,2024,11,FORNECIMENTO DE ALIMENTAÇÃO DO PARLAMENTAR,28.0,ALIMENTACAO CONSCIENTE LTDA
188097,2024,12,FORNECIMENTO DE ALIMENTAÇÃO DO PARLAMENTAR,33.0,ALIMENTACAO CONSCIENTE LTDA
188097,2024,12,FORNECIMENTO DE ALIMENTAÇÃO DO PARLAMENTAR,26.0,ALIMENTACAO CONSCIENTE LTDA
188097,2024,7,FORNECIMENTO DE ALIMENTAÇÃO DO PARLAMENTAR,44.8,BRASILIA AIRPORT RESTAURANTES LTDA
188097,2024,4,FORNECIMENTO DE ALIMENTAÇÃO DO PARLAMENTAR,141.9,BSB GRILL BAR E RESTAURANTE LTDA
188097,2024,2,FORNECIMENTO DE ALIMENTAÇÃO DO PARLAMENTAR,30.8,CBT COMERCIO DE ALIMENTOS LTDA
188097,2024,5,FORNECIMENTO DE ALIMENTAÇÃO DO PARLAMENTAR,51.0,ENOTECA RICON BSB COMERCIO DE BEBIDAS LTDA
188097,2024,3,FORNECIMENTO DE ALIMENTAÇÃO DO PARLAMENTAR,89.1,FAUSTO E MANOEL PONTAO RESTAURANTE E CHOPPERIA LT
188097,2024,6,FORNECIMENTO DE ALIMENTAÇÃO DO PARLAMENTAR,52.0,GF4 PARTICIPACOES LTDA
188097,2024,6,FORNECIMENTO DE ALIMENTAÇÃO DO PARLAMENTAR,68.0,GF4 PARTICIPACOES LTDA
188097,2024,6,FORNECIMENTO DE ALIMENTAÇÃO DO PARLAMENTAR,38.2,GREEN S ALIMENTOS LTDA
188097,2024,6,FORNECIMENTO DE ALIMENTAÇÃO DO PARLAMENTAR,39.8,GREEN S ALIMENTOS LTDA
188097,2024,7,FORNECIMENTO DE ALIMENTAÇÃO DO PARLAMENTAR,43.96,GREEN S ALIMENTOS LTDA
188097,2024,7,FORNECIMENTO DE ALIMENTAÇÃO DO PARLAMENTAR,37.75,GREEN S ALIMENTOS LTDA
188097,2024,8,FORNECIMENTO DE ALIMENTAÇÃO DO PARLAMENTAR,30.9,GREEN S ALIMENTOS LTDA
188097,2024,10,FORNECIMENTO DE ALIMENTAÇÃO DO PARLAMENTAR,37.8,GREEN S ALIMENTOS LTDA
188097,2024,10,FORNECIMENTO DE ALIMENTAÇÃO DO PARLAMENTAR,30.9,GREEN S ALIMENTOS LTDA
188097,2024,11,FORNECIMENTO DE ALIMENTAÇÃO DO PARLAMENTAR,33.71,GREEN S ALIMENTOS LTDA
188097,2024,11,FORNECIMENTO DE ALIMENTAÇÃO DO PARLAMENTAR,45.76,GREEN S ALIMENTOS LTDA
188097,2024,12,FORNECIMENTO DE ALIMENTAÇÃO DO PARLAMENTAR,30.9,GREEN S ALIMENTOS LTDA
188097,2024,12,FORNECIMENTO DE ALIMENTAÇÃO DO PARLAMENTAR,68.68,GREEN S ALIMENTOS LTDA
188097,2024,12,FORNECIMENTO DE ALIMENTAÇÃO DO PARLAMENTAR,46.65,GREEN S ALIMENTOS LTDA
188097,2024,3,FORNECIMENTO DE ALIMENTAÇÃO DO PARLAMENTAR,30.9,GREEN'S ALIMENTOS LTDA
188097,2024,5,FORNECIMENTO DE ALIMENTAÇÃO DO PARLAMENTAR,42.16,GREEN'S ALIMENTOS LTDA
188097,2024,5,FORNECIMENTO DE ALIMENTAÇÃO DO PARLAMENTAR,43.51,GREEN'S ALIMENTOS LTDA
188097,2024,2,FORNECIMENTO DE ALIMENTAÇÃO DO PARLAMENTAR,14.5,JM PANIFICADORA E PRODUTOS ALIMENTICIOS LTDA
188097,2024,2,FORNECIMENTO DE ALIMENTAÇÃO DO PARLAMENTAR,15.0,JM PANIFICADORA E PRODUTOS ALIMENTICIOS LTDA
188097,2024,2,FORNECIMENTO DE ALIMENTAÇÃO DO PARLAMENTAR,15.0,JM PANIFICADORA E PRODUTOS ALIMENTICIOS LTDA
188097,2024,3,FORNECIMENTO DE ALIMENTAÇÃO DO PARLAMENTAR,10.5,JM PANIFICADORA E PRODUTOS ALIMENTICIOS LTDA
188097,2024,3,FORNECIMENTO DE ALIMENTAÇÃO DO PARLAMENTAR,14.5,JM PANIFICADORA E PRODUTOS ALIMENTICIOS LTDA
188097,2024,3,FORNECIMENTO DE ALIMENTAÇÃO DO PARLAMENTAR,13.5,JM PANIFICADORA E PRODUTOS ALIMENTICIOS LTDA
188097,2024,5,FORNECIMENTO DE ALIMENTAÇÃO DO PARLAMENTAR,14.5,JM PANIFICADORA E PRODUTOS ALIMENTICIOS LTDA
188097,2024,5,FORNECIMENTO DE ALIMENTAÇÃO DO PARLAMENTAR,19.5,JM PANIFICADORA E PRODUTOS ALIMENTICIOS LTDA
188097,2024,5,FORNECIMENTO DE ALIMENTAÇÃO DO PARLAMENTAR,19.5,JM PANIFICADORA E PRODUTOS ALIMENTICIOS LTDA
188097,2024,5,FORNECIMENTO DE ALIMENTAÇÃO DO PARLAMENTAR,19.5,JM PANIFICADORA E PRODUTOS ALIMENTICIOS LTDA
188097,2024,5,FORNECIMENTO DE ALIMENTAÇÃO DO PARLAMENTAR,19.5,JM PANIFICADORA E PRODUTOS ALIMENTICIOS LTDA
188097,2024,6,FORNECIMENTO DE ALIMENTAÇÃO DO PARLAMENTAR,19.5,JM PANIFICADORA E PRODUTOS ALIMENTICIOS LTDA
188097,2024,6,FORNECIMENTO DE ALIMENTAÇÃO DO PARLAMENTAR,14.5,JM PANIFICADORA E PRODUTOS ALIMENTICIOS LTDA
188097,2024,7,FORNECIMENTO DE ALIMENTAÇÃO DO PARLAMENTAR,12.5,JM PANIFICADORA E PRODUTOS ALIMENTICIOS LTDA
188097,2024,7,FORNECIMENTO DE ALIMENTAÇÃO DO PARLAMENTAR,14.5,JM PANIFICADORA E PRODUTOS ALIMENTICIOS LTDA
188097,2024,7,FORNECIMENTO DE ALIMENTAÇÃO DO PARLAMENTAR,10.0,JM PANIFICADORA E PRODUTOS ALIMENTICIOS LTDA
188097,2024,8,FORNECIMENTO DE ALIMENTAÇÃO DO PARLAMENTAR,10.0,JM PANIFICADORA E PRODUTOS ALIMENTICIOS LTDA
188097,2024,3,FORNECIMENTO DE ALIMENTAÇÃO DO PARLAMENTAR,52.29,MADERO INDUSTRIA E COMERCIO S.
188097,2024,8,FORNECIMENTO DE ALIMENTAÇÃO DO PARLAMENTAR,72.9,MADERO INDUSTRIA E COMERCIO S.
188097,2024,11,FORNECIMENTO DE ALIMENTAÇÃO DO PARLAMENTAR,68.0,MADERO INDUSTRIA E COMERCIO S.
188097,2024,11,FORNECIMENTO DE ALIMENTAÇÃO DO PARLAMENTAR,61.0,MADERO INDUSTRIA E COMERCIO S.
188097,2024,5,FORNECIMENTO DE ALIMENTAÇÃO DO PARLAMENTAR,55.0,MAXIMUS COMERCIAL LTDA
188097,2024,6,FORNECIMENTO DE ALIMENTAÇÃO DO PARLAMENTAR,55.0,MAXIMUS COMERCIAL LTDA
188097,2024,5,FORNECIMENTO DE ALIMENTAÇÃO DO PARLAMENTAR,39.8,PD PAES E DELICIAS COMERCIO E INDUSTRIA
188097,2024,3,FORNECIMENTO DE ALIMENTAÇÃO DO PARLAMENTAR,14.4,PD PAES E DELICIAS COMERCIO E INDUSTRIA
188097,2024,3,FORNECIMENTO DE ALIMENTAÇÃO DO PARLAMENTAR,14.49,PD PAES E DELICIAS COMERCIO E INDUSTRIA
188097,2024,6,FORNECIMENTO DE ALIMENTAÇÃO DO PARLAMENTAR,14.49,PD PAES E DELICIAS COMERCIO E INDUSTRIA
188097,2024,8,FORNECIMENTO DE ALIMENTAÇÃO DO PARLAMENTAR,14.5,PPS PANIFICADORA E PRODUTOS ALIMENTICIOS LTDA
188097,2024,11,FORNECIMENTO DE ALIMENTAÇÃO DO PARLAMENTAR,14.5,PPS PANIFICADORA E PRODUTOS ALIMENTICIOS LTDA
188097,2024,11,FORNECIMENTO DE ALIMENTAÇÃO DO PARLAMENTAR,13.5,PPS PANIFICADORA E PRODUTOS ALIMENTICIOS LTDA
188097,2024,11,FORNECIMENTO DE ALIMENTAÇÃO DO PARLAMENTAR,14.5,PPS PANIFICADORA E PRODUTOS ALIMENTICIOS LTDA
188097,2024,11,FORNECIMENTO DE ALIMENTAÇÃO DO PARLAMENTAR,14.5,PPS PANIFICADORA E PRODUTOS ALIMENTICIOS LTDA
188097,2024,12,FORNECIMENTO DE ALIMENTAÇÃO DO PARLAMENTAR,14.5,PPS PANIFICADORA E PRODUTOS ALIMENTICIOS LTDA
188097,2024,12,FORNECIMENTO DE ALIMENTAÇÃO DO PARLAMENTAR,10.0,PPS PANIFICADORA E PRODUTOS ALIMENTICIOS LTDA
188097,2024,12,FORNECIMENTO DE ALIMENTAÇÃO DO PARLAMENTAR,14.5,PPS PANIFICADORA E PRODUTOS ALIMENTICIOS LTDA
188097,2024,12,FORNECIMENTO DE ALIMENTAÇÃO DO PARLAMENTAR,13.5,PPS PANIFICADORA E PRODUTOS ALIMENTICIOS LTDA
188097,2024,5,FORNECIMENTO DE ALIMENTAÇÃO DO PARLAMENTAR,25.0,PROXIMUS COMERCIAL LTDA
188097,2024,10,FORNECIMENTO DE ALIMENTAÇÃO DO PARLAMENTAR,61.0,PROXIMUS COMERCIAL LTDA
188097,2024,11,FORNECIMENTO DE ALIMENTAÇÃO DO PARLAMENTAR,61.0,PROXIMUS COMERCIAL LTDA
188097,2024,11,FORNECIMENTO DE ALIMENTAÇÃO DO PARLAMENTAR,61.0,PROXIMUS COMERCIAL LTDA
188097,2024,12,FORNECIMENTO DE ALIMENTAÇÃO DO PARLAMENTAR,54.4,PROXIMUS COMERCIAL LTDA
188097,2024,1,FORNECIMENTO DE ALIMENTAÇÃO DO PARLAMENTAR,48.37,RESTAURANTE DAS MINAS LTDA
188097,2024,2,FORNECIMENTO DE ALIMENTAÇÃO DO PARLAMENTAR,80.3,RESTAURANTE E LANCHONETE CAFE COM ALGO M
188097,2024,11,FORNECIMENTO DE ALIMENTAÇÃO DO PARLAMENTAR,64.72,RESTAURANTE TEMPERO E SABOR - COZINHA BRASILEIRA LTDA
188097,2024,3,FORNECIMENTO DE ALIMENTAÇÃO DO PARLAMENTAR,56.8,ROBEL PRODUTOS ALIMENTICIOS LTDA
188097,2024,11,FORNECIMENTO DE ALIMENTAÇÃO DO PARLAMENTAR,15.43,SERVICO NACIONAL DE APRENDIZAGEM COMERCIAL SENAC
188097,2024,2,FORNECIMENTO DE ALIMENTAÇÃO DO PARLAMENTAR,79.03,SERVICO NACIONAL DE APRENDIZAGEM COMERCIAL SENAC
188097,2024,2,FORNECIMENTO DE ALIMENTAÇÃO DO PARLAMENTAR,84.27,SERVICO NACIONAL DE APRENDIZAGEM COMERCIAL SENAC
188097,2024,2,FORNECIMENTO DE ALIMENTAÇÃO DO PARLAMENTAR,79.03,SERVICO NACIONAL DE APRENDIZAGEM COMERCIAL SENAC
188097,2024,3,FORNECIMENTO DE ALIMENTAÇÃO DO PARLAMENTAR,79.03,SERVICO NACIONAL DE APRENDIZAGEM COMERCIAL SENAC
188097,2024,3,FORNECIMENTO DE ALIMENTAÇÃO DO PARLAMENTAR,86.54,SERVICO NACIONAL DE APRENDIZAGEM COMERCIAL SENAC
188097,2024,3,FORNECIMENTO DE ALIMENTAÇÃO DO PARLAMENTAR,79.03,SERVICO NACIONAL DE APRENDIZAGEM COMERCIAL SENAC
188097,2024,4,FORNECIMENTO DE ALIMENTAÇÃO DO PARLAMENTAR,82.73,SERVICO NACIONAL DE APRENDIZAGEM COMERCIAL SENAC
188097,2024,5,FORNECIMENTO DE ALIMENTAÇÃO DO PARLAMENTAR,87.27,SERVICO NACIONAL DE APRENDIZAGEM COMERCIAL SENAC
188097,2024,5,FORNECIMENTO DE ALIMENTAÇÃO DO PARLAMENTAR,82.73,SERVICO NACIONAL DE APRENDIZAGEM COMERCIAL SENAC
188097,2024,5,FORNECIMENTO DE ALIMENTAÇÃO DO PARLAMENTAR,82.73,SERVICO NACIONAL DE APRENDIZAGEM COMERCIAL SENAC
188097,2024,5,FORNECIMENTO DE ALIMENTAÇÃO DO PARLAMENTAR,82.73,SERVICO NACIONAL DE APRENDIZAGEM COMERCIAL SENAC
188097,2024,6,FORNECIMENTO DE ALIMENTAÇÃO DO PARLAMENTAR,90.59,SERVICO NACIONAL DE APRENDIZAGEM COMERCIAL SENAC
188097,2024,6,FORNECIMENTO DE ALIMENTAÇÃO DO PARLAMENTAR,82.73,SERVICO NACIONAL DE APRENDIZAGEM COMERCIAL SENAC
188097,2024,7,FORNECIMENTO DE ALIMENTAÇÃO DO PARLAMENTAR,82.73,SERVICO NACIONAL DE APRENDIZAGEM COMERCIAL SENAC
188097,2024,7,FORNECIMENTO DE ALIMENTAÇÃO DO PARLAMENTAR,82.73,SERVICO NACIONAL DE APRENDIZAGEM COMERCIAL SENAC
188097,2024,8,FORNECIMENTO DE ALIMENTAÇÃO DO PARLAMENTAR,87.27,SERVICO NACIONAL DE APRENDIZAGEM COMERCIAL SENAC
188097,2024,8,FORNECIMENTO DE ALIMENTAÇÃO DO PARLAMENTAR,82.73,SERVICO NACIONAL DE APRENDIZAGEM COMERCIAL SENAC
188097,2024,10,FORNECIMENTO DE ALIMENTAÇÃO DO PARLAMENTAR,82.73,SERVICO NACIONAL DE APRENDIZAGEM COMERCIAL SENAC
188097,2024,10,FORNECIMENTO DE ALIMENTAÇÃO DO PARLAMENTAR,87.27,SERVICO NACIONAL DE APRENDIZAGEM COMERCIAL SENAC
188097,2024,10,FORNECIMENTO DE ALIMENTAÇÃO DO PARLAMENTAR,82.73,SERVICO NACIONAL DE APRENDIZAGEM COMERCIAL SENAC
188097,2024,11,FORNECIMENTO DE ALIMENTAÇÃO DO PARLAMENTAR,82.73,SERVICO NACIONAL DE APRENDIZAGEM COMERCIAL SENAC
188097,2024,11,FORNECIMENTO DE ALIMENTAÇÃO DO PARLAMENTAR,87.27,SERVICO NACIONAL DE APRENDIZAGEM COMERCIAL SENAC
188097,2024,11,FORNECIMENTO DE ALIMENTAÇÃO DO PARLAMENTAR,82.73,SERVICO NACIONAL DE APRENDIZAGEM COMERCIAL SENAC
188097,2024,12,FORNECIMENTO DE ALIMENTAÇÃO DO PARLAMENTAR,82.73,SERVICO NACIONAL DE APRENDIZAGEM COMERCIAL SENAC
188097,2024,12,FORNECIMENTO DE ALIMENTAÇÃO DO PARLAMENTAR,82.73,SERVICO NACIONAL DE APRENDIZAGEM COMERCIAL SENAC
188097,2024,4,FORNECIMENTO DE ALIMENTAÇÃO DO PARLAMENTAR,90.59,SERVICO NACIONAL DE APRENDIZAGEM COMERCIAL SENAC
188097,2024,4,FORNECIMENTO DE ALIMENTAÇÃO DO PARLAMENTAR,82.73,SERVICO NACIONAL DE APRENDIZAGEM COMERCIAL SENAC
188097,2024,5,FORNECIMENTO DE ALIMENTAÇÃO DO PARLAMENTAR,87.27,SERVICO NACIONAL DE APRENDIZAGEM COMERCIAL SENAC
188097,2024,5,FORNECIMENTO DE ALIMENTAÇÃO DO PARLAMENTAR,87.27,SERVICO NACIONAL DE APRENDIZAGEM COMERCIAL SENAC
188097,2024,11,FORNECIMENTO DE ALIMENTAÇÃO DO PARLAMENTAR,82.73,SERVICO NACIONAL DE APRENDIZAGEM COMERCIAL SENAC
188097,2024,11,FORNECIMENTO DE ALIMENTAÇÃO DO PARLAMENTAR,82.73,SERVICO NACIONAL DE APRENDIZAGEM COMERCIAL SENAC
188097,2024,12,FORNECIMENTO DE ALIMENTAÇÃO DO PARLAMENTAR,87.27,SERVICO NACIONAL DE APRENDIZAGEM COMERCIAL SENAC
188097,2024,12,FORNECIMENTO DE ALIMENTAÇÃO DO PARLAMENTAR,82.73,SERVICO NACIONAL DE APRENDIZAGEM COMERCIAL SENAC
188097,2024,3,FORNECIMENTO DE ALIMENTAÇÃO DO PARLAMENTAR,77.35,TOMAS E MAIA RESTAURANTE LTDA EPP
188097,2024,5,"HOSPEDAGEM ,EXCETO DO PARLAMENTAR NO DISTRITO FEDERAL.",350.0,CAJUEIRO HOTELARIA E RESTAURANTE LTDA-ME
188097,2024,9,"HOSPEDAGEM ,EXCETO DO PARLAMENTAR NO DISTRITO FEDERAL.",328.0,COQUEIRO VERDE
188097,2024,4,"HOSPEDAGEM ,EXCETO DO PARLAMENTAR NO DISTRITO FEDERAL.",275.0,GURGUÉIA PARK HOTEL
188097,2024,9,"HOSPEDAGEM ,EXCETO DO PARLAMENTAR NO DISTRITO FEDERAL.",221.15,MABEL  HELENA VIEIRA DA LUZ SILVA
188097,2024,9,"HOSPEDAGEM ,EXCETO DO PARLAMENTAR NO DISTRITO FEDERAL.",221.15,MABEL  HELENA VIEIRA DA LUZ SILVA
188097,2024,1,LOCAÇÃO OU FRETAMENTO DE VEÍCULOS AUTOMOTORES,9500.0,MAZUAD AUTOLOCADORA
188097,2024,1,LOCAÇÃO OU FRETAMENTO DE VEÍCULOS AUTOMOTORES,2500.0,MAZUAD AUTOLOCADORA
188097,2024,2,LOCAÇÃO OU FRETAMENTO DE VEÍCULOS AUTOMOTORES,9500.0,MAZUAD AUTOLOCADORA
188097,2024,2,LOCAÇÃO OU FRETAMENTO DE VEÍCULOS AUTOMOTORES,3000.0,MAZUAD AUTOLOCADORA
188097,2024,3,LOCAÇÃO OU FRETAMENTO DE VEÍCULOS AUTOMOTORES,9500.0,MAZUAD AUTOLOCADORA
188097,2024,3,LOCAÇÃO OU FRETAMENTO DE VEÍCULOS AUTOMOTORES,3000.0,MAZUAD AUTOLOCADORA
188097,2024,4,LOCAÇÃO OU FRETAMENTO DE VEÍCULOS AUTOMOTORES,9500.0,MAZUAD AUTOLOCADORA
188097,2024,4,LOCAÇÃO OU FRETAMENTO DE VEÍCULOS AUTOMOTORES,3000.0,MAZUAD AUTOLOCADORA
188097,2024,5,LOCAÇÃO OU FRETAMENTO DE VEÍCULOS AUTOMOTORES,9500.0,MAZUAD AUTOLOCADORA
188097,2024,5,LOCAÇÃO OU FRETAMENTO DE VEÍCULOS AUTOMOTORES,3000.0,MAZUAD AUTOLOCADORA
188097,2024,6,LOCAÇÃO OU FRETAMENTO DE VEÍCULOS AUTOMOTORES,9500.0,MAZUAD AUTOLOCADORA
188097,2024,6,LOCAÇÃO OU FRETAMENTO DE VEÍCULOS AUTOMOTORES,3000.0,MAZUAD AUTOLOCADORA
188097,2024,7,LOCAÇÃO OU FRETAMENTO DE VEÍCULOS AUTOMOTORES,9500.0,MAZUAD AUTOLOCADORA
188097,2024,7,LOCAÇÃO OU FRETAMENTO DE VEÍCULOS AUTOMOTORES,3000.0,MAZUAD AUTOLOCADORA
188097,2024,8,LOCAÇÃO OU FRETAMENTO DE VEÍCULOS AUTOMOTORES,3000.0,MAZUAD AUTOLOCADORA
188097,2024,8,LOCAÇÃO OU FRETAMENTO DE VEÍCULOS AUTOMOTORES,9500.0,MAZUAD AUTOLOCADORA
188097,2024,9,LOCAÇÃO OU FRETAMENTO DE VEÍCULOS AUTOMOTORES,3000.0,MAZUAD AUTOLOCADORA
188097,2024,9,LOCAÇÃO OU FRETAMENTO DE VEÍCULOS AUTOMOTORES,9500.0,MAZUAD AUTOLOCADORA
188097,2024,10,LOCAÇÃO OU FRETAMENTO DE VEÍCULOS AUTOMOTORES,3000.0,MAZUAD AUTOLOCADORA
188097,2024,10,LOCAÇÃO OU FRETAMENTO DE VEÍCULOS AUTOMOTORES,9500.0,MAZUAD AUTOLOCADORA
188097,2024,11,LOCAÇÃO OU FRETAMENTO DE VEÍCULOS AUTOMOTORES,3000.0,MAZUAD AUTOLOCADORA
188097,2024,11,LOCAÇÃO OU FRETAMENTO DE VEÍCULOS AUTOMOTORES,9500.0,MAZUAD AUTOLOCADORA
188097,2024,12,LOCAÇÃO OU FRETAMENTO DE VEÍCULOS AUTOMOTORES,3000.0,MAZUAD AUTOLOCADORA
188097,2024,12,LOCAÇÃO OU FRETAMENTO DE VEÍCULOS AUTOMOTORES,9500.0,MAZUAD AUTOLOCADORA
188097,2024,4,PASSAGEM AÉREA - SIGEPA,1876.11,GOL
188097,2024,6,PASSAGEM AÉREA - SIGEPA,1828.1,GOL
188097,2024,6,PASSAGEM AÉREA - SIGEPA,-1684.32,GOL
188097,2024,1,PASSAGEM AÉREA - SIGEPA,-43.34,TAM
188097,2024,1,PASSAGEM AÉREA - SIGEPA,1305.21,TAM
188097,2024,1,PASSAGEM AÉREA - SIGEPA,-43.34,TAM
188097,2024,1,PASSAGEM AÉREA - SIGEPA,1381.34,TAM
188097,2024,1,PASSAGEM AÉREA - SIGEPA,1367.51,TAM
188097,2024,2,PASSAGEM AÉREA - SIGEPA,1367.51,TAM
188097,2024,2,PASSAGEM AÉREA - SIGEPA,1367.51,TAM
188097,2024,2,PASSAGEM AÉREA - SIGEPA,-43.34,TAM
188097,2024,2,PASSAGEM AÉREA - SIGEPA,1381.34,TAM
188097,2024,2,PASSAGEM AÉREA - SIGEPA,1367.51,TAM
188097,2024,3,PASSAGEM AÉREA - SIGEPA,-1367.51,TAM
188097,2024,3,PASSAGEM AÉREA - SIGEPA,1367.51,TAM
188097,2024,3,PASSAGEM AÉREA - SIGEPA,1809.51,TAM
188097,2024,3,PASSAGEM AÉREA - SIGEPA,-692.73,TAM
188097,2024,3,PASSAGEM AÉREA - SIGEPA,1367.51,TAM
188097,2024,3,PASSAGEM AÉREA - SIGEPA,16.05,TAM
188097,2024,4,PASSAGEM AÉREA - SIGEPA,1018.81,TAM
188097,2024,5,PASSAGEM AÉREA - SIGEPA,-684.85,TAM
188097,2024,5,PASSAGEM AÉREA - SIGEPA,1383.56,TAM
188097,2024,5,PASSAGEM AÉREA - SIGEPA,948.0,TAM
188097,2024,6,PASSAGEM AÉREA - SIGEPA,797.21,TAM
188097,2024,7,PASSAGEM AÉREA - SIGEPA,-826.31,TAM
188097,2024,7,PASSAGEM AÉREA - SIGEPA,29.1,TAM
188097,2024,7,PASSAGEM AÉREA - SIGEPA,1468.51,TAM
188097,2024,7,PASSAGEM AÉREA - SIGEPA,-797.93,TAM
188097,2024,8,PASSAGEM AÉREA - SIGEPA,912.64,TAM
188097,2024,8,PASSAGEM AÉREA - SIGEPA,1468.51,TAM
188097,2024,8,PASSAGEM AÉREA - SIGEPA,-1468.51,TAM
188097,2024,8,PASSAGEM AÉREA - SIGEPA,-1469.95,TAM
188097,2024,8,PASSAGEM AÉREA - SIGEPA,557.31,TAM
188097,2024,9,PASSAGEM AÉREA - SIGEPA,1484.56,TAM
188097,2024,9,PASSAGEM AÉREA - SIGEPA,100.0,TAM
188097,2024,9,PASSAGEM AÉREA - SIGEPA,1484.56,TAM
188097,2024,10,PASSAGEM AÉREA - SIGEPA,-30.95,TAM
188097,2024,10,PASSAGEM AÉREA - SIGEPA,2299.85,TAM
188097,2024,10,PASSAGEM AÉREA - SIGEPA,-1469.95,TAM
188097,2024,10,PASSAGEM AÉREA - SIGEPA,1484.56,TAM
188097,2024,10,PASSAGEM AÉREA - SIGEPA,1469.95,TAM
188097,2024,10,PASSAGEM AÉREA - SIGEPA,-1469.95,TAM
188097,2024,10,PASSAGEM AÉREA - SIGEPA,1484.56,TAM
188097,2024,11,PASSAGEM AÉREA - SIGEPA,75.0,TAM
188097,2024,11,PASSAGEM AÉREA - SIGEPA,1484.56,TAM
188097,2024,11,PASSAGEM AÉREA - SIGEPA,-1484.56,TAM
188097,2024,11,PASSAGEM AÉREA - SIGEPA,1484.56,TAM
188097,2024,11,PASSAGEM AÉREA - SIGEPA,1469.95,TAM
188097,2024,11,PASSAGEM AÉREA - SIGEPA,1469.95,TAM
188097,2024,12,PASSAGEM AÉREA - SIGEPA,1944.95,TAM
188097,2024,12,PASSAGEM AÉREA - SIGEPA,-475.0,TAM
188097,2024,12,PASSAGEM AÉREA - SIGEPA,1469.95,TAM
188097,2024,12,PASSAGEM AÉREA - SIGEPA,-405.46,TAM
188097,2024,12,PASSAGEM AÉREA - SIGEPA,1087.24,TAM
188097,2024,12,PASSAGEM AÉREA - SIGEPA,1469.95,TAM
188097,2024,12,PASSAGEM AÉREA - SIGEPA,-1156.11,TAM
188097,2025,1,MANUTENÇÃO DE ESCRITÓRIO DE APOIO À ATIVIDADE PARLAMENTAR,85.08,AGUAS DE TERESINA SAN. SPE SA
188097,2025,2,MANUTENÇÃO DE ESCRITÓRIO DE APOIO À ATIVIDADE PARLAMENTAR,85.08,AGUAS DE TERESINA SAN. SPE SA
188097,2025,3,MANUTENÇÃO DE ESCRITÓRIO DE APOIO À ATIVIDADE PARLAMENTAR,148.48,AGUAS DE TERESINA SAN. SPE SA
188097,2025,4,MANUTENÇÃO DE ESCRITÓRIO DE APOIO À ATIVIDADE PARLAMENTAR,105.1,AGUAS DE TERESINA SAN. SPE SA
188097,2025,5,MANUTENÇÃO DE ESCRITÓRIO DE APOIO À ATIVIDADE PARLAMENTAR,76.57,AGUAS DE TERESINA SAN. SPE SA
188097,2025,6,MANUTENÇÃO DE ESCRITÓRIO DE APOIO À ATIVIDADE PARLAMENTAR,119.37,AGUAS DE TERESINA SAN. SPE SA
188097,2025,8,MANUTENÇÃO DE ESCRITÓRIO DE APOIO À ATIVIDADE PARLAMENTAR,79.06,AGUAS DE TERESINA SAN. SPE SA
188097,2025,9,MANUTENÇÃO DE ESCRITÓRIO DE APOIO À ATIVIDADE PARLAMENTAR,108.52,AGUAS DE TERESINA SAN. SPE SA
188097,2025,2,MANUTENÇÃO DE ESCRITÓRIO DE APOIO À ATIVIDADE PARLAMENTAR,4000.0,ALINE ELVAS CASTELO BRANCO
188097,2025,3,MANUTENÇÃO DE ESCRITÓRIO DE APOIO À ATIVIDADE PARLAMENTAR,4000.0,ALINE ELVAS CASTELO BRANCO
188097,2025,4,MANUTENÇÃO DE ESCRITÓRIO DE APOIO À ATIVIDADE PARLAMENTAR,400.0,ALINE ELVAS CASTELO BRANCO
188097,2025,5,MANUTENÇÃO DE ESCRITÓRIO DE APOIO À ATIVIDADE PARLAMENTAR,4000.0,ALINE ELVAS CASTELO BRANCO
188097,2025,6,MANUTENÇÃO DE ESCRITÓRIO DE APOIO À ATIVIDADE PARLAMENTAR,4000.0,ALINE ELVAS CASTELO BRANCO
188097,2025,7,MANUTENÇÃO DE ESCRITÓRIO DE APOIO À ATIVIDADE PARLAMENTAR,4000.0,ALINE ELVAS CASTELO BRANCO
188097,2025,8,MANUTENÇÃO DE ESCRITÓRIO DE APOIO À ATIVIDADE PARLAMENTAR,4000.0,ALINE ELVAS CASTELO BRANCO
188097,2025,9,MANUTENÇÃO DE ESCRITÓRIO DE APOIO À ATIVIDADE PARLAMENTAR,4000.0,ALINE ELVAS CASTELO BRANCO
188097,2025,10,MANUTENÇÃO DE ESCRITÓRIO DE APOIO À ATIVIDADE PARLAMENTAR,4000.0,ALINE ELVAS CASTELO BRANCO
188097,2025,11,MANUTENÇÃO DE ESCRITÓRIO DE APOIO À ATIVIDADE PARLAMENTAR,4000.0,ALINE ELVAS CASTELO BRANCO
188097,2025,12,MANUTENÇÃO DE ESCRITÓRIO DE APOIO À ATIVIDADE PARLAMENTAR,4000.0,ALINE ELVAS CASTELO BRANCO
188097,2025,2,MANUTENÇÃO DE ESCRITÓRIO DE APOIO À ATIVIDADE PARLAMENTAR,484.2,COMERCIAL EQIP LTDA
188097,2025,6,MANUTENÇÃO DE ESCRITÓRIO DE APOIO À ATIVIDADE PARLAMENTAR,1374.04,COMERCIAL EQIP LTDA
188097,2025,7,MANUTENÇÃO DE ESCRITÓRIO DE APOIO À ATIVIDADE PARLAMENTAR,1711.08,COMERCIAL EQIP LTDA
188097,2025,10,MANUTENÇÃO DE ESCRITÓRIO DE APOIO À ATIVIDADE PARLAMENTAR,2049.82,COMERCIAL EQIP LTDA
188097,2025,1,MANUTENÇÃO DE ESCRITÓRIO DE APOIO À ATIVIDADE PARLAMENTAR,1010.06,Companhia Energética do Piauí
188097,2025,3,MANUTENÇÃO DE ESCRITÓRIO DE APOIO À ATIVIDADE PARLAMENTAR,1226.15,Companhia Energética do Piauí
188097,2025,4,MANUTENÇÃO DE ESCRITÓRIO DE APOIO À ATIVIDADE PARLAMENTAR,1210.83,Companhia Energética do Piauí
188097,2025,5,MANUTENÇÃO DE ESCRITÓRIO DE APOIO À ATIVIDADE PARLAMENTAR,1568.61,Companhia Energética do Piauí
188097,2025,6,MANUTENÇÃO DE ESCRITÓRIO DE APOIO À ATIVIDADE PARLAMENTAR,1325.5,Companhia Energética do Piauí
188097,2025,7,MANUTENÇÃO DE ESCRITÓRIO DE APOIO À ATIVIDADE PARLAMENTAR,1399.74,Companhia Energética do Piauí
188097,2025,8,MANUTENÇÃO DE ESCRITÓRIO DE APOIO À ATIVIDADE PARLAMENTAR,1613.93,Companhia Energética do Piauí
188097,2025,9,MANUTENÇÃO DE ESCRITÓRIO DE APOIO À ATIVIDADE PARLAMENTAR,1937.36,Companhia Energética do Piauí
188097,2025,1,MANUTENÇÃO DE ESCRITÓRIO DE APOIO À ATIVIDADE PARLAMENTAR,4000.0,LILIA ELVAS CASTELO BRANCO
188097,2025,1,MANUTENÇÃO DE ESCRITÓRIO DE APOIO À ATIVIDADE PARLAMENTAR,890.0,NEVES E FERREIRA TECNOLOGIA LTDA
188097,2025,2,MANUTENÇÃO DE ESCRITÓRIO DE APOIO À ATIVIDADE PARLAMENTAR,890.0,NEVES E FERREIRA TECNOLOGIA LTDA
188097,2025,3,MANUTENÇÃO DE ESCRITÓRIO DE APOIO À ATIVIDADE PARLAMENTAR,890.0,NEVES E FERREIRA TECNOLOGIA LTDA
188097,2025,4,MANUTENÇÃO DE ESCRITÓRIO DE APOIO À ATIVIDADE PARLAMENTAR,990.0,NEVES E FERREIRA TECNOLOGIA LTDA
188097,2025,5,MANUTENÇÃO DE ESCRITÓRIO DE APOIO À ATIVIDADE PARLAMENTAR,990.0,NEVES E FERREIRA TECNOLOGIA LTDA
188097,2025,6,MANUTENÇÃO DE ESCRITÓRIO DE APOIO À ATIVIDADE PARLAMENTAR,990.0,NEVES E FERREIRA TECNOLOGIA LTDA
188097,2025,7,MANUTENÇÃO DE ESCRITÓRIO DE APOIO À ATIVIDADE PARLAMENTAR,990.0,NEVES E FERREIRA TECNOLOGIA LTDA
188097,2025,8,MANUTENÇÃO DE ESCRITÓRIO DE APOIO À ATIVIDADE PARLAMENTAR,990.0,NEVES E FERREIRA TECNOLOGIA LTDA
188097,2025,9,MANUTENÇÃO DE ESCRITÓRIO DE APOIO À ATIVIDADE PARLAMENTAR,990.0,NEVES E FERREIRA TECNOLOGIA LTDA
188097,2025,10,MANUTENÇÃO DE ESCRITÓRIO DE APOIO À ATIVIDADE PARLAMENTAR,990.0,NEVES E FERREIRA TECNOLOGIA LTDA
188097,2025,11,MANUTENÇÃO DE ESCRITÓRIO DE APOIO À ATIVIDADE PARLAMENTAR,990.0,NEVES E FERREIRA TECNOLOGIA LTDA
188097,2025,12,MANUTENÇÃO DE ESCRITÓRIO DE APOIO À ATIVIDADE PARLAMENTAR,990.0,NEVES E FERREIRA TECNOLOGIA LTDA
188097,2025,2,MANUTENÇÃO DE ESCRITÓRIO DE APOIO À ATIVIDADE PARLAMENTAR,98.7,WMS COMERCIO DE ARTIGOS DE PAPELARIA LTDA
188097,2025,5,MANUTENÇÃO DE ESCRITÓRIO DE APOIO À ATIVIDADE PARLAMENTAR,119.6,WMS COMERCIO DE ARTIGOS DE PAPELARIA LTDA
188097,2025,6,MANUTENÇÃO DE ESCRITÓRIO DE APOIO À ATIVIDADE PARLAMENTAR,127.0,WMS COMERCIO DE ARTIGOS DE PAPELARIA LTDA
188097,2025,9,MANUTENÇÃO DE ESCRITÓRIO DE APOIO À ATIVIDADE PARLAMENTAR,101.7,WMS COMERCIO DE ARTIGOS DE PAPELARIA LTDA
188097,2025,11,MANUTENÇÃO DE ESCRITÓRIO DE APOIO À ATIVIDADE PARLAMENTAR,169.8,WMS COMERCIO DE ARTIGOS DE PAPELARIA LTDA
188097,2025,1,COMBUSTÍVEIS E LUBRIFICANTES.,100.0,072 - 403 SUL - CASCOL COMBUSTIVEIS PARA VEICULOS LTDA
188097,2025,2,COMBUSTÍVEIS E LUBRIFICANTES.,50.0,072 - 403 SUL - CASCOL COMBUSTIVEIS PARA VEICULOS LTDA
188097,2025,3,COMBUSTÍVEIS E LUBRIFICANTES.,313.38,AUTO POSTO 302 SUL LTDA
188097,2025,4,COMBUSTÍVEIS E LUBRIFICANTES.,200.0,AUTO POSTO 302 SUL LTDA
188097,2025,4,COMBUSTÍVEIS E LUBRIFICANTES.,200.0,AUTO POSTO 302 SUL LTDA
188097,2025,4,COMBUSTÍVEIS E LUBRIFICANTES.,200.0,AUTO POSTO 302 SUL LTDA
188097,2025,4,COMBUSTÍVEIS E LUBRIFICANTES.,200.0,AUTO POSTO 302 SUL LTDA
188097,2025,4,COMBUSTÍVEIS E LUBRIFICANTES.,200.0,AUTO POSTO 302 SUL LTDA
188097,2025,5,COMBUSTÍVEIS E LUBRIFICANTES.,200.0,AUTO POSTO 302 SUL LTDA
188097,2025,5,COMBUSTÍVEIS E LUBRIFICANTES.,200.0,AUTO POSTO 302 SUL LTDA
188097,2025,5,COMBUSTÍVEIS E LUBRIFICANTES.,200.0,AUTO POSTO 302 SUL LTDA
188097,2025,6,COMBUSTÍVEIS E LUBRIFICANTES.,200.0,AUTO POSTO 302 SUL LTDA
188097,2025,6,COMBUSTÍVEIS E LUBRIFICANTES.,200.0,AUTO POSTO 302 SUL LTDA
188097,2025,6,COMBUSTÍVEIS E LUBRIFICANTES.,200.0,AUTO POSTO 302 SUL LTDA
188097,2025,7,COMBUSTÍVEIS E LUBRIFICANTES.,200.0,AUTO POSTO 302 SUL LTDA
188097,2025,7,COMBUSTÍVEIS E LUBRIFICANTES.,200.0,AUTO POSTO 302 SUL LTDA
188097,2025,8,COMBUSTÍVEIS E LUBRIFICANTES.,300.0,AUTO POSTO 302 SUL LTDA
188097,2025,8,COMBUSTÍVEIS E LUBRIFICANTES.,200.0,AUTO POSTO 302 SUL LTDA
188097,2025,8,COMBUSTÍVEIS E LUBRIFICANTES.,251.29,AUTO POSTO 302 SUL LTDA
188097,2025,8,COMBUSTÍVEIS E LUBRIFICANTES.,200.0,AUTO POSTO 302 SUL LTDA
188097,2025,9,COMBUSTÍVEIS E LUBRIFICANTES.,200.0,AUTO POSTO 302 SUL LTDA
188097,2025,9,COMBUSTÍVEIS E LUBRIFICANTES.,200.0,AUTO POSTO 302 SUL LTDA
188097,2025,9,COMBUSTÍVEIS E LUBRIFICANTES.,200.0,AUTO POSTO 302 SUL LTDA
188097,2025,9,COMBUSTÍVEIS E LUBRIFICANTES.,200.0,AUTO POSTO 302 SUL LTDA
188097,2025,10,COMBUSTÍVEIS E LUBRIFICANTES.,200.0,AUTO POSTO 302 SUL LTDA
188097,2025,10,COMBUSTÍVEIS E LUBRIFICANTES.,200.0,AUTO POSTO 302 SUL LTDA
188097,2025,10,COMBUSTÍVEIS E LUBRIFICANTES.,200.0,AUTO POSTO 302 SUL LTDA
188097,2025,11,COMBUSTÍVEIS E LUBRIFICANTES.,200.0,AUTO POSTO 302 SUL LTDA
188097,2025,11,COMBUSTÍVEIS E LUBRIFICANTES.,200.0,AUTO POSTO 302 SUL LTDA
188097,2025,12,COMBUSTÍVEIS E LUBRIFICANTES.,199.96,AUTO POSTO 302 SUL LTDA
188097,2025,2,COMBUSTÍVEIS E LUBRIFICANTES.,52.05,AUTO POSTO 314 NORTE
188097,2025,1,COMBUSTÍVEIS E LUBRIFICANTES.,50.0,AUTO POSTO CINCO ESTRELAS LTDA
188097,2025,2,COMBUSTÍVEIS E LUBRIFICANTES.,250.0,AUTO POSTO CONCORDE LTDA
188097,2025,2,COMBUSTÍVEIS E LUBRIFICANTES.,100.01,AUTO POSTO FLEX COMBUSTIVEL LTDA
188097,2025,2,COMBUSTÍVEIS E LUBRIFICANTES.,221.0,AUTO POSTO GOLDEN GAS 202 LTDA
188097,2025,2,COMBUSTÍVEIS E LUBRIFICANTES.,250.0,AUTO POSTO GOLDEN GAS 202 LTDA
188097,2025,1,COMBUSTÍVEIS E LUBRIFICANTES.,200.0,AUTO POSTO VIA ESTRUTURAL LTDA
188097,2025,12,COMBUSTÍVEIS E LUBRIFICANTES.,298.0,AUTO POSTO Z+Z 307 NORTE LTDA
188097,2025,2,COMBUSTÍVEIS E LUBRIFICANTES.,410.03,AVALLON COMBUSTIVEIS LTDA
188097,2025,6,COMBUSTÍVEIS E LUBRIFICANTES.,226.04,AVALLON COMBUSTIVEIS LTDA
188097,2025,5,COMBUSTÍVEIS E LUBRIFICANTES.,269.05,BONTEMPO PETROLEO LTDA
188097,2025,7,COMBUSTÍVEIS E LUBRIFICANTES.,175.08,BONTEMPO PETROLEO LTDA
188097,2025,8,COMBUSTÍVEIS E LUBRIFICANTES.,270.01,BONTEMPO PETROLEO LTDA
188097,2025,2,COMBUSTÍVEIS E LUBRIFICANTES.,50.0,BRASAL COMBUSTIVEIS LTDA
188097,2025,6,COMBUSTÍVEIS E LUBRIFICANTES.,100.71,BRUNO IGO DE CARVALHO ROCHA
188097,2025,1,COMBUSTÍVEIS E LUBRIFICANTES.,265.64,CACIQUE PETROLEO LTDA
188097,2025,3,COMBUSTÍVEIS E LUBRIFICANTES.,241.82,CACIQUE PETROLEO LTDA
188097,2025,3,COMBUSTÍVEIS E LUBRIFICANTES.,250.02,CACIQUE PETROLEO LTDA
188097,2025,4,COMBUSTÍVEIS E LUBRIFICANTES.,250.08,CACIQUE PETROLEO LTDA
188097,2025,4,COMBUSTÍVEIS E LUBRIFICANTES.,250.01,CACIQUE PETROLEO LTDA
188097,2025,4,COMBUSTÍVEIS E LUBRIFICANTES.,200.0,CACIQUE PETROLEO LTDA
188097,2025,5,COMBUSTÍVEIS E LUBRIFICANTES.,100.0,CACIQUE PETROLEO LTDA
188097,2025,5,COMBUSTÍVEIS E LUBRIFICANTES.,250.13,CACIQUE PETROLEO LTDA
188097,2025,1,COMBUSTÍVEIS E LUBRIFICANTES.,235.07,CACIQUE PETROLEO LTDA
188097,2025,2,COMBUSTÍVEIS E LUBRIFICANTES.,244.27,CACIQUE PETROLEO LTDA
188097,2025,3,COMBUSTÍVEIS E LUBRIFICANTES.,220.49,CACIQUE PETROLEO LTDA
188097,2025,4,COMBUSTÍVEIS E LUBRIFICANTES.,237.08,CACIQUE PETROLEO LTDA
188097,2025,5,COMBUSTÍVEIS E LUBRIFICANTES.,225.26,CACIQUE PETROLEO LTDA
188097,2025,5,COMBUSTÍVEIS E LUBRIFICANTES.,214.81,CACIQUE PETROLEO LTDA
188097,2025,5,COMBUSTÍVEIS E LUBRIFICANTES.,218.51,CACIQUE PETROLEO LTDA
188097,2025,12,COMBUSTÍVEIS E LUBRIFICANTES.,227.94,CACIQUE PETROLEO LTDA
188097,2025,2,COMBUSTÍVEIS E LUBRIFICANTES.,160.0,CACIQUE PETROLEO LTDA
188097,2025,1,COMBUSTÍVEIS E LUBRIFICANTES.,298.05,CACIQUE PETROLEO LTDA
188097,2025,1,COMBUSTÍVEIS E LUBRIFICANTES.,364.1,CACIQUE PETROLEO LTDA
188097,2025,10,COMBUSTÍVEIS E LUBRIFICANTES.,228.28,CACIQUE PETROLEO LTDA
188097,2025,10,COMBUSTÍVEIS E LUBRIFICANTES.,100.0,CACIQUE PETROLEO LTDA
188097,2025,10,COMBUSTÍVEIS E LUBRIFICANTES.,192.04,CACIQUE PETROLEO LTDA
188097,2025,11,COMBUSTÍVEIS E LUBRIFICANTES.,230.02,CACIQUE PETROLEO LTDA
188097,2025,8,COMBUSTÍVEIS E LUBRIFICANTES.,218.03,CACIQUE PETROLEO LTDA
188097,2025,1,COMBUSTÍVEIS E LUBRIFICANTES.,252.13,CACIQUE PETROLEO LTDA
188097,2025,2,COMBUSTÍVEIS E LUBRIFICANTES.,211.57,CACIQUE PETROLEO LTDA
188097,2025,3,COMBUSTÍVEIS E LUBRIFICANTES.,239.91,CACIQUE PETROLEO LTDA
188097,2025,3,COMBUSTÍVEIS E LUBRIFICANTES.,263.17,CACIQUE PETROLEO LTDA
188097,2025,12,COMBUSTÍVEIS E LUBRIFICANTES.,228.13,CACIQUE PETROLEO LTDA
188097,2025,1,COMBUSTÍVEIS E LUBRIFICANTES.,100.0,CACIQUE PETROLEO LTDA
188097,2025,8,COMBUSTÍVEIS E LUBRIFICANTES.,230.01,CACIQUE PETROLEO LTDA
188097,2025,12,COMBUSTÍVEIS E LUBRIFICANTES.,225.55,CACIQUE PETROLEO LTDA
188097,2025,10,COMBUSTÍVEIS E LUBRIFICANTES.,245.02,CACIQUE PETROLEO LTDA
188097,2025,9,COMBUSTÍVEIS E LUBRIFICANTES.,200.0,CARVALHO & CARVALHO POSTO DE GASOLINA LTDA
188097,2025,9,COMBUSTÍVEIS E LUBRIFICANTES.,186.94,CARVALHO & CARVALHO POSTO DE GASOLINA LTDA
188097,2025,9,COMBUSTÍVEIS E LUBRIFICANTES.,190.03,CARVALHO & CARVALHO POSTO DE GASOLINA LTDA
188097,2025,6,COMBUSTÍVEIS E LUBRIFICANTES.,50.0,COMERCIAL DE COMBUSTÍVEL MAM LTDA
188097,2025,6,COMBUSTÍVEIS E LUBRIFICANTES.,203.03,COMERCIO E DISTRIBUICAO DE COMBUSTIVEIS LTDA
188097,2025,5,COMBUSTÍVEIS E LUBRIFICANTES.,200.0,D. GUERRA LTDA
188097,2025,1,COMBUSTÍVEIS E LUBRIFICANTES.,270.06,DRA4 DERIVADOS DE PETROLEO LTDA
188097,2025,11,COMBUSTÍVEIS E LUBRIFICANTES.,200.0,DRA4 DERIVADOS DE PETROLEO LTDA
188097,2025,9,COMBUSTÍVEIS E LUBRIFICANTES.,195.57,FRANCISCO DE ASSIS CARVALHO DA SILVA
188097,2025,7,COMBUSTÍVEIS E LUBRIFICANTES.,300.08,GURGUEIA COMBUSTIVEIS LTDA EPP
188097,2025,4,COMBUSTÍVEIS E LUBRIFICANTES.,200.0,GURGUEIA COMBUSTIVEIS LTDA EPP
188097,2025,5,COMBUSTÍVEIS E LUBRIFICANTES.,150.0,GURGUEIA COMBUSTIVEIS LTDA EPP
188097,2025,6,COMBUSTÍVEIS E LUBRIFICANTES.,300.01,HD PETROLEO ALTOS LTDA
188097,2025,6,COMBUSTÍVEIS E LUBRIFICANTES.,150.03,HD PETROLEO ALTOS LTDA
188097,2025,8,COMBUSTÍVEIS E LUBRIFICANTES.,300.01,HD PETROLEO ALTOS LTDA
188097,2025,7,COMBUSTÍVEIS E LUBRIFICANTES.,299.97,HD PETROLEO ESTAIADA LTDA
188097,2025,7,COMBUSTÍVEIS E LUBRIFICANTES.,320.03,HD PETROLEO ESTAIADA LTDA
188097,2025,7,COMBUSTÍVEIS E LUBRIFICANTES.,242.01,HD PETROLEO LAGOA LTDA
188097,2025,6,COMBUSTÍVEIS E LUBRIFICANTES.,190.04,HD PETROLEO LAGOA LTDA
188097,2025,9,COMBUSTÍVEIS E LUBRIFICANTES.,300.04,HD PETROLEO LAGOA LTDA
188097,2025,2,COMBUSTÍVEIS E LUBRIFICANTES.,380.0,HD PETROLEO LAGOA LTDA
188097,2025,6,COMBUSTÍVEIS E LUBRIFICANTES.,190.06,HD PETROLEO LAGOA LTDA
188097,2025,6,COMBUSTÍVEIS E LUBRIFICANTES.,300.03,HD PETROLEO LAGOA LTDA
188097,2025,6,COMBUSTÍVEIS E LUBRIFICANTES.,150.01,HD PETROLEO LAGOA LTDA
188097,2025,5,COMBUSTÍVEIS E LUBRIFICANTES.,218.03,HD PETROLEO LAGOA LTDA
188097,2025,6,COMBUSTÍVEIS E LUBRIFICANTES.,170.06,HD PETROLEO SAO SEBASTIAO LTDA
188097,2025,5,COMBUSTÍVEIS E LUBRIFICANTES.,200.02,ISADORA KALINE DE SOUSA SANTOS EIRELI
188097,2025,3,COMBUSTÍVEIS E LUBRIFICANTES.,227.7,J & G POSTO LTDA
188097,2025,7,COMBUSTÍVEIS E LUBRIFICANTES.,149.98,J L CARVALHO DA SILVA ME
188097,2025,8,COMBUSTÍVEIS E LUBRIFICANTES.,150.0,JB3 LTDA
188097,2025,3,COMBUSTÍVEIS E LUBRIFICANTES.,250.0,JJ BATISTA COM VAREJISTA DE COMBUSTIVEL LTDA
188097,2025,5,COMBUSTÍVEIS E LUBRIFICANTES.,100.0,JOALANDRO COELHO DE SOUSA LTDA
188097,2025,2,COMBUSTÍVEIS E LUBRIFICANTES.,285.08,JOZENILDA HENRIQUE DA SILVA LTDA
188097,2025,5,COMBUSTÍVEIS E LUBRIFICANTES.,270.0,MALTA & BARBOSA LTDA
188097,2025,2,COMBUSTÍVEIS E LUBRIFICANTES.,150.0,MAXXI DM PETROLEO LTDA
188097,2025,10,COMBUSTÍVEIS E LUBRIFICANTES.,294.0,MAXXI MEGA PETROLEO LTDA
188097,2025,7,COMBUSTÍVEIS E LUBRIFICANTES.,200.06,MAXXI MEGA PETROLEO LTDA
188097,2025,6,COMBUSTÍVEIS E LUBRIFICANTES.,254.01,NERIS E SAMPAIO LTDA
188097,2025,1,COMBUSTÍVEIS E LUBRIFICANTES.,327.67,PETROLEO COMBUSTIVEL III LTDA
188097,2025,9,COMBUSTÍVEIS E LUBRIFICANTES.,225.06,PLANALTO PETROLEO ILHOTAS LTDA
188097,2025,9,COMBUSTÍVEIS E LUBRIFICANTES.,249.33,PLANALTO PETROLEO ILHOTAS LTDA
188097,2025,9,COMBUSTÍVEIS E LUBRIFICANTES.,245.02,PLANALTO PETROLEO ILHOTAS LTDA
188097,2025,10,COMBUSTÍVEIS E LUBRIFICANTES.,150.0,PLANALTO PETROLEO ILHOTAS LTDA
188097,2025,11,COMBUSTÍVEIS E LUBRIFICANTES.,200.0,PLANALTO PETROLEO ILHOTAS LTDA
188097,2025,11,COMBUSTÍVEIS E LUBRIFICANTES.,150.0,PLANALTO PETROLEO ILHOTAS LTDA
188097,2025,12,COMBUSTÍVEIS E LUBRIFICANTES.,228.71,PLANALTO PETROLEO ILHOTAS LTDA
188097,2025,10,COMBUSTÍVEIS E LUBRIFICANTES.,100.0,PLANALTO PETROLEO MARECHAL LTDA
188097,2025,10,COMBUSTÍVEIS E LUBRIFICANTES.,235.41,PLANALTO PETROLEO UNIAO LTDA
188097,2025,11,COMBUSTÍVEIS E LUBRIFICANTES.,280.02,PLANALTO PETROLEO UNIAO LTDA
188097,2025,6,COMBUSTÍVEIS E LUBRIFICANTES.,80.02,POSTO 208 NORTE COMERCIO DE COMBUSTIVEIS LTDA
188097,2025,7,COMBUSTÍVEIS E LUBRIFICANTES.,200.0,POSTO ANGICO LTDA
188097,2025,2,COMBUSTÍVEIS E LUBRIFICANTES.,56.0,POSTO DE COMBUSTIVEIS 306 SUL LTDA
188097,2025,1,COMBUSTÍVEIS E LUBRIFICANTES.,200.0,POSTO HOMERO CASTELO BRANCO LTDA
188097,2025,10,COMBUSTÍVEIS E LUBRIFICANTES.,334.0,POSTO JM II LTDA
188097,2025,8,COMBUSTÍVEIS E LUBRIFICANTES.,230.05,POSTO MAIS 2 IRMAOS LTDA
188097,2025,7,COMBUSTÍVEIS E LUBRIFICANTES.,178.53,POSTO MAIS JOAO XXIII LTDA
188097,2025,1,COMBUSTÍVEIS E LUBRIFICANTES.,260.05,POSTO MAIS PARNAIBA AEROPORTO LTDA
188097,2025,3,COMBUSTÍVEIS E LUBRIFICANTES.,365.27,POSTO MAIS VALE LTDA
188097,2025,9,COMBUSTÍVEIS E LUBRIFICANTES.,200.0,POSTO PITSTOP EIRELI
188097,2025,10,COMBUSTÍVEIS E LUBRIFICANTES.,232.8,POSTO SANTA EDWIRGES & CIA LTDA
188097,2025,6,COMBUSTÍVEIS E LUBRIFICANTES.,187.06,POSTO SANTA ISABEL LTDA
188097,2025,10,COMBUSTÍVEIS E LUBRIFICANTES.,150.0,POSTO SANTA LUCIA LTDA.
188097,2025,2,COMBUSTÍVEIS E LUBRIFICANTES.,340.03,POSTO SANTA LUCIA LTDA.
188097,2025,5,COMBUSTÍVEIS E LUBRIFICANTES.,40.94,POSTO SAO BENEDITO PETROLEO LTDA
188097,2025,1,COMBUSTÍVEIS E LUBRIFICANTES.,380.01,POSTO SAO BENEDITO PETROLEO LTDA
188097,2025,1,COMBUSTÍVEIS E LUBRIFICANTES.,323.04,POSTO SAO BENEDITO PETROLEO LTDA
188097,2025,1,COMBUSTÍVEIS E LUBRIFICANTES.,223.02,POSTO SAO BENEDITO PETROLEO LTDA
188097,2025,2,COMBUSTÍVEIS E LUBRIFICANTES.,330.04,POSTO SAO BENEDITO PETROLEO LTDA
188097,2025,2,COMBUSTÍVEIS E LUBRIFICANTES.,250.0,POSTO SAO BENEDITO PETROLEO LTDA
188097,2025,2,COMBUSTÍVEIS E LUBRIFICANTES.,220.02,POSTO SAO BENEDITO PETROLEO LTDA
188097,2025,2,COMBUSTÍVEIS E LUBRIFICANTES.,240.03,POSTO SAO BENEDITO PETROLEO LTDA
188097,2025,6,COMBUSTÍVEIS E LUBRIFICANTES.,271.33,POSTO SAO BENEDITO PETROLEO LTDA
188097,2025,2,COMBUSTÍVEIS E LUBRIFICANTES.,300.03,POSTO SAO BENEDITO PETROLEO LTDA
188097,2025,6,COMBUSTÍVEIS E LUBRIFICANTES.,200.5,POSTO SAO BENEDITO PETROLEO LTDA
188097,2025,6,COMBUSTÍVEIS E LUBRIFICANTES.,281.48,POSTO SAO BENEDITO PETROLEO LTDA
188097,2025,2,COMBUSTÍVEIS E LUBRIFICANTES.,320.6,POSTO SAO BENEDITO PETROLEO LTDA
188097,2025,7,COMBUSTÍVEIS E LUBRIFICANTES.,166.45,POSTO SAO BENEDITO PETROLEO LTDA
188097,2025,3,COMBUSTÍVEIS E LUBRIFICANTES.,298.13,POSTO SAO BENEDITO PETROLEO LTDA
188097,2025,6,COMBUSTÍVEIS E LUBRIFICANTES.,50.0,POSTO SAO BENEDITO PETROLEO LTDA
188097,2025,3,COMBUSTÍVEIS E LUBRIFICANTES.,347.02,POSTO SAO BENEDITO PETROLEO LTDA
188097,2025,3,COMBUSTÍVEIS E LUBRIFICANTES.,235.06,POSTO SAO BENEDITO PETROLEO LTDA
188097,2025,3,COMBUSTÍVEIS E LUBRIFICANTES.,350.04,POSTO SAO BENEDITO PETROLEO LTDA
188097,2025,7,COMBUSTÍVEIS E LUBRIFICANTES.,40.01,POSTO SAO BENEDITO PETROLEO LTDA
188097,2025,7,COMBUSTÍVEIS E LUBRIFICANTES.,250.03,POSTO SAO BENEDITO PETROLEO LTDA
188097,2025,4,COMBUSTÍVEIS E LUBRIFICANTES.,171.34,POSTO SAO BENEDITO PETROLEO LTDA
188097,2025,7,COMBUSTÍVEIS E LUBRIFICANTES.,260.03,POSTO SAO BENEDITO PETROLEO LTDA
188097,2025,5,COMBUSTÍVEIS E LUBRIFICANTES.,247.99,POSTO SAO BENEDITO PETROLEO LTDA
188097,2025,5,COMBUSTÍVEIS E LUBRIFICANTES.,220.01,POSTO SAO BENEDITO PETROLEO LTDA
188097,2025,5,COMBUSTÍVEIS E LUBRIFICANTES.,250.02,POSTO SAO BENEDITO PETROLEO LTDA
188097,2025,5,COMBUSTÍVEIS E LUBRIFICANTES.,181.29,POSTO SAO BENEDITO PETROLEO LTDA
188097,2025,5,COMBUSTÍVEIS E LUBRIFICANTES.,245.02,POSTO SAO BENEDITO PETROLEO LTDA
188097,2025,6,COMBUSTÍVEIS E LUBRIFICANTES.,220.05,POSTO SAO BENEDITO PETROLEO LTDA
188097,2025,6,COMBUSTÍVEIS E LUBRIFICANTES.,170.04,POSTO SAO BENEDITO PETROLEO LTDA
188097,2025,6,COMBUSTÍVEIS E LUBRIFICANTES.,180.0,POSTO SAO BENEDITO PETROLEO LTDA
188097,2025,10,COMBUSTÍVEIS E LUBRIFICANTES.,230.05,POSTO SAO BENEDITO PETROLEO LTDA
188097,2025,7,COMBUSTÍVEIS E LUBRIFICANTES.,213.45,POSTO SAO BENEDITO PETROLEO LTDA
188097,2025,7,COMBUSTÍVEIS E LUBRIFICANTES.,218.93,POSTO SAO BENEDITO PETROLEO LTDA
188097,2025,8,COMBUSTÍVEIS E LUBRIFICANTES.,172.69,POSTO SAO BENEDITO PETROLEO LTDA
188097,2025,10,COMBUSTÍVEIS E LUBRIFICANTES.,239.66,POSTO SAO BENEDITO PETROLEO LTDA
188097,2025,9,COMBUSTÍVEIS E LUBRIFICANTES.,250.02,POSTO SAO BENEDITO PETROLEO LTDA
188097,2025,11,COMBUSTÍVEIS E LUBRIFICANTES.,262.82,POSTO SAO BENEDITO PETROLEO LTDA
188097,2025,9,COMBUSTÍVEIS E LUBRIFICANTES.,275.53,POSTO SAO BENEDITO PETROLEO LTDA
188097,2025,11,COMBUSTÍVEIS E LUBRIFICANTES.,219.41,POSTO SAO BENEDITO PETROLEO LTDA
188097,2025,9,COMBUSTÍVEIS E LUBRIFICANTES.,220.05,POSTO SAO BENEDITO PETROLEO LTDA
188097,2025,9,COMBUSTÍVEIS E LUBRIFICANTES.,160.97,POSTO SAO BENEDITO PETROLEO LTDA
188097,2025,12,COMBUSTÍVEIS E LUBRIFICANTES.,235.45,POSTO SAO BENEDITO PETROLEO LTDA
188097,2025,10,COMBUSTÍVEIS E LUBRIFICANTES.,300.04,POSTO SAO BENEDITO PETROLEO LTDA
188097,2025,10,COMBUSTÍVEIS E LUBRIFICANTES.,170.04,POSTO SAO BENEDITO PETROLEO LTDA
188097,2025,10,COMBUSTÍVEIS E LUBRIFICANTES.,44.15,POSTO SAO BENEDITO PETROLEO LTDA
188097,2025,12,COMBUSTÍVEIS E LUBRIFICANTES.,257.24,POSTO SAO BENEDITO PETROLEO LTDA
188097,2025,12,COMBUSTÍVEIS E LUBRIFICANTES.,280.03,POSTO SAO BENEDITO PETROLEO LTDA
188097,2025,12,COMBUSTÍVEIS E LUBRIFICANTES.,254.51,POSTO SAO BENEDITO PETROLEO LTDA
188097,2025,12,COMBUSTÍVEIS E LUBRIFICANTES.,289.17,POSTO SAO BENEDITO PETROLEO LTDA
188097,2025,12,COMBUSTÍVEIS E LUBRIFICANTES.,269.17,POSTO SAO BENEDITO PETROLEO LTDA
188097,2025,3,COMBUSTÍVEIS E LUBRIFICANTES.,200.0,POSTO SAO BENEDITO PETROLEO LTDA
188097,2025,3,COMBUSTÍVEIS E LUBRIFICANTES.,46.71,POSTO SAO BENEDITO PETROLEO LTDA
188097,2025,11,COMBUSTÍVEIS E LUBRIFICANTES.,220.02,POSTO SAO RAIMUNDO LTDA
188097,2025,5,COMBUSTÍVEIS E LUBRIFICANTES.,265.02,POSTO TATU LTDA
188097,2025,5,COMBUSTÍVEIS E LUBRIFICANTES.,350.04,R. DEMES E CIA LTDA
188097,2025,2,COMBUSTÍVEIS E LUBRIFICANTES.,92.85,ROTA 411 COMBUSTIVEIS LTDA
188097,2025,1,COMBUSTÍVEIS E LUBRIFICANTES.,104.51,ROTA 411 COMBUSTIVEIS LTDA
188097,2025,2,COMBUSTÍVEIS E LUBRIFICANTES.,49.97,ROTA 411 COMBUSTIVEIS LTDA
188097,2025,2,COMBUSTÍVEIS E LUBRIFICANTES.,52.01,ROTA 411 COMBUSTIVEIS LTDA
188097,2025,2,COMBUSTÍVEIS E LUBRIFICANTES.,40.02,ROTA 411 COMBUSTIVEIS LTDA
188097,2025,1,COMBUSTÍVEIS E LUBRIFICANTES.,250.45,ROTA COMBUSTIVEIS LTDA (POSTO 113)
188097,2025,4,COMBUSTÍVEIS E LUBRIFICANTES.,268.32,S P MAGALHAES EMPREENDIMENTOS LTDA
188097,2025,4,COMBUSTÍVEIS E LUBRIFICANTES.,184.07,S P MAGALHAES EMPREENDIMENTOS LTDA
188097,2025,4,COMBUSTÍVEIS E LUBRIFICANTES.,265.14,S P MAGALHAES EMPREENDIMENTOS LTDA
188097,2025,7,COMBUSTÍVEIS E LUBRIFICANTES.,220.04,S P MAGALHAES EMPREENDIMENTOS LTDA
188097,2025,5,COMBUSTÍVEIS E LUBRIFICANTES.,257.58,S P MAGALHAES EMPREENDIMENTOS LTDA
188097,2025,6,COMBUSTÍVEIS E LUBRIFICANTES.,215.05,S P MAGALHAES EMPREENDIMENTOS LTDA
188097,2025,7,COMBUSTÍVEIS E LUBRIFICANTES.,245.17,S P MAGALHAES EMPREENDIMENTOS LTDA
188097,2025,12,COMBUSTÍVEIS E LUBRIFICANTES.,117.4,S P MAGALHAES EMPREENDIMENTOS LTDA
188097,2025,12,COMBUSTÍVEIS E LUBRIFICANTES.,260.04,S P MAGALHAES EMPREENDIMENTOS LTDA
188097,2025,1,COMBUSTÍVEIS E LUBRIFICANTES.,247.48,S P MAGALHAES EMPREENDIMENTOS LTDA
188097,2025,1,COMBUSTÍVEIS E LUBRIFICANTES.,202.95,S P MAGALHAES EMPREENDIMENTOS LTDA
188097,2025,2,COMBUSTÍVEIS E LUBRIFICANTES.,150.0,S P MAGALHAES EMPREENDIMENTOS LTDA
188097,2025,2,COMBUSTÍVEIS E LUBRIFICANTES.,275.54,S P MAGALHAES EMPREENDIMENTOS LTDA
188097,2025,3,COMBUSTÍVEIS E LUBRIFICANTES.,218.29,S P MAGALHAES EMPREENDIMENTOS LTDA
188097,2025,4,COMBUSTÍVEIS E LUBRIFICANTES.,231.36,S P MAGALHAES EMPREENDIMENTOS LTDA
188097,2025,5,COMBUSTÍVEIS E LUBRIFICANTES.,180.01,S P MAGALHAES EMPREENDIMENTOS LTDA
188097,2025,6,COMBUSTÍVEIS E LUBRIFICANTES.,248.28,S P MAGALHAES EMPREENDIMENTOS LTDA
188097,2025,5,COMBUSTÍVEIS E LUBRIFICANTES.,82.73,SERVIA O NACIONAL DE APREND. COMERCIAL
188097,2025,3,COMBUSTÍVEIS E LUBRIFICANTES.,250.02,SIQUEIRA SOARES LTDA - EPP
188097,2025,5,COMBUSTÍVEIS E LUBRIFICANTES.,365.1,SIQUEIRA SOARES LTDA - EPP
188097,2025,7,COMBUSTÍVEIS E LUBRIFICANTES.,218.01,SIQUEIRA SOARES LTDA - EPP
188097,2025,8,COMBUSTÍVEIS E LUBRIFICANTES.,375.0,SIQUEIRA SOARES LTDA - EPP
188097,2025,9,COMBUSTÍVEIS E LUBRIFICANTES.,200.0,SIQUEIRA SOARES LTDA - EPP
188097,2025,9,COMBUSTÍVEIS E LUBRIFICANTES.,260.0,SIQUEIRA SOARES LTDA - EPP
188097,2025,5,COMBUSTÍVEIS E LUBRIFICANTES.,100.0,THIERES COMBUSTIVEIS LTDA
188097,2025,9,COMBUSTÍVEIS E LUBRIFICANTES.,240.11,VIVA PETROLEO LTDA
188097,2025,11,DIVULGAÇÃO DA ATIVIDADE PARLAMENTAR.,2200.0,ANTONIEL MACHADO RIBEIRO
188097,2025,7,DIVULGAÇÃO DA ATIVIDADE PARLAMENTAR.,2200.0,ANTONIEL MACHADO RIBEIRO
188097,2025,8,DIVULGAÇÃO DA ATIVIDADE PARLAMENTAR.,2000.0,ANTONIEL MACHADO RIBEIRO
188097,2025,9,DIVULGAÇÃO DA ATIVIDADE PARLAMENTAR.,2000.0,ANTONIEL MACHADO RIBEIRO
188097,2025,1,DIVULGAÇÃO DA ATIVIDADE PARLAMENTAR.,300.0,ASSOCIA;'AO COMUNIT[ARIO DE RADIO DIFUS'AO DE PEDRO II
188097,2025,2,DIVULGAÇÃO DA ATIVIDADE PARLAMENTAR.,300.0,ASSOCIA;'AO COMUNIT[ARIO DE RADIO DIFUS'AO DE PEDRO II
188097,2025,3,DIVULGAÇÃO DA ATIVIDADE PARLAMENTAR.,300.0,ASSOCIA;'AO COMUNIT[ARIO DE RADIO DIFUS'AO DE PEDRO II
188097,2025,4,DIVULGAÇÃO DA ATIVIDADE PARLAMENTAR.,300.0,ASSOCIAÇÃO COMUNITARIO DE RADIO DIFUSÃO DE PEDRO II
188097,2025,5,DIVULGAÇÃO DA ATIVIDADE PARLAMENTAR.,300.0,ASSOCIAÇÃO COMUNITARIO DE RADIO DIFUSÃO DE PEDRO II
188097,2025,6,DIVULGAÇÃO DA ATIVIDADE PARLAMENTAR.,300.0,ASSOCIAÇÃO COMUNITARIO DE RADIO DIFUSÃO DE PEDRO II
188097,2025,7,DIVULGAÇÃO DA ATIVIDADE PARLAMENTAR.,300.0,ASSOCIAÇÃO COMUNITARIO DE RADIO DIFUSÃO DE PEDRO II
188097,2025,8,DIVULGAÇÃO DA ATIVIDADE PARLAMENTAR.,300.0,ASSOCIAÇÃO COMUNITARIO DE RADIO DIFUSÃO DE PEDRO II
188097,2025,10,DIVULGAÇÃO DA ATIVIDADE PARLAMENTAR.,300.0,ASSOCIAÇÃO COMUNITARIO DE RADIO DIFUSÃO DE PEDRO II
188097,2025,11,DIVULGAÇÃO DA ATIVIDADE PARLAMENTAR.,300.0,ASSOCIAÇÃO COMUNITARIO DE RADIO DIFUSÃO DE PEDRO II
188097,2025,12,DIVULGAÇÃO DA ATIVIDADE PARLAMENTAR.,300.0,ASSOCIAÇÃO COMUNITARIO DE RADIO DIFUSÃO DE PEDRO II
188097,2025,4,DIVULGAÇÃO DA ATIVIDADE PARLAMENTAR.,1200.0,EVALDO DE MIRANDO SOARES
188097,2025,4,DIVULGAÇÃO DA ATIVIDADE PARLAMENTAR.,1500.0,F. ALVES FONSECA DE AZEVEDO - ME
188097,2025,5,DIVULGAÇÃO DA ATIVIDADE PARLAMENTAR.,1500.0,F. ALVES FONSECA DE AZEVEDO - ME
188097,2025,6,DIVULGAÇÃO DA ATIVIDADE PARLAMENTAR.,1500.0,F. ALVES FONSECA DE AZEVEDO - ME
188097,2025,7,DIVULGAÇÃO DA ATIVIDADE PARLAMENTAR.,1500.0,F. ALVES FONSECA DE AZEVEDO - ME
188097,2025,8,DIVULGAÇÃO DA ATIVIDADE PARLAMENTAR.,1500.0,F. ALVES FONSECA DE AZEVEDO - ME
188097,2025,9,DIVULGAÇÃO DA ATIVIDADE PARLAMENTAR.,1500.0,F. ALVES FONSECA DE AZEVEDO - ME
188097,2025,10,DIVULGAÇÃO DA ATIVIDADE PARLAMENTAR.,1500.0,F. ALVES FONSECA DE AZEVEDO - ME
188097,2025,11,DIVULGAÇÃO DA ATIVIDADE PARLAMENTAR.,1500.0,F. ALVES FONSECA DE AZEVEDO - ME
188097,2025,12,DIVULGAÇÃO DA ATIVIDADE PARLAMENTAR.,1500.0,F. ALVES FONSECA DE AZEVEDO - ME
188097,2025,1,DIVULGAÇÃO DA ATIVIDADE PARLAMENTAR.,700.0,GIL DE ALBUQUERQUE COSTA
188097,2025,2,DIVULGAÇÃO DA ATIVIDADE PARLAMENTAR.,700.0,GIL DE ALBUQUERQUE COSTA
188097,2025,3,DIVULGAÇÃO DA ATIVIDADE PARLAMENTAR.,700.0,GIL DE ALBUQUERQUE COSTA
188097,2025,5,DIVULGAÇÃO DA ATIVIDADE PARLAMENTAR.,700.0,GIL DE ALBUQUERQUE COSTA
188097,2025,6,DIVULGAÇÃO DA ATIVIDADE PARLAMENTAR.,700.0,GIL DE ALBUQUERQUE COSTA
188097,2025,5,DIVULGAÇÃO DA ATIVIDADE PARLAMENTAR.,35000.0,INTERATIVA PROPAGANDA E MARKETING LTDA
188097,2025,6,DIVULGAÇÃO DA ATIVIDADE PARLAMENTAR.,35000.0,INTERATIVA PROPAGANDA E MARKETING LTDA
188097,2025,8,DIVULGAÇÃO DA ATIVIDADE PARLAMENTAR.,35000.0,INTERATIVA PROPAGANDA E MARKETING LTDA
188097,2025,4,DIVULGAÇÃO DA ATIVIDADE PARLAMENTAR.,1200.0,J B PEREIRA DA SILVA JORNALISTICOS
188097,2025,5,DIVULGAÇÃO DA ATIVIDADE PARLAMENTAR.,1200.0,J B PEREIRA DA SILVA JORNALISTICOS
188097,2025,6,DIVULGAÇÃO DA ATIVIDADE PARLAMENTAR.,1200.0,J B PEREIRA DA SILVA JORNALISTICOS
188097,2025,7,DIVULGAÇÃO DA ATIVIDADE PARLAMENTAR.,1200.0,J B PEREIRA DA SILVA JORNALISTICOS
188097,2025,8,DIVULGAÇÃO DA ATIVIDADE PARLAMENTAR.,1200.0,J B PEREIRA DA SILVA JORNALISTICOS
188097,2025,9,DIVULGAÇÃO DA ATIVIDADE PARLAMENTAR.,1200.0,J B PEREIRA DA SILVA JORNALISTICOS
188097,2025,10,DIVULGAÇÃO DA ATIVIDADE PARLAMENTAR.,1200.0,J B PEREIRA DA SILVA JORNALISTICOS
188097,2025,11,DIVULGAÇÃO DA ATIVIDADE PARLAMENTAR.,1200.0,J B PEREIRA DA SILVA JORNALISTICOS
188097,2025,3,DIVULGAÇÃO DA ATIVIDADE PARLAMENTAR.,2400.0,Luan Ribeiro Bastos - ME
188097,2025,4,DIVULGAÇÃO DA ATIVIDADE PARLAMENTAR.,2400.0,Luan Ribeiro Bastos - ME
188097,2025,5,DIVULGAÇÃO DA ATIVIDADE PARLAMENTAR.,2400.0,Luan Ribeiro Bastos - ME
188097,2025,6,DIVULGAÇÃO DA ATIVIDADE PARLAMENTAR.,2400.0,Luan Ribeiro Bastos - ME
188097,2025,7,DIVULGAÇÃO DA ATIVIDADE PARLAMENTAR.,2400.0,Luan Ribeiro Bastos - ME
188097,2025,8,DIVULGAÇÃO DA ATIVIDADE PARLAMENTAR.,2400.0,Luan Ribeiro Bastos - ME
188097,2025,9,DIVULGAÇÃO DA ATIVIDADE PARLAMENTAR.,2400.0,Luan Ribeiro Bastos - ME
188097,2025,10,DIVULGAÇÃO DA ATIVIDADE PARLAMENTAR.,2400.0,Luan Ribeiro Bastos - ME
188097,2025,11,DIVULGAÇÃO DA ATIVIDADE PARLAMENTAR.,2400.0,Luan Ribeiro Bastos - ME
188097,2025,1,DIVULGAÇÃO DA ATIVIDADE PARLAMENTAR.,3000.0,OSCAR DE BARROS SOUSA LTDA
188097,2025,2,DIVULGAÇÃO DA ATIVIDADE PARLAMENTAR.,3000.0,OSCAR DE BARROS SOUSA LTDA
188097,2025,3,DIVULGAÇÃO DA ATIVIDADE PARLAMENTAR.,3000.0,OSCAR DE BARROS SOUSA LTDA
188097,2025,4,DIVULGAÇÃO DA ATIVIDADE PARLAMENTAR.,3000.0,OSCAR DE BARROS SOUSA LTDA
188097,2025,5,DIVULGAÇÃO DA ATIVIDADE PARLAMENTAR.,3000.0,OSCAR DE BARROS SOUSA LTDA
188097,2025,6,DIVULGAÇÃO DA ATIVIDADE PARLAMENTAR.,3000.0,OSCAR DE BARROS SOUSA LTDA
188097,2025,7,DIVULGAÇÃO DA ATIVIDADE PARLAMENTAR.,3000.0,OSCAR DE BARROS SOUSA LTDA
188097,2025,8,DIVULGAÇÃO DA ATIVIDADE PARLAMENTAR.,3000.0,OSCAR DE BARROS SOUSA LTDA
188097,2025,9,DIVULGAÇÃO DA ATIVIDADE PARLAMENTAR.,3000.0,OSCAR DE BARROS SOUSA LTDA
188097,2025,10,DIVULGAÇÃO DA ATIVIDADE PARLAMENTAR.,3000.0,OSCAR DE BARROS SOUSA LTDA
188097,2025,11,DIVULGAÇÃO DA ATIVIDADE PARLAMENTAR.,3000.0,OSCAR DE BARROS SOUSA LTDA
188097,2025,12,DIVULGAÇÃO DA ATIVIDADE PARLAMENTAR.,2954.44,OSCAR DE BARROS SOUSA LTDA
188097,2025,2,DIVULGAÇÃO DA ATIVIDADE PARLAMENTAR.,3000.0,PIAUI HOJE COMUNICAÇÃO E MARKETING LTDA
188097,2025,3,DIVULGAÇÃO DA ATIVIDADE PARLAMENTAR.,3000.0,PIAUI HOJE COMUNICAÇÃO E MARKETING LTDA
188097,2025,4,DIVULGAÇÃO DA ATIVIDADE PARLAMENTAR.,3000.0,PIAUI HOJE COMUNICAÇÃO E MARKETING LTDA
188097,2025,5,DIVULGAÇÃO DA ATIVIDADE PARLAMENTAR.,3000.0,PIAUI HOJE COMUNICAÇÃO E MARKETING LTDA
188097,2025,6,DIVULGAÇÃO DA ATIVIDADE PARLAMENTAR.,3000.0,PIAUI HOJE COMUNICAÇÃO E MARKETING LTDA
188097,2025,7,DIVULGAÇÃO DA ATIVIDADE PARLAMENTAR.,3000.0,PIAUI HOJE COMUNICAÇÃO E MARKETING LTDA
188097,2025,8,DIVULGAÇÃO DA ATIVIDADE PARLAMENTAR.,3000.0,PIAUI HOJE COMUNICAÇÃO E MARKETING LTDA
188097,2025,9,DIVULGAÇÃO DA ATIVIDADE PARLAMENTAR.,3000.0,PIAUI HOJE COMUNICAÇÃO E MARKETING LTDA
188097,2025,10,DIVULGAÇÃO DA ATIVIDADE PARLAMENTAR.,3000.0,PIAUI HOJE COMUNICAÇÃO E MARKETING LTDA
188097,2025,11,DIVULGAÇÃO DA ATIVIDADE PARLAMENTAR.,3000.0,PIAUI HOJE COMUNICAÇÃO E MARKETING LTDA
188097,2025,6,DIVULGAÇÃO DA ATIVIDADE PARLAMENTAR.,2200.0,PMD CARVALHO LTDA
188097,2025,7,DIVULGAÇÃO DA ATIVIDADE PARLAMENTAR.,2200.0,PMD CARVALHO LTDA
188097,2025,9,DIVULGAÇÃO DA ATIVIDADE PARLAMENTAR.,2200.0,PMD CARVALHO LTDA
188097,2025,10,DIVULGAÇÃO DA ATIVIDADE PARLAMENTAR.,2200.0,PMD CARVALHO LTDA
188097,2025,11,DIVULGAÇÃO DA ATIVIDADE PARLAMENTAR.,2200.0,PMD CARVALHO LTDA
188097,2025,1,DIVULGAÇÃO DA ATIVIDADE PARLAMENTAR.,1500.0,VISUAL CLIPAGEM
188097,2025,2,DIVULGAÇÃO DA ATIVIDADE PARLAMENTAR.,1500.0,VISUAL CLIPAGEM
188097,2025,3,DIVULGAÇÃO DA ATIVIDADE PARLAMENTAR.,1500.0,VISUAL CLIPAGEM
188097,2025,4,DIVULGAÇÃO DA ATIVIDADE PARLAMENTAR.,1500.0,VISUAL CLIPAGEM
188097,2025,5,DIVULGAÇÃO DA ATIVIDADE PARLAMENTAR.,1500.0,VISUAL CLIPAGEM
188097,2025,6,DIVULGAÇÃO DA ATIVIDADE PARLAMENTAR.,1500.0,VISUAL CLIPAGEM
188097,2025,7,DIVULGAÇÃO DA ATIVIDADE PARLAMENTAR.,1500.0,VISUAL CLIPAGEM
188097,2025,8,DIVULGAÇÃO DA ATIVIDADE PARLAMENTAR.,1500.0,VISUAL CLIPAGEM
188097,2025,9,DIVULGAÇÃO DA ATIVIDADE PARLAMENTAR.,1500.0,VISUAL CLIPAGEM
188097,2025,10,DIVULGAÇÃO DA ATIVIDADE PARLAMENTAR.,1500.0,VISUAL CLIPAGEM
188097,2025,1,DIVULGAÇÃO DA ATIVIDADE PARLAMENTAR.,1100.0,VITOR CANDEIRA NETO
188097,2025,2,DIVULGAÇÃO DA ATIVIDADE PARLAMENTAR.,1100.0,VITOR CANDEIRA NETO
188097,2025,3,DIVULGAÇÃO DA ATIVIDADE PARLAMENTAR.,1100.0,VITOR CANDEIRA NETO
188097,2025,4,DIVULGAÇÃO DA ATIVIDADE PARLAMENTAR.,1100.0,VITOR CANDEIRA NETO
188097,2025,5,DIVULGAÇÃO DA ATIVIDADE PARLAMENTAR.,1100.0,VITOR CANDEIRA NETO
188097,2025,6,DIVULGAÇÃO DA ATIVIDADE PARLAMENTAR.,1100.0,VITOR CANDEIRA NETO
188097,2025,7,DIVULGAÇÃO DA ATIVIDADE PARLAMENTAR.,1100.0,VITOR CANDEIRA NETO
188097,2025,8,DIVULGAÇÃO DA ATIVIDADE PARLAMENTAR.,1100.0,VITOR CANDEIRA NETO
188097,2025,10,DIVULGAÇÃO DA ATIVIDADE PARLAMENTAR.,1100.0,VITOR CANDEIRA NETO
188097,2025,11,DIVULGAÇÃO DA ATIVIDADE PARLAMENTAR.,1100.0,VITOR CANDEIRA NETO
188097,2025,10,DIVULGAÇÃO DA ATIVIDADE PARLAMENTAR.,1200.0,WERICK AMERICA DOS SANTOS
188097,2025,11,DIVULGAÇÃO DA ATIVIDADE PARLAMENTAR.,1200.0,WERICK AMERICA DOS SANTOS
188097,2025,6,DIVULGAÇÃO DA ATIVIDADE PARLAMENTAR.,1200.0,WERICK AMERICA DOS SANTOS
188097,2025,7,DIVULGAÇÃO DA ATIVIDADE PARLAMENTAR.,1200.0,WERICK AMERICA DOS SANTOS
188097,2025,8,DIVULGAÇÃO DA ATIVIDADE PARLAMENTAR.,1200.0,WERICK AMERICA DOS SANTOS
188097,2025,9,DIVULGAÇÃO DA ATIVIDADE PARLAMENTAR.,1200.0,WERICK AMERICA DOS SANTOS
188097,2025,5,DIVULGAÇÃO DA ATIVIDADE PARLAMENTAR.,1200.0,WERICK AMERICA DOS SANTOS
188097,2025,1,TELEFONIA,148.33,Claro NXT Telecomunicações S.A
188097,2025,2,TELEFONIA,148.33,Claro NXT Telecomunicações S.A
188097,2025,3,TELEFONIA,161.06,Claro NXT Telecomunicações S.A
188097,2025,4,TELEFONIA,161.06,Claro NXT Telecomunicações S.A
188097,2025,5,TELEFONIA,161.06,Claro NXT Telecomunicações S.A
188097,2025,6,TELEFONIA,161.06,Claro NXT Telecomunicações S.A
188097,2025,7,TELEFONIA,161.06,Claro NXT Telecomunicações S.A
188097,2025,8,TELEFONIA,161.06,Claro NXT Telecomunicações S.A
188097,2025,9,TELEFONIA,161.06,Claro NXT Telecomunicações S.A
188097,2025,11,TELEFONIA,161.06,Claro NXT Telecomunicações S.A
188097,2025,1,TELEFONIA,489.21,TELEFÔNICA BRASIL S.A. VIVO
188097,2025,6,TELEFONIA,502.21,TELEFÔNICA BRASIL S/A
188097,2025,5,TELEFONIA,501.04,TELEFÔNICA BRASIL S/A - VIVO
188097,2025,7,TELEFONIA,502.21,TELEFÔNICA BRASIL S/A - VIVO
188097,2025,8,TELEFONIA,502.21,TELEFÔNICA BRASIL S/A - VIVO
188097,2025,4,TELEFONIA,496.7,TELEFÔNICA BRASIL S/A - VIVO.
188097,2025,11,TELEFONIA,502.21,VIVO
188097,2025,2,TELEFONIA,488.42,VIVO TELEFONIA BRASIL S/A
188097,2025,12,FORNECIMENTO DE ALIMENTAÇÃO DO PARLAMENTAR,37.5,ALIMENTACAO CONSCIENTE LTDA
188097,2025,2,FORNECIMENTO DE ALIMENTAÇÃO DO PARLAMENTAR,39.0,ALIMENTACAO CONSCIENTE LTDA
188097,2025,3,FORNECIMENTO DE ALIMENTAÇÃO DO PARLAMENTAR,47.0,ALIMENTACAO CONSCIENTE LTDA
188097,2025,9,FORNECIMENTO DE ALIMENTAÇÃO DO PARLAMENTAR,33.91,CASA DE ALIMENTOS GABRIEL PIABA EIRELI
188097,2025,11,FORNECIMENTO DE ALIMENTAÇÃO DO PARLAMENTAR,31.23,CASA DE ALIMENTOS GABRIEL PIABA EIRELI
188097,2025,2,FORNECIMENTO DE ALIMENTAÇÃO DO PARLAMENTAR,40.36,CASA DE ALIMENTOS GABRIEL PIABA EIRELI
188097,2025,3,FORNECIMENTO DE ALIMENTAÇÃO DO PARLAMENTAR,38.48,CASA DE ALIMENTOS GABRIEL PIABA EIRELI
188097,2025,4,FORNECIMENTO DE ALIMENTAÇÃO DO PARLAMENTAR,40.71,CASA DE ALIMENTOS GABRIEL PIABA EIRELI
188097,2025,4,FORNECIMENTO DE ALIMENTAÇÃO DO PARLAMENTAR,55.05,CASA DE ALIMENTOS GABRIEL PIABA EIRELI
188097,2025,4,FORNECIMENTO DE ALIMENTAÇÃO DO PARLAMENTAR,81.49,CASA DE ALIMENTOS GABRIEL PIABA EIRELI
188097,2025,4,FORNECIMENTO DE ALIMENTAÇÃO DO PARLAMENTAR,59.12,CASA DE ALIMENTOS GABRIEL PIABA EIRELI
188097,2025,3,FORNECIMENTO DE ALIMENTAÇÃO DO PARLAMENTAR,38.57,GREEN S ALIMENTOS LTDA
188097,2025,4,FORNECIMENTO DE ALIMENTAÇÃO DO PARLAMENTAR,33.9,GREEN S ALIMENTOS LTDA
188097,2025,8,FORNECIMENTO DE ALIMENTAÇÃO DO PARLAMENTAR,50.93,GREEN S ALIMENTOS LTDA
188097,2025,12,FORNECIMENTO DE ALIMENTAÇÃO DO PARLAMENTAR,37.58,GREEN S ALIMENTOS LTDA
188097,2025,7,FORNECIMENTO DE ALIMENTAÇÃO DO PARLAMENTAR,13.73,PD PAES E DELICIAS COMERCIO E INDUSTRIA
188097,2025,4,FORNECIMENTO DE ALIMENTAÇÃO DO PARLAMENTAR,23.7,PD PAES E DELICIAS COMERCIO E INDUSTRIA
188097,2025,5,FORNECIMENTO DE ALIMENTAÇÃO DO PARLAMENTAR,25.6,PD PAES E DELICIAS COMERCIO E INDUSTRIA
188097,2025,11,FORNECIMENTO DE ALIMENTAÇÃO DO PARLAMENTAR,23.57,PD PAES E DELICIAS COMERCIO E INDUSTRIA
188097,2025,12,FORNECIMENTO DE ALIMENTAÇÃO DO PARLAMENTAR,18.14,PD PAES E DELICIAS COMERCIO E INDUSTRIA
188097,2025,3,FORNECIMENTO DE ALIMENTAÇÃO DO PARLAMENTAR,13.0,PPS PANIFICADORA E PRODUTOS ALIMENTICIOS LTDA
188097,2025,3,FORNECIMENTO DE ALIMENTAÇÃO DO PARLAMENTAR,15.0,PPS PANIFICADORA E PRODUTOS ALIMENTICIOS LTDA
188097,2025,4,FORNECIMENTO DE ALIMENTAÇÃO DO PARLAMENTAR,11.0,PPS PANIFICADORA E PRODUTOS ALIMENTICIOS LTDA
188097,2025,4,FORNECIMENTO DE ALIMENTAÇÃO DO PARLAMENTAR,15.0,PPS PANIFICADORA E PRODUTOS ALIMENTICIOS LTDA
188097,2025,2,FORNECIMENTO DE ALIMENTAÇÃO DO PARLAMENTAR,18.9,PPS PANIFICADORA E PRODUTOS ALIMENTICIOS LTDA
188097,2025,1,FORNECIMENTO DE ALIMENTAÇÃO DO PARLAMENTAR,54.4,PROXIMUS COMERCIAL LTDA
188097,2025,3,FORNECIMENTO DE ALIMENTAÇÃO DO PARLAMENTAR,26.0,PROXIMUS COMERCIAL LTDA
188097,2025,4,FORNECIMENTO DE ALIMENTAÇÃO DO PARLAMENTAR,54.4,PROXIMUS COMERCIAL LTDA
188097,2025,5,FORNECIMENTO DE ALIMENTAÇÃO DO PARLAMENTAR,59.2,PROXIMUS COMERCIAL LTDA
188097,2025,7,FORNECIMENTO DE ALIMENTAÇÃO DO PARLAMENTAR,30.8,PROXIMUS COMERCIAL LTDA
188097,2025,8,FORNECIMENTO DE ALIMENTAÇÃO DO PARLAMENTAR,29.4,PROXIMUS COMERCIAL LTDA
188097,2025,2,FORNECIMENTO DE ALIMENTAÇÃO DO PARLAMENTAR,36.0,RESTAURANTE DAS MINAS LTDA
188097,2025,10,FORNECIMENTO DE ALIMENTAÇÃO DO PARLAMENTAR,97.4,RESTAURANTE DAS MINAS LTDA
188097,2025,11,FORNECIMENTO DE ALIMENTAÇÃO DO PARLAMENTAR,38.27,RESTAURANTE DAS MINAS LTDA
188097,2025,2,FORNECIMENTO DE ALIMENTAÇÃO DO PARLAMENTAR,68.83,RESTAURANTE DAS MINAS LTDA
188097,2025,7,FORNECIMENTO DE ALIMENTAÇÃO DO PARLAMENTAR,48.91,RESTAURANTE DAS MINAS LTDA
188097,2025,9,FORNECIMENTO DE ALIMENTAÇÃO DO PARLAMENTAR,13.0,SD PANIFICADORA E PRODUTOS ALIMENTICIOS LTDA
188097,2025,7,FORNECIMENTO DE ALIMENTAÇÃO DO PARLAMENTAR,82.73,SERVIA O NACIONAL DE APREND. COMERCIAL
188097,2025,7,FORNECIMENTO DE ALIMENTAÇÃO DO PARLAMENTAR,87.27,SERVIA O NACIONAL DE APREND. COMERCIAL
188097,2025,8,FORNECIMENTO DE ALIMENTAÇÃO DO PARLAMENTAR,97.0,SERVIA O NACIONAL DE APREND. COMERCIAL
188097,2025,8,FORNECIMENTO DE ALIMENTAÇÃO DO PARLAMENTAR,90.0,SERVIA O NACIONAL DE APREND. COMERCIAL
188097,2025,8,FORNECIMENTO DE ALIMENTAÇÃO DO PARLAMENTAR,95.0,SERVIA O NACIONAL DE APREND. COMERCIAL
188097,2025,9,FORNECIMENTO DE ALIMENTAÇÃO DO PARLAMENTAR,95.2,SERVIA O NACIONAL DE APREND. COMERCIAL
188097,2025,9,FORNECIMENTO DE ALIMENTAÇÃO DO PARLAMENTAR,90.0,SERVIA O NACIONAL DE APREND. COMERCIAL
188097,2025,3,FORNECIMENTO DE ALIMENTAÇÃO DO PARLAMENTAR,82.73,SERVIA O NACIONAL DE APREND. COMERCIAL
188097,2025,7,FORNECIMENTO DE ALIMENTAÇÃO DO PARLAMENTAR,88.22,SERVIA O NACIONAL DE APREND. COMERCIAL
188097,2025,4,FORNECIMENTO DE ALIMENTAÇÃO DO PARLAMENTAR,87.27,SERVIA O NACIONAL DE APREND. COMERCIAL
188097,2025,4,FORNECIMENTO DE ALIMENTAÇÃO DO PARLAMENTAR,82.73,SERVIA O NACIONAL DE APREND. COMERCIAL
188097,2025,4,FORNECIMENTO DE ALIMENTAÇÃO DO PARLAMENTAR,82.73,SERVIA O NACIONAL DE APREND. COMERCIAL
188097,2025,4,FORNECIMENTO DE ALIMENTAÇÃO DO PARLAMENTAR,90.59,SERVIA O NACIONAL DE APREND. COMERCIAL
188097,2025,4,FORNECIMENTO DE ALIMENTAÇÃO DO PARLAMENTAR,93.71,SERVIA O NACIONAL DE APREND. COMERCIAL
188097,2025,5,FORNECIMENTO DE ALIMENTAÇÃO DO PARLAMENTAR,82.73,SERVIA O NACIONAL DE APREND. COMERCIAL
188097,2025,5,FORNECIMENTO DE ALIMENTAÇÃO DO PARLAMENTAR,82.73,SERVIA O NACIONAL DE APREND. COMERCIAL
188097,2025,5,FORNECIMENTO DE ALIMENTAÇÃO DO PARLAMENTAR,88.22,SERVIA O NACIONAL DE APREND. COMERCIAL
188097,2025,10,FORNECIMENTO DE ALIMENTAÇÃO DO PARLAMENTAR,90.0,SERVICO NACIONAL DE APREND. COMERCIAL
188097,2025,1,FORNECIMENTO DE ALIMENTAÇÃO DO PARLAMENTAR,49.54,TOMAS E MAIA RESTAURANTE LTDA EPP
188097,2025,7,"HOSPEDAGEM ,EXCETO DO PARLAMENTAR NO DISTRITO FEDERAL.",260.0,BELA VISTA HOTEL LTDA
188097,2025,5,"HOSPEDAGEM ,EXCETO DO PARLAMENTAR NO DISTRITO FEDERAL.",302.0,GURGUÉIA PARK HOTEL
188097,2025,5,"HOSPEDAGEM ,EXCETO DO PARLAMENTAR NO DISTRITO FEDERAL.",224.0,GURGUÉIA PARK HOTEL
188097,2025,1,LOCAÇÃO OU FRETAMENTO DE VEÍCULOS AUTOMOTORES,3000.0,MAZUAD AUTOLOCADORA
188097,2025,1,LOCAÇÃO OU FRETAMENTO DE VEÍCULOS AUTOMOTORES,9500.0,MAZUAD AUTOLOCADORA
188097,2025,2,LOCAÇÃO OU FRETAMENTO DE VEÍCULOS AUTOMOTORES,12700.0,MAZUAD AUTOLOCADORA
188097,2025,3,LOCAÇÃO OU FRETAMENTO DE VEÍCULOS AUTOMOTORES,12700.0,MAZUAD AUTOLOCADORA
188097,2025,4,LOCAÇÃO OU FRETAMENTO DE VEÍCULOS AUTOMOTORES,12700.0,MAZUAD AUTOLOCADORA
188097,2025,5,LOCAÇÃO OU FRETAMENTO DE VEÍCULOS AUTOMOTORES,12700.0,MAZUAD AUTOLOCADORA
188097,2025,6,LOCAÇÃO OU FRETAMENTO DE VEÍCULOS AUTOMOTORES,12700.0,MAZUAD AUTOLOCADORA
188097,2025,7,LOCAÇÃO OU FRETAMENTO DE VEÍCULOS AUTOMOTORES,12700.0,MAZUAD AUTOLOCADORA
188097,2025,8,LOCAÇÃO OU FRETAMENTO DE VEÍCULOS AUTOMOTORES,12700.0,MAZUAD AUTOLOCADORA
188097,2025,9,LOCAÇÃO OU FRETAMENTO DE VEÍCULOS AUTOMOTORES,12700.0,MAZUAD AUTOLOCADORA
188097,2025,10,LOCAÇÃO OU FRETAMENTO DE VEÍCULOS AUTOMOTORES,12700.0,MAZUAD AUTOLOCADORA
188097,2025,8,PASSAGEM AÉREA - SIGEPA,2976.51,LATAM Airlines Brasil
188097,2025,8,PASSAGEM AÉREA - SIGEPA,-2976.51,LATAM Airlines Brasil
188097,2025,8,PASSAGEM AÉREA - SIGEPA,2976.51,LATAM Airlines Brasil
188097,2025,8,PASSAGEM AÉREA - SIGEPA,1183.16,LATAM Airlines Brasil
188097,2025,9,PASSAGEM AÉREA - SIGEPA,2782.2,LATAM Airlines Brasil
188097,2025,9,PASSAGEM AÉREA - SIGEPA,2549.8,LATAM Airlines Brasil
188097,2025,9,PASSAGEM AÉREA - SIGEPA,2117.74,LATAM Airlines Brasil
188097,2025,9,PASSAGEM AÉREA - SIGEPA,-908.85,LATAM Airlines Brasil
188097,2025,9,PASSAGEM AÉREA - SIGEPA,-32.87,LATAM Airlines Brasil
188097,2025,9,PASSAGEM AÉREA - SIGEPA,2767.63,LATAM Airlines Brasil
188097,2025,9,PASSAGEM AÉREA - SIGEPA,2694.19,LATAM Airlines Brasil
188097,2025,9,PASSAGEM AÉREA - SIGEPA,-1371.13,LATAM Airlines Brasil
188097,2025,9,PASSAGEM AÉREA - SIGEPA,2961.94,LATAM Airlines Brasil
188097,2025,9,PASSAGEM AÉREA - SIGEPA,-1653.45,LATAM Airlines Brasil
188097,2025,9,PASSAGEM AÉREA - SIGEPA,1599.45,LATAM Airlines Brasil
188097,2025,10,PASSAGEM AÉREA - SIGEPA,2610.39,LATAM Airlines Brasil
188097,2025,10,PASSAGEM AÉREA - SIGEPA,2595.82,LATAM Airlines Brasil
188097,2025,10,PASSAGEM AÉREA - SIGEPA,144.0,LATAM Airlines Brasil
188097,2025,10,PASSAGEM AÉREA - SIGEPA,2853.12,LATAM Airlines Brasil
188097,2025,10,PASSAGEM AÉREA - SIGEPA,2847.31,LATAM Airlines Brasil
188097,2025,11,PASSAGEM AÉREA - SIGEPA,-1261.18,LATAM Airlines Brasil
188097,2025,11,PASSAGEM AÉREA - SIGEPA,1261.18,LATAM Airlines Brasil
188097,2025,12,PASSAGEM AÉREA - SIGEPA,-2858.1,LATAM Airlines Brasil
188097,2025,12,PASSAGEM AÉREA - SIGEPA,2858.1,LATAM Airlines Brasil
188097,2025,12,PASSAGEM AÉREA - SIGEPA,-3011.74,LATAM Airlines Brasil
188097,2025,12,PASSAGEM AÉREA - SIGEPA,3011.74,LATAM Airlines Brasil
188097,2025,1,PASSAGEM AÉREA - SIGEPA,1452.9,TAM
188097,2025,1,PASSAGEM AÉREA - SIGEPA,31.66,TAM
188097,2025,1,PASSAGEM AÉREA - SIGEPA,90.0,TAM
188097,2025,1,PASSAGEM AÉREA - SIGEPA,1260.46,TAM
188097,2025,1,PASSAGEM AÉREA - SIGEPA,110.0,TAM
188097,2025,1,PASSAGEM AÉREA - SIGEPA,814.61,TAM
188097,2025,2,PASSAGEM AÉREA - SIGEPA,-272.19,TAM
188097,2025,2,PASSAGEM AÉREA - SIGEPA,1469.95,TAM
188097,2025,2,PASSAGEM AÉREA - SIGEPA,1484.56,TAM
188097,2025,2,PASSAGEM AÉREA - SIGEPA,1302.52,TAM
188097,2025,2,PASSAGEM AÉREA - SIGEPA,-1469.95,TAM
188097,2025,2,PASSAGEM AÉREA - SIGEPA,1469.95,TAM
188097,2025,2,PASSAGEM AÉREA - SIGEPA,-1694.0,TAM
188097,2025,2,PASSAGEM AÉREA - SIGEPA,90.0,TAM
188097,2025,2,PASSAGEM AÉREA - SIGEPA,3163.95,TAM
188097,2025,3,PASSAGEM AÉREA - SIGEPA,-30.95,TAM
188097,2025,3,PASSAGEM AÉREA - SIGEPA,1312.22,TAM
188097,2025,3,PASSAGEM AÉREA - SIGEPA,1486.44,TAM
188097,2025,4,PASSAGEM AÉREA - SIGEPA,1306.4,TAM
188097,2025,4,PASSAGEM AÉREA - SIGEPA,1294.12,TAM
188097,2025,5,PASSAGEM AÉREA - SIGEPA,1921.6,TAM
188097,2025,6,PASSAGEM AÉREA - SIGEPA,1877.5,TAM
188097,2025,6,PASSAGEM AÉREA - SIGEPA,634.12,TAM
188097,2025,7,PASSAGEM AÉREA - SIGEPA,2658.64,TAM
188097,2025,7,PASSAGEM AÉREA - SIGEPA,1728.1,TAM
188097,2026,2,MANUTENÇÃO DE ESCRITÓRIO DE APOIO À ATIVIDADE PARLAMENTAR,93.79,AGUAS DE TERESINA SAN. SPE SA
188097,2026,1,MANUTENÇÃO DE ESCRITÓRIO DE APOIO À ATIVIDADE PARLAMENTAR,4000.0,ALINE ELVAS CASTELO BRANCO
188097,2026,2,MANUTENÇÃO DE ESCRITÓRIO DE APOIO À ATIVIDADE PARLAMENTAR,4000.0,ALINE ELVAS CASTELO BRANCO
188097,2026,3,MANUTENÇÃO DE ESCRITÓRIO DE APOIO À ATIVIDADE PARLAMENTAR,4000.0,ALINE ELVAS CASTELO BRANCO
188097,2026,4,MANUTENÇÃO DE ESCRITÓRIO DE APOIO À ATIVIDADE PARLAMENTAR,4000.0,ALINE ELVAS CASTELO BRANCO
188097,2026,5,MANUTENÇÃO DE ESCRITÓRIO DE APOIO À ATIVIDADE PARLAMENTAR,4000.0,ALINE ELVAS CASTELO BRANCO
188097,2026,6,MANUTENÇÃO DE ESCRITÓRIO DE APOIO À ATIVIDADE PARLAMENTAR,4000.0,ALINE ELVAS CASTELO BRANCO
188097,2026,7,MANUTENÇÃO DE ESCRITÓRIO DE APOIO À ATIVIDADE PARLAMENTAR,4000.0,ALINE ELVAS CASTELO BRANCO
188097,2026,1,MANUTENÇÃO DE ESCRITÓRIO DE APOIO À ATIVIDADE PARLAMENTAR,2355.0,COMERCIAL EQIP LTDA
188097,2026,3,MANUTENÇÃO DE ESCRITÓRIO DE APOIO À ATIVIDADE PARLAMENTAR,1576.95,COMERCIAL EQIP LTDA
188097,2026,5,MANUTENÇÃO DE ESCRITÓRIO DE APOIO À ATIVIDADE PARLAMENTAR,2435.35,COMERCIAL EQIP LTDA
188097,2026,7,MANUTENÇÃO DE ESCRITÓRIO DE APOIO À ATIVIDADE PARLAMENTAR,1433.58,COMERCIAL EQIP LTDA
188097,2026,1,MANUTENÇÃO DE ESCRITÓRIO DE APOIO À ATIVIDADE PARLAMENTAR,1401.83,Companhia Energética do Piauí
188097,2026,7,MANUTENÇÃO DE ESCRITÓRIO DE APOIO À ATIVIDADE PARLAMENTAR,990.0,NEVES & FERREIRA  TECNOLOGIA LTDA
188097,2026,1,MANUTENÇÃO DE ESCRITÓRIO DE APOIO À ATIVIDADE PARLAMENTAR,990.0,NEVES E FERREIRA TECNOLOGIA LTDA
188097,2026,2,MANUTENÇÃO DE ESCRITÓRIO DE APOIO À ATIVIDADE PARLAMENTAR,990.0,NEVES E FERREIRA TECNOLOGIA LTDA
188097,2026,3,MANUTENÇÃO DE ESCRITÓRIO DE APOIO À ATIVIDADE PARLAMENTAR,990.0,NEVES E FERREIRA TECNOLOGIA LTDA
188097,2026,4,MANUTENÇÃO DE ESCRITÓRIO DE APOIO À ATIVIDADE PARLAMENTAR,990.0,NEVES E FERREIRA TECNOLOGIA LTDA
188097,2026,5,MANUTENÇÃO DE ESCRITÓRIO DE APOIO À ATIVIDADE PARLAMENTAR,990.0,NEVES E FERREIRA TECNOLOGIA LTDA
188097,2026,6,MANUTENÇÃO DE ESCRITÓRIO DE APOIO À ATIVIDADE PARLAMENTAR,990.0,NEVES E FERREIRA TECNOLOGIA LTDA
188097,2026,5,MANUTENÇÃO DE ESCRITÓRIO DE APOIO À ATIVIDADE PARLAMENTAR,124.5,WMS COMERCIO DE ARTIGOS DE PAPELARIA LTDA
188097,2026,3,COMBUSTÍVEIS E LUBRIFICANTES.,200.0,024 - CTN - CASCOL COMBUSTIVEIS PARA VEICULOS LTDA
188097,2026,2,COMBUSTÍVEIS E LUBRIFICANTES.,150.0,026 - P WAY - CASCOL COMBUSTIVEIS PARA VEICULOS LTDA
188097,2026,4,COMBUSTÍVEIS E LUBRIFICANTES.,150.0,031 - 302 NORTE - CASCOL COMBUSTIVEIS PARA VEICULOS LTDA
188097,2026,6,COMBUSTÍVEIS E LUBRIFICANTES.,200.0,031 - 302 NORTE - CASCOL COMBUSTIVEIS PARA VEICULOS LTDA
188097,2026,4,COMBUSTÍVEIS E LUBRIFICANTES.,200.0,050 - QI 28 - CASCOL COMBUSTIVEIS PARA VEICULOS LTDA
188097,2026,2,COMBUSTÍVEIS E LUBRIFICANTES.,200.0,060 - CANAA - CASCOL COMBUSTIVEIS PARA VEICULOS LTDA
188097,2026,1,COMBUSTÍVEIS E LUBRIFICANTES.,200.0,19 - 303 SUL - CASCOL COMBUSTIVEIS PARA VEICULOS LTDA
188097,2026,5,COMBUSTÍVEIS E LUBRIFICANTES.,200.0,AUTO POSTO 303 NORTE LTDA
188097,2026,3,COMBUSTÍVEIS E LUBRIFICANTES.,200.0,AUTO POSTO 303 NORTE LTDA
188097,2026,5,COMBUSTÍVEIS E LUBRIFICANTES.,60.48,AUTO POSTO CINCO ESTRELAS LTDA
188097,2026,3,COMBUSTÍVEIS E LUBRIFICANTES.,151.37,AUTO POSTO EIXINHO LTDA
188097,2026,8,COMBUSTÍVEIS E LUBRIFICANTES.,200.38,AUTO POSTO EIXINHO LTDA
188097,2026,3,COMBUSTÍVEIS E LUBRIFICANTES.,87.27,AUTO POSTO EIXINHO LTDA
188097,2026,4,COMBUSTÍVEIS E LUBRIFICANTES.,338.91,AUTO POSTO FLEX COMBUSTIVEL LTDA
188097,2026,5,COMBUSTÍVEIS E LUBRIFICANTES.,325.04,AUTO POSTO LIDER LTDA
188097,2026,5,COMBUSTÍVEIS E LUBRIFICANTES.,142.01,AUTO POSTO VANESSA LTDA
188097,2026,3,COMBUSTÍVEIS E LUBRIFICANTES.,318.1,BONTEMPO PETROLEO LTDA
188097,2026,6,COMBUSTÍVEIS E LUBRIFICANTES.,169.92,BONTEMPO PETROLEO LTDA
188097,2026,7,COMBUSTÍVEIS E LUBRIFICANTES.,260.03,CACIQUE PETROLEO LTDA
188097,2026,4,COMBUSTÍVEIS E LUBRIFICANTES.,240.39,CACIQUE PETROLEO LTDA
188097,2026,3,COMBUSTÍVEIS E LUBRIFICANTES.,200.0,CACIQUE PETROLEO LTDA
188097,2026,3,COMBUSTÍVEIS E LUBRIFICANTES.,270.06,CACIQUE PETROLEO LTDA
188097,2026,7,COMBUSTÍVEIS E LUBRIFICANTES.,270.02,CACIQUE PETROLEO LTDA
188097,2026,1,COMBUSTÍVEIS E LUBRIFICANTES.,248.51,CACIQUE PETROLEO LTDA
188097,2026,1,COMBUSTÍVEIS E LUBRIFICANTES.,240.58,CACIQUE PETROLEO LTDA
188097,2026,1,COMBUSTÍVEIS E LUBRIFICANTES.,240.08,CACIQUE PETROLEO LTDA
188097,2026,3,COMBUSTÍVEIS E LUBRIFICANTES.,271.14,CARVALHO & CARVALHO POSTO DE GASOLINA LTDA
188097,2026,4,COMBUSTÍVEIS E LUBRIFICANTES.,260.19,CARVALHO & CARVALHO POSTO DE GASOLINA LTDA
188097,2026,4,COMBUSTÍVEIS E LUBRIFICANTES.,260.41,CARVALHO & CARVALHO POSTO DE GASOLINA LTDA
188097,2026,1,COMBUSTÍVEIS E LUBRIFICANTES.,197.03,CARVALHO & CARVALHO POSTO DE GASOLINA LTDA
188097,2026,3,COMBUSTÍVEIS E LUBRIFICANTES.,100.0,COMERCIAL DE COMBUSTÍVEL MAM LTDA
188097,2026,3,COMBUSTÍVEIS E LUBRIFICANTES.,100.0,COMERCIAL DE COMBUSTÍVEL MAM LTDA
188097,2026,5,COMBUSTÍVEIS E LUBRIFICANTES.,61.0,DRA4 DERIVADOS DE PETROLEO LTDA
188097,2026,5,COMBUSTÍVEIS E LUBRIFICANTES.,61.0,DRA4 DERIVADOS DE PETROLEO LTDA
188097,2026,5,COMBUSTÍVEIS E LUBRIFICANTES.,200.0,DRA4 DERIVADOS DE PETROLEO LTDA
188097,2026,6,COMBUSTÍVEIS E LUBRIFICANTES.,200.0,FRANCISCO DE ASSIS CARVALHO DA SILVA
188097,2026,5,COMBUSTÍVEIS E LUBRIFICANTES.,199.97,GILDA E JOAO LTDA
188097,2026,6,COMBUSTÍVEIS E LUBRIFICANTES.,299.97,J L CARVALHO DA SILVA ME
188097,2026,6,COMBUSTÍVEIS E LUBRIFICANTES.,290.07,J L CARVALHO DA SILVA ME
188097,2026,1,COMBUSTÍVEIS E LUBRIFICANTES.,272.03,J.J BATISTA COM. VAREJISTA DE COMBUSTIVEL LTDA
188097,2026,1,COMBUSTÍVEIS E LUBRIFICANTES.,350.0,J.J BATISTA COM. VAREJISTA DE COMBUSTIVEL LTDA
188097,2026,3,COMBUSTÍVEIS E LUBRIFICANTES.,307.96,J.J BATISTA COM. VAREJISTA DE COMBUSTIVEL LTDA
188097,2026,5,COMBUSTÍVEIS E LUBRIFICANTES.,230.0,J.J BATISTA COM. VAREJISTA DE COMBUSTIVEL LTDA
188097,2026,5,COMBUSTÍVEIS E LUBRIFICANTES.,363.21,J.J BATISTA COM. VAREJISTA DE COMBUSTIVEL LTDA
188097,2026,6,COMBUSTÍVEIS E LUBRIFICANTES.,250.05,J.J BATISTA COM. VAREJISTA DE COMBUSTIVEL LTDA
188097,2026,6,COMBUSTÍVEIS E LUBRIFICANTES.,230.0,J.J BATISTA COM. VAREJISTA DE COMBUSTIVEL LTDA
188097,2026,3,COMBUSTÍVEIS E LUBRIFICANTES.,340.04,JOSE FARIAS DE ARAUJO
188097,2026,3,COMBUSTÍVEIS E LUBRIFICANTES.,370.03,MAXXI DM PETROLEO LTDA
188097,2026,3,COMBUSTÍVEIS E LUBRIFICANTES.,181.05,MAXXI DM PETROLEO LTDA
188097,2026,2,COMBUSTÍVEIS E LUBRIFICANTES.,50.0,MAXXI DM PETROLEO LTDA
188097,2026,2,COMBUSTÍVEIS E LUBRIFICANTES.,370.01,MAXXI DM PETROLEO LTDA
188097,2026,5,COMBUSTÍVEIS E LUBRIFICANTES.,298.82,MAXXI DM PETROLEO LTDA
188097,2026,2,COMBUSTÍVEIS E LUBRIFICANTES.,50.0,MAXXI DM PETROLEO LTDA
188097,2026,7,COMBUSTÍVEIS E LUBRIFICANTES.,225.0,MAXXI SERRA AZUL PETROLEO LTDA
188097,2026,3,COMBUSTÍVEIS E LUBRIFICANTES.,220.02,MAXXI SERRA AZUL PETROLEO LTDA
188097,2026,5,COMBUSTÍVEIS E LUBRIFICANTES.,238.86,MAXXI SERRA AZUL PETROLEO LTDA
188097,2026,6,COMBUSTÍVEIS E LUBRIFICANTES.,214.01,MAXXI SERRA AZUL PETROLEO LTDA
188097,2026,5,COMBUSTÍVEIS E LUBRIFICANTES.,30.0,PIONEIRO COM. VAREJ. DE DERIVADOS DE PETROLEO LTDA
188097,2026,4,COMBUSTÍVEIS E LUBRIFICANTES.,230.02,PIPEL - PICOS PETROLEO LTDA
188097,2026,4,COMBUSTÍVEIS E LUBRIFICANTES.,260.01,PLANALTO PETROLEO BOLA LTDA
188097,2026,1,COMBUSTÍVEIS E LUBRIFICANTES.,215.04,PLANALTO PETROLEO ILHOTAS LTDA
188097,2026,2,COMBUSTÍVEIS E LUBRIFICANTES.,30.0,PLANALTO PETROLEO ILHOTAS LTDA
188097,2026,2,COMBUSTÍVEIS E LUBRIFICANTES.,230.08,PLANALTO PETROLEO ILHOTAS LTDA
188097,2026,4,COMBUSTÍVEIS E LUBRIFICANTES.,250.03,PLANALTO PETROLEO ILHOTAS LTDA
188097,2026,4,COMBUSTÍVEIS E LUBRIFICANTES.,255.03,PLANALTO PETROLEO ILHOTAS LTDA
188097,2026,2,COMBUSTÍVEIS E LUBRIFICANTES.,469.39,PLANALTO PETROLEO ILHOTAS LTDA
188097,2026,2,COMBUSTÍVEIS E LUBRIFICANTES.,245.02,PLANALTO PETROLEO ILHOTAS LTDA
188097,2026,2,COMBUSTÍVEIS E LUBRIFICANTES.,430.02,PLANALTO PETROLEO ILHOTAS LTDA
188097,2026,2,COMBUSTÍVEIS E LUBRIFICANTES.,235.54,PLANALTO PETROLEO ILHOTAS LTDA
188097,2026,2,COMBUSTÍVEIS E LUBRIFICANTES.,215.05,PLANALTO PETROLEO ILHOTAS LTDA
188097,2026,2,COMBUSTÍVEIS E LUBRIFICANTES.,225.01,PLANALTO PETROLEO ILHOTAS LTDA
188097,2026,3,COMBUSTÍVEIS E LUBRIFICANTES.,225.12,PLANALTO PETROLEO ILHOTAS LTDA
188097,2026,3,COMBUSTÍVEIS E LUBRIFICANTES.,230.05,PLANALTO PETROLEO ILHOTAS LTDA
188097,2026,3,COMBUSTÍVEIS E LUBRIFICANTES.,235.06,PLANALTO PETROLEO ILHOTAS LTDA
188097,2026,3,COMBUSTÍVEIS E LUBRIFICANTES.,255.03,PLANALTO PETROLEO ILHOTAS LTDA
188097,2026,3,COMBUSTÍVEIS E LUBRIFICANTES.,268.43,PLANALTO PETROLEO ILHOTAS LTDA
188097,2026,4,COMBUSTÍVEIS E LUBRIFICANTES.,270.0,PLANALTO PETROLEO ILHOTAS LTDA
188097,2026,5,COMBUSTÍVEIS E LUBRIFICANTES.,245.0,PLANALTO PETROLEO ILHOTAS LTDA
188097,2026,5,COMBUSTÍVEIS E LUBRIFICANTES.,224.98,PLANALTO PETROLEO ILHOTAS LTDA
188097,2026,5,COMBUSTÍVEIS E LUBRIFICANTES.,280.02,PLANALTO PETROLEO ILHOTAS LTDA
188097,2026,5,COMBUSTÍVEIS E LUBRIFICANTES.,234.95,PLANALTO PETROLEO ILHOTAS LTDA
188097,2026,6,COMBUSTÍVEIS E LUBRIFICANTES.,225.45,PLANALTO PETROLEO ILHOTAS LTDA
188097,2026,6,COMBUSTÍVEIS E LUBRIFICANTES.,229.43,PLANALTO PETROLEO ILHOTAS LTDA
188097,2026,6,COMBUSTÍVEIS E LUBRIFICANTES.,305.0,PLANALTO PETROLEO ILHOTAS LTDA
188097,2026,6,COMBUSTÍVEIS E LUBRIFICANTES.,252.35,PLANALTO PETROLEO ILHOTAS LTDA
188097,2026,6,COMBUSTÍVEIS E LUBRIFICANTES.,304.4,PLANALTO PETROLEO ILHOTAS LTDA
188097,2026,6,COMBUSTÍVEIS E LUBRIFICANTES.,275.03,PLANALTO PETROLEO ILHOTAS LTDA
188097,2026,6,COMBUSTÍVEIS E LUBRIFICANTES.,260.03,PLANALTO PETROLEO ILHOTAS LTDA
188097,2026,6,COMBUSTÍVEIS E LUBRIFICANTES.,100.0,PLANALTO PETROLEO ILHOTAS LTDA
188097,2026,7,COMBUSTÍVEIS E LUBRIFICANTES.,284.18,PLANALTO PETROLEO ILHOTAS LTDA
188097,2026,7,COMBUSTÍVEIS E LUBRIFICANTES.,320.18,PLANALTO PETROLEO ILHOTAS LTDA
188097,2026,7,COMBUSTÍVEIS E LUBRIFICANTES.,250.04,PLANALTO PETROLEO ILHOTAS LTDA
188097,2026,7,COMBUSTÍVEIS E LUBRIFICANTES.,243.77,PLANALTO PETROLEO ILHOTAS LTDA
188097,2026,7,COMBUSTÍVEIS E LUBRIFICANTES.,280.1,PLANALTO PETROLEO ILHOTAS LTDA
188097,2026,7,COMBUSTÍVEIS E LUBRIFICANTES.,240.04,PLANALTO PETROLEO ILHOTAS LTDA
188097,2026,7,COMBUSTÍVEIS E LUBRIFICANTES.,340.04,PLANALTO PETROLEO ILHOTAS LTDA
188097,2026,7,COMBUSTÍVEIS E LUBRIFICANTES.,238.01,PLANALTO PETROLEO ILHOTAS LTDA
188097,2026,7,COMBUSTÍVEIS E LUBRIFICANTES.,58.01,PLANALTO PETROLEO ILHOTAS LTDA
188097,2026,7,COMBUSTÍVEIS E LUBRIFICANTES.,270.04,PLANALTO PETROLEO ILHOTAS LTDA
188097,2026,8,COMBUSTÍVEIS E LUBRIFICANTES.,230.18,PLANALTO PETROLEO ILHOTAS LTDA
188097,2026,8,COMBUSTÍVEIS E LUBRIFICANTES.,265.06,PLANALTO PETROLEO ILHOTAS LTDA
188097,2026,8,COMBUSTÍVEIS E LUBRIFICANTES.,270.02,PLANALTO PETROLEO ILHOTAS LTDA
188097,2026,8,COMBUSTÍVEIS E LUBRIFICANTES.,540.03,PLANALTO PETROLEO ILHOTAS LTDA
188097,2026,8,COMBUSTÍVEIS E LUBRIFICANTES.,258.84,PLANALTO PETROLEO ILHOTAS LTDA
188097,2026,8,COMBUSTÍVEIS E LUBRIFICANTES.,273.31,PLANALTO PETROLEO ILHOTAS LTDA
188097,2026,8,COMBUSTÍVEIS E LUBRIFICANTES.,252.55,PLANALTO PETROLEO ILHOTAS LTDA
188097,2026,1,COMBUSTÍVEIS E LUBRIFICANTES.,48.42,PN PETROLEO LTDA
188097,2026,2,COMBUSTÍVEIS E LUBRIFICANTES.,241.65,POSTO 208 NORTE COMERCIO DE COMBUSTIVEIS LTDA
188097,2026,3,COMBUSTÍVEIS E LUBRIFICANTES.,58.53,POSTO 208 NORTE COMERCIO DE COMBUSTIVEIS LTDA
188097,2026,2,COMBUSTÍVEIS E LUBRIFICANTES.,70.0,POSTO 208 NORTE COMERCIO DE COMBUSTIVEIS LTDA
188097,2026,2,COMBUSTÍVEIS E LUBRIFICANTES.,200.72,POSTO 208 NORTE COMERCIO DE COMBUSTIVEIS LTDA
188097,2026,3,COMBUSTÍVEIS E LUBRIFICANTES.,50.0,POSTO 208 NORTE COMERCIO DE COMBUSTIVEIS LTDA
188097,2026,3,COMBUSTÍVEIS E LUBRIFICANTES.,69.82,POSTO 208 NORTE COMERCIO DE COMBUSTIVEIS LTDA
188097,2026,5,COMBUSTÍVEIS E LUBRIFICANTES.,200.28,POSTO 208 NORTE COMERCIO DE COMBUSTIVEIS LTDA
188097,2026,7,COMBUSTÍVEIS E LUBRIFICANTES.,200.89,POSTO 208 NORTE COMERCIO DE COMBUSTIVEIS LTDA
188097,2026,3,COMBUSTÍVEIS E LUBRIFICANTES.,203.52,POSTO 5 COMERCIO DE COMBUSTIVEIS LTDA
188097,2026,1,COMBUSTÍVEIS E LUBRIFICANTES.,50.0,POSTO BOM JESUS LTDA - ME
188097,2026,1,COMBUSTÍVEIS E LUBRIFICANTES.,300.04,POSTO CLEMENTINO LTDA
188097,2026,7,COMBUSTÍVEIS E LUBRIFICANTES.,212.57,POSTO CRISTO REI LTDA
188097,2026,4,COMBUSTÍVEIS E LUBRIFICANTES.,200.02,POSTO DE COMBUSTIVEIS JARJOUR 206 NORTE LTDA
188097,2026,3,COMBUSTÍVEIS E LUBRIFICANTES.,100.63,POSTO DE COMBUSTIVEIS JARJOUR 206 NORTE LTDA
188097,2026,4,COMBUSTÍVEIS E LUBRIFICANTES.,52.37,POSTO DE COMBUSTIVEL 107 NORTE LTDA
188097,2026,5,COMBUSTÍVEIS E LUBRIFICANTES.,60.08,POSTO DE COMBUSTIVEL 107 NORTE LTDA
188097,2026,5,COMBUSTÍVEIS E LUBRIFICANTES.,357.34,POSTO JM II LTDA
188097,2026,6,COMBUSTÍVEIS E LUBRIFICANTES.,146.09,POSTO JM II LTDA
188097,2026,6,COMBUSTÍVEIS E LUBRIFICANTES.,330.04,POSTO MAIS 2 IRMAOS LTDA
188097,2026,6,COMBUSTÍVEIS E LUBRIFICANTES.,289.0,POSTO RAMOS PIRACURUCA LTDA
188097,2026,5,COMBUSTÍVEIS E LUBRIFICANTES.,370.61,POSTO SANTA ISABEL LTDA
188097,2026,1,COMBUSTÍVEIS E LUBRIFICANTES.,230.02,POSTO SAO BENEDITO PETROLEO LTDA
188097,2026,1,COMBUSTÍVEIS E LUBRIFICANTES.,237.14,POSTO SAO BENEDITO PETROLEO LTDA
188097,2026,1,COMBUSTÍVEIS E LUBRIFICANTES.,257.16,POSTO SAO BENEDITO PETROLEO LTDA
188097,2026,1,COMBUSTÍVEIS E LUBRIFICANTES.,304.81,POSTO SAO BENEDITO PETROLEO LTDA
188097,2026,1,COMBUSTÍVEIS E LUBRIFICANTES.,326.8,POSTO SAO BENEDITO PETROLEO LTDA
188097,2026,1,COMBUSTÍVEIS E LUBRIFICANTES.,192.26,POSTO SAO BENEDITO PETROLEO LTDA
188097,2026,2,COMBUSTÍVEIS E LUBRIFICANTES.,292.85,POSTO SAO BENEDITO PETROLEO LTDA
188097,2026,2,COMBUSTÍVEIS E LUBRIFICANTES.,286.02,POSTO SAO BENEDITO PETROLEO LTDA
188097,2026,2,COMBUSTÍVEIS E LUBRIFICANTES.,427.34,POSTO SAO BENEDITO PETROLEO LTDA
188097,2026,2,COMBUSTÍVEIS E LUBRIFICANTES.,288.65,POSTO SAO BENEDITO PETROLEO LTDA
188097,2026,2,COMBUSTÍVEIS E LUBRIFICANTES.,289.21,POSTO SAO BENEDITO PETROLEO LTDA
188097,2026,3,COMBUSTÍVEIS E LUBRIFICANTES.,47.34,POSTO SAO BENEDITO PETROLEO LTDA
188097,2026,2,COMBUSTÍVEIS E LUBRIFICANTES.,46.75,POSTO SAO BENEDITO PETROLEO LTDA
188097,2026,3,COMBUSTÍVEIS E LUBRIFICANTES.,310.52,POSTO SAO BENEDITO PETROLEO LTDA
188097,2026,4,COMBUSTÍVEIS E LUBRIFICANTES.,53.83,POSTO SAO BENEDITO PETROLEO LTDA
188097,2026,3,COMBUSTÍVEIS E LUBRIFICANTES.,46.06,POSTO SAO BENEDITO PETROLEO LTDA
188097,2026,3,COMBUSTÍVEIS E LUBRIFICANTES.,229.71,POSTO SAO BENEDITO PETROLEO LTDA
188097,2026,3,COMBUSTÍVEIS E LUBRIFICANTES.,317.51,POSTO SAO BENEDITO PETROLEO LTDA
188097,2026,3,COMBUSTÍVEIS E LUBRIFICANTES.,51.34,POSTO SAO BENEDITO PETROLEO LTDA
188097,2026,3,COMBUSTÍVEIS E LUBRIFICANTES.,150.98,POSTO SAO BENEDITO PETROLEO LTDA
188097,2026,3,COMBUSTÍVEIS E LUBRIFICANTES.,273.95,POSTO SAO BENEDITO PETROLEO LTDA
188097,2026,4,COMBUSTÍVEIS E LUBRIFICANTES.,264.34,POSTO SAO BENEDITO PETROLEO LTDA
188097,2026,3,COMBUSTÍVEIS E LUBRIFICANTES.,256.02,POSTO SAO BENEDITO PETROLEO LTDA
188097,2026,4,COMBUSTÍVEIS E LUBRIFICANTES.,270.03,POSTO SAO BENEDITO PETROLEO LTDA
188097,2026,4,COMBUSTÍVEIS E LUBRIFICANTES.,53.36,POSTO SAO BENEDITO PETROLEO LTDA
188097,2026,4,COMBUSTÍVEIS E LUBRIFICANTES.,330.16,POSTO SAO BENEDITO PETROLEO LTDA
188097,2026,4,COMBUSTÍVEIS E LUBRIFICANTES.,266.11,POSTO SAO BENEDITO PETROLEO LTDA
188097,2026,4,COMBUSTÍVEIS E LUBRIFICANTES.,259.24,POSTO SAO BENEDITO PETROLEO LTDA
188097,2026,4,COMBUSTÍVEIS E LUBRIFICANTES.,277.87,POSTO SAO BENEDITO PETROLEO LTDA
188097,2026,5,COMBUSTÍVEIS E LUBRIFICANTES.,269.0,POSTO SAO BENEDITO PETROLEO LTDA
188097,2026,5,COMBUSTÍVEIS E LUBRIFICANTES.,328.45,POSTO SAO BENEDITO PETROLEO LTDA
188097,2026,4,COMBUSTÍVEIS E LUBRIFICANTES.,161.62,POSTO SAO BENEDITO PETROLEO LTDA
188097,2026,4,COMBUSTÍVEIS E LUBRIFICANTES.,58.1,POSTO SAO BENEDITO PETROLEO LTDA
188097,2026,5,COMBUSTÍVEIS E LUBRIFICANTES.,50.74,POSTO SAO BENEDITO PETROLEO LTDA
188097,2026,5,COMBUSTÍVEIS E LUBRIFICANTES.,224.09,POSTO SAO BENEDITO PETROLEO LTDA
188097,2026,5,COMBUSTÍVEIS E LUBRIFICANTES.,289.05,POSTO SAO BENEDITO PETROLEO LTDA
188097,2026,5,COMBUSTÍVEIS E LUBRIFICANTES.,213.01,POSTO SAO BENEDITO PETROLEO LTDA
188097,2026,5,COMBUSTÍVEIS E LUBRIFICANTES.,283.04,POSTO SAO BENEDITO PETROLEO LTDA
188097,2026,5,COMBUSTÍVEIS E LUBRIFICANTES.,317.04,POSTO SAO BENEDITO PETROLEO LTDA
188097,2026,5,COMBUSTÍVEIS E LUBRIFICANTES.,277.46,POSTO SAO BENEDITO PETROLEO LTDA
188097,2026,4,COMBUSTÍVEIS E LUBRIFICANTES.,266.8,POSTO SAO BENEDITO PETROLEO LTDA
188097,2026,5,COMBUSTÍVEIS E LUBRIFICANTES.,164.32,POSTO SAO BENEDITO PETROLEO LTDA
188097,2026,5,COMBUSTÍVEIS E LUBRIFICANTES.,271.05,POSTO SAO BENEDITO PETROLEO LTDA
188097,2026,5,COMBUSTÍVEIS E LUBRIFICANTES.,274.34,POSTO SAO BENEDITO PETROLEO LTDA
188097,2026,5,COMBUSTÍVEIS E LUBRIFICANTES.,272.35,POSTO SAO BENEDITO PETROLEO LTDA
188097,2026,5,COMBUSTÍVEIS E LUBRIFICANTES.,267.42,POSTO SAO BENEDITO PETROLEO LTDA
188097,2026,5,COMBUSTÍVEIS E LUBRIFICANTES.,194.8,POSTO SAO BENEDITO PETROLEO LTDA
188097,2026,5,COMBUSTÍVEIS E LUBRIFICANTES.,55.16,POSTO SAO BENEDITO PETROLEO LTDA
188097,2026,6,COMBUSTÍVEIS E LUBRIFICANTES.,288.25,POSTO SAO BENEDITO PETROLEO LTDA
188097,2026,6,COMBUSTÍVEIS E LUBRIFICANTES.,300.04,POSTO SAO BENEDITO PETROLEO LTDA
188097,2026,6,COMBUSTÍVEIS E LUBRIFICANTES.,148.13,POSTO SAO BENEDITO PETROLEO LTDA
188097,2026,6,COMBUSTÍVEIS E LUBRIFICANTES.,50.02,POSTO SAO BENEDITO PETROLEO LTDA
188097,2026,6,COMBUSTÍVEIS E LUBRIFICANTES.,275.05,POSTO SAO BENEDITO PETROLEO LTDA
188097,2026,6,COMBUSTÍVEIS E LUBRIFICANTES.,155.06,POSTO SAO BENEDITO PETROLEO LTDA
188097,2026,6,COMBUSTÍVEIS E LUBRIFICANTES.,180.06,POSTO SAO BENEDITO PETROLEO LTDA
188097,2026,6,COMBUSTÍVEIS E LUBRIFICANTES.,218.04,POSTO SAO BENEDITO PETROLEO LTDA
188097,2026,6,COMBUSTÍVEIS E LUBRIFICANTES.,337.61,POSTO SAO BENEDITO PETROLEO LTDA
188097,2026,6,COMBUSTÍVEIS E LUBRIFICANTES.,302.06,POSTO SAO BENEDITO PETROLEO LTDA
188097,2026,6,COMBUSTÍVEIS E LUBRIFICANTES.,195.06,POSTO SAO BENEDITO PETROLEO LTDA
188097,2026,6,COMBUSTÍVEIS E LUBRIFICANTES.,245.02,POSTO SAO BENEDITO PETROLEO LTDA
188097,2026,6,COMBUSTÍVEIS E LUBRIFICANTES.,242.05,POSTO SAO BENEDITO PETROLEO LTDA
188097,2026,5,COMBUSTÍVEIS E LUBRIFICANTES.,51.53,POSTO SAO BENEDITO PETROLEO LTDA
188097,2026,6,COMBUSTÍVEIS E LUBRIFICANTES.,246.66,POSTO SAO BENEDITO PETROLEO LTDA
188097,2026,5,COMBUSTÍVEIS E LUBRIFICANTES.,331.28,POSTO SAO BENEDITO PETROLEO LTDA
188097,2026,7,COMBUSTÍVEIS E LUBRIFICANTES.,341.61,POSTO SAO BENEDITO PETROLEO LTDA
188097,2026,6,COMBUSTÍVEIS E LUBRIFICANTES.,174.38,POSTO SAO BENEDITO PETROLEO LTDA
188097,2026,6,COMBUSTÍVEIS E LUBRIFICANTES.,52.72,POSTO SAO BENEDITO PETROLEO LTDA
188097,2026,7,COMBUSTÍVEIS E LUBRIFICANTES.,293.72,POSTO SAO BENEDITO PETROLEO LTDA
188097,2026,7,COMBUSTÍVEIS E LUBRIFICANTES.,285.94,POSTO SAO BENEDITO PETROLEO LTDA
188097,2026,7,COMBUSTÍVEIS E LUBRIFICANTES.,281.8,POSTO SAO BENEDITO PETROLEO LTDA
188097,2026,6,COMBUSTÍVEIS E LUBRIFICANTES.,300.05,POSTO SAO BENEDITO PETROLEO LTDA
188097,2026,7,COMBUSTÍVEIS E LUBRIFICANTES.,316.94,POSTO SAO BENEDITO PETROLEO LTDA
188097,2026,7,COMBUSTÍVEIS E LUBRIFICANTES.,220.6,POSTO SAO BENEDITO PETROLEO LTDA
188097,2026,7,COMBUSTÍVEIS E LUBRIFICANTES.,60.84,POSTO SAO BENEDITO PETROLEO LTDA
188097,2026,7,COMBUSTÍVEIS E LUBRIFICANTES.,280.01,POSTO SAO BENEDITO PETROLEO LTDA
188097,2026,7,COMBUSTÍVEIS E LUBRIFICANTES.,350.08,POSTO SAO BENEDITO PETROLEO LTDA
188097,2026,7,COMBUSTÍVEIS E LUBRIFICANTES.,94.78,POSTO SAO BENEDITO PETROLEO LTDA
188097,2026,6,COMBUSTÍVEIS E LUBRIFICANTES.,290.21,POSTO SAO BENEDITO PETROLEO LTDA
188097,2026,6,COMBUSTÍVEIS E LUBRIFICANTES.,59.74,POSTO SAO BENEDITO PETROLEO LTDA
188097,2026,8,COMBUSTÍVEIS E LUBRIFICANTES.,275.05,POSTO SAO BENEDITO PETROLEO LTDA
188097,2026,8,COMBUSTÍVEIS E LUBRIFICANTES.,286.33,POSTO SAO BENEDITO PETROLEO LTDA
188097,2026,8,COMBUSTÍVEIS E LUBRIFICANTES.,320.03,POSTO SAO BENEDITO PETROLEO LTDA
188097,2026,8,COMBUSTÍVEIS E LUBRIFICANTES.,221.08,POSTO SAO BENEDITO PETROLEO LTDA
188097,2026,7,COMBUSTÍVEIS E LUBRIFICANTES.,277.39,POSTO SAO BENEDITO PETROLEO LTDA
188097,2026,6,COMBUSTÍVEIS E LUBRIFICANTES.,53.33,POSTO SAO BENEDITO PETROLEO LTDA
188097,2026,8,COMBUSTÍVEIS E LUBRIFICANTES.,185.71,POSTO SAO BENEDITO PETROLEO LTDA
188097,2026,8,COMBUSTÍVEIS E LUBRIFICANTES.,57.53,POSTO SAO BENEDITO PETROLEO LTDA
188097,2026,7,COMBUSTÍVEIS E LUBRIFICANTES.,61.67,POSTO SAO BENEDITO PETROLEO LTDA
188097,2026,7,COMBUSTÍVEIS E LUBRIFICANTES.,278.08,POSTO SAO BENEDITO PETROLEO LTDA
188097,2026,6,COMBUSTÍVEIS E LUBRIFICANTES.,58.98,POSTO SAO BENEDITO PETROLEO LTDA
188097,2026,7,COMBUSTÍVEIS E LUBRIFICANTES.,55.74,POSTO SAO BENEDITO PETROLEO LTDA
188097,2026,7,COMBUSTÍVEIS E LUBRIFICANTES.,289.38,POSTO SAO BENEDITO PETROLEO LTDA
188097,2026,7,COMBUSTÍVEIS E LUBRIFICANTES.,254.64,POSTO SAO BENEDITO PETROLEO LTDA
188097,2026,7,COMBUSTÍVEIS E LUBRIFICANTES.,191.06,POSTO SAO BENEDITO PETROLEO LTDA
188097,2026,7,COMBUSTÍVEIS E LUBRIFICANTES.,240.13,POSTO SAO BENEDITO PETROLEO LTDA
188097,2026,7,COMBUSTÍVEIS E LUBRIFICANTES.,190.16,POSTO SAO BENEDITO PETROLEO LTDA
188097,2026,7,COMBUSTÍVEIS E LUBRIFICANTES.,220.0,POSTO SAO BENEDITO PETROLEO LTDA
188097,2026,8,COMBUSTÍVEIS E LUBRIFICANTES.,263.75,POSTO SAO BENEDITO PETROLEO LTDA
188097,2026,7,COMBUSTÍVEIS E LUBRIFICANTES.,273.81,POSTO SAO BENEDITO PETROLEO LTDA
188097,2026,7,COMBUSTÍVEIS E LUBRIFICANTES.,225.99,POSTO SAO BENEDITO PETROLEO LTDA
188097,2026,8,COMBUSTÍVEIS E LUBRIFICANTES.,271.19,POSTO SAO BENEDITO PETROLEO LTDA
188097,2026,8,COMBUSTÍVEIS E LUBRIFICANTES.,200.04,POSTO SAO BENEDITO PETROLEO LTDA
188097,2026,8,COMBUSTÍVEIS E LUBRIFICANTES.,54.93,POSTO SAO BENEDITO PETROLEO LTDA
188097,2026,8,COMBUSTÍVEIS E LUBRIFICANTES.,320.1,POSTO SAO BENEDITO PETROLEO LTDA
188097,2026,8,COMBUSTÍVEIS E LUBRIFICANTES.,110.0,POSTO SAO BENEDITO PETROLEO LTDA
188097,2026,8,COMBUSTÍVEIS E LUBRIFICANTES.,198.6,POSTO SAO BENTO 103 SUL LTDA
188097,2026,4,COMBUSTÍVEIS E LUBRIFICANTES.,100.22,POSTO SAO BENTO 103 SUL LTDA
188097,2026,4,COMBUSTÍVEIS E LUBRIFICANTES.,150.0,POSTO SAO PAULO VTEM LTDA
188097,2026,3,COMBUSTÍVEIS E LUBRIFICANTES.,220.01,POSTO TATU LTDA
188097,2026,6,COMBUSTÍVEIS E LUBRIFICANTES.,200.2,ROTA 411 COMBUSTIVEIS LTDA
188097,2026,7,COMBUSTÍVEIS E LUBRIFICANTES.,150.04,ROTA 411 COMBUSTIVEIS LTDA
188097,2026,7,COMBUSTÍVEIS E LUBRIFICANTES.,243.6,ROTA 411 COMBUSTIVEIS LTDA
188097,2026,4,COMBUSTÍVEIS E LUBRIFICANTES.,113.58,ROTA 411 COMBUSTIVEIS LTDA
188097,2026,4,COMBUSTÍVEIS E LUBRIFICANTES.,60.13,ROTA COMBUSTIVEIS LTDA
188097,2026,3,COMBUSTÍVEIS E LUBRIFICANTES.,323.17,S P MAGALHAES EMPREENDIMENTOS LTDA
188097,2026,5,COMBUSTÍVEIS E LUBRIFICANTES.,245.0,S P MAGALHAES EMPREENDIMENTOS LTDA
188097,2026,3,COMBUSTÍVEIS E LUBRIFICANTES.,220.03,S P MAGALHAES EMPREENDIMENTOS LTDA
188097,2026,3,COMBUSTÍVEIS E LUBRIFICANTES.,329.55,S P MAGALHAES EMPREENDIMENTOS LTDA
188097,2026,3,COMBUSTÍVEIS E LUBRIFICANTES.,277.01,SAO DOMINGOS COMERCIO DE PETROLEO E LUBRIFICANTES LTDA
188097,2026,4,COMBUSTÍVEIS E LUBRIFICANTES.,243.11,SAO FRANCISCO PETROLEO LTDA
188097,2026,3,COMBUSTÍVEIS E LUBRIFICANTES.,208.52,SIQUEIRA SOARES LTDA - EPP
188097,2026,5,COMBUSTÍVEIS E LUBRIFICANTES.,319.22,SIQUEIRA SOARES LTDA - EPP
188097,2026,5,COMBUSTÍVEIS E LUBRIFICANTES.,210.0,SIQUEIRA SOARES LTDA - EPP
188097,2026,7,COMBUSTÍVEIS E LUBRIFICANTES.,221.07,SIQUEIRA SOARES LTDA - EPP
188097,2026,5,COMBUSTÍVEIS E LUBRIFICANTES.,100.0,THIERES COMBUSTIVEIS LTDA
188097,2026,5,DIVULGAÇÃO DA ATIVIDADE PARLAMENTAR.,700.0,26485777000187GIL DE ALBUQUERQUE COSTA
188097,2026,5,DIVULGAÇÃO DA ATIVIDADE PARLAMENTAR.,1500.0,ALFA COMUNICAÇÃO E MARKETING DIGITAL LTDA
188097,2026,1,DIVULGAÇÃO DA ATIVIDADE PARLAMENTAR.,2200.0,ANTONIEL MACHADO RIBEIRO
188097,2026,2,DIVULGAÇÃO DA ATIVIDADE PARLAMENTAR.,2200.0,ANTONIEL MACHADO RIBEIRO
188097,2026,3,DIVULGAÇÃO DA ATIVIDADE PARLAMENTAR.,2200.0,ANTONIEL MACHADO RIBEIRO
188097,2026,4,DIVULGAÇÃO DA ATIVIDADE PARLAMENTAR.,2200.0,ANTONIEL MACHADO RIBEIRO
188097,2026,5,DIVULGAÇÃO DA ATIVIDADE PARLAMENTAR.,2200.0,ANTONIEL MACHADO RIBEIRO
188097,2026,1,DIVULGAÇÃO DA ATIVIDADE PARLAMENTAR.,300.0,ASSOCIAÇÃO COMUNITARIO DE RADIO DIFUSÃO DE PEDRO II
188097,2026,2,DIVULGAÇÃO DA ATIVIDADE PARLAMENTAR.,300.0,ASSOCIAÇÃO COMUNITARIO DE RADIO DIFUSÃO DE PEDRO II
188097,2026,3,DIVULGAÇÃO DA ATIVIDADE PARLAMENTAR.,300.0,ASSOCIAÇÃO COMUNITARIO DE RADIO DIFUSÃO DE PEDRO II
188097,2026,4,DIVULGAÇÃO DA ATIVIDADE PARLAMENTAR.,300.0,ASSOCIAÇÃO COMUNITARIO DE RADIO DIFUSÃO DE PEDRO II
188097,2026,5,DIVULGAÇÃO DA ATIVIDADE PARLAMENTAR.,300.0,ASSOCIAÇÃO COMUNITARIO DE RADIO DIFUSÃO DE PEDRO II
188097,2026,1,DIVULGAÇÃO DA ATIVIDADE PARLAMENTAR.,1500.0,F. ALVES FONSECA DE AZEVEDO - ME
188097,2026,2,DIVULGAÇÃO DA ATIVIDADE PARLAMENTAR.,1500.0,F. ALVES FONSECA DE AZEVEDO - ME
188097,2026,3,DIVULGAÇÃO DA ATIVIDADE PARLAMENTAR.,1500.0,F. ALVES FONSECA DE AZEVEDO - ME
188097,2026,4,DIVULGAÇÃO DA ATIVIDADE PARLAMENTAR.,1500.0,F. ALVES FONSECA DE AZEVEDO - ME
188097,2026,5,DIVULGAÇÃO DA ATIVIDADE PARLAMENTAR.,1500.0,F. ALVES FONSECA DE AZEVEDO - ME
188097,2026,1,DIVULGAÇÃO DA ATIVIDADE PARLAMENTAR.,700.0,GIL DE ALBUQUERQUE COSTA
188097,2026,2,DIVULGAÇÃO DA ATIVIDADE PARLAMENTAR.,700.0,GIL DE ALBUQUERQUE COSTA
188097,2026,3,DIVULGAÇÃO DA ATIVIDADE PARLAMENTAR.,700.0,GIL DE ALBUQUERQUE COSTA
188097,2026,4,DIVULGAÇÃO DA ATIVIDADE PARLAMENTAR.,700.0,GIL DE ALBUQUERQUE COSTA
188097,2026,5,DIVULGAÇÃO DA ATIVIDADE PARLAMENTAR.,35000.0,INTERATIVA PROPAGANDA E MARKETING LTDA
188097,2026,3,DIVULGAÇÃO DA ATIVIDADE PARLAMENTAR.,1200.0,J B PEREIRA DA SILVA JORNALISTICOS
188097,2026,1,DIVULGAÇÃO DA ATIVIDADE PARLAMENTAR.,1200.0,J B PEREIRA DA SILVA JORNALISTICOS
188097,2026,1,DIVULGAÇÃO DA ATIVIDADE PARLAMENTAR.,2400.0,Luan Ribeiro Bastos - ME
188097,2026,2,DIVULGAÇÃO DA ATIVIDADE PARLAMENTAR.,2400.0,Luan Ribeiro Bastos - ME
188097,2026,3,DIVULGAÇÃO DA ATIVIDADE PARLAMENTAR.,2400.0,Luan Ribeiro Bastos - ME
188097,2026,4,DIVULGAÇÃO DA ATIVIDADE PARLAMENTAR.,2400.0,Luan Ribeiro Bastos - ME
188097,2026,5,DIVULGAÇÃO DA ATIVIDADE PARLAMENTAR.,2400.0,Luan Ribeiro Bastos - ME
188097,2026,1,DIVULGAÇÃO DA ATIVIDADE PARLAMENTAR.,3000.0,OSCAR DE BARROS SOUSA LTDA
188097,2026,2,DIVULGAÇÃO DA ATIVIDADE PARLAMENTAR.,3000.0,OSCAR DE BARROS SOUSA LTDA
188097,2026,3,DIVULGAÇÃO DA ATIVIDADE PARLAMENTAR.,3000.0,OSCAR DE BARROS SOUSA LTDA
188097,2026,4,DIVULGAÇÃO DA ATIVIDADE PARLAMENTAR.,3000.0,OSCAR DE BARROS SOUSA LTDA
188097,2026,5,DIVULGAÇÃO DA ATIVIDADE PARLAMENTAR.,3000.0,OSCAR DE BARROS SOUSA LTDA
188097,2026,1,DIVULGAÇÃO DA ATIVIDADE PARLAMENTAR.,3000.0,PIAUI HOJE COMUNICAÇÃO E MARKETING LTDA
188097,2026,2,DIVULGAÇÃO DA ATIVIDADE PARLAMENTAR.,3000.0,PIAUI HOJE COMUNICAÇÃO E MARKETING LTDA
188097,2026,3,DIVULGAÇÃO DA ATIVIDADE PARLAMENTAR.,3000.0,PIAUI HOJE COMUNICAÇÃO E MARKETING LTDA
188097,2026,4,DIVULGAÇÃO DA ATIVIDADE PARLAMENTAR.,3000.0,PIAUI HOJE COMUNICAÇÃO E MARKETING LTDA
188097,2026,5,DIVULGAÇÃO DA ATIVIDADE PARLAMENTAR.,3000.0,PIAUI HOJE COMUNICAÇÃO E MARKETING LTDA
188097,2026,1,DIVULGAÇÃO DA ATIVIDADE PARLAMENTAR.,2200.0,PMD CARVALHO LTDA
188097,2026,2,DIVULGAÇÃO DA ATIVIDADE PARLAMENTAR.,2200.0,PMD CARVALHO LTDA
188097,2026,3,DIVULGAÇÃO DA ATIVIDADE PARLAMENTAR.,2200.0,PMD CARVALHO LTDA
188097,2026,4,DIVULGAÇÃO DA ATIVIDADE PARLAMENTAR.,2200.0,PMD CARVALHO LTDA
188097,2026,5,DIVULGAÇÃO DA ATIVIDADE PARLAMENTAR.,8800.0,PMD CARVALHO LTDA
188097,2026,5,DIVULGAÇÃO DA ATIVIDADE PARLAMENTAR.,2900.0,SS COMUNICACAO LTDA
188097,2026,1,DIVULGAÇÃO DA ATIVIDADE PARLAMENTAR.,1500.0,VISUAL CLIPAGEM
188097,2026,2,DIVULGAÇÃO DA ATIVIDADE PARLAMENTAR.,1500.0,VISUAL CLIPAGEM
188097,2026,3,DIVULGAÇÃO DA ATIVIDADE PARLAMENTAR.,1500.0,VISUAL CLIPAGEM
188097,2026,5,DIVULGAÇÃO DA ATIVIDADE PARLAMENTAR.,1500.0,VISUAL CLIPAGEM
188097,2026,1,DIVULGAÇÃO DA ATIVIDADE PARLAMENTAR.,1100.0,VITOR CANDEIRA NETO
188097,2026,2,DIVULGAÇÃO DA ATIVIDADE PARLAMENTAR.,1100.0,VITOR CANDEIRA NETO
188097,2026,3,DIVULGAÇÃO DA ATIVIDADE PARLAMENTAR.,1100.0,VITOR CANDEIRA NETO
188097,2026,4,DIVULGAÇÃO DA ATIVIDADE PARLAMENTAR.,1100.0,VITOR CANDEIRA NETO
188097,2026,5,DIVULGAÇÃO DA ATIVIDADE PARLAMENTAR.,1100.0,VITOR CANDEIRA NETO
188097,2026,1,DIVULGAÇÃO DA ATIVIDADE PARLAMENTAR.,1200.0,WERICK AMERICA DOS SANTOS
188097,2026,2,DIVULGAÇÃO DA ATIVIDADE PARLAMENTAR.,5000.0,WERICK AMERICA DOS SANTOS
188097,2026,3,DIVULGAÇÃO DA ATIVIDADE PARLAMENTAR.,5000.0,WERICK AMERICA DOS SANTOS
188097,2026,4,DIVULGAÇÃO DA ATIVIDADE PARLAMENTAR.,5000.0,WERICK AMERICA DOS SANTOS
188097,2026,5,DIVULGAÇÃO DA ATIVIDADE PARLAMENTAR.,5000.0,WERICK AMERICA DOS SANTOS
188097,2026,1,TELEFONIA,161.06,Claro NXT Telecomunicações S.A
188097,2026,2,TELEFONIA,161.06,Claro NXT Telecomunicações S.A
188097,2026,3,TELEFONIA,161.06,Claro NXT Telecomunicações S.A
188097,2026,4,TELEFONIA,161.06,Claro NXT Telecomunicações S.A
188097,2026,5,TELEFONIA,163.64,CLARO NXT TELECOMUNICACOES S/A
188097,2026,7,TELEFONIA,163.64,CLARO NXT TELECOMUNICACOES S/A
188097,2026,8,TELEFONIA,163.64,CLARO NXT TELECOMUNICACOES S/A
188097,2026,2,TELEFONIA,512.21,TELEFÔNICA BRASIL S.A - VIVO
188097,2026,1,TELEFONIA,512.21,Telefônica Brasil S.A. VIVO
188097,2026,4,TELEFONIA,522.2,TELEFÔNICA BRASIL S/A - VIVO
188097,2026,1,SERVIÇOS POSTAIS,342.0,EMPRESA BRASILEIRA DE CORREIOS E TELÉGRAFOS
188097,2026,4,FORNECIMENTO DE ALIMENTAÇÃO DO PARLAMENTAR,39.0,ALIMENTACAO CONSCIENTE LTDA
188097,2026,4,FORNECIMENTO DE ALIMENTAÇÃO DO PARLAMENTAR,39.0,ALIMENTACAO CONSCIENTE LTDA
188097,2026,5,FORNECIMENTO DE ALIMENTAÇÃO DO PARLAMENTAR,39.0,ALIMENTACAO CONSCIENTE LTDA
188097,2026,6,FORNECIMENTO DE ALIMENTAÇÃO DO PARLAMENTAR,36.0,ALIMENTACAO CONSCIENTE LTDA
188097,2026,2,FORNECIMENTO DE ALIMENTAÇÃO DO PARLAMENTAR,53.24,CASA DE ALIMENTOS GABRIEL PIABA EIRELI
188097,2026,2,FORNECIMENTO DE ALIMENTAÇÃO DO PARLAMENTAR,37.94,CASA DE ALIMENTOS GABRIEL PIABA EIRELI
188097,2026,5,FORNECIMENTO DE ALIMENTAÇÃO DO PARLAMENTAR,35.58,CASA DE ALIMENTOS GABRIEL PIABA EIRELI
188097,2026,4,FORNECIMENTO DE ALIMENTAÇÃO DO PARLAMENTAR,81.0,CASTALIA PADARIA E CAFETERIA LTDA
188097,2026,4,FORNECIMENTO DE ALIMENTAÇÃO DO PARLAMENTAR,63.7,EMPADA DE MINAS DF 2
188097,2026,4,FORNECIMENTO DE ALIMENTAÇÃO DO PARLAMENTAR,30.8,EMPADA DE MINAS DF 2
188097,2026,6,FORNECIMENTO DE ALIMENTAÇÃO DO PARLAMENTAR,30.8,EMPADA DE MINAS DF 2
188097,2026,9,FORNECIMENTO DE ALIMENTAÇÃO DO PARLAMENTAR,75.27,GCZ COM?RCIO DE ALIMENTOS LTDA
188097,2026,3,FORNECIMENTO DE ALIMENTAÇÃO DO PARLAMENTAR,33.13,GREEN S ALIMENTOS LTDA
188097,2026,4,FORNECIMENTO DE ALIMENTAÇÃO DO PARLAMENTAR,36.59,GREEN S ALIMENTOS LTDA
188097,2026,5,FORNECIMENTO DE ALIMENTAÇÃO DO PARLAMENTAR,46.48,GREEN S ALIMENTOS LTDA
188097,2026,5,FORNECIMENTO DE ALIMENTAÇÃO DO PARLAMENTAR,47.96,GREEN S ALIMENTOS LTDA
188097,2026,3,FORNECIMENTO DE ALIMENTAÇÃO DO PARLAMENTAR,15.0,PPS PANIFICADORA E PRODUTOS ALIMENTICIOS LTDA
188097,2026,4,FORNECIMENTO DE ALIMENTAÇÃO DO PARLAMENTAR,37.0,ROSA S CAFE
188097,2026,4,FORNECIMENTO DE ALIMENTAÇÃO DO PARLAMENTAR,94.66,SERVICO NACIONAL DE APREND. COMERCIAL
188097,2026,6,FORNECIMENTO DE ALIMENTAÇÃO DO PARLAMENTAR,94.66,SERVICO NACIONAL DE APREND. COMERCIAL
188097,2026,3,FORNECIMENTO DE ALIMENTAÇÃO DO PARLAMENTAR,94.66,SERVICO NACIONAL DE APREND. COMERCIAL
188097,2026,4,FORNECIMENTO DE ALIMENTAÇÃO DO PARLAMENTAR,64.26,TOMAS E MAIA RESTAURANTE LTDA EPP
188097,2026,4,FORNECIMENTO DE ALIMENTAÇÃO DO PARLAMENTAR,57.52,TOMAS E MAIA RESTAURANTE LTDA EPP
188097,2026,7,FORNECIMENTO DE ALIMENTAÇÃO DO PARLAMENTAR,76.49,VARANDA DO SUL ASA NORTE COMERCIO DE ALIMENTOS LTDA
188097,2026,7,"HOSPEDAGEM ,EXCETO DO PARLAMENTAR NO DISTRITO FEDERAL.",200.0,ANA L RODRIGUES LTDA
188097,2026,7,"HOSPEDAGEM ,EXCETO DO PARLAMENTAR NO DISTRITO FEDERAL.",200.0,ANA L RODRIGUES LTDA
188097,2026,2,LOCAÇÃO OU FRETAMENTO DE VEÍCULOS AUTOMOTORES,18000.0,AUTO LESTE LTDA
188097,2026,3,LOCAÇÃO OU FRETAMENTO DE VEÍCULOS AUTOMOTORES,18000.0,AUTO LESTE LTDA
188097,2026,4,LOCAÇÃO OU FRETAMENTO DE VEÍCULOS AUTOMOTORES,18000.0,AUTO LESTE LTDA
188097,2026,5,LOCAÇÃO OU FRETAMENTO DE VEÍCULOS AUTOMOTORES,18000.0,AUTO LESTE LTDA
188097,2026,6,LOCAÇÃO OU FRETAMENTO DE VEÍCULOS AUTOMOTORES,18000.0,AUTO LESTE LTDA
188097,2026,7,LOCAÇÃO OU FRETAMENTO DE VEÍCULOS AUTOMOTORES,18000.0,AUTO LESTE LTDA
188097,2026,1,LOCAÇÃO OU FRETAMENTO DE VEÍCULOS AUTOMOTORES,12700.0,MAZUAD AUTOLOCADORA
188097,2026,4,PASSAGEM AÉREA - SIGEPA,2338.01,Gol Linhas Aéreas
188097,2026,2,PASSAGEM AÉREA - SIGEPA,2284.57,LATAM Airlines Brasil
188097,2026,2,PASSAGEM AÉREA - SIGEPA,126.0,LATAM Airlines Brasil
188097,2026,2,PASSAGEM AÉREA - SIGEPA,2299.14,LATAM Airlines Brasil
188097,2026,2,PASSAGEM AÉREA - SIGEPA,163.0,LATAM Airlines Brasil
188097,2026,2,PASSAGEM AÉREA - SIGEPA,1702.74,LATAM Airlines Brasil
188097,2026,2,PASSAGEM AÉREA - SIGEPA,2692.56,LATAM Airlines Brasil
188097,2026,2,PASSAGEM AÉREA - SIGEPA,-754.56,LATAM Airlines Brasil
188097,2026,2,PASSAGEM AÉREA - SIGEPA,333.75,LATAM Airlines Brasil
188097,2026,3,PASSAGEM AÉREA - SIGEPA,3026.31,LATAM Airlines Brasil
188097,2026,3,PASSAGEM AÉREA - SIGEPA,2731.79,LATAM Airlines Brasil
188097,2026,3,PASSAGEM AÉREA - SIGEPA,-3341.71,LATAM Airlines Brasil
188097,2026,3,PASSAGEM AÉREA - SIGEPA,609.92,LATAM Airlines Brasil
188097,2026,3,PASSAGEM AÉREA - SIGEPA,2884.66,LATAM Airlines Brasil
188097,2026,3,PASSAGEM AÉREA - SIGEPA,14.25,LATAM Airlines Brasil
188097,2026,3,PASSAGEM AÉREA - SIGEPA,3013.03,LATAM Airlines Brasil
188097,2026,5,PASSAGEM AÉREA - SIGEPA,-872.33,LATAM Airlines Brasil
188097,2026,5,PASSAGEM AÉREA - SIGEPA,3211.2,LATAM Airlines Brasil
188097,2026,5,PASSAGEM AÉREA - SIGEPA,3327.14,LATAM Airlines Brasil
188097,2026,6,PASSAGEM AÉREA - SIGEPA,2802.67,LATAM Airlines Brasil
188097,2026,6,PASSAGEM AÉREA - SIGEPA,1569.46,LATAM Airlines Brasil
