sq_candidato,grau_instrucao,ocupacao,estado_civil,cor_raca,data_nascimento,foto_url,sites_tse,bens_total,prestacao_total_recebido,prestacao_total_despesas_contratadas,prestacao_total_despesas_pagas,prestacao_data_atualizacao,tse_divulga_url
180002551954,Ensino Médio completo,Empregado Doméstico,Solteiro(a),BRANCA,1990-09-29,https://divulgacandcontas.tse.jus.br/divulga/rest/arquivo/img/20322002026/180002551954/PI,HTTPS://WWW.INSTAGRAM.COM/CIDA_THE,,14082.34,3961,3961,13/09/2026,https://divulgacandcontas.tse.jus.br/divulga/#/candidato/NORDESTE/PI/20322002026/180002551954/2026/PI
180002553895,Superior completo,Professor de Ensino Médio,Solteiro(a),BRANCA,1975-08-20,https://divulgacandcontas.tse.jus.br/divulga/rest/arquivo/img/20322002026/180002553895/PI,,,,,,1989-12-31,https://divulgacandcontas.tse.jus.br/divulga/#/candidato/NORDESTE/PI/20322002026/180002553895/2026/PI
180002553899,Ensino Médio completo,"Carpinteiro, Marceneiro e Assemelhados",Casado(a),PARDA,1980-06-14,https://divulgacandcontas.tse.jus.br/divulga/rest/arquivo/img/20322002026/180002553899/PI,,,,,,1989-12-31,https://divulgacandcontas.tse.jus.br/divulga/#/candidato/NORDESTE/PI/20322002026/180002553899/2026/PI
180002536218,Superior completo,Deputado,Casado(a),PARDA,1968-04-28,https://divulgacandcontas.tse.jus.br/divulga/rest/arquivo/img/20322002026/180002536218/PI,HTTPS://WWW.INSTAGRAM.COM/CORONELCARLOSAUGUSTO/ | HTTPS://WWW.FACEBOOK.COM/PROFILE.PHP?ID=100009100534921 | HTTPS://CORONELCARLOSAUGUSTO.COM.BR/ | HTTPS://WWW.THREADS.COM/@CORONELCARLOSAUGUSTO | HTTPS://X.COM/DEPCORONEL | HTTPS://WWW.TIKTOK.COM/@CORONELCARLOSAUGUSTO?%20R=1&_T%20ZS%2098IGTN4E28V,2419618,706242,393907.5,76500,13/09/2026,https://divulgacandcontas.tse.jus.br/divulga/#/candidato/NORDESTE/PI/20322002026/180002536218/2026/PI
180002553902,Ensino Médio completo,Agente de Saúde e Sanitarista,Casado(a),PARDA,1974-04-01,https://divulgacandcontas.tse.jus.br/divulga/rest/arquivo/img/20322002026/180002553902/PI,https://www.instagram.com/nildanunespiaui/ | https://web.facebook.com/nilda.nunes.503,235000,312500,235224.21,235223.91,12/09/2026,https://divulgacandcontas.tse.jus.br/divulga/#/candidato/NORDESTE/PI/20322002026/180002553902/2026/PI
180002533566,Superior completo,Policial Civil,Casado(a),PARDA,1982-03-18,https://divulgacandcontas.tse.jus.br/divulga/rest/arquivo/img/20322002026/180002533566/PI,https://@DANIELDAMARIINHA,690000,369232.99,289699.13,174219.13,17/09/2026,https://divulgacandcontas.tse.jus.br/divulga/#/candidato/NORDESTE/PI/20322002026/180002533566/2026/PI
180002533558,Superior completo,Professor de Ensino Médio,Solteiro(a),BRANCA,1974-04-26,https://divulgacandcontas.tse.jus.br/divulga/rest/arquivo/img/20322002026/180002533558/PI,https://fabiolapiaui.com.br | https://www.facebook.com/fabiolapiaui/ | https://https://www.instagram.com/fabiolapiaui/? | https://www.instagram.com/fabiolapiaui/,4071.0800000000004,105972.5,77370.5,25000.5,13/09/2026,https://divulgacandcontas.tse.jus.br/divulga/#/candidato/NORDESTE/PI/20322002026/180002533558/2026/PI
180002533552,Ensino Médio completo,Trabalhador Rural,Solteiro(a),PRETA,1964-09-03,https://divulgacandcontas.tse.jus.br/divulga/rest/arquivo/img/20322002026/180002533552/PI,HTTPS://WWW.INSTAGRAM.COM/MARIAPTQN/,16199.34,108215,79424.15,49224.15,11/09/2026,https://divulgacandcontas.tse.jus.br/divulga/#/candidato/NORDESTE/PI/20322002026/180002533552/2026/PI
180002534828,Ensino Médio completo,Motorista de Veículos de Transporte de Carga,Solteiro(a),PRETA,1977-08-24,https://divulgacandcontas.tse.jus.br/divulga/rest/arquivo/img/20322002026/180002534828/PI,,320000,100000,44383.34,44084.58,13/09/2026,https://divulgacandcontas.tse.jus.br/divulga/#/candidato/NORDESTE/PI/20322002026/180002534828/2026/PI
180002534827,Superior completo,Deputado,Casado(a),PARDA,1977-03-20,https://divulgacandcontas.tse.jus.br/divulga/rest/arquivo/img/20322002026/180002534827/PI,,2797804.75,218000,285112.11,112460.11,13/09/2026,https://divulgacandcontas.tse.jus.br/divulga/#/candidato/NORDESTE/PI/20322002026/180002534827/2026/PI
180002534822,Superior completo,Servidor Público Estadual,Casado(a),PARDA,1968-11-20,https://divulgacandcontas.tse.jus.br/divulga/rest/arquivo/img/20322002026/180002534822/PI,,100566.37,150000,134689.4,40963.4,13/09/2026,https://divulgacandcontas.tse.jus.br/divulga/#/candidato/NORDESTE/PI/20322002026/180002534822/2026/PI
180002534814,Superior completo,Enfermeiro,Divorciado(a),BRANCA,1979-05-28,https://divulgacandcontas.tse.jus.br/divulga/rest/arquivo/img/20322002026/180002534814/PI,,233000,153250,124419.9,124419.9,11/09/2026,https://divulgacandcontas.tse.jus.br/divulga/#/candidato/NORDESTE/PI/20322002026/180002534814/2026/PI
180002554507,Superior incompleto,Administrador,Solteiro(a),PARDA,1978-01-27,https://divulgacandcontas.tse.jus.br/divulga/rest/arquivo/img/20322002026/180002554507/PI,https://www.instagram.com/angel.guimaraess/,,,,,1989-12-31,https://divulgacandcontas.tse.jus.br/divulga/#/candidato/NORDESTE/PI/20322002026/180002554507/2026/PI
180002548645,Superior completo,Advogado,Solteiro(a),BRANCA,1991-02-20,https://divulgacandcontas.tse.jus.br/divulga/rest/arquivo/img/20322002026/180002548645/PI,https://INSTAGRAM: SAMUELCOELHOPI  E SAMUELCOELHOPOLITICA  FACE: SAMUEL COÊLHO,,100000,51853.38,51853.38,11/09/2026,https://divulgacandcontas.tse.jus.br/divulga/#/candidato/NORDESTE/PI/20322002026/180002548645/2026/PI
180002554487,Ensino Médio completo,Policial Militar,Solteiro(a),PARDA,1979-09-09,https://divulgacandcontas.tse.jus.br/divulga/rest/arquivo/img/20322002026/180002554487/PI,,,,,,1989-12-31,https://divulgacandcontas.tse.jus.br/divulga/#/candidato/NORDESTE/PI/20322002026/180002554487/2026/PI
180002552114,Superior completo,Policial Militar,Divorciado(a),PRETA,1982-09-23,https://divulgacandcontas.tse.jus.br/divulga/rest/arquivo/img/20322002026/180002552114/PI,,,11782.98,5000,,15/09/2026,https://divulgacandcontas.tse.jus.br/divulga/#/candidato/NORDESTE/PI/20322002026/180002552114/2026/PI
180002551960,Superior completo,Advogado,Solteiro(a),BRANCA,1968-03-27,https://divulgacandcontas.tse.jus.br/divulga/rest/arquivo/img/20322002026/180002551960/PI,,,5000,5169.6,5169.6,17/09/2026,https://divulgacandcontas.tse.jus.br/divulga/#/candidato/NORDESTE/PI/20322002026/180002551960/2026/PI
180002539022,Superior completo,Empresário,Casado(a),BRANCA,1983-12-17,https://divulgacandcontas.tse.jus.br/divulga/rest/arquivo/img/20322002026/180002539022/PI,HTTPS://WWW.INSTAGRAM.COM/RAIMUNDOSOUSA_11 | HTTPS://WWW.FACEBOOK.COM/RAYMOND.SOUSA.9 | HTTPS://WWW.TIKTOK.COM/@RAIMUNDOSOUSA_11,809485.23,197675.67,78245,69445,12/09/2026,https://divulgacandcontas.tse.jus.br/divulga/#/candidato/NORDESTE/PI/20322002026/180002539022/2026/PI
180002539028,Superior completo,Analista de Sistemas,Casado(a),PRETA,1975-01-30,https://divulgacandcontas.tse.jus.br/divulga/rest/arquivo/img/20322002026/180002539028/PI,https://PAZXH0BGNHZW0CMTEAC3J0YWZHCHBFAWQPOTM2NJE5NZQZMZKYNDU5AAGNQN5O7FVVUMGB8G_OSWHBXL | HTTPS://WWW.INSTAGRAM.COM/JONASBARROSO1ML/ | https://jonasbarroso.com.br | HTTPS://WWW.FACEBOOK.COM/JONASBARROSO1ML?LOCALE=PT_BR | https://www.facebook.com/share/1D1S5RaM1W/ | https://www.tiktok.com/@jonas.barroso.pp/video/7611164253877292308,,155675.67,76338.86,71338.86,12/09/2026,https://divulgacandcontas.tse.jus.br/divulga/#/candidato/NORDESTE/PI/20322002026/180002539028/2026/PI
180002540679,Ensino Médio completo,Vendedor de Comércio Varejista e Atacadista,Casado(a),PARDA,1991-08-12,https://divulgacandcontas.tse.jus.br/divulga/rest/arquivo/img/20322002026/180002540679/PI,https://INSTAGRAM.COM/JESSICALINE_ALVES2198,,,,,10/09/2026,https://divulgacandcontas.tse.jus.br/divulga/#/candidato/NORDESTE/PI/20322002026/180002540679/2026/PI
180002540689,Superior incompleto,Empresário,Divorciado(a),PRETA,1978-11-16,https://divulgacandcontas.tse.jus.br/divulga/rest/arquivo/img/20322002026/180002540689/PI,https://INSTAGRAM.COM/MAURICIODESOUSA_33,345039.12,6000,4000,,11/09/2026,https://divulgacandcontas.tse.jus.br/divulga/#/candidato/NORDESTE/PI/20322002026/180002540689/2026/PI
180002539127,Superior completo,Empresário,Casado(a),PARDA,1966-02-14,https://divulgacandcontas.tse.jus.br/divulga/rest/arquivo/img/20322002026/180002539127/PI,https://linktr.ee/julioarcoverde | HTTPS://M.YOUTUBE.COM/@JULIOARCOVERDE?RA=M | https://music.apple.com/br/album/o-federal-do-piau%C3%AD-%C3%A9-1111-single/6805757978 | HTTPS://JULIOARCOVERDE.COM.BR | HTTPS://WWW.INSTAGRAM.COM/JULIOARCOVERDE?IGSH=CGU4ZHYWEDEXNGVR | HTTPS://WWW.THREADS.COM/@JULIOARCOVERDE?IGSHID=NTC4MTIWNJQ2YQ== | HTTPS://X.COM/JULIOARCOVERDE?S=11&T=9NOAXVEZDWUJCFT40QBE9G | HTTPS://WWW.TIKTOK.COM/@DEPUTADOJULIOARCOVERDE?_R=1&_T=ZS-98RLEUHLENM | HTTPS://WWW.FACEBOOK.COM/DEPJULIOARCOVERDE | https://open.spotify.com/intl-pt/album/3kKW8oWheA873huKE6PWH0,2658700.12,3275173.21,1806038.36,1206148.85,14/09/2026,https://divulgacandcontas.tse.jus.br/divulga/#/candidato/NORDESTE/PI/20322002026/180002539127/2026/PI
180002539128,Superior completo,Empresário,Casado(a),BRANCA,1991-09-20,https://divulgacandcontas.tse.jus.br/divulga/rest/arquivo/img/20322002026/180002539128/PI,HTTPS://WWW.INSTAGRAM.COM/EMANOELPAIVAPI/ | https://WWW.TIKTOK.COM/@EMANOELPAIVAPI/ | HTTPS://WWW.FACEBOOK.COM/EMANOEL.PAIVA.50/,408229.33,2947966.86,1587000.57,1331000.57,13/09/2026,https://divulgacandcontas.tse.jus.br/divulga/#/candidato/NORDESTE/PI/20322002026/180002539128/2026/PI
180002539129,Superior completo,Enfermeiro,Solteiro(a),PARDA,1967-11-25,https://divulgacandcontas.tse.jus.br/divulga/rest/arquivo/img/20322002026/180002539129/PI,https://www.instagram.com/vania_csantoos | HTTPS://WWW.INSTAGRAM.COM/P/DYWP0QNOJFR/ | https://www.tiktok.com/@enfvaniacarvalho?_r=1&_t=ZS-99OgvpvEhpE,,375675.67,227489.4,179247.4,11/09/2026,https://divulgacandcontas.tse.jus.br/divulga/#/candidato/NORDESTE/PI/20322002026/180002539129/2026/PI
180002539134,Superior completo,Jornalista e Redator,Casado(a),BRANCA,1981-06-09,https://divulgacandcontas.tse.jus.br/divulga/rest/arquivo/img/20322002026/180002539134/PI,https://samanthacavalca.com/ | HTTPS://WWW.FACEBOOK.COM/SAMANTHACAVALCAPIAUI/ | HTTPS://WWW.KWAI.COM/@SAMANTHACAVALCA | HTTPS://WWW.INSTAGRAM.COM/SAMANTHACAVALCA | HTTPS://WWW.TIKTOK.COM/@SAMANTHACAVALCA | HTTPS://X.COM/SAMANTHACAVALCA?LANG=EN,198611.27,2598675.67,1854580.52,1361795.22,13/09/2026,https://divulgacandcontas.tse.jus.br/divulga/#/candidato/NORDESTE/PI/20322002026/180002539134/2026/PI
180002533194,Superior completo,Nutricionista e Assemelhados,Divorciado(a),BRANCA,1968-07-28,https://divulgacandcontas.tse.jus.br/divulga/rest/arquivo/img/20322002026/180002533194/PI,,350000,344476.56,326853.6,243837.6,16/09/2026,https://divulgacandcontas.tse.jus.br/divulga/#/candidato/NORDESTE/PI/20322002026/180002533194/2026/PI
180002536461,Superior completo,Deputado,Casado(a),BRANCA,1974-04-23,https://divulgacandcontas.tse.jus.br/divulga/rest/arquivo/img/20322002026/180002536461/PI,HTTPS://WWW.FACEBOOK.COM/JOSEDIASDECASTRONETO | HTTPS://WWW.INSTAGRAM.COM/CASTRONETOPI,2891573.52,2105465.75,2239217,1770947.52,12/09/2026,https://divulgacandcontas.tse.jus.br/divulga/#/candidato/NORDESTE/PI/20322002026/180002536461/2026/PI
180002536458,Superior completo,Policial Militar,Casado(a),BRANCA,1987-11-26,https://divulgacandcontas.tse.jus.br/divulga/rest/arquivo/img/20322002026/180002536458/PI,HTTPS://WWW.INSTAGRAM.COM/ENF.ANTONIONETO/ | HTTPS://WWW.FACEBOOK.COM/ANTONIO.NETO.19862,120468.12,400000,396615.76,378115.76,13/09/2026,https://divulgacandcontas.tse.jus.br/divulga/#/candidato/NORDESTE/PI/20322002026/180002536458/2026/PI
180002532479,Superior completo,Deputado,Casado(a),PRETA,1979-10-14,https://divulgacandcontas.tse.jus.br/divulga/rest/arquivo/img/20322002026/180002532479/PI,http://x.com/drfranciscopi | https://www.tiktok.com/@drfranciscopiaui?_r=1&_t=ZS-98RNtPeuftw | https://www.instagram.com/drfranciscopiaui?igsh=MXRrbnc0OW8yYWpk&utm_source=qr | https://www.facebook.com/share/1DSUzqMNpZ/?mibextid=wwXIfr | https://www.youtube.com/@franciscocostapi,1081617.79,1929057,1213671.67,672738.31,15/09/2026,https://divulgacandcontas.tse.jus.br/divulga/#/candidato/NORDESTE/PI/20322002026/180002532479/2026/PI
180002532475,Superior completo,Deputado,Casado(a),BRANCA,1969-10-05,https://divulgacandcontas.tse.jus.br/divulga/rest/arquivo/img/20322002026/180002532475/PI,HTTPS://WWW.INSTAGRAM.COM/FLORENTINOVERASNETO/,1312426.51,1850397.25,1683678.96,1122797.12,12/09/2026,https://divulgacandcontas.tse.jus.br/divulga/#/candidato/NORDESTE/PI/20322002026/180002532475/2026/PI
180002532478,Superior completo,Servidor Público Estadual,Divorciado(a),PARDA,1983-08-31,https://divulgacandcontas.tse.jus.br/divulga/rest/arquivo/img/20322002026/180002532478/PI,https://despertadordocharles.com.br/ | https://@DELEGADOCHARLESPESSOA | https://www.facebook.com/61589955275655 | https://www.tiktok.com/@delegadocharlespessoa?_r=1&_t=zs-98dzqt9ojdq | https://k.kwai.com/u/@dpccharlespessoa/yA5CaW6q | https://youtube.com/@delegadocharlespessoa?si=BJe8s7bingbUHdlN | https://www.instagram.com/delegadocharlespessoa?igsh=MW0wdjd2djRzOTQwZA%3D%3D&utm_source=qr,1580000,1135077.67,719951.74,325333.14,12/09/2026,https://divulgacandcontas.tse.jus.br/divulga/#/candidato/NORDESTE/PI/20322002026/180002532478/2026/PI
180002532482,Superior completo,Veterinário,Casado(a),BRANCA,1977-10-02,https://divulgacandcontas.tse.jus.br/divulga/rest/arquivo/img/20322002026/180002532482/PI,HTTPS://WWW.INSTAGRAM.COM/RAISSAPROTETORA/,,475693.19,468892.63,322577.63,17/09/2026,https://divulgacandcontas.tse.jus.br/divulga/#/candidato/NORDESTE/PI/20322002026/180002532482/2026/PI
180002537001,Ensino Médio completo,Outros,Casado(a),BRANCA,1968-02-20,https://divulgacandcontas.tse.jus.br/divulga/rest/arquivo/img/20322002026/180002537001/PI,HTTPS://WWW.INSTAGRAM.COM/ANALINANERES,,40000,18150,14900,13/09/2026,https://divulgacandcontas.tse.jus.br/divulga/#/candidato/NORDESTE/PI/20322002026/180002537001/2026/PI
180002536996,Ensino Médio completo,Outros,Solteiro(a),PARDA,1970-04-08,https://divulgacandcontas.tse.jus.br/divulga/rest/arquivo/img/20322002026/180002536996/PI,HTTPS://WWW.INSTAGRAM.COM/SOCORRO_SANTOS007/ | HTTPS://WEB.FACEBOOK.COM/SOCORRODAMADRETERESA10,45000,90000,56170,40870,13/09/2026,https://divulgacandcontas.tse.jus.br/divulga/#/candidato/NORDESTE/PI/20322002026/180002536996/2026/PI
180002534439,Ensino Médio completo,Eletricista e Assemelhados,Solteiro(a),PARDA,1959-08-24,https://divulgacandcontas.tse.jus.br/divulga/rest/arquivo/img/20322002026/180002534439/PI,HTTPS://WWW.FACEBOOK.COM/ALBERTINORIBEIRODASILVA.RIBEIRO | HTTPS://WWW.INSTAGRAM.COM/ALBERTINORIBE,140000,4000,,,09/09/2026,https://divulgacandcontas.tse.jus.br/divulga/#/candidato/NORDESTE/PI/20322002026/180002534439/2026/PI
180002534434,Ensino Médio completo,Outros,Viúvo(a),PARDA,1962-01-30,https://divulgacandcontas.tse.jus.br/divulga/rest/arquivo/img/20322002026/180002534434/PI,,240,3500,3500,3500,09/09/2026,https://divulgacandcontas.tse.jus.br/divulga/#/candidato/NORDESTE/PI/20322002026/180002534434/2026/PI
180002552094,Superior completo,Jornalista e Redator,Divorciado(a),PRETA,1972-11-19,https://divulgacandcontas.tse.jus.br/divulga/rest/arquivo/img/20322002026/180002552094/PI,,,,,,,https://divulgacandcontas.tse.jus.br/divulga/#/candidato/NORDESTE/PI/20322002026/180002552094/2026/PI
180002544105,Superior completo,Servidor Público Federal,Casado(a),BRANCA,1982-08-25,https://divulgacandcontas.tse.jus.br/divulga/rest/arquivo/img/20322002026/180002544105/PI,https://INSTAGRAM.COM/FABRICIOLOIOLAPI/,90000,663800,571368.43,511310.57,12/09/2026,https://divulgacandcontas.tse.jus.br/divulga/#/candidato/NORDESTE/PI/20322002026/180002544105/2026/PI
180002548564,Superior completo,Professor de Ensino Médio,Casado(a),PARDA,1988-06-09,https://divulgacandcontas.tse.jus.br/divulga/rest/arquivo/img/20322002026/180002548564/PI,HTTPS://X.COM/MARCOSFONSECAPI | HTTPS://WWW.INSTAGRAM.COM/MARCOS_AURELIO_PROFESSOR?IGSH=AWH4N29REGD4YTNI,918000,10000,4600,,17/09/2026,https://divulgacandcontas.tse.jus.br/divulga/#/candidato/NORDESTE/PI/20322002026/180002548564/2026/PI
180002554035,Ensino Médio completo,Servidor Público Estadual,Solteiro(a),PARDA,1986-03-10,https://divulgacandcontas.tse.jus.br/divulga/rest/arquivo/img/20322002026/180002554035/PI,,,20000,4000,,13/09/2026,https://divulgacandcontas.tse.jus.br/divulga/#/candidato/NORDESTE/PI/20322002026/180002554035/2026/PI
180002541695,Superior completo,Advogado,Solteiro(a),PARDA,1981-09-09,https://divulgacandcontas.tse.jus.br/divulga/rest/arquivo/img/20322002026/180002541695/PI,,20894.71,,,,1989-12-31,https://divulgacandcontas.tse.jus.br/divulga/#/candidato/NORDESTE/PI/20322002026/180002541695/2026/PI
180002541694,Ensino Médio incompleto,Outros,Solteiro(a),PRETA,1985-05-21,https://divulgacandcontas.tse.jus.br/divulga/rest/arquivo/img/20322002026/180002541694/PI,https://INSTAGRAM.COM/ALEXANDRE21048,85525.08,,,,11/09/2026,https://divulgacandcontas.tse.jus.br/divulga/#/candidato/NORDESTE/PI/20322002026/180002541694/2026/PI
180002548690,Ensino Médio completo,Comerciante,Casado(a),PARDA,1973-09-07,https://divulgacandcontas.tse.jus.br/divulga/rest/arquivo/img/20322002026/180002548690/PI,"https://INSTAGRAM, FACEBOOK E YOUTUBE:@NATANAELVIDABOA",514900,100200,90332,90332,13/09/2026,https://divulgacandcontas.tse.jus.br/divulga/#/candidato/NORDESTE/PI/20322002026/180002548690/2026/PI
180002548688,Ensino Fundamental completo,Empresário,Casado(a),PARDA,1968-01-06,https://divulgacandcontas.tse.jus.br/divulga/rest/arquivo/img/20322002026/180002548688/PI,,,100000,64752,36252,13/09/2026,https://divulgacandcontas.tse.jus.br/divulga/#/candidato/NORDESTE/PI/20322002026/180002548688/2026/PI
180002533967,Superior completo,Senador,Casado(a),BRANCA,1950-06-09,https://divulgacandcontas.tse.jus.br/divulga/rest/arquivo/img/20322002026/180002533967/PI,HTTPS://BSKY.APP/PROFILE/MARCELOCASTROPI.BSKY.SOCIAL | HTTPS://WWW.YOUTUBE.COM/PLAYLIST?LIST=PLLLNYTNGOQIYZ4QOKNC9KMO78SW4DDTJ9 | HTTPS://WWW.FACEBOOK.COM/MARCELOCASTROPIAUII/?LOCALE=PT_BR | HTTPS://X.COM/MARCELOCASTROPI?S=11&T=CQ2F1NNPNQVXFJPR7HUCQA | HTTPS://MARCELOCASTROPIAUI.COM.BR | HTTPS://WWW.INSTAGRAM.COM/MARCELOCASTROPI/ | HTTPS://WWW.TIKTOK.COM/@MARCELOCASTROPI?_R=1&_T=ZS-98RKE3DBVFR | HTTPS://WWW.FLICKR.COM/PHOTOS/SENADORMARCELOCASTRO/ | HTTPS://WWW.THREADS.COM/@MARCELOCASTROPI?IGSHID=NTC4MTIWNJQ2YQ==,16046199.1,3155508.05,2253438.5,1501849.16,12/09/2026,https://divulgacandcontas.tse.jus.br/divulga/#/candidato/NORDESTE/PI/20322002026/180002533967/2026/PI
180002540446,Superior completo,Empresário,Casado(a),BRANCA,1968-11-21,https://divulgacandcontas.tse.jus.br/divulga/rest/arquivo/img/20322002026/180002540446/PI,HTTPS://WWW.TIKTOK.COM/@CIRONOGUEIRAOFICIAL | https://www.instagram.com/piauicomciro/ | https://music.apple.com/br/artist/ciro-nogueira/6796064638 | https://open.spotify.com/show/5bmOFg0tUNssISIp4sF17i | https://www.instagram.com/picoscomciro/ | https://www.instagram.com/meusenadorciro/ | https://www.deezer.com/br/artist/406982592 | https://www.instagram.com/euecascadebalapi/ | https://www.kwai.com/@cironogueiraoficial | HTTPS://WWW.THREADS.COM/@CIRONOGUEIRAPIAUI | https://www.instagram.com/teresinacomciro/ | HTTPS://WWW.INSTAGRAM.COM/CIRONOGUEIRAPIAUI/ | https://www.instagram.com/cirosenadordagente | https://www.instagram.com/tocomciropi | https://music.amazon.com.br/artists/B0HFFJQRRY | https://tidal.com/artist/83597958 | https://chat.whatsapp.com/B6hMy7RfQ0k7un03Q3DxBa?s=cl&p=i&mlu=4&ilr=4 | https://tocomciro111.com/ | HTTPS://WWW.THREADS.COM/@CIRONOGUEIRA | HTTPS://CIRONOGUEIRA.COM.BR | https://www.instagram.com/cocadadociro?igsi=MXBwenpob2NmMWpxbA%3D%3D&utm_source=qr | https://whatsapp.com/channel/0029VbARor0HLHQf2aED720Y | https://open.spotify.com/intl-pt/artist/7dlUudRIBl00BrqUIrC58m?si=6PqkrvdLSj-drG5bMv0sHQ | HTTPS://X.COM/CIRO_NOGUEIRA | HTTPS://CIRONOGUEIRA.COM.BR/ | HTTPS://WWW.YOUTUBE.COM/@CIRONOGUEIRAOFICIAL | https://www.facebook.com/cironogueirapiaui | HTTPS://WWW.FACEBOOK.COM/CIRONOGUEIRA/?LOCALE=PT_BR | HTTPS://X.COM/CIRONOGUEIRAPI | https://www.instagram.com/amigosdociropi/ | https://linktr.ee/cironogueira111 | https://drive.google.com/drive/u/2/folders/137daWEoQ4ISC6pswO66zgLU5-sAHjNp7 | https://www.instagram.com/parnaibacomciro/ | https://www.instagram.com/cironogueira/ | https://www.instagram.com/florianocomciro/,34610258.62,3818280.53,1464650.97,1132833.56,12/09/2026,https://divulgacandcontas.tse.jus.br/divulga/#/candidato/NORDESTE/PI/20322002026/180002540446/2026/PI
180002551953,Ensino Médio incompleto,Outros,Solteiro(a),PARDA,1977-05-03,https://divulgacandcontas.tse.jus.br/divulga/rest/arquivo/img/20322002026/180002551953/PI,https://www.instagram.com/ariana.soares.16/ | https://www.instagram.com/bancadafeminista.pi/,,15028.1,8980,6680,13/09/2026,https://divulgacandcontas.tse.jus.br/divulga/#/candidato/NORDESTE/PI/20322002026/180002551953/2026/PI
180002536234,Superior completo,Outros,Casado(a),BRANCA,1957-12-30,https://divulgacandcontas.tse.jus.br/divulga/rest/arquivo/img/20322002026/180002536234/PI,HTTPS://WWW.INSTAGRAM.COM/THEMISTOCLESFILHOPI/ | HTTPS://WWW.TIKTOK.COM/@THEMISTOCLESFILHO | HTTPS://WWW.FACEBOOK.COM/THEMISTOCLESFILHOPI,1227790.42,617000,246934.26,83957.26,12/09/2026,https://divulgacandcontas.tse.jus.br/divulga/#/candidato/NORDESTE/PI/20322002026/180002536234/2026/PI
180002536229,Superior completo,Deputado,Casado(a),BRANCA,1969-01-08,https://divulgacandcontas.tse.jus.br/divulga/rest/arquivo/img/20322002026/180002536229/PI,HTTPS://K.KWAI.COM/U/@GESSIVALDOISAIAS/70ECUXH0 | HTTPS://WWW.THREADS.COM/@GESSIVALDOISAIAS | HTTPS://GESSIVALDOISAIAS.COM.BR/ | https://youtube.com/@gessivaldoisaias3309?si=hDlHLQIgx1kkixoc | HTTPS://WWW.FACEBOOK.COM/GESSIVALDOISAIAS | HTTPS://WWW.TIKTOK.COM/@GESSIVALDO.ISAIAS?_R=1&_T=ZS-98F7KKFCWSW | HTTPS://WWW.INSTAGRAM.COM/GESSIVALDOISAIAS | HTTPS://WWW.FACEBOOK.COM/SHARE/194JLYA1X8/ | HTTPS://WWW.KWAI.COM/@GESSIVALDOISAIAS,308010,250015.25,183866.49,96381.53,12/09/2026,https://divulgacandcontas.tse.jus.br/divulga/#/candidato/NORDESTE/PI/20322002026/180002536229/2026/PI
180002536232,Ensino Médio completo,Policial Militar,Solteiro(a),PARDA,1973-10-23,https://divulgacandcontas.tse.jus.br/divulga/rest/arquivo/img/20322002026/180002536232/PI,HTTPS://WWW.FACEBOOK.COM/JUNIOR.TRINCA.9/ | HTTPS://WWW.INSTAGRAM.COM/JUNIOR.TRINCA.9,15400,100000,16970,4470,13/09/2026,https://divulgacandcontas.tse.jus.br/divulga/#/candidato/NORDESTE/PI/20322002026/180002536232/2026/PI
180002536222,Superior incompleto,Diretor de Empresas,Casado(a),BRANCA,1961-11-05,https://divulgacandcontas.tse.jus.br/divulga/rest/arquivo/img/20322002026/180002536222/PI,HTTPS://WWW.INSTAGRAM.COM/MAURO_TAPETY_/,477887.14,241840,123503.95,71587.67,13/09/2026,https://divulgacandcontas.tse.jus.br/divulga/#/candidato/NORDESTE/PI/20322002026/180002536222/2026/PI
180002536228,Superior completo,Advogado,Divorciado(a),PARDA,1974-04-02,https://divulgacandcontas.tse.jus.br/divulga/rest/arquivo/img/20322002026/180002536228/PI,HTTPS://WWW.FACEBOOK.COM/ZIZACARVALHOPI | HTTPS://ZIZACARVALHO.COM.BR/ | HTTPS://WWW.INSTAGRAM.COM/ZIZA_CARVALHO_OFICIAL/,2521679.7600000002,240840,215730,10000,12/09/2026,https://divulgacandcontas.tse.jus.br/divulga/#/candidato/NORDESTE/PI/20322002026/180002536228/2026/PI
180002553972,Ensino Médio completo,Policial Militar,Solteiro(a),PARDA,1977-04-30,https://divulgacandcontas.tse.jus.br/divulga/rest/arquivo/img/20322002026/180002553972/PI,HTTPS://WWW.INSTAGRAM.COM/SOUELIZANGELA77?IGSH=BHEXDW5HM2ZMN2Y3,453012,50000,1340,1340,13/09/2026,https://divulgacandcontas.tse.jus.br/divulga/#/candidato/NORDESTE/PI/20322002026/180002553972/2026/PI
180002533551,Superior completo,Médico,Solteiro(a),PARDA,1986-12-11,https://divulgacandcontas.tse.jus.br/divulga/rest/arquivo/img/20322002026/180002533551/PI,HTTPS://WWW.TIKTOK.COM/@DRTHALESCOELHO | HTTPS://WWW.INSTAGRAM.COM/DRTHALESCOELHO | HTTPS://WWW.THALESCOELHO.COM.BR | HTTPS://X.COM/DRTHALESCOELHO | HTTPS://WWW.FACEBOOK.COM/DRTHALESCOELHO,1583395.45,451222.17,655660.85,117989,12/09/2026,https://divulgacandcontas.tse.jus.br/divulga/#/candidato/NORDESTE/PI/20322002026/180002533551/2026/PI
180002533545,Superior completo,Médico,Divorciado(a),BRANCA,1985-10-04,https://divulgacandcontas.tse.jus.br/divulga/rest/arquivo/img/20322002026/180002533545/PI,https://www.tiktok.com/@dr.marcusviniciuskalume?_r=1&_t=ZS-98u5JWxk6Uu | https://www.threads.com/@drmarcusvkalume | HTTPS://WWW.INSTAGRAM.COM/DRMARCUSVKALUME?IGSH=MTZ1ZMJ6BNRQBMZPAA== | https://k.kwai.com/u/@marcuskalume/wCpc7tA1 | https://www.facebook.com/share/1MC79SDCdm/?mibextid=wwXIfr,1207658.28,125528.75,130270.5,70270.5,12/09/2026,https://divulgacandcontas.tse.jus.br/divulga/#/candidato/NORDESTE/PI/20322002026/180002533545/2026/PI
180002533557,Superior completo,Advogado,Casado(a),PRETA,1985-08-27,https://divulgacandcontas.tse.jus.br/divulga/rest/arquivo/img/20322002026/180002533557/PI,https://www.tiktok.com/@vereadorenzosamuel?_r=1&_t=ZS-98CHubDsIFT | https://INSTRAGAM.COM/ENZOSAMUEL.OFC/FACEBOOK.COM/ENZOSAMUEL.OFC | https://x.com/enzosamuelthe | https://www.instagram.com/enzosamuel.ofc?igsh=MTIyMWluMjhkNTBoeA== | https://k.kwai.com/u/@Vereador_enzosamuel/RVICzA9U | https://www.facebook.com/Enzosamuel.ofc/,1504646.61,72916,276014.49,,17/09/2026,https://divulgacandcontas.tse.jus.br/divulga/#/candidato/NORDESTE/PI/20322002026/180002533557/2026/PI
180002533563,Superior completo,Vereador,Casado(a),PARDA,1983-02-14,https://divulgacandcontas.tse.jus.br/divulga/rest/arquivo/img/20322002026/180002533563/PI,https://INSTAGRAM.COM/ELZUILAC | https://FACEBOOK.COM/ELZUILA,481053.85,462761.54,266595.14,226261.81,12/09/2026,https://divulgacandcontas.tse.jus.br/divulga/#/candidato/NORDESTE/PI/20322002026/180002533563/2026/PI
180002533542,Superior completo,Aposentado (Exceto Servidor Público),Casado(a),BRANCA,1960-02-28,https://divulgacandcontas.tse.jus.br/divulga/rest/arquivo/img/20322002026/180002533542/PI,https://@DRALEIDADINIZ/FACEBOOK: LEIDA MARIA DE OLIVEIRA DINIZ,528521.39,,,,12/09/2026,https://divulgacandcontas.tse.jus.br/divulga/#/candidato/NORDESTE/PI/20322002026/180002533542/2026/PI
180002554006,Superior completo,Advogado,Casado(a),PARDA,1972-04-28,https://divulgacandcontas.tse.jus.br/divulga/rest/arquivo/img/20322002026/180002554006/PI,https://www.instagram.com/otonielbisnetoprado/,11711.03,5970,970,970,13/09/2026,https://divulgacandcontas.tse.jus.br/divulga/#/candidato/NORDESTE/PI/20322002026/180002554006/2026/PI
180002534810,Superior incompleto,Empresário,Solteiro(a),PARDA,1992-10-21,https://divulgacandcontas.tse.jus.br/divulga/rest/arquivo/img/20322002026/180002534810/PI,https://x.com/dragaalana | https://www.instagram.com/eduardodragaalana | https://www.facebook.com/61554329200161/ | https://www.tiktok.com/@dragaalana,2184500,171200,246191.6,94864.6,12/09/2026,https://divulgacandcontas.tse.jus.br/divulga/#/candidato/NORDESTE/PI/20322002026/180002534810/2026/PI
180002552113,Superior completo,Aposentado (Exceto Servidor Público),Divorciado(a),BRANCA,1955-03-10,https://divulgacandcontas.tse.jus.br/divulga/rest/arquivo/img/20322002026/180002552113/PI,,390000,5400,,,17/09/2026,https://divulgacandcontas.tse.jus.br/divulga/#/candidato/NORDESTE/PI/20322002026/180002552113/2026/PI
180002539037,Ensino Médio completo,Empresário,Solteiro(a),PARDA,1981-12-18,https://divulgacandcontas.tse.jus.br/divulga/rest/arquivo/img/20322002026/180002539037/PI,HTTPS://KWAI-VIDEO@CHICOPANCA/E3VSCCX | https://INSTAGRAM: @UMGPB | https://@CHICOPANCATERESINA | https://HTTPS:WWW.YOUTUBE.COM@CHICOPANCATERESINA | https://INSTAGRAM:@CHICO_PANCA_2022 | https://TIKTOK.COM@CHICOPANCA5123,,147931.67,59039.35,59039.35,13/09/2026,https://divulgacandcontas.tse.jus.br/divulga/#/candidato/NORDESTE/PI/20322002026/180002539037/2026/PI
180002539021,Superior completo,Professor de Ensino Médio,Casado(a),BRANCA,1983-12-25,https://divulgacandcontas.tse.jus.br/divulga/rest/arquivo/img/20322002026/180002539021/PI,https://www.facebook.com/juniorpercy.percy/ | HTTPS://WWW.INSTAGRAM.COM/JUNIORPERCY11/ | https://www.facebook.com/JuniorPercyOficial/,751314.74,1078675.67,641140.72,515308.22,13/09/2026,https://divulgacandcontas.tse.jus.br/divulga/#/candidato/NORDESTE/PI/20322002026/180002539021/2026/PI
180002539039,Superior completo,Jornalista e Redator,Casado(a),PRETA,1952-04-21,https://divulgacandcontas.tse.jus.br/divulga/rest/arquivo/img/20322002026/180002539039/PI,HTTPS://WWW.INSTAGRAM.COM/PEDROALCANTARA.PI/ | https://www.facebook.com/share/1JgRGHxvAy/?mibextid=wwXIfr | HTTPS://WWW.TIKTOK.COM/SEARCH?Q=PEDRO_ALCANTARA_PI&T=1785803290024,125002.55,952675.67,397065.67,342565.67,11/09/2026,https://divulgacandcontas.tse.jus.br/divulga/#/candidato/NORDESTE/PI/20322002026/180002539039/2026/PI
180002540683,Ensino Médio completo,"Porteiro de Edifício, Ascensorista, Garagista e Zelador",Casado(a),PARDA,1969-05-25,https://divulgacandcontas.tse.jus.br/divulga/rest/arquivo/img/20322002026/180002540683/PI,https://INSTAGRAM.COM/VALDIVINOBAR007,1372.2,,,,10/09/2026,https://divulgacandcontas.tse.jus.br/divulga/#/candidato/NORDESTE/PI/20322002026/180002540683/2026/PI
180002540680,Ensino Médio completo,Policial Militar,Solteiro(a),PRETA,1970-11-01,https://divulgacandcontas.tse.jus.br/divulga/rest/arquivo/img/20322002026/180002540680/PI,https://FACEBOOK.COM/GALIANA.COSTA | https://INSTAGRAM.COM/GALIANACOSTA,100,,,,10/09/2026,https://divulgacandcontas.tse.jus.br/divulga/#/candidato/NORDESTE/PI/20322002026/180002540680/2026/PI
180002540686,Superior completo,Advogado,Casado(a),PRETA,1970-03-08,https://divulgacandcontas.tse.jus.br/divulga/rest/arquivo/img/20322002026/180002540686/PI,https://INSTAGRAM.COM/CICEROROMAOADV,120.85,,,,10/09/2026,https://divulgacandcontas.tse.jus.br/divulga/#/candidato/NORDESTE/PI/20322002026/180002540686/2026/PI
180002533196,Superior completo,Deputado,Casado(a),PARDA,1993-11-23,https://divulgacandcontas.tse.jus.br/divulga/rest/arquivo/img/20322002026/180002533196/PI,,2731058.18,1453713.4,1491844.51,99504.13,13/09/2026,https://divulgacandcontas.tse.jus.br/divulga/#/candidato/NORDESTE/PI/20322002026/180002533196/2026/PI
180002536459,Superior completo,Advogado,Casado(a),BRANCA,1986-05-02,https://divulgacandcontas.tse.jus.br/divulga/rest/arquivo/img/20322002026/180002536459/PI,HTTPS://WWW.INSTAGRAM.COM/VENANCIOCARDOSOPI/,894099.9,1037215.75,349843.37,183496.37,13/09/2026,https://divulgacandcontas.tse.jus.br/divulga/#/candidato/NORDESTE/PI/20322002026/180002536459/2026/PI
180002532476,Superior completo,Deputado,Casado(a),BRANCA,1958-09-17,https://divulgacandcontas.tse.jus.br/divulga/rest/arquivo/img/20322002026/180002532476/PI,HTTPS://X.COM/MERLONGSOLANO | HTTPS://WWW.INSTAGRAM.COM/MERLONGSOLANO/ | HTTPS://MERLONGSOLANO.COM.BR/ | HTTPS://WWW.FACEBOOK.COM/MERLONGSOLANO/,1047959.9,1967885,1739277.34,1358527.34,12/09/2026,https://divulgacandcontas.tse.jus.br/divulga/#/candidato/NORDESTE/PI/20322002026/180002532476/2026/PI
180002533972,Superior completo,Empresário,Divorciado(a),BRANCA,1972-10-27,https://divulgacandcontas.tse.jus.br/divulga/rest/arquivo/img/20322002026/180002533972/PI,HTTPS://WWW.LINKEDIN.COM/IN/JEFFERSONCSILVA | HTTPS://WWW.FACEBOOK.COM/JEFFERSONCSILVA | HTTPS://WWW.INSTAGRAM.COM/JEFFCARVALHOOFICIAL,800000,,,,09/09/2026,https://divulgacandcontas.tse.jus.br/divulga/#/candidato/NORDESTE/PI/20322002026/180002533972/2026/PI
180002534435,Ensino Médio completo,Outros,Casado(a),PRETA,1982-07-30,https://divulgacandcontas.tse.jus.br/divulga/rest/arquivo/img/20322002026/180002534435/PI,HTTPS://WWW.TIKTOK.COM/@TON.SOUSA033,20000,4500,,,12/09/2026,https://divulgacandcontas.tse.jus.br/divulga/#/candidato/NORDESTE/PI/20322002026/180002534435/2026/PI
180002547867,Superior incompleto,"Estudante, Bolsista, Estagiário e Assemelhados",Solteiro(a),BRANCA,2002-06-27,https://divulgacandcontas.tse.jus.br/divulga/rest/arquivo/img/20322002026/180002547867/PI,https://x.com/giordanmes | https://www.youtube.com/@giordanmes | https://https://instagram.com/giordanmes https://tiktok.com/@giordanmes https://facebook.com/giordanmes https://youtube.com/@giordanmes https://x.com/giordanmes | https://www.tiktok.com/@giordanmes | https://www.facebook.com/giordanmes | https://www.instagram.com/giordanmes,,3704.78,1078.44,1078.44,14/09/2026,https://divulgacandcontas.tse.jus.br/divulga/#/candidato/NORDESTE/PI/20322002026/180002547867/2026/PI
180002552086,Superior incompleto,"Estudante, Bolsista, Estagiário e Assemelhados",Solteiro(a),PRETA,1997-10-10,https://divulgacandcontas.tse.jus.br/divulga/rest/arquivo/img/20322002026/180002552086/PI,HTTPS://WWW.INSTAGRAM.COM/DARAANETO/,293.75,2050,,,17/09/2026,https://divulgacandcontas.tse.jus.br/divulga/#/candidato/NORDESTE/PI/20322002026/180002552086/2026/PI
180002548572,Superior completo,Torneiro Mecânico,Casado(a),PARDA,1963-03-18,https://divulgacandcontas.tse.jus.br/divulga/rest/arquivo/img/20322002026/180002548572/PI,https://www.instagram.com/joaquim_saraiva60/ | HTTP://WWW.INSTAGRAM.COM/JOAQUIM_SARAIVA60,,,,,13/09/2026,https://divulgacandcontas.tse.jus.br/divulga/#/candidato/NORDESTE/PI/20322002026/180002548572/2026/PI
180002548580,Superior completo,Empresário,Divorciado(a),BRANCA,1959-04-09,https://divulgacandcontas.tse.jus.br/divulga/rest/arquivo/img/20322002026/180002548580/PI,HTTP://WWW.INSTAGRAM.COM/ALVESJESUSRODRIGUES,1460522.74,18100,12391.5,12391.5,13/09/2026,https://divulgacandcontas.tse.jus.br/divulga/#/candidato/NORDESTE/PI/20322002026/180002548580/2026/PI
180002552093,Superior completo,Empresário,Solteiro(a),PARDA,1989-05-22,https://divulgacandcontas.tse.jus.br/divulga/rest/arquivo/img/20322002026/180002552093/PI,,,,,,,https://divulgacandcontas.tse.jus.br/divulga/#/candidato/NORDESTE/PI/20322002026/180002552093/2026/PI
180002550677,Ensino Médio completo,Comerciante,Divorciado(a),PARDA,1973-10-24,https://divulgacandcontas.tse.jus.br/divulga/rest/arquivo/img/20322002026/180002550677/PI,HTTPS://WWW.INSTAGRAM.COM/CRISTIANOFOLHA_,,,,,1989-12-31,https://divulgacandcontas.tse.jus.br/divulga/#/candidato/NORDESTE/PI/20322002026/180002550677/2026/PI
180002550676,Ensino Médio completo,Administrador,Solteiro(a),PARDA,1991-10-15,https://divulgacandcontas.tse.jus.br/divulga/rest/arquivo/img/20322002026/180002550676/PI,HTTPS://WWW.INSTAGRAM.COM/DANIEL_PSOL,152000,9434.28,6825.03,6825.03,13/09/2026,https://divulgacandcontas.tse.jus.br/divulga/#/candidato/NORDESTE/PI/20322002026/180002550676/2026/PI
180002544103,Ensino Médio completo,Empresário,Casado(a),PARDA,1983-01-03,https://divulgacandcontas.tse.jus.br/divulga/rest/arquivo/img/20322002026/180002544103/PI,https://INSTAGRAM.COM/DIANACARVALHOOFICIAL | https://THREADS.COM/@DIANACARVALHOOFICIAL | https://YOUTUBE.COM/@PASTORADIANACARVALHO | https://FACEBOOK.COM/OFICIALDIANACARVALHO,,874800,266537,266537,11/09/2026,https://divulgacandcontas.tse.jus.br/divulga/#/candidato/NORDESTE/PI/20322002026/180002544103/2026/PI
180002541421,Superior completo,Policial Militar,Casado(a),PRETA,1974-08-18,https://divulgacandcontas.tse.jus.br/divulga/rest/arquivo/img/20322002026/180002541421/PI,https://INSTAGRAM.COM/BENE_MARQUESC,1,,,,11/09/2026,https://divulgacandcontas.tse.jus.br/divulga/#/candidato/NORDESTE/PI/20322002026/180002541421/2026/PI
180002552095,Superior completo,Servidor Público Municipal,Casado(a),PARDA,1979-02-13,https://divulgacandcontas.tse.jus.br/divulga/rest/arquivo/img/20322002026/180002552095/PI,https://www.facebook.com/share/1EgF3z9Prm/?mibextid=wwXIfr | https://www.instagram.com/professor.ximenes?igsi=OGI4NDFvZXBkbWx4,570980,,,,13/09/2026,https://divulgacandcontas.tse.jus.br/divulga/#/candidato/NORDESTE/PI/20322002026/180002552095/2026/PI
180002541693,Superior completo,Advogado,Casado(a),BRANCA,1967-02-16,https://divulgacandcontas.tse.jus.br/divulga/rest/arquivo/img/20322002026/180002541693/PI,https://FACEBOOK.COM/GILBERTO.MOREIRA.DE.SOUSA.2025 | https://INSTAGRAM.COM/GILBERTOMOREIRAADVOGADO | https://TIKTOK.COM/@GILBERTO.MOREIRA596,286623.98,,,,11/09/2026,https://divulgacandcontas.tse.jus.br/divulga/#/candidato/NORDESTE/PI/20322002026/180002541693/2026/PI
180002547863,Superior completo,Outros,Solteiro(a),BRANCA,1985-12-17,https://divulgacandcontas.tse.jus.br/divulga/rest/arquivo/img/20322002026/180002547863/PI,https://www.instagram.com/dionisiodopiaui?igsh=aGN0d2xqdzF0eWtv | https://www.facebook.com/dionisiocarvalhopiaui,,,,,09/09/2026,https://divulgacandcontas.tse.jus.br/divulga/#/candidato/NORDESTE/PI/20322002026/180002547863/2026/PI
180002548155,Superior completo,Outros,Separado(a) judicialmente,PARDA,1978-03-17,https://divulgacandcontas.tse.jus.br/divulga/rest/arquivo/img/20322002026/180002548155/PI,https://INSTAGRAM.COM/JARDENYABEZERRA | https://FACEBOOK.COM/JARDENYA.BEZERRA.9,334000,3000,3000,3000,11/09/2026,https://divulgacandcontas.tse.jus.br/divulga/#/candidato/NORDESTE/PI/20322002026/180002548155/2026/PI
180002548157,Superior incompleto,Outros,Casado(a),PRETA,1976-02-03,https://divulgacandcontas.tse.jus.br/divulga/rest/arquivo/img/20322002026/180002548157/PI,https://INSTAGRAM.COM/MISS.EVANDROCRAVEIRO | https://INSTAGRAM.COM/EVANDROVOZESDOPIAUI,100000,,,,11/09/2026,https://divulgacandcontas.tse.jus.br/divulga/#/candidato/NORDESTE/PI/20322002026/180002548157/2026/PI
180002550979,Ensino Médio completo,Agricultor,Casado(a),PRETA,1975-07-13,https://divulgacandcontas.tse.jus.br/divulga/rest/arquivo/img/20322002026/180002550979/PI,HTTPS://WWW.INSTAGRAM.COM/FRANCINALDOPSOL/,,45500,44625.5,40725.5,13/09/2026,https://divulgacandcontas.tse.jus.br/divulga/#/candidato/NORDESTE/PI/20322002026/180002550979/2026/PI
180002532987,Superior completo,Governador,Casado(a),BRANCA,1985-05-06,https://divulgacandcontas.tse.jus.br/divulga/rest/arquivo/img/20322002026/180002532987/PI,HTTPS://WWW.THREADS.COM/@RAFAEL.FONTELES | HTTPS://X.COM/RAFAELFONTELES_ | HTTPS://WWW.INSTAGRAM.COM/RAFAEL.FONTELES/ | HTTPS://WWW.FACEBOOK.COM/RAFAELFONTELESPI | HTTPS://WWW.YOUTUBE.COM/@RAFAELFONTELES | HTTPS://OPEN.SPOTIFY.COM/SHOW/1LHFAN1LK7SYAECXFVIWLJ?SI=5YBKCILXTRWL4GPKD5J8YW&U | HTTPS://K.KWAI.COM/U/@RAFAELFONTELELES/WWCQEXHU | HTTPS://WWW.TIKTOK.COM/@RAFAELFONTELESPI,1799948.6,2070609.46,5632064.13,1271466.95,17/09/2026,https://divulgacandcontas.tse.jus.br/divulga/#/candidato/NORDESTE/PI/20322002026/180002532987/2026/PI
180002544216,Superior completo,Médico,Casado(a),BRANCA,1964-11-03,https://divulgacandcontas.tse.jus.br/divulga/rest/arquivo/img/20322002026/180002544216/PI,HTTPS://WWW.INSTAGRAM.COM/DRALUCIASANTOS/ | https://www.youtube.com/@dra.luciasantos,799134.68,87500,57302,6171,12/09/2026,https://divulgacandcontas.tse.jus.br/divulga/#/candidato/NORDESTE/PI/20322002026/180002544216/2026/PI
180002548388,Superior completo,Advogado,Casado(a),PARDA,1986-05-15,https://divulgacandcontas.tse.jus.br/divulga/rest/arquivo/img/20322002026/180002548388/PI,https://FACEBOOK.COM/DRARAVENNACASTRO | https://INSTAGRAM.COM/RAVENNACASTROPI | https://INSTAGRAM.COM/RAVENNA_DA_INCLUSAO,91600.52,,,,11/09/2026,https://divulgacandcontas.tse.jus.br/divulga/#/candidato/NORDESTE/PI/20322002026/180002548388/2026/PI
180002551950,Ensino Médio completo,Dona de Casa,Solteiro(a),PARDA,1986-09-06,https://divulgacandcontas.tse.jus.br/divulga/rest/arquivo/img/20322002026/180002551950/PI,HTTPS://WWW.INSTAGRAM.COM/MAYL_SIL,,15528.1,15528.1,15528.1,13/09/2026,https://divulgacandcontas.tse.jus.br/divulga/#/candidato/NORDESTE/PI/20322002026/180002551950/2026/PI
180002536230,Superior completo,Administrador,Casado(a),BRANCA,1988-09-20,https://divulgacandcontas.tse.jus.br/divulga/rest/arquivo/img/20322002026/180002536230/PI,HTTPS://WWW.FACEBOOK.COM/DOGIMFELIX | HTTPS://WWW.INSTAGRAM.COM/DOGIMFELIX/,1769792.19,374895,161727.34,85527.34,16/09/2026,https://divulgacandcontas.tse.jus.br/divulga/#/candidato/NORDESTE/PI/20322002026/180002536230/2026/PI
180002533564,Superior completo,Advogado,Casado(a),PARDA,1993-06-14,https://divulgacandcontas.tse.jus.br/divulga/rest/arquivo/img/20322002026/180002533564/PI,https://@BRENOMACEDOPI | https://brenomacedopi.com.br,2081162.74,94923.25,441477.03,13547.43,12/09/2026,https://divulgacandcontas.tse.jus.br/divulga/#/candidato/NORDESTE/PI/20322002026/180002533564/2026/PI
180002533544,Superior completo,Deputado,Solteiro(a),PARDA,1977-03-12,https://divulgacandcontas.tse.jus.br/divulga/rest/arquivo/img/20322002026/180002533544/PI,HTTPS://FACEBOOK.COM/RUBENSVIEIRAPI | HTTPS://WWW.THREADS.COM/@RUBENJPVIEIRA | HTTPS://RUBENSVIEIRAPI.COM | HTTPS://WWW.INSTAGRAM.COM/RUBENSVIEIRAPI/,965059.21,383855,532516.22,283938.41,17/09/2026,https://divulgacandcontas.tse.jus.br/divulga/#/candidato/NORDESTE/PI/20322002026/180002533544/2026/PI
180002533559,Superior completo,Deputado,Casado(a),PARDA,1979-09-01,https://divulgacandcontas.tse.jus.br/divulga/rest/arquivo/img/20322002026/180002533559/PI,HTTPS://X.COM/DRVINICIUSPI | HTTPS://WWW.YOUTUBE.COM/@DRVINICIUSNASCIMENTOPI | HTTPS://WWW.INSTAGRAM.COM/DRVINICIUSNASCIMENTOPI | HTTPS://WWW.KWAI.COM/@DRVINICIUSNASCIMENTO | HTTPS://WWW.TIKTOK.COM/@DRVINICIUSNASCIMENTO | HTTPS://WWW.FACEBOOK.COM/DRVINICIUSNASCIMENTOPI,995000,366096.6,383791.84,38500,12/09/2026,https://divulgacandcontas.tse.jus.br/divulga/#/candidato/NORDESTE/PI/20322002026/180002533559/2026/PI
180002533554,Superior completo,Psicólogo,Casado(a),PARDA,1959-12-03,https://divulgacandcontas.tse.jus.br/divulga/rest/arquivo/img/20322002026/180002533554/PI,HTTPS://WWW.FACEBOOK.COM/SHARE/1BZMSQZP99/ | HTTPS://WWW.INSTAGRAM.COM/TERESABRITTO_/,416290.1,884950,553519.34,249819.34,13/09/2026,https://divulgacandcontas.tse.jus.br/divulga/#/candidato/NORDESTE/PI/20322002026/180002533554/2026/PI
180002534817,Superior completo,Diretor de Empresas,Solteiro(a),PARDA,1979-05-02,https://divulgacandcontas.tse.jus.br/divulga/rest/arquivo/img/20322002026/180002534817/PI,,643000,167505,130208.2,129523.2,13/09/2026,https://divulgacandcontas.tse.jus.br/divulga/#/candidato/NORDESTE/PI/20322002026/180002534817/2026/PI
180002534819,Superior completo,Assistente Social,Divorciado(a),BRANCA,1965-09-23,https://divulgacandcontas.tse.jus.br/divulga/rest/arquivo/img/20322002026/180002534819/PI,,407346,331452,476171.36,165434.88,17/09/2026,https://divulgacandcontas.tse.jus.br/divulga/#/candidato/NORDESTE/PI/20322002026/180002534819/2026/PI
180002534818,Superior completo,Produtor Agropecuário,Casado(a),PARDA,1978-09-16,https://divulgacandcontas.tse.jus.br/divulga/rest/arquivo/img/20322002026/180002534818/PI,,679000,175615.75,144975.09,136257.2,13/09/2026,https://divulgacandcontas.tse.jus.br/divulga/#/candidato/NORDESTE/PI/20322002026/180002534818/2026/PI
180002548637,Superior completo,Eletricista e Assemelhados,Casado(a),PARDA,1995-06-08,https://divulgacandcontas.tse.jus.br/divulga/rest/arquivo/img/20322002026/180002548637/PI,https://LIMADIEGO.VITOR@GMAIL.COM,,100000,51870,51870,13/09/2026,https://divulgacandcontas.tse.jus.br/divulga/#/candidato/NORDESTE/PI/20322002026/180002548637/2026/PI
180002548636,Superior incompleto,Representante Comercial,Casado(a),BRANCA,1964-10-16,https://divulgacandcontas.tse.jus.br/divulga/rest/arquivo/img/20322002026/180002548636/PI,https://TIKTOK ¿ MARAZZOPLPIAUI | https://THREADS ¿ MARAZZOPLPIAUI | https://KWAI ¿ MARAZZOPLPIAUI | https://INSTAGRAM ¿ MARAZZOPLPIAUI | https://YOUTUBE ¿ MARAZZOPIAUI,,100000,42368,42368,12/09/2026,https://divulgacandcontas.tse.jus.br/divulga/#/candidato/NORDESTE/PI/20322002026/180002548636/2026/PI
180002548650,Ensino Médio completo,"Estudante, Bolsista, Estagiário e Assemelhados",Solteiro(a),BRANCA,1969-04-13,https://divulgacandcontas.tse.jus.br/divulga/rest/arquivo/img/20322002026/180002548650/PI,,113000,100000,98206.61,98206.61,11/09/2026,https://divulgacandcontas.tse.jus.br/divulga/#/candidato/NORDESTE/PI/20322002026/180002548650/2026/PI
180002548640,Ensino Médio incompleto,"Estudante, Bolsista, Estagiário e Assemelhados",Solteiro(a),BRANCA,2005-11-05,https://divulgacandcontas.tse.jus.br/divulga/rest/arquivo/img/20322002026/180002548640/PI,,,300000,89366.01,89366.01,11/09/2026,https://divulgacandcontas.tse.jus.br/divulga/#/candidato/NORDESTE/PI/20322002026/180002548640/2026/PI
180002548651,Superior completo,Enfermeiro,Viúvo(a),PARDA,1962-02-20,https://divulgacandcontas.tse.jus.br/divulga/rest/arquivo/img/20322002026/180002548651/PI,,160000,700000,74000,49000,11/09/2026,https://divulgacandcontas.tse.jus.br/divulga/#/candidato/NORDESTE/PI/20322002026/180002548651/2026/PI
180002548646,Superior completo,Empresário,Casado(a),BRANCA,1992-10-07,https://divulgacandcontas.tse.jus.br/divulga/rest/arquivo/img/20322002026/180002548646/PI,https://INSTAGRAM: @FRIDADIEDRICH,,1100000,1043782,1023782,13/09/2026,https://divulgacandcontas.tse.jus.br/divulga/#/candidato/NORDESTE/PI/20322002026/180002548646/2026/PI
180002548641,Superior completo,Administrador,Solteiro(a),PRETA,1982-03-28,https://divulgacandcontas.tse.jus.br/divulga/rest/arquivo/img/20322002026/180002548641/PI,https://INSTAGRAM: @FLAVIAMOITAA,,701970.55,78378.6,15013.6,13/09/2026,https://divulgacandcontas.tse.jus.br/divulga/#/candidato/NORDESTE/PI/20322002026/180002548641/2026/PI
180002552106,Ensino Médio completo,Jornalista e Redator,Casado(a),BRANCA,1965-11-13,https://divulgacandcontas.tse.jus.br/divulga/rest/arquivo/img/20322002026/180002552106/PI,HTTP://WWW.INSTAGRAM.COM/REPORTER_DO_POVAO,15000,5000,5000,,17/09/2026,https://divulgacandcontas.tse.jus.br/divulga/#/candidato/NORDESTE/PI/20322002026/180002552106/2026/PI
180002551958,Superior incompleto,Outros,Casado(a),PARDA,1989-04-11,https://divulgacandcontas.tse.jus.br/divulga/rest/arquivo/img/20322002026/180002551958/PI,,,11382.98,5000,,15/09/2026,https://divulgacandcontas.tse.jus.br/divulga/#/candidato/NORDESTE/PI/20322002026/180002551958/2026/PI
180002539034,Ensino Médio completo,Dona de Casa,Solteiro(a),PRETA,1972-10-19,https://divulgacandcontas.tse.jus.br/divulga/rest/arquivo/img/20322002026/180002539034/PI,https://www.instagram.com/anacristina.ferreira.752673216?igsi=aWZ5OTNtaXBwYmFh | https://www.instagram.com/tinadoscarroceiros?stkn=MXRhNDdtYXplNGIweQ%3D%3D&utm_source=qr,130000,248809.13,52947.5,34947.5,13/09/2026,https://divulgacandcontas.tse.jus.br/divulga/#/candidato/NORDESTE/PI/20322002026/180002539034/2026/PI
180002539015,Ensino Médio incompleto,Artesão,Casado(a),PRETA,1993-07-30,https://divulgacandcontas.tse.jus.br/divulga/rest/arquivo/img/20322002026/180002539015/PI,HTTPS://WWW.INSTAGRAM.COM/EMBAIXADORADOREINNO/ | https://www.facebook.com/share/17j7TCreCq/?mibextid=wwXIfr,,667375.67,134956,119956,12/09/2026,https://divulgacandcontas.tse.jus.br/divulga/#/candidato/NORDESTE/PI/20322002026/180002539015/2026/PI
180002540682,Ensino Fundamental completo,Motorista de Veículos de Transporte Coletivo de Passageiros,Casado(a),PARDA,1967-01-04,https://divulgacandcontas.tse.jus.br/divulga/rest/arquivo/img/20322002026/180002540682/PI,https://TIKTOK.COM/@ORLANDO_MATIAS2 | https://FACEBOOK.COM/ORLANDO.MATIAS.1428 | https://INSTAGRAM.COM/ORLANDO__MATIAS,88591.91,,,,10/09/2026,https://divulgacandcontas.tse.jus.br/divulga/#/candidato/NORDESTE/PI/20322002026/180002540682/2026/PI
180002533193,Superior completo,Advogado,Divorciado(a),PARDA,1960-05-03,https://divulgacandcontas.tse.jus.br/divulga/rest/arquivo/img/20322002026/180002533193/PI,,31701.63,203000,100109.73,47509.73,16/09/2026,https://divulgacandcontas.tse.jus.br/divulga/#/candidato/NORDESTE/PI/20322002026/180002533193/2026/PI
180002536457,Ensino Médio completo,Vereador,Casado(a),BRANCA,1973-03-19,https://divulgacandcontas.tse.jus.br/divulga/rest/arquivo/img/20322002026/180002536457/PI,https://www.facebook.com/share/1K8pEa3han/?mibextid=wwXIfr | https://irmaozeluis.com.br/ | HTTPS://WWW.INSTAGRAM.COM/IRMAOZELUISPI/,211232.72,731871.67,435510.5,2220,13/09/2026,https://divulgacandcontas.tse.jus.br/divulga/#/candidato/NORDESTE/PI/20322002026/180002536457/2026/PI
180002532472,Superior completo,Deputado,Casado(a),BRANCA,1953-02-27,https://divulgacandcontas.tse.jus.br/divulga/rest/arquivo/img/20322002026/180002532472/PI,https://@FLAVIONOGUEIRAPI | HTTPS://X.COM/FLAVIONPI?S=21 | HTTPS://WWW.FACEBOOK.COM/FLAVIONOGUEIRAPI/?LOCALE=PT_BR | HTTPS://WWW.INSTAGRAM.COM/FLAVIONOGUEIRAPI/,1760878.5,2033395.05,1688623.98,1497607.77,17/09/2026,https://divulgacandcontas.tse.jus.br/divulga/#/candidato/NORDESTE/PI/20322002026/180002532472/2026/PI
180002537000,Ensino Médio completo,Outros,Solteiro(a),PARDA,1990-02-21,https://divulgacandcontas.tse.jus.br/divulga/rest/arquivo/img/20322002026/180002537000/PI,HTTPS://WWW.FACEBOOK.COM/MARCIA.ARAUJO.77736310?RDID=ZFBOHMHTE61FKEW7&SHARE_URL= | HTTPS://WWW.INSTAGRAM.COM/MARCIA.FARAUJO/,,90000,67674.6,47674.6,17/09/2026,https://divulgacandcontas.tse.jus.br/divulga/#/candidato/NORDESTE/PI/20322002026/180002537000/2026/PI
180002547868,Superior completo,Professor de Ensino Fundamental,Casado(a),BRANCA,1965-06-19,https://divulgacandcontas.tse.jus.br/divulga/rest/arquivo/img/20322002026/180002547868/PI,https://instagram.com/jaciramacedopi,57000,6988.78,3650.5,3650.5,14/09/2026,https://divulgacandcontas.tse.jus.br/divulga/#/candidato/NORDESTE/PI/20322002026/180002547868/2026/PI
180002548573,Ensino Médio completo,Empresário,Solteiro(a),BRANCA,1966-06-17,https://divulgacandcontas.tse.jus.br/divulga/rest/arquivo/img/20322002026/180002548573/PI,HTTP://WWW.INSTAGRAM.COM/ANTONIODEPADUACARNAUBA,2496800,7000,,,17/09/2026,https://divulgacandcontas.tse.jus.br/divulga/#/candidato/NORDESTE/PI/20322002026/180002548573/2026/PI
180002548570,Ensino Médio incompleto,Outros,Casado(a),PARDA,1994-07-17,https://divulgacandcontas.tse.jus.br/divulga/rest/arquivo/img/20322002026/180002548570/PI,,,10000,7200,,15/09/2026,https://divulgacandcontas.tse.jus.br/divulga/#/candidato/NORDESTE/PI/20322002026/180002548570/2026/PI
180002548576,Ensino Médio completo,Empresário,Casado(a),PARDA,1993-02-14,https://divulgacandcontas.tse.jus.br/divulga/rest/arquivo/img/20322002026/180002548576/PI,HTTP://WWW.INSTAGRAM.COM/MAY_LEAO,,53232.98,15416,,17/09/2026,https://divulgacandcontas.tse.jus.br/divulga/#/candidato/NORDESTE/PI/20322002026/180002548576/2026/PI
180002550678,Ensino Médio completo,Outros,Solteiro(a),PRETA,1970-12-19,https://divulgacandcontas.tse.jus.br/divulga/rest/arquivo/img/20322002026/180002550678/PI,HTTPS://WWW.FACEBOOK.COM/MARIALUCIA.OLIVEIRASOUZA | HTTPS://WWW.INSTAGRAM.COM/MARIALUCIADEIANSAOYA/,71500,21714.28,22214.28,19214.28,13/09/2026,https://divulgacandcontas.tse.jus.br/divulga/#/candidato/NORDESTE/PI/20322002026/180002550678/2026/PI
180002550675,Superior completo,Enfermeiro,Casado(a),BRANCA,1980-09-29,https://divulgacandcontas.tse.jus.br/divulga/rest/arquivo/img/20322002026/180002550675/PI,https://www.instagram.com/eunicerocha2026 | HTTPS://WWW.INSTAGRAM.COM/PSOL50_PARNAIBA/,,11289.28,6000,,13/09/2026,https://divulgacandcontas.tse.jus.br/divulga/#/candidato/NORDESTE/PI/20322002026/180002550675/2026/PI
180002544100,Superior completo,Professor de Ensino Fundamental,Casado(a),PARDA,1961-03-03,https://divulgacandcontas.tse.jus.br/divulga/rest/arquivo/img/20322002026/180002544100/PI,https://INSTAGRAM.COM/LEONIDASQUARESMA/ | https://FACEBOOK.COM/VEREADORPROFLEONIDAS/,670607.65,487768.95,117147.98,147.98,13/09/2026,https://divulgacandcontas.tse.jus.br/divulga/#/candidato/NORDESTE/PI/20322002026/180002544100/2026/PI
180002541414,Ensino Médio incompleto,Dona de Casa,Casado(a),PARDA,1981-01-14,https://divulgacandcontas.tse.jus.br/divulga/rest/arquivo/img/20322002026/180002541414/PI,https://www.facebook.com/share/19GFuAZT5q | https://www.tiktok.com/@franciscadasilva7?_r=1&_t=ZS-98mRm1iJ228 | https://kwai-video.com/u/@franciscadasil927/YUz8NCYh | https://INSTAGRAM.COM/FRANCISCA.PROTETORA,28.689999999999998,,,,11/09/2026,https://divulgacandcontas.tse.jus.br/divulga/#/candidato/NORDESTE/PI/20322002026/180002541414/2026/PI
180002541417,Ensino Médio completo,Policial Militar,Casado(a),PARDA,1972-10-14,https://divulgacandcontas.tse.jus.br/divulga/rest/arquivo/img/20322002026/180002541417/PI,https://INSTAGRAM.COM/SUBTENENTE_OLIVEIRA | https://TIKTOK.COM/@SUBTENENTEOLIVEIRA72,9.629999999999999,,,,11/09/2026,https://divulgacandcontas.tse.jus.br/divulga/#/candidato/NORDESTE/PI/20322002026/180002541417/2026/PI
180002549588,Superior completo,Advogado,Divorciado(a),BRANCA,1969-06-02,https://divulgacandcontas.tse.jus.br/divulga/rest/arquivo/img/20322002026/180002549588/PI,,,,,,09/09/2026,https://divulgacandcontas.tse.jus.br/divulga/#/candidato/NORDESTE/PI/20322002026/180002549588/2026/PI
180002549593,Ensino Médio completo,Empresário,Separado(a) judicialmente,PRETA,1958-04-27,https://divulgacandcontas.tse.jus.br/divulga/rest/arquivo/img/20322002026/180002549593/PI,,,,,,09/09/2026,https://divulgacandcontas.tse.jus.br/divulga/#/candidato/NORDESTE/PI/20322002026/180002549593/2026/PI
180002549589,Superior completo,Trabalhador de Construção Civil,Solteiro(a),PARDA,1973-09-19,https://divulgacandcontas.tse.jus.br/divulga/rest/arquivo/img/20322002026/180002549589/PI,,,,,,09/09/2026,https://divulgacandcontas.tse.jus.br/divulga/#/candidato/NORDESTE/PI/20322002026/180002549589/2026/PI
180002553917,Superior completo,Empresário,Solteiro(a),PARDA,1989-05-22,https://divulgacandcontas.tse.jus.br/divulga/rest/arquivo/img/20322002026/180002553917/PI,,,20000,19000.5,15000.5,13/09/2026,https://divulgacandcontas.tse.jus.br/divulga/#/candidato/NORDESTE/PI/20322002026/180002553917/2026/PI
180002541692,Superior completo,Empresário,Solteiro(a),BRANCA,1987-12-26,https://divulgacandcontas.tse.jus.br/divulga/rest/arquivo/img/20322002026/180002541692/PI,https://THREADS.COM/MARIAANJOSSOARES | https://TIKTOK.COM/@MARIA_ANJOS_SOARES,,2485,2300,2300,10/09/2026,https://divulgacandcontas.tse.jus.br/divulga/#/candidato/NORDESTE/PI/20322002026/180002541692/2026/PI
180002541691,Superior completo,Professor de Ensino Superior,Casado(a),BRANCA,1964-06-02,https://divulgacandcontas.tse.jus.br/divulga/rest/arquivo/img/20322002026/180002541691/PI,https://X.COM/SANDRALIMADEVA1 | https://FACEBOOK.COM/SANDRA.RAMOS.92754 | https://INSTAGRAM.COM/SANDRAVASCONCELOSRAMOS | https://FACEBOOK.COM/SANDRA.LVRAMOS,3440.9,3400,3400,3400,10/09/2026,https://divulgacandcontas.tse.jus.br/divulga/#/candidato/NORDESTE/PI/20322002026/180002541691/2026/PI
180002548684,Superior completo,Professor de Ensino Fundamental,Solteiro(a),BRANCA,1975-04-11,https://divulgacandcontas.tse.jus.br/divulga/rest/arquivo/img/20322002026/180002548684/PI,,,300000,87848.36,87848.36,11/09/2026,https://divulgacandcontas.tse.jus.br/divulga/#/candidato/NORDESTE/PI/20322002026/180002548684/2026/PI
180002533964,Superior completo,Deputado,Casado(a),BRANCA,1948-08-25,https://divulgacandcontas.tse.jus.br/divulga/rest/arquivo/img/20322002026/180002533964/PI,https://julimdopiaui.com.br/ | HTTPS://WWW.FACEBOOK.COM/JULIOCESARLIMADOPIAUI | https://x.com/julio_cesar_pi?s=21 | HTTPS://WWW.INSTAGRAM.COM/JULIOCESARDOPIAUI | https://www.tiktok.com/@juliocesardopiauii | https://www.facebook.com/share/1EX1LfJR4f/?mibextid=wwXIfr | https://www.instagram.com/juliocesardopiaui/,3057528.3000000003,2287840.9,2868268.68,1283144.08,17/09/2026,https://divulgacandcontas.tse.jus.br/divulga/#/candidato/NORDESTE/PI/20322002026/180002533964/2026/PI
180002544457,Superior completo,Membro das Forças Armadas,Casado(a),BRANCA,1968-06-23,https://divulgacandcontas.tse.jus.br/divulga/rest/arquivo/img/20322002026/180002544457/PI,https://INSTAGRAM.COM/MAJORPAULOROBERTO,844.06,6000,17501.5,5001.5,13/09/2026,https://divulgacandcontas.tse.jus.br/divulga/#/candidato/NORDESTE/PI/20322002026/180002544457/2026/PI
180002553753,Superior completo,Servidor Público Estadual,Casado(a),PARDA,1967-01-25,https://divulgacandcontas.tse.jus.br/divulga/rest/arquivo/img/20322002026/180002553753/PI,https://candidatos.pco.org.br,,,,,13/09/2026,https://divulgacandcontas.tse.jus.br/divulga/#/candidato/NORDESTE/PI/20322002026/180002553753/2026/PI
180002550977,Superior completo,Servidor Público Federal,Divorciado(a),PARDA,1962-11-15,https://divulgacandcontas.tse.jus.br/divulga/rest/arquivo/img/20322002026/180002550977/PI,HTTPS://WWW.FACEBOOK.COM/MMADALENANUNES | HTTPS://WWW.INSTAGRAM.COM/MADALENA.PSOL/ | https://www.instagram.com/bancadafeminista.pi/,440000,47250,24215,23765,13/09/2026,https://divulgacandcontas.tse.jus.br/divulga/#/candidato/NORDESTE/PI/20322002026/180002550977/2026/PI
180002549995,Superior incompleto,Outros,Solteiro(a),PRETA,1993-06-11,https://divulgacandcontas.tse.jus.br/divulga/rest/arquivo/img/20322002026/180002549995/PI,HTTPS://WWW.INSTAGRAM.COM/SANTIAGOBELIZARIO/,967.43,4189,,,17/09/2026,https://divulgacandcontas.tse.jus.br/divulga/#/candidato/NORDESTE/PI/20322002026/180002549995/2026/PI
180002551955,Ensino Fundamental incompleto,Catador de Recicláveis,Solteiro(a),PRETA,1995-09-11,https://divulgacandcontas.tse.jus.br/divulga/rest/arquivo/img/20322002026/180002551955/PI,HTTPS://WWW.INSTAGRAM.COM/WALLKNASCIMENTO48/,,11416.66,11417.16,8917.16,13/09/2026,https://divulgacandcontas.tse.jus.br/divulga/#/candidato/NORDESTE/PI/20322002026/180002551955/2026/PI
180002536221,Superior completo,Deputado,Divorciado(a),BRANCA,1969-04-14,https://divulgacandcontas.tse.jus.br/divulga/rest/arquivo/img/20322002026/180002536221/PI,HTTPS://WWW.INSTAGRAM.COM/DEPUTADAANAPAULA/ | HTTPS://WWW.FACEBOOK.COM/PEOPLE/DEPUTADA-ANA-PAULA/61569502276223/,5338219.9,988500,870841.68,489841.68,12/09/2026,https://divulgacandcontas.tse.jus.br/divulga/#/candidato/NORDESTE/PI/20322002026/180002536221/2026/PI
180002536226,Superior completo,Farmacêutico,Casado(a),BRANCA,1981-08-20,https://divulgacandcontas.tse.jus.br/divulga/rest/arquivo/img/20322002026/180002536226/PI,HTTPS://WWW.INSTAGRAM.COM/ENEASMAIA/,1250000,303221,182606.6,104606.6,11/09/2026,https://divulgacandcontas.tse.jus.br/divulga/#/candidato/NORDESTE/PI/20322002026/180002536226/2026/PI
180002536231,Superior completo,Odontólogo,Casado(a),BRANCA,1986-07-07,https://divulgacandcontas.tse.jus.br/divulga/rest/arquivo/img/20322002026/180002536231/PI,HTTPS://WWW.TIKTOK.COM/@ANYARASANTOS15199 | HTTPS://WWW.INSTAGRAM.COM/ANYARAASANTOS | HTTPS://WWW.FACEBOOK.COM/61592821970172/,1060447.63,1119405,387042.36,238561.36,12/09/2026,https://divulgacandcontas.tse.jus.br/divulga/#/candidato/NORDESTE/PI/20322002026/180002536231/2026/PI
180002536216,Superior completo,Deputado,Divorciado(a),PARDA,1960-06-21,https://divulgacandcontas.tse.jus.br/divulga/rest/arquivo/img/20322002026/180002536216/PI,HTTPS://WWW.FACEBOOK.COM/DRHELIOO | HTTPS://WWW.INSTAGRAM.COM/DRHELIOOLIVEIRA,4221162.64,349912,525558.93,57054.83,12/09/2026,https://divulgacandcontas.tse.jus.br/divulga/#/candidato/NORDESTE/PI/20322002026/180002536216/2026/PI
180002533541,Superior completo,Deputado,Casado(a),BRANCA,1974-10-04,https://divulgacandcontas.tse.jus.br/divulga/rest/arquivo/img/20322002026/180002533541/PI,HTTPS://WWW.INSTAGRAM.COM/FABIOXAVIERPI?IGSH=MWG2ANJKA3UXAZQ1BG== | https://www.facebook.com/fabioxavierpi,631999.08,334921,295461.63,206861.63,14/09/2026,https://divulgacandcontas.tse.jus.br/divulga/#/candidato/NORDESTE/PI/20322002026/180002533541/2026/PI
180002533547,Superior completo,Deputado,Solteiro(a),INDÍGENA,1965-08-06,https://divulgacandcontas.tse.jus.br/divulga/rest/arquivo/img/20322002026/180002533547/PI,https://@LIMMAPIAUI,2846387.25,451958.61,860187.84,77772.42,17/09/2026,https://divulgacandcontas.tse.jus.br/divulga/#/candidato/NORDESTE/PI/20322002026/180002533547/2026/PI
180002533546,Superior completo,Deputado,Casado(a),PARDA,1980-10-18,https://divulgacandcontas.tse.jus.br/divulga/rest/arquivo/img/20322002026/180002533546/PI,HTTPS://WWW.FACEBOOK.COM/SHARE/1N44GYB6PK/?MIBEXTID=WWXLFR | HTTPS://WWW.INSTAGRAM.COM/HELIORODRIGUES13?IGSH=NXK3NJZICX03NMNH,2162128.94,129216.7,138701,72201,12/09/2026,https://divulgacandcontas.tse.jus.br/divulga/#/candidato/NORDESTE/PI/20322002026/180002533546/2026/PI
180002554095,Ensino Médio completo,Outros,Solteiro(a),PARDA,1989-12-07,https://divulgacandcontas.tse.jus.br/divulga/rest/arquivo/img/20322002026/180002554095/PI,https://www.facebook.com/neryane.santos?rdid=C4zjAZtGEOwdedRq&share_url=https%3A,,,,,13/09/2026,https://divulgacandcontas.tse.jus.br/divulga/#/candidato/NORDESTE/PI/20322002026/180002554095/2026/PI
180002534820,Ensino Médio completo,Empresário,Casado(a),BRANCA,1976-11-13,https://divulgacandcontas.tse.jus.br/divulga/rest/arquivo/img/20322002026/180002534820/PI,,2372253.39,240000,425100,240000,11/09/2026,https://divulgacandcontas.tse.jus.br/divulga/#/candidato/NORDESTE/PI/20322002026/180002534820/2026/PI
180002534813,Superior completo,Pedagogo,Divorciado(a),PARDA,1966-02-09,https://divulgacandcontas.tse.jus.br/divulga/rest/arquivo/img/20322002026/180002534813/PI,,332730,167020.5,248223.98,150000,13/09/2026,https://divulgacandcontas.tse.jus.br/divulga/#/candidato/NORDESTE/PI/20322002026/180002534813/2026/PI
180002534811,Superior incompleto,Técnico de Laboratório e Raios X,Casado(a),INDÍGENA,1972-04-02,https://divulgacandcontas.tse.jus.br/divulga/rest/arquivo/img/20322002026/180002534811/PI,,,387243.5,177796.77,107530,13/09/2026,https://divulgacandcontas.tse.jus.br/divulga/#/candidato/NORDESTE/PI/20322002026/180002534811/2026/PI
180002534815,Superior completo,Administrador,Casado(a),PARDA,1973-12-11,https://divulgacandcontas.tse.jus.br/divulga/rest/arquivo/img/20322002026/180002534815/PI,https://www.tiktok.com/@warton.lacerda?_r=1&_t=ZS-99OhAcSaXdy | https://www.instagram.com/wartonlacerdapi?igsi=ZDRubjFjamFyNWNq&utm_source=qr,55000,216986.33,215224,143414,13/09/2026,https://divulgacandcontas.tse.jus.br/divulga/#/candidato/NORDESTE/PI/20322002026/180002534815/2026/PI
180002548642,Superior incompleto,"Estudante, Bolsista, Estagiário e Assemelhados",Solteiro(a),PARDA,2004-09-05,https://divulgacandcontas.tse.jus.br/divulga/rest/arquivo/img/20322002026/180002548642/PI,https://INSTAGRAM: @JACIELSILVAPI,,100000,72533.5,72533.5,13/09/2026,https://divulgacandcontas.tse.jus.br/divulga/#/candidato/NORDESTE/PI/20322002026/180002548642/2026/PI
180002548649,Superior completo,Empresário,Casado(a),BRANCA,1972-02-12,https://divulgacandcontas.tse.jus.br/divulga/rest/arquivo/img/20322002026/180002548649/PI,https://TIKTOK: PEDROAYRESPLPI | https://FACEBOOK: PEDROAYRESPLPI | https://INSTAGRAM: PEDROAYRESPLPI,29769.72,108000,99225.82,99225.82,13/09/2026,https://divulgacandcontas.tse.jus.br/divulga/#/candidato/NORDESTE/PI/20322002026/180002548649/2026/PI
180002548647,Superior completo,Militar Reformado,Divorciado(a),BRANCA,1963-02-11,https://divulgacandcontas.tse.jus.br/divulga/rest/arquivo/img/20322002026/180002548647/PI,https://INSTAGRAM: @ALBERTOLASILVA,,100000,82516.6,82516.6,12/09/2026,https://divulgacandcontas.tse.jus.br/divulga/#/candidato/NORDESTE/PI/20322002026/180002548647/2026/PI
180002552108,Superior completo,Professor de Ensino Médio,Solteiro(a),BRANCA,1956-03-29,https://divulgacandcontas.tse.jus.br/divulga/rest/arquivo/img/20322002026/180002552108/PI,,,,,,13/09/2026,https://divulgacandcontas.tse.jus.br/divulga/#/candidato/NORDESTE/PI/20322002026/180002552108/2026/PI
180002552104,Superior completo,Empresário,Casado(a),PARDA,1967-12-09,https://divulgacandcontas.tse.jus.br/divulga/rest/arquivo/img/20322002026/180002552104/PI,HTTP://WWW.INSTAGRAM.COM/PROF.IRAL,750000,5000,4741.8,,16/09/2026,https://divulgacandcontas.tse.jus.br/divulga/#/candidato/NORDESTE/PI/20322002026/180002552104/2026/PI
180002551959,Ensino Fundamental incompleto,Empresário,Casado(a),PARDA,1976-08-08,https://divulgacandcontas.tse.jus.br/divulga/rest/arquivo/img/20322002026/180002551959/PI,HTTP://WWW.INSTAGRAM.COM/EDMILSONDAPROJETOFICIAL,,5000,,,17/09/2026,https://divulgacandcontas.tse.jus.br/divulga/#/candidato/NORDESTE/PI/20322002026/180002551959/2026/PI
180002551957,Superior completo,Fisioterapeuta e Terapeuta Ocupacional,Casado(a),PARDA,1993-04-18,https://divulgacandcontas.tse.jus.br/divulga/rest/arquivo/img/20322002026/180002551957/PI,,,11382.98,5000,,15/09/2026,https://divulgacandcontas.tse.jus.br/divulga/#/candidato/NORDESTE/PI/20322002026/180002551957/2026/PI
180002552105,Ensino Fundamental completo,Empresário,Solteiro(a),PARDA,1974-10-09,https://divulgacandcontas.tse.jus.br/divulga/rest/arquivo/img/20322002026/180002552105/PI,,,11782.98,5400,400,16/09/2026,https://divulgacandcontas.tse.jus.br/divulga/#/candidato/NORDESTE/PI/20322002026/180002552105/2026/PI
180002539031,Ensino Médio completo,"Estudante, Bolsista, Estagiário e Assemelhados",Solteiro(a),BRANCA,1998-08-27,https://divulgacandcontas.tse.jus.br/divulga/rest/arquivo/img/20322002026/180002539031/PI,HTTPS://WWW.TIKTOK.COM/@LYTSONBRENOPI | HTTPS://WWW.INSTAGRAM.COM/LYTSONBRENOPI/ | HTTPS://WWW.YOUTUBE.COM/@LYTSONBRENO22,,255675.67,88001.5,60501.5,12/09/2026,https://divulgacandcontas.tse.jus.br/divulga/#/candidato/NORDESTE/PI/20322002026/180002539031/2026/PI
180002539027,Superior completo,Dona de Casa,Casado(a),PRETA,1978-03-13,https://divulgacandcontas.tse.jus.br/divulga/rest/arquivo/img/20322002026/180002539027/PI,HTTPS://WWW.INSTAGRAM.COM/ANA_CAMBOA/,150000,590105.67,324459.56,220676.5,13/09/2026,https://divulgacandcontas.tse.jus.br/divulga/#/candidato/NORDESTE/PI/20322002026/180002539027/2026/PI
180002539041,Ensino Médio completo,Dona de Casa,Viúvo(a),PARDA,1976-04-25,https://divulgacandcontas.tse.jus.br/divulga/rest/arquivo/img/20322002026/180002539041/PI,HTTPS://WWW.INSTAGRAM.COM/TINADUARTEM/,,565458.77,256336.02,96601.06,12/09/2026,https://divulgacandcontas.tse.jus.br/divulga/#/candidato/NORDESTE/PI/20322002026/180002539041/2026/PI
180002539019,Superior completo,Médico,Solteiro(a),BRANCA,1990-07-22,https://divulgacandcontas.tse.jus.br/divulga/rest/arquivo/img/20322002026/180002539019/PI,https://zefernando.com.br/ | HTTPS://WWW.INSTAGRAM.COM/ZEFERNANDOBRITO11/,2358094.99,1059600,712710.8,627560.8,12/09/2026,https://divulgacandcontas.tse.jus.br/divulga/#/candidato/NORDESTE/PI/20322002026/180002539019/2026/PI
180002539029,Ensino Médio completo,Outros,Casado(a),BRANCA,1971-12-29,https://divulgacandcontas.tse.jus.br/divulga/rest/arquivo/img/20322002026/180002539029/PI,HTTPS://WWW.INSTAGRAM.COM/QUEMQUEMDOPOVO/ | HTTPS://WWW.FACEBOOK.COM/QUEMQUEMDOPOVO/ | https://TVQUEM.COM,,172335.67,15000,,12/09/2026,https://divulgacandcontas.tse.jus.br/divulga/#/candidato/NORDESTE/PI/20322002026/180002539029/2026/PI
180002539032,Superior completo,Advogado,Casado(a),BRANCA,1982-03-11,https://divulgacandcontas.tse.jus.br/divulga/rest/arquivo/img/20322002026/180002539032/PI,HTTPS://WWW.FACEBOOK.COM/ROBERTO.LEAO.96/ | HTTPS://WWW.INSTAGRAM.COM/ROBERTOLEAO11/,196523.61,388328.33,163331.5,95581.5,13/09/2026,https://divulgacandcontas.tse.jus.br/divulga/#/candidato/NORDESTE/PI/20322002026/180002539032/2026/PI
180002539024,Superior completo,Médico,Casado(a),BRANCA,1985-05-14,https://divulgacandcontas.tse.jus.br/divulga/rest/arquivo/img/20322002026/180002539024/PI,HTTPS://WWW.INSTAGRAM.COM/DRERIVELTOBARROS/ | HTTPS://WWW.FACEBOOK.COM/DRERIVELTOBARROS/,217685.34,1085875.67,248986.6,121215.6,13/09/2026,https://divulgacandcontas.tse.jus.br/divulga/#/candidato/NORDESTE/PI/20322002026/180002539024/2026/PI
180002539017,Superior incompleto,Jornalista e Redator,Solteiro(a),PRETA,1998-07-18,https://divulgacandcontas.tse.jus.br/divulga/rest/arquivo/img/20322002026/180002539017/PI,HTTPS://WWW.YOUTUBE.COM/@ANDRENOGUEIRATV | https://www.facebook.com/profile.php?id=61593841553322 | https://www.andrenogueirapiaui.com.br/ | HTTPS://WWW.INSTAGRAM.COM/ANDRENOGUEIRAPIAUI/ | HTTPS://WWW.INSTAGRAM.COM/ANDRENOGUEIRAOFC/,4900,556455.67,271122.96,80997.96,13/09/2026,https://divulgacandcontas.tse.jus.br/divulga/#/candidato/NORDESTE/PI/20322002026/180002539017/2026/PI
180002539035,Superior completo,Advogado,Solteiro(a),PRETA,1996-09-14,https://divulgacandcontas.tse.jus.br/divulga/rest/arquivo/img/20322002026/180002539035/PI,HTTPS://WWW.INSTAGRAM.COM/GABRIELCOSTA_THE/,160000,,,,1989-12-31,https://divulgacandcontas.tse.jus.br/divulga/#/candidato/NORDESTE/PI/20322002026/180002539035/2026/PI
180002539030,Superior completo,Agente Administrativo,Divorciado(a),PARDA,1976-06-12,https://divulgacandcontas.tse.jus.br/divulga/rest/arquivo/img/20322002026/180002539030/PI,HTTPS://WWW.INSTAGRAM.COM/VALDELICE.SVIEIRA/,2195.51,217157.59,131323.57,125323.57,11/09/2026,https://divulgacandcontas.tse.jus.br/divulga/#/candidato/NORDESTE/PI/20322002026/180002539030/2026/PI
180002539137,Ensino Fundamental completo,Comerciante,Divorciado(a),PARDA,1947-05-10,https://divulgacandcontas.tse.jus.br/divulga/rest/arquivo/img/20322002026/180002539137/PI,HTTPS://WWW.INSTAGRAM.COM/GILPARAIBANO/ | HTTPS://WWW.FACEBOOK.COM/GILPARAIBANOOFICIAL/?LOCALE=PT_BR,3158948.95,1425475.67,520173.15,408923.15,12/09/2026,https://divulgacandcontas.tse.jus.br/divulga/#/candidato/NORDESTE/PI/20322002026/180002539137/2026/PI
180002539130,Superior completo,Agente Administrativo,Solteiro(a),PRETA,1996-06-07,https://divulgacandcontas.tse.jus.br/divulga/rest/arquivo/img/20322002026/180002539130/PI,HTTPS://WWW.INSTAGRAM.COM/JOTINHAPIAUI/ | https://www.instagram.com/opiauiense | https://www.youtube.com/@jotinhapiaui | https://www.jotinhapiaui.com.br | HTTPS://WWW.TIKTOK.COM/SEARCH?Q=JOTINHAPIAUI&T=1785787777833 | HTTPS://WWW.X.COM/JOTINHAPIAUI | https://www.facebook.com/jotinhapiaui | https://www.linktr.ee/jotinhapiaui,86816.97,637875.67,228942.97,58942.97,13/09/2026,https://divulgacandcontas.tse.jus.br/divulga/#/candidato/NORDESTE/PI/20322002026/180002539130/2026/PI
180002539133,Superior completo,Empresário,Casado(a),BRANCA,1980-04-01,https://divulgacandcontas.tse.jus.br/divulga/rest/arquivo/img/20322002026/180002539133/PI,https://linktr.ee/atilalira | https://YOU TUBE ATILA LIRA | HTTPS://WWW.YOUTUBE.COM/CHANNEL/UCWQTWJS2POLNW6TVQ60DPDG | HTTPS://WWW.TIKTOK.COM/@ATILALIRAPIAUI | HTTPS://WWW.FACEBOOK.COM/ATILALIRAPI/ | https://INSTAGRAM @TOCOMATILA | https://KWAI ÁTILA LIRA | HTTPS://X.COM/ATILALIRAOF?LANG=EN | HTTPS://WWW.INSTAGRAM.COM/ATILALIRAPI | https://INSTAGRAM CANAL DO ATILA | HTTPS://WWW.THREADS.COM/@ATILALIRAPI | https://www.atila1110.com.br/,9665882.27,3000685.93,1725369.48,1289127.52,13/09/2026,https://divulgacandcontas.tse.jus.br/divulga/#/candidato/NORDESTE/PI/20322002026/180002539133/2026/PI
180002533200,Superior completo,Bombeiro Militar,Divorciado(a),PARDA,1979-10-10,https://divulgacandcontas.tse.jus.br/divulga/rest/arquivo/img/20322002026/180002533200/PI,,54893.03,223406.15,154770.38,137061.48,12/09/2026,https://divulgacandcontas.tse.jus.br/divulga/#/candidato/NORDESTE/PI/20322002026/180002533200/2026/PI
180002536455,Superior completo,Médico,Casado(a),BRANCA,1984-07-20,https://divulgacandcontas.tse.jus.br/divulga/rest/arquivo/img/20322002026/180002536455/PI,HTTPS://WWW.FACEBOOK.COM/RIBAMAR.BANDEIRA | HTTPS://WWW.INSTAGRAM.COM/RIBAMARBANDEIRAFILHO/,2334750.59,557863,360200.9,112831.4,12/09/2026,https://divulgacandcontas.tse.jus.br/divulga/#/candidato/NORDESTE/PI/20322002026/180002536455/2026/PI
180002532480,Superior completo,Servidor Público Estadual,Casado(a),PARDA,1968-09-20,https://divulgacandcontas.tse.jus.br/divulga/rest/arquivo/img/20322002026/180002532480/PI,HTTPS://WWW.INSTAGRAM.COM/CARMELITACASTRO.SRN/ | HTTPS://WWW.FACEBOOK.COM/CARMELITA.CASTROPP/?REF=PROFILE_EDIT_XAV_IG_PROFILE_PAG,20000,49400.68,108930.5,10430.5,12/09/2026,https://divulgacandcontas.tse.jus.br/divulga/#/candidato/NORDESTE/PI/20322002026/180002532480/2026/PI
180002534437,Ensino Fundamental completo,Agricultor,Casado(a),PARDA,1980-07-09,https://divulgacandcontas.tse.jus.br/divulga/rest/arquivo/img/20322002026/180002534437/PI,,117000,2800,319,319,09/09/2026,https://divulgacandcontas.tse.jus.br/divulga/#/candidato/NORDESTE/PI/20322002026/180002534437/2026/PI
180002547869,Superior completo,Servidor Público Municipal,Solteiro(a),PRETA,1992-04-12,https://divulgacandcontas.tse.jus.br/divulga/rest/arquivo/img/20322002026/180002547869/PI,https://instagram.com/junior.missao.piaui,,3674.78,1085.25,1085.25,16/09/2026,https://divulgacandcontas.tse.jus.br/divulga/#/candidato/NORDESTE/PI/20322002026/180002547869/2026/PI
180002547870,Superior incompleto,Empresário,Casado(a),PARDA,1999-02-08,https://divulgacandcontas.tse.jus.br/divulga/rest/arquivo/img/20322002026/180002547870/PI,HTTPS://INSTAGRAM.COM/ANGELOCARVALHOPI | https://instagram.com/angelocarvalhopi,,4512.92,4093.7,4093.7,14/09/2026,https://divulgacandcontas.tse.jus.br/divulga/#/candidato/NORDESTE/PI/20322002026/180002547870/2026/PI
180002548577,Superior incompleto,Terapeuta,Divorciado(a),PARDA,1990-05-01,https://divulgacandcontas.tse.jus.br/divulga/rest/arquivo/img/20322002026/180002548577/PI,HTTP://WWW.INSTAGRAM.COM/GRAZIELEOLIVEIRAPI,,21782.98,15000,,16/09/2026,https://divulgacandcontas.tse.jus.br/divulga/#/candidato/NORDESTE/PI/20322002026/180002548577/2026/PI
180002550681,Superior completo,Servidor Público Municipal,Divorciado(a),PRETA,1983-07-09,https://divulgacandcontas.tse.jus.br/divulga/rest/arquivo/img/20322002026/180002550681/PI,https://www.instagram.com/bancadafeminista.pi/ | HTTPS://WWW.INSTAGRAM.COM/WILMACARVALHO83/,,23214.28,15021,4521,12/09/2026,https://divulgacandcontas.tse.jus.br/divulga/#/candidato/NORDESTE/PI/20322002026/180002550681/2026/PI
180002550679,Ensino Médio incompleto,Outros,Solteiro(a),PRETA,1994-01-28,https://divulgacandcontas.tse.jus.br/divulga/rest/arquivo/img/20322002026/180002550679/PI,HTTPS://WWW.INSTAGRAM.COM/WESLEYLEAO.PI/,,18316.78,18317.28,15317.28,13/09/2026,https://divulgacandcontas.tse.jus.br/divulga/#/candidato/NORDESTE/PI/20322002026/180002550679/2026/PI
180002550680,Superior incompleto,"Estudante, Bolsista, Estagiário e Assemelhados",Solteiro(a),PRETA,1977-12-17,https://divulgacandcontas.tse.jus.br/divulga/rest/arquivo/img/20322002026/180002550680/PI,HTTPS://WWW.INSTAGRAM.COM/OLIVEIRALUZIAALVES/,69000,30000,2000,2000,14/09/2026,https://divulgacandcontas.tse.jus.br/divulga/#/candidato/NORDESTE/PI/20322002026/180002550680/2026/PI
180002544098,Superior completo,Policial Militar,Casado(a),PRETA,1972-12-31,https://divulgacandcontas.tse.jus.br/divulga/rest/arquivo/img/20322002026/180002544098/PI,HTTPS://WWW.FACEBOOK.COM/FABIOABREU.OFICIAL/?LOCALE=PT_BR | https://k.kwai.com/u/@deputadofabioabreu/62LOqACL | HTTPS://WWW.TIKTOK.COM/@DEPUTADOFABIOABREU?_R=1&_T=ZS-98BOWUOGQ2T | HTTPS://WWW.INSTAGRAM.COM/FABIOABREU.OFICIAL?IGSH=A3RTCDLYDGU2YTFQ&UTM_SOURCE=QR,1180289.26,2647162.06,1854625.66,1472637.25,17/09/2026,https://divulgacandcontas.tse.jus.br/divulga/#/candidato/NORDESTE/PI/20322002026/180002544098/2026/PI
180002544104,Superior completo,Vereador,Casado(a),PARDA,1987-06-27,https://divulgacandcontas.tse.jus.br/divulga/rest/arquivo/img/20322002026/180002544104/PI,https://HTTPS://WWW.FACEBOOK.COM/SHARE/14IC4ME8DD5/?MIBEXTID=WWXIFR: | https://HTTPS://WWW.INSTAGRAM.COM/ALANTEIXEIRAOSORIO?IGSH=AMQ1EGUXB2VKOGT3;,999687.4299999999,1425096.97,1155871.46,953811.96,12/09/2026,https://divulgacandcontas.tse.jus.br/divulga/#/candidato/NORDESTE/PI/20322002026/180002544104/2026/PI
180002549592,Ensino Médio completo,Outros,Solteiro(a),BRANCA,1977-12-18,https://divulgacandcontas.tse.jus.br/divulga/rest/arquivo/img/20322002026/180002549592/PI,,,,,,09/09/2026,https://divulgacandcontas.tse.jus.br/divulga/#/candidato/NORDESTE/PI/20322002026/180002549592/2026/PI
180002541696,Superior completo,Professor de Ensino Médio,Casado(a),BRANCA,1983-01-23,https://divulgacandcontas.tse.jus.br/divulga/rest/arquivo/img/20322002026/180002541696/PI,https://FACEBOOK.COM/PROF.CALEBETEMPORAL | https://CATINGADEPORCO-CRISTINOCASTRO.BLOGSPOT.COM/ | https://TIKTOK.COM/@PROFESSORCALEBETEMPORAL | https://INSTAGRAM.COM/PROF.CALEBETEMPORAL,6505.9,,,,11/09/2026,https://divulgacandcontas.tse.jus.br/divulga/#/candidato/NORDESTE/PI/20322002026/180002541696/2026/PI
180002548681,Superior completo,Fisioterapeuta e Terapeuta Ocupacional,Casado(a),BRANCA,1976-06-07,https://divulgacandcontas.tse.jus.br/divulga/rest/arquivo/img/20322002026/180002548681/PI,https://INSTAGRAM @LIAMARAALENCAR X @LIAMARAALENCAR1 TIKTOK @LIAMARAALENCAR YOUTUBE LIAM,,309424.14,109106,30000.5,13/09/2026,https://divulgacandcontas.tse.jus.br/divulga/#/candidato/NORDESTE/PI/20322002026/180002548681/2026/PI
180002552964,Ensino Médio completo,Empresário,Casado(a),PRETA,1981-02-08,https://divulgacandcontas.tse.jus.br/divulga/rest/arquivo/img/20322002026/180002552964/PI,https://www.pastorsena.com.br,,,,,13/09/2026,https://divulgacandcontas.tse.jus.br/divulga/#/candidato/NORDESTE/PI/20322002026/180002552964/2026/PI
180002553722,Superior completo,Professor de Ensino Médio,Solteiro(a),PARDA,1953-06-12,https://divulgacandcontas.tse.jus.br/divulga/rest/arquivo/img/20322002026/180002553722/PI,https://www.instagram.com/lourdes_melo29/ | https://candidatos.pco.org.br | https://www.threads.com/@lourdes_melo29,450000,,,,13/09/2026,https://divulgacandcontas.tse.jus.br/divulga/#/candidato/NORDESTE/PI/20322002026/180002553722/2026/PI
180002537422,Superior completo,Professor de Ensino Superior,Separado(a) judicialmente,PRETA,1958-07-16,https://divulgacandcontas.tse.jus.br/divulga/rest/arquivo/img/20322002026/180002537422/PI,HTTPS://WWW.INSTAGRAM.COM/GERALDO_PSTU/,200590,27002,21000,2500,10/09/2026,https://divulgacandcontas.tse.jus.br/divulga/#/candidato/NORDESTE/PI/20322002026/180002537422/2026/PI
180002536233,Superior completo,Outros,Solteiro(a),PARDA,1984-12-12,https://divulgacandcontas.tse.jus.br/divulga/rest/arquivo/img/20322002026/180002536233/PI,HTTPS://WWW.polianaaguiar.com.br | HTTPS://WWW.THREADS.COM/@POLIAGUIARTHE | HTTPS://WWW.FACEBOOK.COM/POLIANA.AGUIAR.DIREITO | HTTPS://WWW.INSTAGRAM.COM/POLIAGUIARTHE,,192500,134253.57,,15/09/2026,https://divulgacandcontas.tse.jus.br/divulga/#/candidato/NORDESTE/PI/20322002026/180002536233/2026/PI
180002536223,Superior completo,Deputado,Casado(a),BRANCA,1971-07-18,https://divulgacandcontas.tse.jus.br/divulga/rest/arquivo/img/20322002026/180002536223/PI,HTTPS://WWW.INSTAGRAM.COM/GRACINHAMAOSANTA/ | HTTPS://WWW.TIKTOK.COM/@GRACINHAMAOSANTA | HTTPS://X.COM/GRACINHAMAOSANT?S=21 | HTTPS://WWW.FACEBOOK.COM/GRACINHAMAOSANTAOFICIAL | HTTPS://WWW.YOUTUBE.COM/@GRACINHAMAOSANTA,899208.58,1005905,590389.71,131555.31,12/09/2026,https://divulgacandcontas.tse.jus.br/divulga/#/candidato/NORDESTE/PI/20322002026/180002536223/2026/PI
180002536225,Ensino Médio completo,Comerciante,Divorciado(a),BRANCA,1964-06-06,https://divulgacandcontas.tse.jus.br/divulga/rest/arquivo/img/20322002026/180002536225/PI,HTTPS://WWW.FACEBOOK.COM/PROFILE.PHP?ID=61590325748021&MIBEXTID=ZBWKWL | HTTPS://WWW.INSTAGRAM.COM/CHICOMONTEIROPI/,,137850,93660.16,53620.16,12/09/2026,https://divulgacandcontas.tse.jus.br/divulga/#/candidato/NORDESTE/PI/20322002026/180002536225/2026/PI
180002533543,Superior completo,Deputado,Solteiro(a),BRANCA,1974-07-20,https://divulgacandcontas.tse.jus.br/divulga/rest/arquivo/img/20322002026/180002533543/PI,HTTPS://WWW.YOUTUBE.COM/@FABIONUNEZNOVO | HTTPS://WWW.TIKTOK.COM/@FABIONUNEZNOVO | HTTPS://SOUNDCLOUD.COM/FABIONUNEZNOVO | HTTPS://WWW.INSTAGRAM.COM/FABIONUNEZNOVO/ | HTTPS://WWW.FACEBOOK.COM/FABIO.NOVO.7 | HTTPS://X.COM/FABIO_NOVO | https://FABIONUNEZNOVO,2294745.19,314850,477142.12,62980.62,15/09/2026,https://divulgacandcontas.tse.jus.br/divulga/#/candidato/NORDESTE/PI/20322002026/180002533543/2026/PI
180002533553,Ensino Médio completo,Deputado,Casado(a),BRANCA,1968-10-19,https://divulgacandcontas.tse.jus.br/divulga/rest/arquivo/img/20322002026/180002533553/PI,HTTPS://WWW.INSTAGRAM.COM/DEPUTADO_N | HTTPS://WWW.FACEBOOK.COM/SHARE/18ANJJ3XK8/ | http://www.tiktok.com/@deputado.nerinho,1252898.18,309000,239166.61,63986.1,11/09/2026,https://divulgacandcontas.tse.jus.br/divulga/#/candidato/NORDESTE/PI/20322002026/180002533553/2026/PI
180002548635,Superior completo,Veterinário,Solteiro(a),BRANCA,1980-08-21,https://divulgacandcontas.tse.jus.br/divulga/rest/arquivo/img/20322002026/180002548635/PI,https://INSTAGRAM @FRANCISCOJR22777,67900,100000,82795.91,82795.91,12/09/2026,https://divulgacandcontas.tse.jus.br/divulga/#/candidato/NORDESTE/PI/20322002026/180002548635/2026/PI
180002548638,Ensino Médio completo,Dona de Casa,Casado(a),PARDA,1982-10-01,https://divulgacandcontas.tse.jus.br/divulga/rest/arquivo/img/20322002026/180002548638/PI,,,700000,183481.19,163481.19,13/09/2026,https://divulgacandcontas.tse.jus.br/divulga/#/candidato/NORDESTE/PI/20322002026/180002548638/2026/PI
180002548643,Ensino Médio completo,"Corretor de Imóveis, Seguros, Títulos e Valores",Casado(a),BRANCA,1958-11-20,https://divulgacandcontas.tse.jus.br/divulga/rest/arquivo/img/20322002026/180002548643/PI,https://@NEL.LOPES6 - TIKTOK | https://@NELDOAVANCA - INSTAGRAM | https://@NELLOPES-AVANCAPIAUI8860 - YOUTUBE | https://@NELPIAUI - TWITTER (X),,100000,77686.8,74686.8,12/09/2026,https://divulgacandcontas.tse.jus.br/divulga/#/candidato/NORDESTE/PI/20322002026/180002548643/2026/PI
180002548639,Superior completo,Enfermeiro,Solteiro(a),PRETA,1976-03-29,https://divulgacandcontas.tse.jus.br/divulga/rest/arquivo/img/20322002026/180002548639/PI,https://ISTAGRAM:ADELMARFSOUSA_,,100000,93566.5,63703.5,11/09/2026,https://divulgacandcontas.tse.jus.br/divulga/#/candidato/NORDESTE/PI/20322002026/180002548639/2026/PI
180002548652,Superior incompleto,Pecuarista,Divorciado(a),BRANCA,1978-03-23,https://divulgacandcontas.tse.jus.br/divulga/rest/arquivo/img/20322002026/180002548652/PI,https://INTAGRAM @SIDNEIBOLSONARO,460000,100000,70613.6,70613.6,11/09/2026,https://divulgacandcontas.tse.jus.br/divulga/#/candidato/NORDESTE/PI/20322002026/180002548652/2026/PI
180002548644,Ensino Médio incompleto,"Estudante, Bolsista, Estagiário e Assemelhados",Solteiro(a),BRANCA,2001-10-07,https://divulgacandcontas.tse.jus.br/divulga/rest/arquivo/img/20322002026/180002548644/PI,,428990,313174.96,178378.2,62778.2,13/09/2026,https://divulgacandcontas.tse.jus.br/divulga/#/candidato/NORDESTE/PI/20322002026/180002548644/2026/PI
180002552111,Ensino Médio completo,"Estudante, Bolsista, Estagiário e Assemelhados",Solteiro(a),PARDA,1987-11-11,https://divulgacandcontas.tse.jus.br/divulga/rest/arquivo/img/20322002026/180002552111/PI,,,5000,,,17/09/2026,https://divulgacandcontas.tse.jus.br/divulga/#/candidato/NORDESTE/PI/20322002026/180002552111/2026/PI
180002539038,Superior completo,Odontólogo,Divorciado(a),BRANCA,1971-06-23,https://divulgacandcontas.tse.jus.br/divulga/rest/arquivo/img/20322002026/180002539038/PI,HTTPS://WWW.FACEBOOK.COM/GUSTAVONEIVA/?LOCALE=PT_BR | HTTPS://WWW.INSTAGRAM.COM/GUSTAVONEIVAPI/,2411349.09,1156492.75,988311.6,439911.6,16/09/2026,https://divulgacandcontas.tse.jus.br/divulga/#/candidato/NORDESTE/PI/20322002026/180002539038/2026/PI
180002539014,Superior completo,Psicólogo,Casado(a),BRANCA,1987-10-08,https://divulgacandcontas.tse.jus.br/divulga/rest/arquivo/img/20322002026/180002539014/PI,https://www.instagram.com/opiauiense/ | https://www.tiktok.com/@o.piauiense | https://www.facebook.com/piauiensenews | https://www.x.com/@piauienseO | https://www.threads.com/@opiauiense?igshid=NTc4MTIwNjQ2YQ== | HTTPS://WWW.FACEBOOK.COM/PETRUSEVELYN3?LOCALE=PT_BR | HTTPS://WWW.INSTAGRAM.COM/PETRUSEVELYN/ | https://www.threads.com/@petrusevelyn?igshid=NTc4MTIwNjQ2YQ==,101021.3,5540,5471,5471,12/09/2026,https://divulgacandcontas.tse.jus.br/divulga/#/candidato/NORDESTE/PI/20322002026/180002539014/2026/PI
180002540685,Superior incompleto,Publicitário,Divorciado(a),PRETA,1976-03-13,https://divulgacandcontas.tse.jus.br/divulga/rest/arquivo/img/20322002026/180002540685/PI,https://INSTAGRAM.COM/SANTANAAINOAN,1214.4,,,,10/09/2026,https://divulgacandcontas.tse.jus.br/divulga/#/candidato/NORDESTE/PI/20322002026/180002540685/2026/PI
180002540688,Ensino Médio completo,Outros,Divorciado(a),PARDA,1975-05-23,https://divulgacandcontas.tse.jus.br/divulga/rest/arquivo/img/20322002026/180002540688/PI,https://INSTAGRAM.COM/ANGELAAMARIA9 | https://FACEBOOK.COM/PEOPLE/ÂNGELA-MARIA/100012066825045,12.72,,,,10/09/2026,https://divulgacandcontas.tse.jus.br/divulga/#/candidato/NORDESTE/PI/20322002026/180002540688/2026/PI
180002540687,Ensino Fundamental completo,Cabeleireiro e Barbeiro,Solteiro(a),PRETA,1976-11-22,https://divulgacandcontas.tse.jus.br/divulga/rest/arquivo/img/20322002026/180002540687/PI,https://INSTAGRAM.COM/ALEX_CABELOS1992,14.55,,,,10/09/2026,https://divulgacandcontas.tse.jus.br/divulga/#/candidato/NORDESTE/PI/20322002026/180002540687/2026/PI
180002540681,Superior completo,Trabalhador Rural,Solteiro(a),PARDA,1979-07-17,https://divulgacandcontas.tse.jus.br/divulga/rest/arquivo/img/20322002026/180002540681/PI,https://www.facebook.com/share/1DGc3FEANa/ | https://kwai-video.com/u/@eneiasmoraes772/gjxMjC2K | https://www.tiktok.com/@eneias797?_r=1&_t=ZS-991S2hqeFZw | https://www.instagram.com/eneias,3002.27,,,,10/09/2026,https://divulgacandcontas.tse.jus.br/divulga/#/candidato/NORDESTE/PI/20322002026/180002540681/2026/PI
180002533197,Superior completo,Servidor Público Estadual,Casado(a),BRANCA,1988-05-23,https://divulgacandcontas.tse.jus.br/divulga/rest/arquivo/img/20322002026/180002533197/PI,,322695.32,292475.25,263699.82,241863.07,15/09/2026,https://divulgacandcontas.tse.jus.br/divulga/#/candidato/NORDESTE/PI/20322002026/180002533197/2026/PI
180002533201,Superior incompleto,Policial Militar,Solteiro(a),PARDA,1982-11-29,https://divulgacandcontas.tse.jus.br/divulga/rest/arquivo/img/20322002026/180002533201/PI,https://@LIVIAOLIVEIRATHEPI,173831,112121,92967.4,63616.6,12/09/2026,https://divulgacandcontas.tse.jus.br/divulga/#/candidato/NORDESTE/PI/20322002026/180002533201/2026/PI
180002533192,Superior completo,Médico,Casado(a),BRANCA,1953-05-17,https://divulgacandcontas.tse.jus.br/divulga/rest/arquivo/img/20322002026/180002533192/PI,HTTPS://WWW.FACEBOOK.COM/WILSONMARTINSPI | https://bio.site/WilsonMartins | HTTPS://WWW.INSTAGRAM.COM/WILSONMARTINSPI | HTTPS://WWW.THREADS.COM/@WILSONMARTINSPI | HTTPS://K.KWAI.COM/U/@WILSONMARTINSPI/GN8JBC6G | HTTPS://X.COM/OWILSONMARTINS?S=11,3623708.29,1500516,1076463.35,505655.75,12/09/2026,https://divulgacandcontas.tse.jus.br/divulga/#/candidato/NORDESTE/PI/20322002026/180002533192/2026/PI
180002533198,Superior completo,Gerente,Casado(a),PARDA,1969-04-08,https://divulgacandcontas.tse.jus.br/divulga/rest/arquivo/img/20322002026/180002533198/PI,https://www.instagram.com/silvio_brito/,85568.8,75000,51849.28,36849.28,13/09/2026,https://divulgacandcontas.tse.jus.br/divulga/#/candidato/NORDESTE/PI/20322002026/180002533198/2026/PI
180002532474,Superior completo,Deputado,Casado(a),PRETA,1966-12-19,https://divulgacandcontas.tse.jus.br/divulga/rest/arquivo/img/20322002026/180002532474/PI,https://www.tiktok.com/@franzepiaui | https://www.threads.com/@franzepiaui | https://www.instagram.com/franzepiaui | https://franzesilva.com.br | HTTPS://WWW.INSTAGRAM.COM/FRANZEPIAUI/ | https://facebook.com/franzepiaui | https://x.com/franzepiaui,1903105.46,856185,1024902.33,731948.67,17/09/2026,https://divulgacandcontas.tse.jus.br/divulga/#/candidato/NORDESTE/PI/20322002026/180002532474/2026/PI
180002536998,Ensino Médio completo,Outros,Solteiro(a),PARDA,1973-02-07,https://divulgacandcontas.tse.jus.br/divulga/rest/arquivo/img/20322002026/180002536998/PI,HTTPS://WWW.INSTAGRAM.COM/SR_ARTENIO_FERREIRA/,,40000,17459.18,14959.18,17/09/2026,https://divulgacandcontas.tse.jus.br/divulga/#/candidato/NORDESTE/PI/20322002026/180002536998/2026/PI
180002536999,Superior completo,Enfermeiro,Casado(a),PRETA,1984-03-31,https://divulgacandcontas.tse.jus.br/divulga/rest/arquivo/img/20322002026/180002536999/PI,HTTPS://WWW.INSTAGRAM.COM/OJULIOLEITE,,90000,169954.77,79954.77,17/09/2026,https://divulgacandcontas.tse.jus.br/divulga/#/candidato/NORDESTE/PI/20322002026/180002536999/2026/PI
180002536997,Ensino Fundamental incompleto,Outros,Casado(a),PARDA,1969-02-03,https://divulgacandcontas.tse.jus.br/divulga/rest/arquivo/img/20322002026/180002536997/PI,HTTPS://WWW.INSTAGRAM.COM/VAGUIMPALHACO/?IGSHID=YMMYMTA2M2Y%3D | HTTPS://WWW.FACEBOOK.COM/PEOPLE/JOS%C3%A9-VAGNER-LEAL/100071083983672/,111000,90000,40665.62,40665.62,13/09/2026,https://divulgacandcontas.tse.jus.br/divulga/#/candidato/NORDESTE/PI/20322002026/180002536997/2026/PI
180002534440,Superior completo,Advogado,Divorciado(a),AMARELA,1979-06-15,https://divulgacandcontas.tse.jus.br/divulga/rest/arquivo/img/20322002026/180002534440/PI,HTTPS://WWW.INSTAGRAM.COM/KARINEBONFIMPII,189000,4590,3822.99,3822.99,10/09/2026,https://divulgacandcontas.tse.jus.br/divulga/#/candidato/NORDESTE/PI/20322002026/180002534440/2026/PI
180002553747,Ensino Médio completo,Agricultor,Solteiro(a),PRETA,1998-03-13,https://divulgacandcontas.tse.jus.br/divulga/rest/arquivo/img/20322002026/180002553747/PI,https://candidatos.pco.org.br,,,,,13/09/2026,https://divulgacandcontas.tse.jus.br/divulga/#/candidato/NORDESTE/PI/20322002026/180002553747/2026/PI
180002547865,Superior completo,Motoboy,Solteiro(a),PARDA,1999-01-17,https://divulgacandcontas.tse.jus.br/divulga/rest/arquivo/img/20322002026/180002547865/PI,https://www.tiktok.com/@marcuskauan.pi | https://www.facebook.com/share/1HjiWWkCmF/ | https://www.instagram.com/marcuskauan.pi,,3960.78,3876.41,3876.41,14/09/2026,https://divulgacandcontas.tse.jus.br/divulga/#/candidato/NORDESTE/PI/20322002026/180002547865/2026/PI
180002548574,Superior incompleto,Vigilante,Casado(a),PRETA,1978-07-07,https://divulgacandcontas.tse.jus.br/divulga/rest/arquivo/img/20322002026/180002548574/PI,HTTP://WWW.INSTAGRAM.COM/WALMIR.SALVADOR45_45,120000,8250,,,17/09/2026,https://divulgacandcontas.tse.jus.br/divulga/#/candidato/NORDESTE/PI/20322002026/180002548574/2026/PI
180002550673,Superior completo,Aposentado (Exceto Servidor Público),Casado(a),PARDA,1964-11-23,https://divulgacandcontas.tse.jus.br/divulga/rest/arquivo/img/20322002026/180002550673/PI,HTTPS://WWW.INSTAGRAM.COM/RIBAMARCABRAL.PSOL50/ | HTTPS://WWW.FACEBOOK.COM/RIBAMAR.CABRAL.716,250000,17816.78,11675,9375,13/09/2026,https://divulgacandcontas.tse.jus.br/divulga/#/candidato/NORDESTE/PI/20322002026/180002550673/2026/PI
180002544102,Superior completo,Médico,Casado(a),BRANCA,1974-06-11,https://divulgacandcontas.tse.jus.br/divulga/rest/arquivo/img/20322002026/180002544102/PI,https://INSTAGRAM.COM/DRAELISVANIARODRIGUES | https://FACEBOOK.COM/ELISVANIA.RODRIGUESDASILVA.3 | https://DRAELISVANIARODRIGUES.COM.BR | https://DOUTORAELISVANIARODRIGUES.COM.BR | https://TIKTOK.COM/@DRAELISVANIARODRIGUES,735153.11,500000,490940.2,280252.7,12/09/2026,https://divulgacandcontas.tse.jus.br/divulga/#/candidato/NORDESTE/PI/20322002026/180002544102/2026/PI
180002544099,Superior incompleto,Vereador,Casado(a),PARDA,1978-03-12,https://divulgacandcontas.tse.jus.br/divulga/rest/arquivo/img/20322002026/180002544099/PI,https://FACEBOOK.COM/ANAFLAVIA.FIDELIS.96 | https://INSTAGRAM.COM/ANA.FIDELIS10,18139.61,2246714.44,1464993.61,1067282.14,13/09/2026,https://divulgacandcontas.tse.jus.br/divulga/#/candidato/NORDESTE/PI/20322002026/180002544099/2026/PI
180002554034,Superior completo,Servidor Público Municipal,Solteiro(a),PARDA,1975-08-20,https://divulgacandcontas.tse.jus.br/divulga/rest/arquivo/img/20322002026/180002554034/PI,,,4000,,,13/09/2026,https://divulgacandcontas.tse.jus.br/divulga/#/candidato/NORDESTE/PI/20322002026/180002554034/2026/PI
180002548687,Superior completo,Membro das Forças Armadas,Solteiro(a),PRETA,1981-01-03,https://divulgacandcontas.tse.jus.br/divulga/rest/arquivo/img/20322002026/180002548687/PI,https://FACEBOOK: JOÃO PAULO DA COSTA ARAÚJO ALVES | https://X: @MAJCOSTAARAUJO | https://INSTAGRAM: @MAJCOSTAARAUJO E @MAJORCOSTAARAUJO,323000,100000,82126.2,82126.2,13/09/2026,https://divulgacandcontas.tse.jus.br/divulga/#/candidato/NORDESTE/PI/20322002026/180002548687/2026/PI
180002544459,Superior incompleto,Comerciante,Casado(a),PARDA,1962-10-16,https://divulgacandcontas.tse.jus.br/divulga/rest/arquivo/img/20322002026/180002544459/PI,https://FACEBOOK.COM/TOIMDUFRANGOOFICIAL | https://INSTAGRAM.COM/TOINHODUFRANGO,28222.99,1785,5782,1782,11/09/2026,https://divulgacandcontas.tse.jus.br/divulga/#/candidato/NORDESTE/PI/20322002026/180002544459/2026/PI
180002551951,Superior incompleto,Motorista Particular,Solteiro(a),PARDA,1976-08-18,https://divulgacandcontas.tse.jus.br/divulga/rest/arquivo/img/20322002026/180002551951/PI,HTTPS://WWW.INSTAGRAM.COM/DERI_SOUSA_/,,11416.66,11397.53,11397.06,13/09/2026,https://divulgacandcontas.tse.jus.br/divulga/#/candidato/NORDESTE/PI/20322002026/180002551951/2026/PI
180002536224,Ensino Médio completo,Outros,Casado(a),BRANCA,1984-02-21,https://divulgacandcontas.tse.jus.br/divulga/rest/arquivo/img/20322002026/180002536224/PI,HTTPS://WWW.INSTAGRAM.COM/GDOLIVEIRA.OF/,800000,287440,158475,5000,12/09/2026,https://divulgacandcontas.tse.jus.br/divulga/#/candidato/NORDESTE/PI/20322002026/180002536224/2026/PI
180002536235,Superior completo,Deputado,Casado(a),BRANCA,1983-10-07,https://divulgacandcontas.tse.jus.br/divulga/rest/arquivo/img/20322002026/180002536235/PI,https://www.tiktok.com/@severoeulaliopiaui | https://x.com/severoeulalio | https://www.instagram.com/severo.eulalio | https://api.whatsapp.com/send?phone=5586998287254 | https://www.facebook.com/severo.eulalio | https://linktr.ee/severo_eulalio,1667052.42,910500,531636.29,229994.57,17/09/2026,https://divulgacandcontas.tse.jus.br/divulga/#/candidato/NORDESTE/PI/20322002026/180002536235/2026/PI
180002536214,Superior completo,Deputado,Casado(a),BRANCA,1971-08-12,https://divulgacandcontas.tse.jus.br/divulga/rest/arquivo/img/20322002026/180002536214/PI,HTTPS://WWW.FACEBOOK.COM/HENRIQUEPIRESPIAUI/ | HTTPS://HENRIQUEPIRES.COM.BR/ | HTTPS://WWW.FACEBOOK.COM/DEPUTADOHENRIQUEPIRES | HTTPS://WWW.INSTAGRAM.COM/HENRIQUEPIRESPIAUI/ | https://HTTPS://WWW.YOUTUBE.COM/@HENRIQUEPIRESMAISPIAU%C3%AD - HENRIQUE PIRES MAIS PIAUÍ | HTTPS://WWW.THREADS.COM/HENRIQUEPIRESPIAUI,7643821.66,481146.66,605429.38,440500.15,17/09/2026,https://divulgacandcontas.tse.jus.br/divulga/#/candidato/NORDESTE/PI/20322002026/180002536214/2026/PI
180002533562,Superior completo,Administrador,Solteiro(a),PRETA,1988-01-07,https://divulgacandcontas.tse.jus.br/divulga/rest/arquivo/img/20322002026/180002533562/PI,,552.89,130803,112382.66,71816.66,11/09/2026,https://divulgacandcontas.tse.jus.br/divulga/#/candidato/NORDESTE/PI/20322002026/180002533562/2026/PI
180002533548,Ensino Médio completo,Trabalhador Rural,Solteiro(a),BRANCA,1976-04-24,https://divulgacandcontas.tse.jus.br/divulga/rest/arquivo/img/20322002026/180002533548/PI,HTTPS://WWW.INSTAGRAM.COM/ELISANGELAMOURAPI?IGSH=MXRNNGNOEHNTBG02DQ==,,308200,190977.07,116650.77,13/09/2026,https://divulgacandcontas.tse.jus.br/divulga/#/candidato/NORDESTE/PI/20322002026/180002533548/2026/PI
180002533540,Ensino Médio completo,Administrador,Solteiro(a),PRETA,1974-10-26,https://divulgacandcontas.tse.jus.br/divulga/rest/arquivo/img/20322002026/180002533540/PI,https://ASSUNCAOAGUIARAGUIAR/@ASSUNO.AGUIAR,200000,231972.5,89261.58,37821.58,12/09/2026,https://divulgacandcontas.tse.jus.br/divulga/#/candidato/NORDESTE/PI/20322002026/180002533540/2026/PI
180002533549,Superior completo,Fisioterapeuta e Terapeuta Ocupacional,Casado(a),BRANCA,1964-08-04,https://divulgacandcontas.tse.jus.br/divulga/rest/arquivo/img/20322002026/180002533549/PI,https://www.facebook.com/dep.helioisaias/ | https://www.instagram.com/helioisaiaspi/,,285257.72,229458.6,122995.6,12/09/2026,https://divulgacandcontas.tse.jus.br/divulga/#/candidato/NORDESTE/PI/20322002026/180002533549/2026/PI
180002533561,Superior completo,Médico,Casado(a),BRANCA,1981-08-05,https://divulgacandcontas.tse.jus.br/divulga/rest/arquivo/img/20322002026/180002533561/PI,https://www.threads.com/@flavionogueirajuniorigshid=NTc4MTIwNjQ2YQ== | https://www.instagram.com/flavionogueirajunior?igsh=NDVyYXA0YXdqd3g4 | https://www.tiktok.com/@flavionogueirajunior?_r=1&_t=ZS-97qE9aw1O1B | HTTPS://WWW.FACEBOOK.COM/FLAVIO.NOGUEIRAJUNIOR | https://x.com/flavionjunior?s=11,6185099.71,896407.25,866076.03,742443.97,17/09/2026,https://divulgacandcontas.tse.jus.br/divulga/#/candidato/NORDESTE/PI/20322002026/180002533561/2026/PI
180002533555,Superior completo,Deputado,Casado(a),PARDA,1968-02-03,https://divulgacandcontas.tse.jus.br/divulga/rest/arquivo/img/20322002026/180002533555/PI,HTTPS://LINKTR.EE/DEPUTADOGILCARLOS?UTM_SOURCE=LINKTREE_PROFILE_SHARE&LTSID=FE8F,3803858.42,685349.75,526459.45,363359.45,13/09/2026,https://divulgacandcontas.tse.jus.br/divulga/#/candidato/NORDESTE/PI/20322002026/180002533555/2026/PI
180002553897,Ensino Médio incompleto,Trabalhador Rural,Solteiro(a),BRANCA,2003-03-11,https://divulgacandcontas.tse.jus.br/divulga/rest/arquivo/img/20322002026/180002553897/PI,,,,,,1989-12-31,https://divulgacandcontas.tse.jus.br/divulga/#/candidato/NORDESTE/PI/20322002026/180002553897/2026/PI
180002534812,Superior completo,Bancário e Economiário,Casado(a),PARDA,1983-08-27,https://divulgacandcontas.tse.jus.br/divulga/rest/arquivo/img/20322002026/180002534812/PI,https://www.instagram.com/tiagovasconcelos?igsh=M2NnbGQwZmNoODJk&utm_source=qr | https://www.facebook.com/tiago.vasconcelos.758 | https://www.threads.com/@tiagovasconcelos?igshid=NTc4MTIwNjQ2YQ%3D%3D,356319.89,242241.53,390252.94,160634.48,16/09/2026,https://divulgacandcontas.tse.jus.br/divulga/#/candidato/NORDESTE/PI/20322002026/180002534812/2026/PI
180002534821,Superior completo,Nutricionista e Assemelhados,Divorciado(a),PARDA,1981-09-23,https://divulgacandcontas.tse.jus.br/divulga/rest/arquivo/img/20322002026/180002534821/PI,https://www.instagram.com/draseforaferreira?igsh=Z2ZzdDRnZWZxcjhz,,350000,329229.7,329229.7,11/09/2026,https://divulgacandcontas.tse.jus.br/divulga/#/candidato/NORDESTE/PI/20322002026/180002534821/2026/PI
180002539033,Superior completo,Advogado,Solteiro(a),PRETA,1994-03-29,https://divulgacandcontas.tse.jus.br/divulga/rest/arquivo/img/20322002026/180002539033/PI,HTTPS://WWW.INSTAGRAM.COM/HALLYSONMATAPI/,,605675.67,49458.25,37458.25,13/09/2026,https://divulgacandcontas.tse.jus.br/divulga/#/candidato/NORDESTE/PI/20322002026/180002539033/2026/PI
180002539018,Superior completo,Biomédico,Casado(a),PARDA,1989-07-18,https://divulgacandcontas.tse.jus.br/divulga/rest/arquivo/img/20322002026/180002539018/PI,HTTPS://WWW.INSTAGRAM.COM/NATRICIO/ | https://natricio.com.br/ | https://www.tiktok.com/@natricioalmeida | https://linktr.ee/natricio | https://www.youtube.com/@NATRICIO-AFORÇADAINCLUSÃO | HTTPS://WWW.FACEBOOK.COM/NATRICIO/?LOCALE=FR_CA,,290993.85,139819.14,105198.14,13/09/2026,https://divulgacandcontas.tse.jus.br/divulga/#/candidato/NORDESTE/PI/20322002026/180002539018/2026/PI
180002539016,Ensino Fundamental completo,Mecânico de Manutenção,Casado(a),PRETA,1983-02-09,https://divulgacandcontas.tse.jus.br/divulga/rest/arquivo/img/20322002026/180002539016/PI,HTTPS://WWW.INSTAGRAM.COM/BOBGUERREIROOFICIAL/ | HTTPS://WWW.INSTAGRAM.COM/ADVOGADO_DO_PREFEITO_BOB/,616964,80676.67,11247.5,,13/09/2026,https://divulgacandcontas.tse.jus.br/divulga/#/candidato/NORDESTE/PI/20322002026/180002539016/2026/PI
180002539026,Superior incompleto,Agente Administrativo,Casado(a),PARDA,1982-04-19,https://divulgacandcontas.tse.jus.br/divulga/rest/arquivo/img/20322002026/180002539026/PI,HTTPS://WWW.INSTAGRAM.COM/BISPORILDOCARDOSO/ | HTTPS://WWW.FACEBOOK.COM/BISPORILDOCARDOSO/?LOCALE=ET_EE,66000,325675.67,,,13/09/2026,https://divulgacandcontas.tse.jus.br/divulga/#/candidato/NORDESTE/PI/20322002026/180002539026/2026/PI
180002539020,Superior completo,Cientista Político,Casado(a),PARDA,1994-03-30,https://divulgacandcontas.tse.jus.br/divulga/rest/arquivo/img/20322002026/180002539020/PI,HTTPS://WWW.INSTAGRAM.COM/TEXWILLEROFICIAL/,,442088.01,119737.4,119737.4,13/09/2026,https://divulgacandcontas.tse.jus.br/divulga/#/candidato/NORDESTE/PI/20322002026/180002539020/2026/PI
180002540684,Superior incompleto,"Estudante, Bolsista, Estagiário e Assemelhados",Separado(a) judicialmente,PARDA,1984-05-20,https://divulgacandcontas.tse.jus.br/divulga/rest/arquivo/img/20322002026/180002540684/PI,https://TIKTOK.COM/@MARCOSAURELIANO04 | https://INSTAGRAM.COM/MARCOSAURELIANOPRODUTOR,1995.91,,,,10/09/2026,https://divulgacandcontas.tse.jus.br/divulga/#/candidato/NORDESTE/PI/20322002026/180002540684/2026/PI
180002539135,Superior completo,Empresário,Casado(a),PARDA,1990-11-08,https://divulgacandcontas.tse.jus.br/divulga/rest/arquivo/img/20322002026/180002539135/PI,HTTPS://WWW.INSTAGRAM.COM/CACHORRO.PI/ | HTTPS://WWW.TIKTOK.COM/@CACHORRO.PI?_R=1&_T=ZS-987G0OBTWNE | HTTPS://WWW.FACEBOOK.COM/SHARE/1ENY733MSP/?MIBEXTID=WWXIFR | HTTPS://KWAI-VIDEO.COM/U/@CACHORRO.PI/WCHEJZHV,2095882.87,1075675.67,438716.57,311416.57,14/09/2026,https://divulgacandcontas.tse.jus.br/divulga/#/candidato/NORDESTE/PI/20322002026/180002539135/2026/PI
180002539132,Ensino Médio completo,Outros,Divorciado(a),PRETA,1983-10-27,https://divulgacandcontas.tse.jus.br/divulga/rest/arquivo/img/20322002026/180002539132/PI,https://X.COM/GYSELLE_SOARES | https://INSTAGRAM.COM/GYSELLESOARESESTEVAO | https://TIKTOK.COM/GYSELLESOARESOFICIAL,460700,895175.67,519629.04,519629.04,12/09/2026,https://divulgacandcontas.tse.jus.br/divulga/#/candidato/NORDESTE/PI/20322002026/180002539132/2026/PI
180002533195,Superior incompleto,Empresário,Casado(a),PARDA,1980-01-16,https://divulgacandcontas.tse.jus.br/divulga/rest/arquivo/img/20322002026/180002533195/PI,,570000,200000,,,13/09/2026,https://divulgacandcontas.tse.jus.br/divulga/#/candidato/NORDESTE/PI/20322002026/180002533195/2026/PI
180002536464,Superior completo,Policial Militar,Solteiro(a),BRANCA,1984-10-27,https://divulgacandcontas.tse.jus.br/divulga/rest/arquivo/img/20322002026/180002536464/PI,HTTPS://WWW.THREADS.COM/@ROMULOAUGUSTOOFICIAL | HTTPS://WWW.INSTAGRAM.COM/ROMULOAUGUSTOOFICIAL/,165500,250000,87500,,13/09/2026,https://divulgacandcontas.tse.jus.br/divulga/#/candidato/NORDESTE/PI/20322002026/180002536464/2026/PI
180002536462,Superior completo,Atleta Profissional e Técnico em Desportos,Solteiro(a),PARDA,1990-03-26,https://divulgacandcontas.tse.jus.br/divulga/rest/arquivo/img/20322002026/180002536462/PI,HTTPS://WWW.FACEBOOK.COM/SARAH.MENEZES.7906 | HTTPS://WWW.INSTAGRAM.COM/MENEZESSARAH/,4650000,1039700,608139.25,607791.28,12/09/2026,https://divulgacandcontas.tse.jus.br/divulga/#/candidato/NORDESTE/PI/20322002026/180002536462/2026/PI
180002532473,Superior completo,Advogado,Divorciado(a),PARDA,1964-02-05,https://divulgacandcontas.tse.jus.br/divulga/rest/arquivo/img/20322002026/180002532473/PI,HTTPS://WWW.FACEBOOK.COM/@ZESANTANAPI/?REF=2&HR=1 | HTTPS://WWW.INSTAGRAM.COM/AMIGOZESANTANA/,5060012.67,935350,634573.85,433696.27,12/09/2026,https://divulgacandcontas.tse.jus.br/divulga/#/candidato/NORDESTE/PI/20322002026/180002532473/2026/PI
180002533973,Superior completo,Professor e Instrutor de Formação Profissional,Casado(a),PARDA,1983-04-07,https://divulgacandcontas.tse.jus.br/divulga/rest/arquivo/img/20322002026/180002533973/PI,HTTPS://WWW.INSTAGRAM.COM/ODIR_SANTANA | https://www.instagram.com/odir_santana | https://www.tiktok.com/@odirsantana | https://www.facebook.com/odirsantanaosc | https://www.youtube.com/@odirsantana | HTTPS://WWW.FACEBOOK.COM/ODIRSANTANAOSC,13000,5500,5500,5500,09/09/2026,https://divulgacandcontas.tse.jus.br/divulga/#/candidato/NORDESTE/PI/20322002026/180002533973/2026/PI
180002553748,Superior incompleto,Outros,Solteiro(a),BRANCA,1958-01-14,https://divulgacandcontas.tse.jus.br/divulga/rest/arquivo/img/20322002026/180002553748/PI,https://candidatos.pco.org.br,,,,,13/09/2026,https://divulgacandcontas.tse.jus.br/divulga/#/candidato/NORDESTE/PI/20322002026/180002553748/2026/PI
180002544097,Superior completo,Jornalista e Redator,Separado(a) judicialmente,BRANCA,1945-11-20,https://divulgacandcontas.tse.jus.br/divulga/rest/arquivo/img/20322002026/180002544097/PI,https://X.COM/TOMAZTEIXEIRA | https://YOUTUBE.COM/@CANALJORNALISTATOMAZTEIXEIRA | https://INSTAGRAM.COM/TOMAZTEIXEIRA007,635000,100000,92955.85,92955.85,11/09/2026,https://divulgacandcontas.tse.jus.br/divulga/#/candidato/NORDESTE/PI/20322002026/180002544097/2026/PI
180002541418,Ensino Médio completo,Secretário e Datilógrafo,Divorciado(a),PARDA,1988-12-06,https://divulgacandcontas.tse.jus.br/divulga/rest/arquivo/img/20322002026/180002541418/PI,https://FACEBOOK.COM/ANDREIANOBREANDRADE,0.52,,,,11/09/2026,https://divulgacandcontas.tse.jus.br/divulga/#/candidato/NORDESTE/PI/20322002026/180002541418/2026/PI
180002541415,Superior incompleto,"Estudante, Bolsista, Estagiário e Assemelhados",Solteiro(a),PARDA,1997-04-16,https://divulgacandcontas.tse.jus.br/divulga/rest/arquivo/img/20322002026/180002541415/PI,https://INSTAGRAM.COM/WESLEYFRANCATHE,25000,,,,11/09/2026,https://divulgacandcontas.tse.jus.br/divulga/#/candidato/NORDESTE/PI/20322002026/180002541415/2026/PI
180002549586,Ensino Fundamental incompleto,Outros,Solteiro(a),PARDA,1993-10-08,https://divulgacandcontas.tse.jus.br/divulga/rest/arquivo/img/20322002026/180002549586/PI,,,,,,09/09/2026,https://divulgacandcontas.tse.jus.br/divulga/#/candidato/NORDESTE/PI/20322002026/180002549586/2026/PI
180002553918,Superior completo,Jornalista e Redator,Divorciado(a),PRETA,1972-11-19,https://divulgacandcontas.tse.jus.br/divulga/rest/arquivo/img/20322002026/180002553918/PI,https://x.com/lopescalina?s=11 | https://www.threads.com/@irmacalinalopes?igshid=NTc4MTIwNjQ2YQ== | https://www.instagram.com/calinalopes?igsh=MTRuamJsODJnZ3M0bg%3D%3D&utm_source=q | https://youtube.com/@irmacalinalopes?si=vLy5Hu_Knmt3t1xB | https://www.facebook.com/share/1Kx15uLi48/?mibextid=wwXIfr,,20000,14000,9000,13/09/2026,https://divulgacandcontas.tse.jus.br/divulga/#/candidato/NORDESTE/PI/20322002026/180002553918/2026/PI
180002552962,Superior incompleto,Servidor Público Municipal,Casado(a),PARDA,1964-10-17,https://divulgacandcontas.tse.jus.br/divulga/rest/arquivo/img/20322002026/180002552962/PI,https://www.instagram.com/alexandremariano67_?igsh=NjdhamJtcjZ6OHU2&igsi=NjdhamJ,306000,,,,13/09/2026,https://divulgacandcontas.tse.jus.br/divulga/#/candidato/NORDESTE/PI/20322002026/180002552962/2026/PI
180002551952,Ensino Médio completo,Vendedor de Comércio Varejista e Atacadista,Solteiro(a),PARDA,1982-09-19,https://divulgacandcontas.tse.jus.br/divulga/rest/arquivo/img/20322002026/180002551952/PI,,169500,15528.1,15528.6,15528.1,13/09/2026,https://divulgacandcontas.tse.jus.br/divulga/#/candidato/NORDESTE/PI/20322002026/180002551952/2026/PI
180002536217,Superior completo,Advogado,Casado(a),BRANCA,1962-12-23,https://divulgacandcontas.tse.jus.br/divulga/rest/arquivo/img/20322002026/180002536217/PI,https://www.tiktok.com/@joaomadison | HTTPS://WWW.THREADS.COM/@JOAOMADISON | HTTPS://WWW.INSTAGRAM.COM/JOAOMADISON/ | HTTPS://WWW.FACEBOOK.COM/JOAOMADISONDEPUTADO,880361.03,362362.8,225113.02,135471.62,17/09/2026,https://divulgacandcontas.tse.jus.br/divulga/#/candidato/NORDESTE/PI/20322002026/180002536217/2026/PI
180002533550,Ensino Médio completo,Outros,Casado(a),PARDA,1975-08-02,https://divulgacandcontas.tse.jus.br/divulga/rest/arquivo/img/20322002026/180002533550/PI,https://INSTAGRAN: MAUROEDUARDOPI | https://FACEBOOK: MAUROEDUARDO,1035849.77,172771,178940,53240,13/09/2026,https://divulgacandcontas.tse.jus.br/divulga/#/candidato/NORDESTE/PI/20322002026/180002533550/2026/PI
180002536220,Superior completo,Outros,Solteiro(a),PARDA,1976-03-08,https://divulgacandcontas.tse.jus.br/divulga/rest/arquivo/img/20322002026/180002536220/PI,https://www.instagram.com/deusapazoli?stkn=MW94dzNjMjJ1YTR4Nw== | HTTPS://WWW.INSTAGRAM.COM/DEUSA_PAZOLI/ | HTTPS://WWW.FACEBOOK.COM/DEUSA.PAZOLI,85000,162500,103698.55,67198.55,12/09/2026,https://divulgacandcontas.tse.jus.br/divulga/#/candidato/NORDESTE/PI/20322002026/180002536220/2026/PI
180002533567,Superior completo,Deputado,Casado(a),PARDA,1974-12-20,https://divulgacandcontas.tse.jus.br/divulga/rest/arquivo/img/20322002026/180002533567/PI,HTTPS://WWW.INSTAGRAM.COM/JANAINNA_MARQUES?IGSH=ZXK4DXFZYZDXDHH3 | HTTPS://WWW.FACEBOOK.COM/SHARE/196CKEAEHZ/?MIBEXTID=WWXIFR,2340000,1110547.19,827643.39,295590.29,12/09/2026,https://divulgacandcontas.tse.jus.br/divulga/#/candidato/NORDESTE/PI/20322002026/180002533567/2026/PI
180002533556,Superior completo,Médico,Casado(a),PARDA,1992-12-26,https://divulgacandcontas.tse.jus.br/divulga/rest/arquivo/img/20322002026/180002533556/PI,https://WWW.INSTAGRAM.COM/VINICIUSDIASPI | https://WWW.TIKTOK.COM/@VINICIUSDIASPI | https://WWW.YOUTUBE.COM/@VINICIUSDIASPI | https://WWW.X.COM/VINICIUSDIASPI,445012.80000000005,237281.36,626540.01,171515.57,15/09/2026,https://divulgacandcontas.tse.jus.br/divulga/#/candidato/NORDESTE/PI/20322002026/180002533556/2026/PI
180002533560,Superior completo,Deputado,Casado(a),PARDA,1971-12-03,https://divulgacandcontas.tse.jus.br/divulga/rest/arquivo/img/20322002026/180002533560/PI,HTTPS://FACEBOOK.COM/EVALDOGOMES36 | HTTPS://X.COM/EVALDO_GOMESPI?S=11 | HTTPS://WWW.INSTAGRAM.COM/DEPUTADOEVALDOG | HTTPS://WWW.YOUTUBE.COM/@DEPUTADOEVALDOGOMESPI | HTTPS://WWW.TIKTOK.COM/@DEP..EVALDO.GOMES?_R=1&_T=ZS-98C7VDHFYDH,2820847.9899999998,437202,396071.5,233855,12/09/2026,https://divulgacandcontas.tse.jus.br/divulga/#/candidato/NORDESTE/PI/20322002026/180002533560/2026/PI
180002534824,Superior completo,Advogado,Casado(a),PARDA,1963-05-09,https://divulgacandcontas.tse.jus.br/divulga/rest/arquivo/img/20322002026/180002534824/PI,,1720316,85000,51322.3,43822.3,13/09/2026,https://divulgacandcontas.tse.jus.br/divulga/#/candidato/NORDESTE/PI/20322002026/180002534824/2026/PI
180002534825,Superior completo,Empresário,Casado(a),BRANCA,1986-07-19,https://divulgacandcontas.tse.jus.br/divulga/rest/arquivo/img/20322002026/180002534825/PI,,1324874.9200000002,333848.25,316008.99,106497.33,15/09/2026,https://divulgacandcontas.tse.jus.br/divulga/#/candidato/NORDESTE/PI/20322002026/180002534825/2026/PI
180002534826,Superior completo,Empresário,Divorciado(a),PARDA,1982-03-22,https://divulgacandcontas.tse.jus.br/divulga/rest/arquivo/img/20322002026/180002534826/PI,,370000,335614.51,282506.91,232040.89,13/09/2026,https://divulgacandcontas.tse.jus.br/divulga/#/candidato/NORDESTE/PI/20322002026/180002534826/2026/PI
180002548648,Superior incompleto,Empresário,Solteiro(a),BRANCA,1984-11-24,https://divulgacandcontas.tse.jus.br/divulga/rest/arquivo/img/20322002026/180002548648/PI,HTTPS://WWW.INSTAGRAM.COM/OSIASAGUIARPIAUI | HTTPS://WWW.OSIASAGUIAR.COM.BR | HTTPS://WWW.TIKTOK.COM/@OSIASAGUIARPIAUI | HTTPS://KWAI-VIDEO.COM/U/@OSIASAGUIARPIAUI/DKBCWKSY,350000,100000,89764.8,89764.8,12/09/2026,https://divulgacandcontas.tse.jus.br/divulga/#/candidato/NORDESTE/PI/20322002026/180002548648/2026/PI
180002552112,Superior completo,Médico,Casado(a),BRANCA,1978-10-10,https://divulgacandcontas.tse.jus.br/divulga/rest/arquivo/img/20322002026/180002552112/PI,HTTP://WWW.INSTAGRAM.COM/DRSAMUELREGO,264161.3,5000,5000,,13/09/2026,https://divulgacandcontas.tse.jus.br/divulga/#/candidato/NORDESTE/PI/20322002026/180002552112/2026/PI
180002539036,Ensino Médio completo,Comerciante,Solteiro(a),PARDA,1980-05-04,https://divulgacandcontas.tse.jus.br/divulga/rest/arquivo/img/20322002026/180002539036/PI,https://www.tiktok.com/@alcilenebibi1 | https://www.instagram.com/bibialcilene/,81000,208875.67,129925.58,96417.18,12/09/2026,https://divulgacandcontas.tse.jus.br/divulga/#/candidato/NORDESTE/PI/20322002026/180002539036/2026/PI
180002539040,Superior incompleto,Jornalista e Redator,Solteiro(a),BRANCA,2005-08-15,https://divulgacandcontas.tse.jus.br/divulga/rest/arquivo/img/20322002026/180002539040/PI,HTTPS://WWW.INSTAGRAM.COM/TRABULONETO.PI/ | http://wa.me/5586988811999 | HTTPS://TRABULONETO.COM.BR/ | HTTPS://WWW.TIKTOK.COM/@TRABULONETO.PI | HTTPS://WWW.FACEBOOK.COM/PROFILE.PHP?ID=61576240355316&LOCALE=PT_BR,,524935.76,101391.91,100791.91,12/09/2026,https://divulgacandcontas.tse.jus.br/divulga/#/candidato/NORDESTE/PI/20322002026/180002539040/2026/PI
180002539025,Ensino Fundamental incompleto,Outros,Casado(a),PARDA,1967-02-05,https://divulgacandcontas.tse.jus.br/divulga/rest/arquivo/img/20322002026/180002539025/PI,HTTPS://WWW.INSTAGRAM.COM/JURACIRIBEIROALBERTO | HTTPS://WWW.TIKTOK.COM/@PRJURACIALBERTO?_R=1&_T=ZS-98FTJSYHCY4 | HTTPS://WWW.FACEBOOK.COM/SHARE/1CS7RTV5XR/?MIBEXTID=WWXIFR | HTTPS://WWW.YOUTUBE.COM/@PRJURACIRIBEIRO,,591175.67,167042.45,117042.45,11/09/2026,https://divulgacandcontas.tse.jus.br/divulga/#/candidato/NORDESTE/PI/20322002026/180002539025/2026/PI
180002539023,Ensino Médio completo,Advogado,Casado(a),BRANCA,1987-12-30,https://divulgacandcontas.tse.jus.br/divulga/rest/arquivo/img/20322002026/180002539023/PI,HTTPS://WWW.FACEBOOK.COM/SHARE/1BSEXM2SKG/?MIBEXTID=WWXIFR | HTTPS://WWW.INSTAGRAM.COM/DEBORACARVALLHOPI?IGSH=C2NJOTJONGIXAZBM,55000,470000,100000,100000,11/09/2026,https://divulgacandcontas.tse.jus.br/divulga/#/candidato/NORDESTE/PI/20322002026/180002539023/2026/PI
180002538633,Superior completo,"Estudante, Bolsista, Estagiário e Assemelhados",Solteiro(a),PARDA,1995-01-08,https://divulgacandcontas.tse.jus.br/divulga/rest/arquivo/img/20322002026/180002538633/PI,HTTPS://WWW.FACEBOOK.COM/SHARE/1KREPLUNCW/?MIBEXTID=WWXIFR | HTTPS://WWW.INSTAGRAM.COM/LARISSA_FREIRE_DE_FARIAS_LIMA?IGSH=MWS4YXPSAMH5AHQXYQ=,,205675.67,106654.83,86469.3,12/09/2026,https://divulgacandcontas.tse.jus.br/divulga/#/candidato/NORDESTE/PI/20322002026/180002538633/2026/PI
180002539042,Superior completo,Médico,Casado(a),BRANCA,1977-12-15,https://divulgacandcontas.tse.jus.br/divulga/rest/arquivo/img/20322002026/180002539042/PI,HTTPS://WWW.INSTAGRAM.COM/DRA.ANDREIACOUTO/ | HTTPS://WWW.FACEBOOK.COM/ANDREIA.COUTODESOUSA,106001.14,1069375.67,730083.89,181100.02,13/09/2026,https://divulgacandcontas.tse.jus.br/divulga/#/candidato/NORDESTE/PI/20322002026/180002539042/2026/PI
180002533199,Superior completo,Policial Militar,Casado(a),PARDA,1982-06-08,https://divulgacandcontas.tse.jus.br/divulga/rest/arquivo/img/20322002026/180002533199/PI,,380000,201000,24000,,13/09/2026,https://divulgacandcontas.tse.jus.br/divulga/#/candidato/NORDESTE/PI/20322002026/180002533199/2026/PI
180002536456,Superior completo,Policial Civil,Casado(a),BRANCA,1984-08-29,https://divulgacandcontas.tse.jus.br/divulga/rest/arquivo/img/20322002026/180002536456/PI,HTTPS://WWW.THREADS.COM/@ANAMELKA | HTTPS://WWW.INSTAGRAM.COM/ANAMELKA/ | HTTPS://WWW.FACEBOOK.COM/ANAMELKAFACE/,275475,600000,599267.75,541342.75,13/09/2026,https://divulgacandcontas.tse.jus.br/divulga/#/candidato/NORDESTE/PI/20322002026/180002536456/2026/PI
180002536465,Superior completo,Deputado,Casado(a),BRANCA,1991-09-19,https://divulgacandcontas.tse.jus.br/divulga/rest/arquivo/img/20322002026/180002536465/PI,HTTPS://WWW.THREADS.COM/@MARCOSPSAMPAIO?IGSHID=NTC4MTIWNJQ2YQ== | HTTPS://WWW.FACEBOOK.COM/MARCOSAURELIOSAMPAIO/ | HTTPS://M.YOUTUBE.COM/@MARCOSAURELIOSAMPAIO8391?RA=M | HTTPS://WWW.TIKTOK.COM/@MARCOSAURELIOSAMPAIO | HTTPS://X.COM/MARCOSA_SAMPAIO | HTTPS://WWW.INSTAGRAM.COM/MARCOSPSAMPAIO?IGSH=MTBYMDUXAXH2YMZSEA==,4122522.55,2568000,1948024.39,1416559.71,12/09/2026,https://divulgacandcontas.tse.jus.br/divulga/#/candidato/NORDESTE/PI/20322002026/180002536465/2026/PI
180002536463,Superior completo,Assistente Social,Divorciado(a),PARDA,1982-05-31,https://divulgacandcontas.tse.jus.br/divulga/rest/arquivo/img/20322002026/180002536463/PI,HTTPS://WWW.INSTAGRAM.COM/ALINETEIXEIRA_PI/ | HTTPS://WWW.FACEBOOK.COM/ALINE.TEIXEIRA.3766,16078.150000000001,500000,242616.22,242616.22,13/09/2026,https://divulgacandcontas.tse.jus.br/divulga/#/candidato/NORDESTE/PI/20322002026/180002536463/2026/PI
180002532477,Superior completo,Policial Militar,Divorciado(a),BRANCA,1974-11-24,https://divulgacandcontas.tse.jus.br/divulga/rest/arquivo/img/20322002026/180002532477/PI,HTTPS://WWW.FACEBOOK.COM/MAJORELIZETE | HTTPS://WWW.KWAI.COM/@CORONEL_ELIZETE?KPN=KWAI&SHARE_DEVICE_ID=EE731216-BD3B-48C | https://HELDANIO@GMAIL.COM | HTTPS://WWW.YOUTUBE.COM/C/MAJORELIZETELIMA | HTTPS://WWW.INSTAGRAM.COM/MAJORELIZETELIMA?R=NAMETAG | HTTPS://WWW.TIKTOK.COM/@CORONEL_ELIZETE?_R=1&_T=ZS-98PHXFNDACR | HTTPS://WWW.INSTAGRAM.COM/MAJORELIZETELIMA/ | HTTPS://WWW.INSTAGRAM.COM/CORONEL_ELIZETE?IGSH=CWDWDTY0ZWXSN2K3&UTM_SOURCE=QR | HTTPS://WWW.TIKTOK.COM/?_R=1 | HTTPS://WWW.FACEBOOK.COM/CORONELELIZETE?MIBEXTID=WWXIFR&RDID=TTLNVPULSQHWSCKC&SH,371836.33,440175,177853.74,149553.74,15/09/2026,https://divulgacandcontas.tse.jus.br/divulga/#/candidato/NORDESTE/PI/20322002026/180002532477/2026/PI
180002532481,Superior completo,Servidor Público Estadual,Solteiro(a),PARDA,1963-03-08,https://divulgacandcontas.tse.jus.br/divulga/rest/arquivo/img/20322002026/180002532481/PI,https://@ZENAIDELUSTOSA,829596.24,1357957.93,666506.55,626902.23,13/09/2026,https://divulgacandcontas.tse.jus.br/divulga/#/candidato/NORDESTE/PI/20322002026/180002532481/2026/PI
180002534436,Ensino Médio completo,Empresário,Divorciado(a),BRANCA,1981-09-21,https://divulgacandcontas.tse.jus.br/divulga/rest/arquivo/img/20322002026/180002534436/PI,HTTPS://WWW.INSTAGRAM.COM/LA@LAVINIA.BORA.PRAPRQCA,,4530,283.2,283.2,12/09/2026,https://divulgacandcontas.tse.jus.br/divulga/#/candidato/NORDESTE/PI/20322002026/180002534436/2026/PI
180002533971,Ensino Médio completo,Empresário,Divorciado(a),PARDA,1975-06-25,https://divulgacandcontas.tse.jus.br/divulga/rest/arquivo/img/20322002026/180002533971/PI,HTTPS://VT.TIKTOK.COM/ZSXCNFGCQ/,,2500,50,50,09/09/2026,https://divulgacandcontas.tse.jus.br/divulga/#/candidato/NORDESTE/PI/20322002026/180002533971/2026/PI
180002533970,Superior completo,Administrador,Casado(a),PARDA,1986-11-06,https://divulgacandcontas.tse.jus.br/divulga/rest/arquivo/img/20322002026/180002533970/PI,https://www.threads.net/@deisejaciele | https://www.facebook.com/deisejaciele | https://twitter.com/deisejaciele | https://www.instagram.com/deisejaciele | HTTPS://WWW.INSTAGRAM.COM/DEISEJACIELE | HTTPS://WWW.FACEBOOK.COM/DEISEJACIELE,,7130,7130,7130,10/09/2026,https://divulgacandcontas.tse.jus.br/divulga/#/candidato/NORDESTE/PI/20322002026/180002533970/2026/PI
180002547871,Superior completo,Fisioterapeuta e Terapeuta Ocupacional,Solteiro(a),PARDA,1981-06-10,https://divulgacandcontas.tse.jus.br/divulga/rest/arquivo/img/20322002026/180002547871/PI,https://instagram.com/coluna.vip,,6988.78,6426.4,6426.4,16/09/2026,https://divulgacandcontas.tse.jus.br/divulga/#/candidato/NORDESTE/PI/20322002026/180002547871/2026/PI
180002547866,Superior completo,Professor de Ensino Fundamental,Casado(a),BRANCA,1986-06-13,https://divulgacandcontas.tse.jus.br/divulga/rest/arquivo/img/20322002026/180002547866/PI,https://tiktok.com/@viver.na.presena | https://instagram.com/elisdalva_pi | https://facebook.com/elisdalvalopes,63000,6988.78,4000.5,4000.5,14/09/2026,https://divulgacandcontas.tse.jus.br/divulga/#/candidato/NORDESTE/PI/20322002026/180002547866/2026/PI
180002547872,Ensino Médio incompleto,"Estudante, Bolsista, Estagiário e Assemelhados",Casado(a),PARDA,2004-01-11,https://divulgacandcontas.tse.jus.br/divulga/rest/arquivo/img/20322002026/180002547872/PI,https://https://instagram.com/israelolivermblpi https://tiktok.com/@israel.oliver.mbl,,3674.78,2450.5,2450.5,14/09/2026,https://divulgacandcontas.tse.jus.br/divulga/#/candidato/NORDESTE/PI/20322002026/180002547872/2026/PI
180002548578,Superior completo,Empresário,Divorciado(a),PARDA,1989-12-28,https://divulgacandcontas.tse.jus.br/divulga/rest/arquivo/img/20322002026/180002548578/PI,HTTP://WWW.INSTAGRAM.COM/LUCASBARBOSA.OFICIAL,,8250,,,17/09/2026,https://divulgacandcontas.tse.jus.br/divulga/#/candidato/NORDESTE/PI/20322002026/180002548578/2026/PI
180002548575,Ensino Médio completo,Outros,Divorciado(a),PRETA,1979-02-27,https://divulgacandcontas.tse.jus.br/divulga/rest/arquivo/img/20322002026/180002548575/PI,HTTP://WWW.INSTAGRAM.COM/ANDRE.MESQUITA7,,8250,,,17/09/2026,https://divulgacandcontas.tse.jus.br/divulga/#/candidato/NORDESTE/PI/20322002026/180002548575/2026/PI
180002552096,Superior completo,Professor de Ensino Médio,Casado(a),PARDA,1988-06-09,https://divulgacandcontas.tse.jus.br/divulga/rest/arquivo/img/20322002026/180002552096/PI,,961421.66,,,,,https://divulgacandcontas.tse.jus.br/divulga/#/candidato/NORDESTE/PI/20322002026/180002552096/2026/PI
180002550674,Superior completo,Professor de Ensino Médio,Solteiro(a),PRETA,1960-01-04,https://divulgacandcontas.tse.jus.br/divulga/rest/arquivo/img/20322002026/180002550674/PI,HTTPS://WWW.INSTAGRAM.COM/ANAMOREIRADEBRITO/ | https://www.instagram.com/bancadafeminista.pi/,45000,20714.28,7760.5,7760.5,13/09/2026,https://divulgacandcontas.tse.jus.br/divulga/#/candidato/NORDESTE/PI/20322002026/180002550674/2026/PI
180002544106,Superior incompleto,Empresário,Casado(a),PARDA,1987-07-23,https://divulgacandcontas.tse.jus.br/divulga/rest/arquivo/img/20322002026/180002544106/PI,https://X.COM/JADYELALENCARR | https://INSTAGRAM.COM/JADYELALENCAR | https://FACEBOOK.COM/JADYELDAJUPI,107108276.43,1405679.72,1950951.68,1175674.18,13/09/2026,https://divulgacandcontas.tse.jus.br/divulga/#/candidato/NORDESTE/PI/20322002026/180002544106/2026/PI
180002541419,Superior completo,Outros,Solteiro(a),PARDA,2001-12-17,https://divulgacandcontas.tse.jus.br/divulga/rest/arquivo/img/20322002026/180002541419/PI,https://INSTAGRAM.COM/ENGPEDRO_MONTEIRO,50098,,,,11/09/2026,https://divulgacandcontas.tse.jus.br/divulga/#/candidato/NORDESTE/PI/20322002026/180002541419/2026/PI
180002541420,Ensino Médio completo,Comerciário,Casado(a),PARDA,1974-01-17,https://divulgacandcontas.tse.jus.br/divulga/rest/arquivo/img/20322002026/180002541420/PI,https://INSTAGRAM.COM/PAULOLUSTOSALIBERTARIO | https://TIKTOK.COM/@PAULOLUSTOSA8 | https://FACEBOOK.COM/PAULO.LUSTOSA.9883,8805.55,,,,11/09/2026,https://divulgacandcontas.tse.jus.br/divulga/#/candidato/NORDESTE/PI/20322002026/180002541420/2026/PI
180002541413,Ensino Médio completo,Comerciante,Casado(a),BRANCA,1968-11-03,https://divulgacandcontas.tse.jus.br/divulga/rest/arquivo/img/20322002026/180002541413/PI,https://FACEBOOK.COM/VICENTE.NOGUEIRA.14 | https://INSTAGRAM.COM/VICENTE.NOGUEIRA.14,1739.3000000000002,,,,11/09/2026,https://divulgacandcontas.tse.jus.br/divulga/#/candidato/NORDESTE/PI/20322002026/180002541413/2026/PI
180002541416,Superior incompleto,"Estudante, Bolsista, Estagiário e Assemelhados",Solteiro(a),PARDA,1980-12-03,https://divulgacandcontas.tse.jus.br/divulga/rest/arquivo/img/20322002026/180002541416/PI,https://INSTAGRAM.COM/EU.MANOELNETOLIMA/,,,,,11/09/2026,https://divulgacandcontas.tse.jus.br/divulga/#/candidato/NORDESTE/PI/20322002026/180002541416/2026/PI
180002549590,Superior incompleto,Auxiliar de Escritório e Assemelhados,Solteiro(a),BRANCA,1981-11-18,https://divulgacandcontas.tse.jus.br/divulga/rest/arquivo/img/20322002026/180002549590/PI,,,,,,09/09/2026,https://divulgacandcontas.tse.jus.br/divulga/#/candidato/NORDESTE/PI/20322002026/180002549590/2026/PI
180002549594,Superior completo,Professor de Ensino Médio,Solteiro(a),PRETA,1990-06-17,https://divulgacandcontas.tse.jus.br/divulga/rest/arquivo/img/20322002026/180002549594/PI,,,,,,09/09/2026,https://divulgacandcontas.tse.jus.br/divulga/#/candidato/NORDESTE/PI/20322002026/180002549594/2026/PI
180002549591,Ensino Fundamental completo,Garçom,Casado(a),PARDA,1979-11-25,https://divulgacandcontas.tse.jus.br/divulga/rest/arquivo/img/20322002026/180002549591/PI,,,,,,09/09/2026,https://divulgacandcontas.tse.jus.br/divulga/#/candidato/NORDESTE/PI/20322002026/180002549591/2026/PI
180002554033,Lê e escreve,Comerciante,Solteiro(a),PARDA,1974-11-16,https://divulgacandcontas.tse.jus.br/divulga/rest/arquivo/img/20322002026/180002554033/PI,,,14000,4000,,16/09/2026,https://divulgacandcontas.tse.jus.br/divulga/#/candidato/NORDESTE/PI/20322002026/180002554033/2026/PI
180002547860,Superior completo,Agente Administrativo,Casado(a),AMARELA,1976-08-21,https://divulgacandcontas.tse.jus.br/divulga/rest/arquivo/img/20322002026/180002547860/PI,,212500,,,,09/09/2026,https://divulgacandcontas.tse.jus.br/divulga/#/candidato/NORDESTE/PI/20322002026/180002547860/2026/PI
180002549936,Superior incompleto,Aposentado (Exceto Servidor Público),Viúvo(a),BRANCA,1960-09-21,https://divulgacandcontas.tse.jus.br/divulga/rest/arquivo/img/20322002026/180002549936/PI,HTTPS://WWW.INSTAGRAM.COM/ANTONIOJOSELIRAPI?UTM_SOURCE=QR&IGSH=MWR5NZDSNMHSZ3RSA | HTTPS://WWW.FACEBOOK.COM/SHARE/1F14CRQBSY/,,114910,164255.47,7000,16/09/2026,https://divulgacandcontas.tse.jus.br/divulga/#/candidato/NORDESTE/PI/20322002026/180002549936/2026/PI
180002540449,Superior completo,Engenheiro,Casado(a),BRANCA,1976-04-29,https://divulgacandcontas.tse.jus.br/divulga/rest/arquivo/img/20322002026/180002540449/PI,,18280134.26,3856500,303001.5,104001.5,13/09/2026,https://divulgacandcontas.tse.jus.br/divulga/#/candidato/NORDESTE/PI/20322002026/180002540449/2026/PI
180002537340,Superior completo,Servidor Público Federal,Solteiro(a),PARDA,1983-01-22,https://divulgacandcontas.tse.jus.br/divulga/rest/arquivo/img/20322002026/180002537340/PI,HTTPS://WWW.INSTAGRAM.COM/PSTUPIAUI/,,18502,16000,,10/09/2026,https://divulgacandcontas.tse.jus.br/divulga/#/candidato/NORDESTE/PI/20322002026/180002537340/2026/PI
180002538530,Ensino Médio completo,"Técnico Contabilidade, Estatística, Economia Doméstica e Administração",Casado(a),PRETA,1969-12-09,https://divulgacandcontas.tse.jus.br/divulga/rest/arquivo/img/20322002026/180002538530/PI,HTTPS://WWW.INSTAGRAM.COM/HABLAPIAUI | HTTPS://WWW.INSTAGRAM.COM/PIAUICOMJOEL/ | https://open.spotify.com/artist/0YmUdfx9H9h6NIoD5GwB8c?si=-nf9YZZ2TpSFzxwst75c5A&utm_source=whatsapp | https://music.amazon.com.br/albums/B0HFFHKRWX | HTTPS://WWW.INSTAGRAM.COM/PAPOCAJOEL/ | HTTPS://WWW.FACEBOOK.COM/JOELRODRIGUESPI/?LOCALE=PT_BR | HTTPS://EUSOUJOEL.COM.BR/ | HTTPS://WWW.INSTAGRAM.COM/JOELCOMPOVO/ | https://music.apple.com/br/artist/joel-rodrigues/6801183043 | HTTPS://X.COM/JOELRODRIGUESPI | https://JOELRODRIGUESPI.COM.BR | HTTPS://WWW.TIKTOK.COM/@JOELRODRIGUESPI | https://k.kwai.com/u/@joelrodriguespi/CGQQSzBm | HTTPS://WWW.INSTAGRAM.COM/PIAUIREAL_ | HTTPS://WWW.INSTAGRAM.COM/JOELPELOPIAUI/ | https://linktr.ee/joelrodrigues11 | HTTPS://WWW.INSTAGRAM.COM/EUECASCADEBALAPI | HTTPS://WWW.INSTAGRAM.COM/PIAUICOMVOCE | https://www.deezer.com/br/artist/8650586 | https://tidal.com/artist/12889252 | HTTPS://WWW.INSTAGRAM.COM/JOELRODRIGUESPI?IGSH=MTN5NDNWCZJIBNZ2ZG== | HTTPS://WWW.THREADS.COM/@JOELRODRIGUESPI | HTTPS://WWW.YOUTUBE.COM/JOELRODRIGUESPI | https://open.spotify.com/show/6CIpTrw25pIOlBIllTnbdp?si=1VoRa7hFSMaRJDBKMm4x7g&utm_source=native-sha,1688256.2,7154680.6,2108677.51,1434266.41,12/09/2026,https://divulgacandcontas.tse.jus.br/divulga/#/candidato/NORDESTE/PI/20322002026/180002538530/2026/PI
180002549920,Superior completo,Empresário,Casado(a),BRANCA,1966-05-28,https://divulgacandcontas.tse.jus.br/divulga/rest/arquivo/img/20322002026/180002549920/PI,https://HTTPS://WWW.FACEBOOK.COM/PROFILE.PHP?ID=61590574529887 - HTTPS://WWW.FACEBOOK.C | https://HTTPS://ELIZEUAGUIAR.COM.BR/ - HTTPS://ELIZEUAGUIAR.COM.BR/ | https://HTTPS://WWW.INSTAGRAM.COM/ELIZEUAGUIARR - HTTPS://WWW.INSTAGRAM.COM/ELIZEUAGUIA,1592808,45734.15,36912.71,21385.66,13/09/2026,https://divulgacandcontas.tse.jus.br/divulga/#/candidato/NORDESTE/PI/20322002026/180002549920/2026/PI
180002553896,Ensino Fundamental completo,Comerciante,Solteiro(a),PARDA,1974-11-16,https://divulgacandcontas.tse.jus.br/divulga/rest/arquivo/img/20322002026/180002553896/PI,,,,,,1989-12-31,https://divulgacandcontas.tse.jus.br/divulga/#/candidato/NORDESTE/PI/20322002026/180002553896/2026/PI
180002536219,Superior incompleto,Outros,Solteiro(a),PARDA,1986-12-03,https://divulgacandcontas.tse.jus.br/divulga/rest/arquivo/img/20322002026/180002536219/PI,HTTPS://WWW.INSTAGRAM.COM/VALDENEDEESPERANTINAPI/,15000,157470,61923.22,38453.22,15/09/2026,https://divulgacandcontas.tse.jus.br/divulga/#/candidato/NORDESTE/PI/20322002026/180002536219/2026/PI
180002536215,Superior completo,Empresário,Solteiro(a),PRETA,1990-04-01,https://divulgacandcontas.tse.jus.br/divulga/rest/arquivo/img/20322002026/180002536215/PI,HTTPS://WWW.INSTAGRAM.COM/SAVIA_CASTROPI/,1042563.33,166000,129000,124000,12/09/2026,https://divulgacandcontas.tse.jus.br/divulga/#/candidato/NORDESTE/PI/20322002026/180002536215/2026/PI
180002536227,Ensino Médio completo,Outros,Casado(a),BRANCA,1961-07-27,https://divulgacandcontas.tse.jus.br/divulga/rest/arquivo/img/20322002026/180002536227/PI,HTTPS://WWW.INSTAGRAM.COM/AVELARFERREIRAPI | HTTPS://WWW.TIKTOK.COM/@AVELAR.FERREIRAPI | HTTPS://WWW.FACEBOOK.COM/AVELARCASTROFERREIRA,9897892.94,274134.5,268564.5,174399.5,15/09/2026,https://divulgacandcontas.tse.jus.br/divulga/#/candidato/NORDESTE/PI/20322002026/180002536227/2026/PI
180002533565,Superior completo,Deputado,Casado(a),PARDA,1979-03-15,https://divulgacandcontas.tse.jus.br/divulga/rest/arquivo/img/20322002026/180002533565/PI,https://@FIRMINOPAULO,984632.85,330750,238720.2,57239,13/09/2026,https://divulgacandcontas.tse.jus.br/divulga/#/candidato/NORDESTE/PI/20322002026/180002533565/2026/PI
180002553898,Superior completo,Outros,Solteiro(a),PARDA,1978-01-06,https://divulgacandcontas.tse.jus.br/divulga/rest/arquivo/img/20322002026/180002553898/PI,,,,,,1989-12-31,https://divulgacandcontas.tse.jus.br/divulga/#/candidato/NORDESTE/PI/20322002026/180002553898/2026/PI
180002554007,Superior completo,Empresário,Casado(a),PARDA,1969-01-07,https://divulgacandcontas.tse.jus.br/divulga/rest/arquivo/img/20322002026/180002554007/PI,https://www.instagram.com/islandiapiauilinooratoria19?utm_source=qr&igsh=YzNtcWV,25331.79,,2000,,13/09/2026,https://divulgacandcontas.tse.jus.br/divulga/#/candidato/NORDESTE/PI/20322002026/180002554007/2026/PI
180002534823,Superior completo,Fisioterapeuta e Terapeuta Ocupacional,Divorciado(a),BRANCA,1982-02-27,https://divulgacandcontas.tse.jus.br/divulga/rest/arquivo/img/20322002026/180002534823/PI,,31557.31,121663,49429,49429,13/09/2026,https://divulgacandcontas.tse.jus.br/divulga/#/candidato/NORDESTE/PI/20322002026/180002534823/2026/PI
180002534816,Superior completo,Policial Militar,Casado(a),BRANCA,1970-07-27,https://divulgacandcontas.tse.jus.br/divulga/rest/arquivo/img/20322002026/180002534816/PI,,818342.83,172471.25,178843.5,70643.5,13/09/2026,https://divulgacandcontas.tse.jus.br/divulga/#/candidato/NORDESTE/PI/20322002026/180002534816/2026/PI
180002534829,Ensino Fundamental completo,Faxineiro,Solteiro(a),PRETA,1975-03-07,https://divulgacandcontas.tse.jus.br/divulga/rest/arquivo/img/20322002026/180002534829/PI,,,303000,262803.49,132078.49,15/09/2026,https://divulgacandcontas.tse.jus.br/divulga/#/candidato/NORDESTE/PI/20322002026/180002534829/2026/PI
180002552110,Ensino Fundamental completo,Mecânico de Manutenção,Solteiro(a),BRANCA,1977-09-28,https://divulgacandcontas.tse.jus.br/divulga/rest/arquivo/img/20322002026/180002552110/PI,,10000,5400,,,17/09/2026,https://divulgacandcontas.tse.jus.br/divulga/#/candidato/NORDESTE/PI/20322002026/180002552110/2026/PI
180002552103,Ensino Fundamental incompleto,Agricultor,Solteiro(a),BRANCA,1967-12-30,https://divulgacandcontas.tse.jus.br/divulga/rest/arquivo/img/20322002026/180002552103/PI,,,5000,,,17/09/2026,https://divulgacandcontas.tse.jus.br/divulga/#/candidato/NORDESTE/PI/20322002026/180002552103/2026/PI
180002552109,Lê e escreve,Dona de Casa,Casado(a),PRETA,1979-07-29,https://divulgacandcontas.tse.jus.br/divulga/rest/arquivo/img/20322002026/180002552109/PI,,,6382.98,,,17/09/2026,https://divulgacandcontas.tse.jus.br/divulga/#/candidato/NORDESTE/PI/20322002026/180002552109/2026/PI
180002552107,Superior incompleto,Locutor e Comentarista de Rádio e Televisão e Radialista,Divorciado(a),BRANCA,1967-07-14,https://divulgacandcontas.tse.jus.br/divulga/rest/arquivo/img/20322002026/180002552107/PI,,,5000,,,17/09/2026,https://divulgacandcontas.tse.jus.br/divulga/#/candidato/NORDESTE/PI/20322002026/180002552107/2026/PI
180002551675,Superior completo,Secretário e Datilógrafo,Solteiro(a),BRANCA,1989-11-20,https://divulgacandcontas.tse.jus.br/divulga/rest/arquivo/img/20322002026/180002551675/PI,HTTPS://WWW.INSTAGRAM.COM/SUZANE.CARDOSO.7 | HTTPS://WWW.FACEBOOK.COM/SUZANE.CARDOSO.7?MIBEXTID=WWXIFR&RDID=U0IJDWITFJQTM3OF&,11746.22,1055675.67,621182.8,86122,12/09/2026,https://divulgacandcontas.tse.jus.br/divulga/#/candidato/NORDESTE/PI/20322002026/180002551675/2026/PI
180002539136,Ensino Fundamental completo,Outros,Solteiro(a),PARDA,1982-06-26,https://divulgacandcontas.tse.jus.br/divulga/rest/arquivo/img/20322002026/180002539136/PI,https://HTTPS://WWW.INSTAGRAM.COM/ALDENICEDEDE/ HTTPS://WWW.THREADS.COM/@ALDENICEDEDE  H,140000,369325.67,182912.65,90084,12/09/2026,https://divulgacandcontas.tse.jus.br/divulga/#/candidato/NORDESTE/PI/20322002026/180002539136/2026/PI
180002539131,Superior completo,Analista de Sistemas,Casado(a),PRETA,1980-02-24,https://divulgacandcontas.tse.jus.br/divulga/rest/arquivo/img/20322002026/180002539131/PI,HTTPS://WWW.INSTAGRAM.COM/GERALDOJARQUES/ | HTTPS://WWW.FACEBOOK.COM/GERALDOJARQUES.GERALDIN/?REF=NONE_XAV_IG_PROFILE_PAGE_W,123458.83,1048225.67,763032.9,723032.9,13/09/2026,https://divulgacandcontas.tse.jus.br/divulga/#/candidato/NORDESTE/PI/20322002026/180002539131/2026/PI
180002533191,Ensino Médio completo,Jornalista e Redator,Casado(a),BRANCA,1979-06-19,https://divulgacandcontas.tse.jus.br/divulga/rest/arquivo/img/20322002026/180002533191/PI,,882084,200000,184508,184508,17/09/2026,https://divulgacandcontas.tse.jus.br/divulga/#/candidato/NORDESTE/PI/20322002026/180002533191/2026/PI
180002536460,Superior completo,Fonoaudiólogo,Casado(a),BRANCA,1988-11-11,https://divulgacandcontas.tse.jus.br/divulga/rest/arquivo/img/20322002026/180002536460/PI,HTTPS://WWW.TIKTOK.COM/@SARVIAKAROLINE | HTTPS://WWW.INSTAGRAM.COM/SARVIAPIRACURUCA/ | HTTPS://WWW.FACEBOOK.COM/SARVIAPIRACURUCA/,350000,2006201.67,1840386.09,1803721.7,13/09/2026,https://divulgacandcontas.tse.jus.br/divulga/#/candidato/NORDESTE/PI/20322002026/180002536460/2026/PI
180002537002,Superior completo,Fisioterapeuta e Terapeuta Ocupacional,Solteiro(a),PRETA,1983-04-03,https://divulgacandcontas.tse.jus.br/divulga/rest/arquivo/img/20322002026/180002537002/PI,HTTPS://WWW.INSTAGRAM.COM/MLIVIAMARA/,,40000,26330.61,26330.61,13/09/2026,https://divulgacandcontas.tse.jus.br/divulga/#/candidato/NORDESTE/PI/20322002026/180002537002/2026/PI
180002534438,Ensino Médio completo,Agricultor,Solteiro(a),PRETA,2004-11-29,https://divulgacandcontas.tse.jus.br/divulga/rest/arquivo/img/20322002026/180002534438/PI,HTTPS://TIKTOK.COM/@LUCY_SILVA06 | HTTPS://INSTAGRAM.COM/LUCY_MEDEIROS_12,,,,,09/09/2026,https://divulgacandcontas.tse.jus.br/divulga/#/candidato/NORDESTE/PI/20322002026/180002534438/2026/PI
180002552087,Ensino Médio completo,"Estudante, Bolsista, Estagiário e Assemelhados",Solteiro(a),PRETA,2005-07-26,https://divulgacandcontas.tse.jus.br/divulga/rest/arquivo/img/20322002026/180002552087/PI,HTTPS://WWW.INSTAGRAM.COM/AUGUSTO_UJR/,12,2050,,,17/09/2026,https://divulgacandcontas.tse.jus.br/divulga/#/candidato/NORDESTE/PI/20322002026/180002552087/2026/PI
180002548571,Ensino Fundamental completo,Trabalhador Rural,Solteiro(a),PARDA,1965-02-18,https://divulgacandcontas.tse.jus.br/divulga/rest/arquivo/img/20322002026/180002548571/PI,,,8250,430,,17/09/2026,https://divulgacandcontas.tse.jus.br/divulga/#/candidato/NORDESTE/PI/20322002026/180002548571/2026/PI
180002548579,Superior completo,Policial Militar,Casado(a),PARDA,1981-10-13,https://divulgacandcontas.tse.jus.br/divulga/rest/arquivo/img/20322002026/180002548579/PI,,11000,27174.98,15002,,12/09/2026,https://divulgacandcontas.tse.jus.br/divulga/#/candidato/NORDESTE/PI/20322002026/180002548579/2026/PI
180002544101,Superior completo,Administrador,Solteiro(a),PARDA,1980-11-10,https://divulgacandcontas.tse.jus.br/divulga/rest/arquivo/img/20322002026/180002544101/PI,https://FACEBOOK.COM/MAGNOSOARESFEDERAL | https://TIKTOK.COM/@MAGNOEXPREFEITO13 | https://INSTAGRAM.COM/MAGNOPREFEITO13 | https://THREADS.COM/@MAGNOPREFEITO13,1036364.16,1219000,918779.7,796358.7,16/09/2026,https://divulgacandcontas.tse.jus.br/divulga/#/candidato/NORDESTE/PI/20322002026/180002544101/2026/PI
180002541422,Ensino Médio completo,Aposentado (Exceto Servidor Público),Casado(a),BRANCA,1967-03-31,https://divulgacandcontas.tse.jus.br/divulga/rest/arquivo/img/20322002026/180002541422/PI,https://KWAI.COM/@APPPLEP | https://TIKTOK.COM/@PASTOR.RINALDOCICERO,,,,,11/09/2026,https://divulgacandcontas.tse.jus.br/divulga/#/candidato/NORDESTE/PI/20322002026/180002541422/2026/PI
180002549587,Ensino Médio completo,Servidor Público Estadual,Solteiro(a),PARDA,1964-03-19,https://divulgacandcontas.tse.jus.br/divulga/rest/arquivo/img/20322002026/180002549587/PI,,,,,,09/09/2026,https://divulgacandcontas.tse.jus.br/divulga/#/candidato/NORDESTE/PI/20322002026/180002549587/2026/PI
180002549595,Superior completo,Advogado,Divorciado(a),BRANCA,1958-10-17,https://divulgacandcontas.tse.jus.br/divulga/rest/arquivo/img/20322002026/180002549595/PI,,,,,,09/09/2026,https://divulgacandcontas.tse.jus.br/divulga/#/candidato/NORDESTE/PI/20322002026/180002549595/2026/PI
180002550423,Ensino Médio completo,"Carpinteiro, Marceneiro e Assemelhados",Casado(a),PARDA,1980-06-14,https://divulgacandcontas.tse.jus.br/divulga/rest/arquivo/img/20322002026/180002550423/PI,,,14000,6069,,16/09/2026,https://divulgacandcontas.tse.jus.br/divulga/#/candidato/NORDESTE/PI/20322002026/180002550423/2026/PI
180002548563,Ensino Médio completo,Técnico em Edificações,Divorciado(a),PARDA,1986-11-23,https://divulgacandcontas.tse.jus.br/divulga/rest/arquivo/img/20322002026/180002548563/PI,HTTPS://WWW.FACEBOOK.COM/SHARE/16HRFXPOOQ1/ | HTTPS://WWW.INSTAGRAM.COM/HEDILENE_NASSIL?UTM_SOURCE=QR&IGSH=OTDZMWWZNJRJMZM3,36985.51,24000,4000,,13/09/2026,https://divulgacandcontas.tse.jus.br/divulga/#/candidato/NORDESTE/PI/20322002026/180002548563/2026/PI
180002554121,Ensino Médio completo,Agricultor,Casado(a),PRETA,1979-07-26,https://divulgacandcontas.tse.jus.br/divulga/rest/arquivo/img/20322002026/180002554121/PI,https://www.instagram.com/walterbpi?igsh=MXBhOTlpbmt5cnRyZQ==,,,,,13/09/2026,https://divulgacandcontas.tse.jus.br/divulga/#/candidato/NORDESTE/PI/20322002026/180002554121/2026/PI
180002548682,Superior completo,"Estudante, Bolsista, Estagiário e Assemelhados",Solteiro(a),PARDA,2001-06-04,https://divulgacandcontas.tse.jus.br/divulga/rest/arquivo/img/20322002026/180002548682/PI,,,2500000,1928362.69,1898362.69,13/09/2026,https://divulgacandcontas.tse.jus.br/divulga/#/candidato/NORDESTE/PI/20322002026/180002548682/2026/PI
180002548689,Superior completo,Servidor Público Civil Aposentado,Divorciado(a),BRANCA,1953-07-29,https://divulgacandcontas.tse.jus.br/divulga/rest/arquivo/img/20322002026/180002548689/PI,,,100000,70419.77,66419.77,11/09/2026,https://divulgacandcontas.tse.jus.br/divulga/#/candidato/NORDESTE/PI/20322002026/180002548689/2026/PI
180002548683,Superior completo,Jornalista e Redator,Casado(a),BRANCA,1957-08-08,https://divulgacandcontas.tse.jus.br/divulga/rest/arquivo/img/20322002026/180002548683/PI,,110000,100000,62435.86,62435.86,11/09/2026,https://divulgacandcontas.tse.jus.br/divulga/#/candidato/NORDESTE/PI/20322002026/180002548683/2026/PI
180002548686,Superior incompleto,"Estudante, Bolsista, Estagiário e Assemelhados",Solteiro(a),AMARELA,1995-03-08,https://divulgacandcontas.tse.jus.br/divulga/rest/arquivo/img/20322002026/180002548686/PI,"https://INSTAGRAM, YOUTUBE E X: @MAUMAU",18000,102431,89379.09,72129.09,13/09/2026,https://divulgacandcontas.tse.jus.br/divulga/#/candidato/NORDESTE/PI/20322002026/180002548686/2026/PI
180002548685,Ensino Médio completo,Comerciante,Casado(a),BRANCA,1965-11-13,https://divulgacandcontas.tse.jus.br/divulga/rest/arquivo/img/20322002026/180002548685/PI,,,100000,100000,100000,11/09/2026,https://divulgacandcontas.tse.jus.br/divulga/#/candidato/NORDESTE/PI/20322002026/180002548685/2026/PI
180002548568,Superior completo,Servidor Público Federal,Casado(a),BRANCA,1961-12-21,https://divulgacandcontas.tse.jus.br/divulga/rest/arquivo/img/20322002026/180002548568/PI,HTTPS://WWW.INSTAGRAM.COM/JORGELOPESPIAUI/,918290,48000,55893.83,32393.83,13/09/2026,https://divulgacandcontas.tse.jus.br/divulga/#/candidato/NORDESTE/PI/20322002026/180002548568/2026/PI
180002541938,Superior incompleto,Servidor Público Federal,Casado(a),BRANCA,1956-09-06,https://divulgacandcontas.tse.jus.br/divulga/rest/arquivo/img/20322002026/180002541938/PI,HTTPS://WWW.INSTAGRAM.COM/PEDROLAURENTINORP/,293000,6551,3000.5,3000.5,17/09/2026,https://divulgacandcontas.tse.jus.br/divulga/#/candidato/NORDESTE/PI/20322002026/180002541938/2026/PI
180002549933,Superior completo,Médico,Casado(a),BRANCA,1971-04-28,https://divulgacandcontas.tse.jus.br/divulga/rest/arquivo/img/20322002026/180002549933/PI,https://www.instagram.com/antoniobarrosaf | https://HTTPS://WWW.FACEBOOK.COM/ANTONIOBARROS - HTTPS://WWW.FACEBOOK.COM/ANTONIOBARROS | https://www.facebook.com/antoniobarros | https://www.tiktok.com/@antoniobarrosaf | https://HTTPS://WWW.INSTAGRAM.COM/ANTONIOBARROSAF - HTTPS://WWW.INSTAGRAM.COM/ANTONIOBA,1896000,48813,19532.31,16032.31,13/09/2026,https://divulgacandcontas.tse.jus.br/divulga/#/candidato/NORDESTE/PI/20322002026/180002549933/2026/PI
180002549970,Superior completo,Professor de Ensino Superior,Casado(a),PRETA,1978-06-10,https://divulgacandcontas.tse.jus.br/divulga/rest/arquivo/img/20322002026/180002549970/PI,HTTPS://WWW.THREADS.COM/@GISVALDOOLIVEIRA | HTTPS://X.COM/GISVALDOPSOL | HTTPS://WWW.INSTAGRAM.COM/GISVALDOOLIVEIRA/ | HTTPS://WWW.FACEBOOK.COM/GISVALDOOLIVEIRA.DASILVA,100000,97610,72654.8,72654.8,13/09/2026,https://divulgacandcontas.tse.jus.br/divulga/#/candidato/NORDESTE/PI/20322002026/180002549970/2026/PI
180002550421,Superior completo,Servidor Público Municipal,Solteiro(a),BRANCA,1973-11-29,https://divulgacandcontas.tse.jus.br/divulga/rest/arquivo/img/20322002026/180002550421/PI,HTTPS://WWW.FACEBOOK.COM/GUSTAVOHENRIQUEPELOPIAUI?RDID=2MMFPNYLI22Y6D9Z&SHARE_UR | HTTPS://WWW.INSTAGRAM.COM/GUSTAVO_HENRIQUE_POVO?IGSH=MWW5N2DUDDR2ZNHRAW%3D%3D,148000,3000,2500,2500,13/09/2026,https://divulgacandcontas.tse.jus.br/divulga/#/candidato/NORDESTE/PI/20322002026/180002550421/2026/PI
180002548565,Superior completo,Servidor Público Civil Aposentado,Casado(a),BRANCA,1955-04-18,https://divulgacandcontas.tse.jus.br/divulga/rest/arquivo/img/20322002026/180002548565/PI,https://www.instagram.com/francisco.jurity,998500,,,,09/09/2026,https://divulgacandcontas.tse.jus.br/divulga/#/candidato/NORDESTE/PI/20322002026/180002548565/2026/PI
