parlamentar_id,ano,emenda_numero,status,modalidade,beneficiario_nome,localidade_beneficiada,objetivo_titulo,valor
ALEPI-37,2026,202630920433,Aprovada,Transferências com finalidade definida,COORDENADORIA  ESTADUAL DE ENFRENTAMENTO ÀS DROGAS E FOMENTO AO LAZER - CENDFOL,MUNICÍPIO DE ALTO LONGÁ - PI E REGIÕES ADJACENTES,"PROMOVER O ACESSO AO LAZER, A INTEGRAÇAO SOCIAL E A DIVERSIDADE CULTURAL NOS TERRITÓRIOS DE DESENVOLVIMENTO DO ESTADO.",300000.0
ALEPI-37,2026,202630920451,Aprovada,Transferências com finalidade definida,SECRETARIA DE ESTADO DO TURISMO DO PIAUI - SETUR,TERESINA,"AÇÃO QUE ENVOLVE A EXECUÇÃO DAS SEGUINTES ATIVIDADES:ACOMPANHAMENTO TÉCNICO AOS MUNICÍPIOS, PROMOÇÃO E DIVULGAÇÃO, REALIZAÇÃO DE PESQUISAS, PARTICIPAÇÃO DE FEIRAS E EVENTOS, APOIO À REALIZAÇÃO DE EVENTOS, INVENTARIO DA OFERTA TURÍSTICA, ELABORAÇÃO E EXECUÇÃO DO PLANO DE MARKETING.",300000.0
ALEPI-37,2026,202630920673,Aprovada,Transferências com finalidade definida,SECRETARIA DE ESTADO DA CULTURA DO PIAUÍ - SECULT,PEDRO II,"INCENTIVAR A PRODUÇÃO E DIFUSÃO DE BENS, SERVIÇOS E CONTEÚDOS CULTURAIS, BEM COMO A REALIZAÇÃO DAS ATIVIDADES DO CALENDÁRIO CULTURAL DO ESTADO.",220000.0
ALEPI-37,2026,202630920751,Aprovada,Transferências com finalidade definida,FUNDO ESTADUAL DE SAÚDE - FUNSAUDE,Estado do Piauí,MELHORAR A QUALIDADE EM SAÚDE DO ESTADO DO PIAUÍ EM TODAS AS REGIÕES DE SAÚDE.,1000000.0
ALEPI-37,2026,202630920765,Cancelada,Transferências especiais (Município),ENCARGOS GERAIS DO ESTADO,SÃO FELIX DO PIAUÍ,REGISTRO DAS EMENDAS PARLAMENTARES PREVISTAS NA EC 58/2021.,150000.0
ALEPI-37,2026,202630920778,Aprovada,Transferências especiais (Município),ENCARGOS GERAIS DO ESTADO,SÃO FELIX DO PIAUÍ,REGISTRO DAS EMENDAS PARLAMENTARES PREVISTAS NA EC 58/2021.,90000.0
ALEPI-37,2026,202630920779,Aprovada,Transferências especiais (Município),ENCARGOS GERAIS DO ESTADO,SÃO FELIX DO PIAUÍ,REGISTRO DAS EMENDAS PARLAMENTARES PREVISTAS NA EC 58/2021.,60000.0
ALEPI-37,2026,202630920784,Aprovada,Transferências com finalidade definida,SECRETARIA DA IRRIGAÇÃO E INFRAESTRUTURA HÍDRICA - SEFIR,DIRCEU ARCOVERDE,"FORTALECER E AMPLIAR AS CONDIÇÕES DA POPULAÇÃO NO ENFRENTAMENTO À SECA, MELHORANDO ASSIM A QUALIDADE DE VIDA POR MEIO DO ABASTECIMENTO. ",677262.0
ALEPI-37,2026,202630920791,Cancelada,Transferências com finalidade definida,SECRETARIA DE ESTADO DA CULTURA DO PIAUÍ - SECULT,PARNAÍBA,"INCENTIVAR A PRODUÇÃO E DIFUSÃO DE BENS, SERVIÇOS E CONTEÚDOS CULTURAIS, BEM COMO A REALIZAÇÃO DAS ATIVIDADES DO CALENDÁRIO CULTURAL DO ESTADO.",220000.0
ALEPI-37,2026,202630920844,Aprovada,Transferências especiais (Município),ENCARGOS GERAIS DO ESTADO,FRANCISCO AYRES,REGISTRO DAS EMENDAS PARLAMENTARES PREVISTAS NA EC 58/2021.,100000.0
ALEPI-37,2026,202630920846,Aprovada,Transferências especiais (Município),ENCARGOS GERAIS DO ESTADO,FRANCISCO AYRES,REGISTRO DAS EMENDAS PARLAMENTARES PREVISTAS NA EC 58/2021.,200000.0
ALEPI-37,2026,202630920926,Cancelada,Transferências com finalidade definida,SECRETARIA DE ESTADO DA CULTURA DO PIAUÍ - SECULT,TERESINA,"INCENTIVAR A PRODUÇÃO E DIFUSÃO DE BENS, SERVIÇOS E CONTEÚDOS CULTURAIS, BEM COMO A REALIZAÇÃO DAS ATIVIDADES DO CALENDÁRIO CULTURAL DO ESTADO.",20000.0
ALEPI-37,2026,202630920927,Aprovada,Transferências com finalidade definida,SECRETARIA DE ESTADO DA EDUCAÇÃO -SEDUC,TERESINA,ESTA AÇÃO É DESTINADA À MANUTENÇÃO E MELHORIA DA REDE ESTADUAL DE EDUCAÇÃO.,100000.0
ALEPI-37,2026,202630920980,Aprovada,Transferências com finalidade definida,SECRETARIA DE ESTADO DA CULTURA DO PIAUÍ - SECULT,VALENÇA DO PIAUÍ,"INCENTIVAR A PRODUÇÃO E DIFUSÃO DE BENS, SERVIÇOS E CONTEÚDOS CULTURAIS, BEM COMO A REALIZAÇÃO DAS ATIVIDADES DO CALENDÁRIO CULTURAL DO ESTADO.",220000.0
ALEPI-37,2026,202630921031,Aprovada,Transferências especiais (Município),ENCARGOS GERAIS DO ESTADO,PEDRO II,REGISTRO DAS EMENDAS PARLAMENTARES PREVISTAS NA EC 58/2021.,210000.0
ALEPI-37,2026,202630921033,Aprovada,Transferências especiais (Município),ENCARGOS GERAIS DO ESTADO,PEDRO II,REGISTRO DAS EMENDAS PARLAMENTARES PREVISTAS NA EC 58/2021.,140000.0
ALEPI-37,2026,202630921038,Aprovada,Transferências com finalidade definida,SECRETARIA DE ESTADO DA CULTURA DO PIAUÍ - SECULT,TERESINA,"INCENTIVAR A PRODUÇÃO E DIFUSÃO DE BENS, SERVIÇOS E CONTEÚDOS CULTURAIS, BEM COMO A REALIZAÇÃO DAS ATIVIDADES DO CALENDÁRIO CULTURAL DO ESTADO.",100000.0
ALEPI-37,2026,202630921078,Aprovada,Transferências especiais (Município),ENCARGOS GERAIS DO ESTADO,PEDRO II,REGISTRO DAS EMENDAS PARLAMENTARES PREVISTAS NA EC 58/2021.,450000.0
ALEPI-37,2026,202630921118,Aprovada,Transferências especiais (Município),ENCARGOS GERAIS DO ESTADO,CAPITÃO DE CAMPOS,REGISTRO DAS EMENDAS PARLAMENTARES PREVISTAS NA EC 58/2021.,100000.0
ALEPI-37,2026,202630921127,Aprovada,Transferências especiais (Município),ENCARGOS GERAIS DO ESTADO,CASTELO DO PIAUÍ,REGISTRO DAS EMENDAS PARLAMENTARES PREVISTAS NA EC 58/2021.,50000.0
ALEPI-37,2026,202630921145,Aprovada,Transferências especiais (Município),ENCARGOS GERAIS DO ESTADO,MIGUEL ALVES,REGISTRO DAS EMENDAS PARLAMENTARES PREVISTAS NA EC 58/2021.,100000.0
ALEPI-37,2026,202630921162,Aprovada,Transferências especiais (Município),ENCARGOS GERAIS DO ESTADO,DOMINGOS MOURÃO,REGISTRO DAS EMENDAS PARLAMENTARES PREVISTAS NA EC 58/2021.,300000.0
ALEPI-37,2026,202630921243,Aprovada,Transferências com finalidade definida,SECRETARIA DE ESTADO DA CULTURA DO PIAUÍ - SECULT,Bom Jesus,"INCENTIVAR A PRODUÇÃO E DIFUSÃO DE BENS, SERVIÇOS E CONTEÚDOS CULTURAIS, BEM COMO A REALIZAÇÃO DAS ATIVIDADES DO CALENDÁRIO CULTURAL DO ESTADO.",250000.0
ALEPI-37,2026,202630921244,Aprovada,Transferências com finalidade definida,SECRETARIA DE ESTADO DA CULTURA DO PIAUÍ - SECULT,Bom Jesus,"INCENTIVAR A PRODUÇÃO E DIFUSÃO DE BENS, SERVIÇOS E CONTEÚDOS CULTURAIS, BEM COMO A REALIZAÇÃO DAS ATIVIDADES DO CALENDÁRIO CULTURAL DO ESTADO.",250000.0
ALEPI-278,2026,202630930409,Aprovada,Transferências com finalidade definida,COORDENADORIA  ESTADUAL DE ENFRENTAMENTO ÀS DROGAS E FOMENTO AO LAZER - CENDFOL,Teresina ,"PROMOVER O ACESSO AO LAZER, A INTEGRAÇAO SOCIAL E A DIVERSIDADE CULTURAL NOS TERRITÓRIOS DE DESENVOLVIMENTO DO ESTADO.",140000.0
ALEPI-278,2026,202630930450,Cancelada,Transferências com finalidade definida,INSTITUTO DO DESENVOLVIMENTO DO PIAUI - IDEPI,MUNCÍPIO DE JÚLIO BORGES,"AS OBRAS DE ARTES ESPECIAIS SÃO ESTRUTURAS QUE TÊM A FINALIDADE DE TRANSPOR OBSTÁCULOS, TAIS COMO AVENIDAS, VALES, RIOS, ENTRE OUTROS, PROPORCIONANDO MELHOR SEGURANÇA E CONFORTO NO DESLOCAMENTO DA POPULAÇÃO.",250000.0
ALEPI-278,2026,202630930470,Aprovada,Transferências com finalidade definida,FUNDAÇÃO UNIVERSIDADE ESTADUAL DO PIAUÍ - FUESPI,CAMPUS PICOS,"CONSTRUIR, AMPLIAR, REFORMAR E ESTRUTURAR OS CAMPI DA FUESPI, VISANDO ASSEGURAR A MELHORIA DA ESTRUTURA FÍSICA, DOS EQUIPAMENTOS E MOBILIÁRIOS DAS UNIDADES UNIVERSITÁRIAS.",100000.0
ALEPI-278,2026,202630930483,Aprovada,Transferências com finalidade definida,COORDENADORIA DA JUVENTUDE DO ESTADO DO PIAUÍ - COJUV,PIRACURUCA,PROMOVER A REALIZAÇÃO DE ATIVIDADES DE INCLUSÃO DO JOVEM URBANO E RURAL NAS DIVERSAS POLÍTICAS PÚBLICAS E NAS GARANTIAS DE DIREITO DO ESTATUTO DA JUVENTUDE.,300000.0
ALEPI-278,2026,202630930489,Aprovada,Transferências com finalidade definida,COORDENADORIA ESTADUAL DE DESENVOLVIMENTO DOS TERRITÓRIOS - CDTER,TERESINA,PROMOÇÃO E DESENVOLVIMENTO DAS POTENCIALIDADES DOS TERRITÓRIOS.,50000.0
ALEPI-278,2026,202630930498,Cancelada,Transferências com finalidade definida,INSTITUTO DO DESENVOLVIMENTO DO PIAUI - IDEPI,JÚLIO BORGES,SÃO OBRAS PARA PROPORCIONAR A MELHORIA DA QUALIDADE DE VIDA DA POPULAÇÃO.,250000.0
ALEPI-278,2026,202630930567,Aprovada,Transferências com finalidade definida,INSTITUTO DO DESENVOLVIMENTO DO PIAUI - IDEPI,JÚLIO BORGES,SÃO OBRAS PARA PROPORCIONAR A MELHORIA DA QUALIDADE DE VIDA DA POPULAÇÃO,234153.86
ALEPI-278,2026,202630930568,Cancelada,Transferências com finalidade definida,SECRETARIA DE ESTADO DA SAÚDE DO PIAUÍ - SESAPI,IPIRANGA,FORTALECER A REDE DE ATENÇAO À SAÚDE.,50000.0
ALEPI-278,2026,202630930597,Cancelada,Transferências especiais (Município),ENCARGOS GERAIS DO ESTADO,Lagoa do Sítio,REGISTRO DAS EMENDAS PARLAMENTARES PREVISTAS NA EC 58/2021.,250000.0
ALEPI-278,2026,202630930600,Aprovada,Transferências com finalidade definida,SECRETARIA DE ESTADO DA DEFESA CIVIL - SEDEC,UNIÃO,"REFERE-SE A UM CONJUNTO DE PROJETOS E INTERVENÇÕES SIGNIFICATIVAS REALIZADAS PARA CRIAR, EXPANDIR, MELHORAR OU RESTAURAR INFRAESTRUTURAS ESTRATÉGICAS EM UMA DETERMINADA ÁREA GEOGRÁFICA. ESSAS OBRAS SÃO ESSENCIAIS PARA IMPULSIONAR O DESENVOLVIMENTO ECONÔMICO, MELHORAR A QUALIDADE DE VIDA DAS PESSOAS E FORTALECER A RESILIÊNCIA DA REGIÃO A DESAFIOS DIVERSOS.",80000.0
ALEPI-278,2026,202630930604,Cancelada,Transferências com finalidade definida,COORDENADORIA DA JUVENTUDE DO ESTADO DO PIAUÍ - COJUV,Francinopolis - PI,PROMOVER A REALIZAÇÃO DE ATIVIDADES DE INCLUSÃO DO JOVEM URBANO E RURAL NAS DIVERSAS POLÍTICAS PÚBLICAS E NAS GARANTIAS DE DIREITO DO ESTATUTO DA JUVENTUDE.,200000.0
ALEPI-278,2026,202630930606,Cancelada,Transferências com finalidade definida,SECRETARIA DE ESTADO DA DEFESA CIVIL - SEDEC,MASSAPE,"REFERE-SE A UM CONJUNTO DE PROJETOS E INTERVENÇÕES SIGNIFICATIVAS REALIZADAS PARA CRIAR, EXPANDIR, MELHORAR OU RESTAURAR INFRAESTRUTURAS ESTRATÉGICAS EM UMA DETERMINADA ÁREA GEOGRÁFICA. ESSAS OBRAS SÃO ESSENCIAIS PARA IMPULSIONAR O DESENVOLVIMENTO ECONÔMICO, MELHORAR A QUALIDADE DE VIDA DAS PESSOAS E FORTALECER A RESILIÊNCIA DA REGIÃO A DESAFIOS DIVERSOS.",300000.0
ALEPI-278,2026,202630930625,Aprovada,Transferências especiais (Município),ENCARGOS GERAIS DO ESTADO,Itaueira,REGISTRO DAS EMENDAS PARLAMENTARES PREVISTAS NA EC 58/2021.,162000.0
ALEPI-278,2026,202630930626,Aprovada,Transferências especiais (Município),ENCARGOS GERAIS DO ESTADO,Itaueira,REGISTRO DAS EMENDAS PARLAMENTARES PREVISTAS NA EC 58/2021.,108000.0
ALEPI-278,2026,202630930666,Aprovada,Transferências especiais (Município),ENCARGOS GERAIS DO ESTADO,Lagoa do Sítio,REGISTRO DAS EMENDAS PARLAMENTARES PREVISTAS NA EC 58/2021.,120000.0
ALEPI-278,2026,202630930667,Aprovada,Transferências especiais (Município),ENCARGOS GERAIS DO ESTADO,Lagoa do Sítio,REGISTRO DAS EMENDAS PARLAMENTARES PREVISTAS NA EC 58/2021.,130000.0
ALEPI-278,2026,202630930670,Aprovada,Transferências com finalidade definida,SECRETARIA DE ESTADO DA CULTURA DO PIAUÍ - SECULT,CAMPO MAIOR,"INCENTIVAR A PRODUÇÃO E DIFUSÃO DE BENS, SERVIÇOS E CONTEÚDOS CULTURAIS, BEM COMO A REALIZAÇÃO DAS ATIVIDADES DO CALENDÁRIO CULTURAL DO ESTADO.",150000.0
ALEPI-278,2026,202630930671,Aprovada,Transferências especiais (Município),ENCARGOS GERAIS DO ESTADO,MASSAPÊ,REGISTRO DAS EMENDAS PARLAMENTARES PREVISTAS NA EC 58/2021.,300000.0
ALEPI-278,2026,202630930695,Aprovada,Transferências com finalidade definida,SECRETARIA DE ESTADO DA CULTURA DO PIAUÍ - SECULT,SUSSUAPARA,"INCENTIVAR A PRODUÇÃO E DIFUSÃO DE BENS, SERVIÇOS E CONTEÚDOS CULTURAIS, BEM COMO A REALIZAÇÃO DAS ATIVIDADES DO CALENDÁRIO CULTURAL DO ESTADO.",250000.0
ALEPI-278,2026,202630930743,Aprovada,Transferências com finalidade definida,FUNDO ESTADUAL DE SAÚDE - FUNSAUDE,Estado do Piauí,MELHORAR A QUALIDADE EM SAÚDE DO ESTADO DO PIAUÍ EM TODAS AS REGIÕES DE SAÚDE.,500000.0
ALEPI-278,2026,202630930774,Aprovada,Transferências com finalidade definida,SECRETARIA DE ESTADO DA CULTURA DO PIAUÍ - SECULT,TERESINA,"INCENTIVAR A PRODUÇÃO E DIFUSÃO DE BENS, SERVIÇOS E CONTEÚDOS CULTURAIS, BEM COMO A REALIZAÇÃO DAS ATIVIDADES DO CALENDÁRIO CULTURAL DO ESTADO.",100000.0
ALEPI-278,2026,202630930777,Aprovada,Transferências especiais (Município),ENCARGOS GERAIS DO ESTADO,SÃO JOÃO DA CANABRAVA,REGISTRO DAS EMENDAS PARLAMENTARES PREVISTAS NA EC 58/2021.,350000.0
ALEPI-278,2026,202630930778,Aprovada,Transferências especiais (Município),ENCARGOS GERAIS DO ESTADO,Massapê,REGISTRO DAS EMENDAS PARLAMENTARES PREVISTAS NA EC 58/2021.,200000.0
ALEPI-278,2026,202630930803,Aprovada,Transferências com finalidade definida,SECRETARIA DE ESTADO DA CULTURA DO PIAUÍ - SECULT,Flores do Piauí,"INCENTIVAR A PRODUÇÃO E DIFUSÃO DE BENS, SERVIÇOS E CONTEÚDOS CULTURAIS, BEM COMO A REALIZAÇÃO DAS ATIVIDADES DO CALENDÁRIO CULTURAL DO ESTADO.",100000.0
ALEPI-278,2026,202630930810,Aprovada,Transferências com finalidade definida,SECRETARIA DE ESTADO DO TURISMO DO PIAUI - SETUR,TERESINA,"AÇÃO QUE ENVOLVE A EXECUÇÃO DAS SEGUINTES ATIVIDADES:ACOMPANHAMENTO TÉCNICO AOS MUNICÍPIOS, PROMOÇÃO E DIVULGAÇÃO, REALIZAÇÃO DE PESQUISAS, PARTICIPAÇÃO DE FEIRAS E EVENTOS, APOIO À REALIZAÇÃO DE EVENTOS, INVENTARIO DA OFERTA TURÍSTICA, ELABORAÇÃO E EXECUÇÃO DO PLANO DE MARKETING.",100000.0
ALEPI-278,2026,202630930811,Cancelada,Transferências especiais (Município),ENCARGOS GERAIS DO ESTADO,AVELINO LOPES,REGISTRO DAS EMENDAS PARLAMENTARES PREVISTAS NA EC 58/2021.,115000.0
ALEPI-278,2026,202630930829,Cancelada,Transferências com finalidade definida,SECRETARIA DA IRRIGAÇÃO E INFRAESTRUTURA HÍDRICA - SEFIR,Tanque do Piauí,MELHORAR A INFRAESTRUTURA DOS MUNICÍPIOS PIAUIENSES POR MEIO DA CONSTRUÇÃO E/OU MELHORIA DE ESPAÇOS PÚBLICOS E OBRAS DE URBANIZAÇÃO.,100000.0
ALEPI-278,2026,202630930849,Aprovada,Transferências especiais (Município),ENCARGOS GERAIS DO ESTADO,DOM EXPEDITO LOPES,REGISTRO DAS EMENDAS PARLAMENTARES PREVISTAS NA EC 58/2021.,100000.0
ALEPI-278,2026,202630930856,Aprovada,Transferências com finalidade definida,SECRETARIA DE ESTADO DA CULTURA DO PIAUÍ - SECULT,PICOS,"INCENTIVAR A PRODUÇÃO E DIFUSÃO DE BENS, SERVIÇOS E CONTEÚDOS CULTURAIS, BEM COMO A REALIZAÇÃO DAS ATIVIDADES DO CALENDÁRIO CULTURAL DO ESTADO.",300000.0
ALEPI-278,2026,202630930863,Cancelada,Fundo a Fundo (Município),FUNDO ESTADUAL DE SAÚDE - FUNSAUDE,IPIRANGA,FORTALECER A REDE DE ATENÇAO À SAÚDE.,100000.0
ALEPI-278,2026,202630930864,Aprovada,Transferências com finalidade definida,FUNDO ESTADUAL DE SAÚDE - FUNSAUDE,Estado do Piauí,MELHORAR A QUALIDADE EM SAÚDE DO ESTADO DO PIAUÍ EM TODAS AS REGIÕES DE SAÚDE.,280000.0
ALEPI-278,2026,202630930885,Cancelada,Transferências com finalidade definida,SECRETARIA DE ESTADO DA CULTURA DO PIAUÍ - SECULT,DIRCEU ARCOVERDE,"INCENTIVAR A PRODUÇÃO E DIFUSÃO DE BENS, SERVIÇOS E CONTEÚDOS CULTURAIS, BEM COMO A REALIZAÇÃO DAS ATIVIDADES DO CALENDÁRIO CULTURAL DO ESTADO.",115220.0
ALEPI-278,2026,202630930907,Aprovada,Transferências com finalidade definida,SECRETARIA DE ESTADO DA CULTURA DO PIAUÍ - SECULT,DIRCEU ARCOVERDE,"INCENTIVAR A PRODUÇÃO E DIFUSÃO DE BENS, SERVIÇOS E CONTEÚDOS CULTURAIS, BEM COMO A REALIZAÇÃO DAS ATIVIDADES DO CALENDÁRIO CULTURAL DO ESTADO.",115220.0
ALEPI-278,2026,202630930928,Aprovada,Transferências especiais (Município),ENCARGOS GERAIS DO ESTADO,ARRAIAL,REGISTRO DAS EMENDAS PARLAMENTARES PREVISTAS NA EC 58/2021.,200000.0
ALEPI-278,2026,202630930937,Cancelada,Transferências com finalidade definida,COORDENADORIA DA JUVENTUDE DO ESTADO DO PIAUÍ - COJUV,TERESINA,PROMOVER A REALIZAÇÃO DE ATIVIDADES DE INCLUSÃO DO JOVEM URBANO E RURAL NAS DIVERSAS POLÍTICAS PÚBLICAS E NAS GARANTIAS DE DIREITO DO ESTATUTO DA JUVENTUDE.,125000.0
ALEPI-278,2026,202630930956,Cancelada,Transferências com finalidade definida,SECRETARIA DE ESTADO DA CULTURA DO PIAUÍ - SECULT,TERESINA,"INCENTIVAR A PRODUÇÃO E DIFUSÃO DE BENS, SERVIÇOS E CONTEÚDOS CULTURAIS, BEM COMO A REALIZAÇÃO DAS ATIVIDADES DO CALENDÁRIO CULTURAL DO ESTADO.",20000.0
ALEPI-278,2026,202630930957,Aprovada,Fundo a Fundo (Município),FUNDO ESTADUAL DE SAÚDE - FUNSAUDE,IPIRANGA,FORTALECER A REDE DE ATENÇAO À SAÚDE.,100000.0
ALEPI-278,2026,202630931006,Cancelada,Transferências com finalidade definida,COORDENADORIA DA JUVENTUDE DO ESTADO DO PIAUÍ - COJUV,FRANCINÓPOLIS,PROMOVER A REALIZAÇÃO DE ATIVIDADES DE INCLUSÃO DO JOVEM URBANO E RURAL NAS DIVERSAS POLÍTICAS PÚBLICAS E NAS GARANTIAS DE DIREITO DO ESTATUTO DA JUVENTUDE.,200000.0
ALEPI-278,2026,202630931021,Aprovada,Transferências especiais (Município),ENCARGOS GERAIS DO ESTADO,Curral Novo ,REGISTRO DAS EMENDAS PARLAMENTARES PREVISTAS NA EC 58/2021.,350000.0
ALEPI-278,2026,202630931022,Cancelada,Transferências especiais (Município),ENCARGOS GERAIS DO ESTADO,Nazaré do Piauí,REGISTRO DAS EMENDAS PARLAMENTARES PREVISTAS NA EC 58/2021.,80000.0
ALEPI-278,2026,202630931023,Aprovada,Transferências com finalidade definida,INSTITUTO DO DESENVOLVIMENTO DO PIAUI - IDEPI,PAULISTANA,SÃO OBRAS PARA PROPORCIONAR A MELHORIA DA QUALIDADE DE VIDA DA POPULAÇÃO.,472000.0
ALEPI-278,2026,202630931041,Aprovada,Fundo a Fundo (Município),FUNDO ESTADUAL DE SAÚDE - FUNSAUDE,AVELINO LOPES,MANTER O FORNECIMENTO DE MEDICAMENTOS AOS USUÁRIOS DO SUS.,115000.0
ALEPI-278,2026,202630931044,Aprovada,Fundo a Fundo (Município),FUNDO ESTADUAL DE SAÚDE - FUNSAUDE,MIGUEL ALVES,FORTALECER AS AÇÕES DA SESAPI COM FOCO NAS POPULAÇÕES VULNERABILIZADAS.,250000.0
ALEPI-278,2026,202630931051,Aprovada,Fundo a Fundo (Município),FUNDO ESTADUAL DE SAÚDE - FUNSAUDE,ALAGOINHA,MELHORAR A QUALIDADE EM SAÚDE DO ESTADO DO PIAUÍ EM TODAS AS REGIÕES DE SAÚDE.,40000.0
ALEPI-278,2026,202630931052,Aprovada,Fundo a Fundo (Município),FUNDO ESTADUAL DE SAÚDE - FUNSAUDE,ALAGOINHA,MELHORAR A QUALIDADE EM SAÚDE DO ESTADO DO PIAUÍ EM TODAS AS REGIÕES DE SAÚDE.,60000.0
ALEPI-278,2026,202630931057,Aprovada,Transferências com finalidade definida,SECRETARIA DE ESTADO DA CULTURA DO PIAUÍ - SECULT,UNIÃO,"INCENTIVAR A PRODUÇÃO E DIFUSÃO DE BENS, SERVIÇOS E CONTEÚDOS CULTURAIS, BEM COMO A REALIZAÇÃO DAS ATIVIDADES DO CALENDÁRIO CULTURAL DO ESTADO.",60000.0
ALEPI-278,2026,202630931063,Cancelada,Transferências com finalidade definida,SECRETARIA DE ESTADO DA CULTURA DO PIAUÍ - SECULT,SÃO JOSÉ DO PIAUÍ,"INCENTIVAR A PRODUÇÃO E DIFUSÃO DE BENS, SERVIÇOS E CONTEÚDOS CULTURAIS, BEM COMO A REALIZAÇÃO DAS ATIVIDADES DO CALENDÁRIO CULTURAL DO ESTADO.",190000.0
ALEPI-278,2026,202630931064,Cancelada,Transferências com finalidade definida,SECRETARIA DE ESTADO DA CULTURA DO PIAUÍ - SECULT,SÃO JOSÉ DO PIAUÍ,"INCENTIVAR A PRODUÇÃO E DIFUSÃO DE BENS, SERVIÇOS E CONTEÚDOS CULTURAIS, BEM COMO A REALIZAÇÃO DAS ATIVIDADES DO CALENDÁRIO CULTURAL DO ESTADO.",60000.0
ALEPI-278,2026,202630931091,Cancelada,Transferências com finalidade definida,SECRETARIA DE ESTADO DA CULTURA DO PIAUÍ - SECULT,São José do Piauí ,"INCENTIVAR A PRODUÇÃO E DIFUSÃO DE BENS, SERVIÇOS E CONTEÚDOS CULTURAIS, BEM COMO A REALIZAÇÃO DAS ATIVIDADES DO CALENDÁRIO CULTURAL DO ESTADO.",110000.0
ALEPI-278,2026,202630931094,Cancelada,Transferências com finalidade definida,SECRETARIA DE ESTADO DA CULTURA DO PIAUÍ - SECULT,Teresina,"IMPLANTAÇÃO, INSTALAÇÃO E MODERNIZAÇÃO DE EQUIPAMENTOS E ESPAÇOS CULTURAIS, E GARANTIA DE SUA OPERAÇÃO E DO ACESSO DO PÚBLICO À PROGRAMAÇÃO, AOS PRODUTOS E AOS BENS CULTURAIS.",125000.0
ALEPI-278,2026,202630931096,Aprovada,Transferências com finalidade definida,SECRETARIA DE ESTADO DA CULTURA DO PIAUÍ - SECULT,FRANCINÓPOLIS,"INCENTIVAR A PRODUÇÃO E DIFUSÃO DE BENS, SERVIÇOS E CONTEÚDOS CULTURAIS, BEM COMO A REALIZAÇÃO DAS ATIVIDADES DO CALENDÁRIO CULTURAL DO ESTADO.",200000.0
ALEPI-278,2026,202630931097,Cancelada,Transferências com finalidade definida,SECRETARIA DE ESTADO DA CULTURA DO PIAUÍ - SECULT,MORRO CABEÇA NO TEMPO,"INCENTIVAR A PRODUÇÃO E DIFUSÃO DE BENS, SERVIÇOS E CONTEÚDOS CULTURAIS, BEM COMO A REALIZAÇÃO DAS ATIVIDADES DO CALENDÁRIO CULTURAL DO ESTADO.",250000.0
ALEPI-278,2026,202630931098,Aprovada,Transferências com finalidade definida,SECRETARIA DE ESTADO DA CULTURA DO PIAUÍ - SECULT,TANQUE DO PIAUÍ,"INCENTIVAR A PRODUÇÃO E DIFUSÃO DE BENS, SERVIÇOS E CONTEÚDOS CULTURAIS, BEM COMO A REALIZAÇÃO DAS ATIVIDADES DO CALENDÁRIO CULTURAL DO ESTADO.",100000.0
ALEPI-278,2026,202630931104,Aprovada,Transferências com finalidade definida,SECRETARIA DE ESTADO DA CULTURA DO PIAUÍ - SECULT,CRISTINO CASTRO,"IMPLANTAÇÃO, INSTALAÇÃO E MODERNIZAÇÃO DE EQUIPAMENTOS E ESPAÇOS CULTURAIS, E GARANTIA DE SUA OPERAÇÃO E DO ACESSO DO PÚBLICO À PROGRAMAÇÃO, AOS PRODUTOS E AOS BENS CULTURAIS.",100000.0
ALEPI-278,2026,202630931105,Aprovada,Transferências com finalidade definida,SECRETARIA DE ESTADO DA CULTURA DO PIAUÍ - SECULT,TERESINA,"IMPLANTAÇÃO, INSTALAÇÃO E MODERNIZAÇÃO DE EQUIPAMENTOS E ESPAÇOS CULTURAIS, E GARANTIA DE SUA OPERAÇÃO E DO ACESSO DO PÚBLICO À PROGRAMAÇÃO, AOS PRODUTOS E AOS BENS CULTURAIS.",25000.0
ALEPI-278,2026,202630931107,Cancelada,Transferências com finalidade definida,SECRETARIA DE ESTADO DA CULTURA DO PIAUÍ - SECULT,OEIRAS,"INCENTIVAR A PRODUÇÃO E DIFUSÃO DE BENS, SERVIÇOS E CONTEÚDOS CULTURAIS, BEM COMO A REALIZAÇÃO DAS ATIVIDADES DO CALENDÁRIO CULTURAL DO ESTADO.",70000.0
ALEPI-278,2026,202630931108,Cancelada,Transferências com finalidade definida,SECRETARIA DE ESTADO DA CULTURA DO PIAUÍ - SECULT,BELÉM DO PIAUÍ,"INCENTIVAR A PRODUÇÃO E DIFUSÃO DE BENS, SERVIÇOS E CONTEÚDOS CULTURAIS, BEM COMO A REALIZAÇÃO DAS ATIVIDADES DO CALENDÁRIO CULTURAL DO ESTADO.",130000.0
ALEPI-278,2026,202630931109,Cancelada,Transferências com finalidade definida,SECRETARIA DE ESTADO DA CULTURA DO PIAUÍ - SECULT,BELÉM DO PIAUÍ,"INCENTIVAR A PRODUÇÃO E DIFUSÃO DE BENS, SERVIÇOS E CONTEÚDOS CULTURAIS, BEM COMO A REALIZAÇÃO DAS ATIVIDADES DO CALENDÁRIO CULTURAL DO ESTADO.",50000.0
ALEPI-278,2026,202630931116,Aprovada,Transferências com finalidade definida,SECRETARIA DE ESTADO DA CULTURA DO PIAUÍ - SECULT,NAZARÉ DO PIAUÍ,"INCENTIVAR A PRODUÇÃO E DIFUSÃO DE BENS, SERVIÇOS E CONTEÚDOS CULTURAIS, BEM COMO A REALIZAÇÃO DAS ATIVIDADES DO CALENDÁRIO CULTURAL DO ESTADO.",80000.0
ALEPI-278,2026,202630931155,Aprovada,Transferências com finalidade definida,SECRETARIA DE ESTADO DA SAÚDE DO PIAUÍ - SESAPI,Teresina,MELHORAR A QUALIDADE EM SAÚDE DO ESTADO DO PIAUÍ EM TODAS AS REGIÕES DE SAÚDE.,50000.0
ALEPI-278,2026,202630931158,Aprovada,Transferências com finalidade definida,SECRETARIA DE ESTADO DA SAÚDE DO PIAUÍ - SESAPI,Teresina,MELHORAR A QUALIDADE EM SAÚDE DO ESTADO DO PIAUÍ EM TODAS AS REGIÕES DE SAÚDE.,50000.0
ALEPI-278,2026,202630931176,Aprovada,Transferências com finalidade definida,SECRETARIA DE ESTADO DA CULTURA DO PIAUÍ - SECULT,TERESINA,"INCENTIVAR A PRODUÇÃO E DIFUSÃO DE BENS, SERVIÇOS E CONTEÚDOS CULTURAIS, BEM COMO A REALIZAÇÃO DAS ATIVIDADES DO CALENDÁRIO CULTURAL DO ESTADO.",100000.0
ALEPI-278,2026,202630931200,Aprovada,Transferências com finalidade definida,SECRETARIA DE ESTADO DA CULTURA DO PIAUÍ - SECULT,TERESINA,"INCENTIVAR A PRODUÇÃO E DIFUSÃO DE BENS, SERVIÇOS E CONTEÚDOS CULTURAIS, BEM COMO A REALIZAÇÃO DAS ATIVIDADES DO CALENDÁRIO CULTURAL DO ESTADO.",70000.0
ALEPI-330,2026,202630940006,Aprovada,Transferências com finalidade definida,SECRETARIA DE ESTADO DA CULTURA DO PIAUÍ - SECULT,Município de Cajueiro da Praia – Estado do Piauí,"INCENTIVAR A PRODUÇÃO E DIFUSÃO DE BENS, SERVIÇOS E CONTEÚDOS CULTURAIS, BEM COMO A REALIZAÇÃO DAS ATIVIDADES DO CALENDÁRIO CULTURAL DO ESTADO.",100000.0
ALEPI-330,2026,202630940426,Aprovada,Transferências com finalidade definida,COORDENADORIA ESTADUAL DE DESENVOLVIMENTO DOS TERRITÓRIOS - CDTER,MUNICÍPIO DE JUAZEIRO DO PIAUÍ,PROMOÇÃO E DESENVOLVIMENTO DAS POTENCIALIDADES DOS TERRITÓRIOS.,200000.0
ALEPI-330,2026,202630940452,Cancelada,Transferências com finalidade definida,SECRETARIA  DE ESTADO PARA INCLUSÃO DA PESSOA  COM DEFICIÊNCIA - SEID,"Municípios de Parnaíba, Cocal dos Alves e Bom Princípio do Piauí","POTENCIALIZAR O ATENDIMENTO EQUOTERÁPICO DOS CENTROS DE TERESINA E PARNAÍBA, BEM COMO REALIZAR A IMPLANTAÇÃO DE DOIS NOVOS CENTROS EM FLORIANO E PICOS E FORTALECER O FUNCIONAMENTO DAS CLÍNICAS DE FISIOTERAPIA E ACADEMIAS ACESSÍVEIS NOS MUNICÍPIOS E ENTIDADES PIAUIENSES. ",100000.0
ALEPI-330,2026,202630940457,Aprovada,Transferências com finalidade definida,COORDENADORIA ESTADUAL DE DESENVOLVIMENTO DOS TERRITÓRIOS - CDTER,Município de Caraúbas do Piauí,PROMOÇÃO E DESENVOLVIMENTO DAS POTENCIALIDADES DOS TERRITÓRIOS.,80000.0
ALEPI-330,2026,202630940478,Cancelada,Transferências com finalidade definida,COORDENADORIA ESTADUAL DE DESENVOLVIMENTO DOS TERRITÓRIOS - CDTER,CIDADE DE JUAZEIRO DO PIAUÍ,PROMOÇÃO E DESENVOLVIMENTO DAS POTENCIALIDADES DOS TERRITÓRIOS.,50000.0
ALEPI-330,2026,202630940490,Aprovada,Transferências com finalidade definida,COORDENADORIA ESTADUAL DE DESENVOLVIMENTO DOS TERRITÓRIOS - CDTER,Município de Juazeiro do Piauí,PROMOÇÃO E DESENVOLVIMENTO DAS POTENCIALIDADES DOS TERRITÓRIOS.,80000.0
ALEPI-330,2026,202630940491,Aprovada,Transferências com finalidade definida,COORDENADORIA ESTADUAL DE DESENVOLVIMENTO DOS TERRITÓRIOS - CDTER,Município de Hugo Napoleão,PROMOÇÃO E DESENVOLVIMENTO DAS POTENCIALIDADES DOS TERRITÓRIOS.,80000.0
ALEPI-330,2026,202630940497,Aprovada,Transferências com finalidade definida,COORDENADORIA ESTADUAL DE DESENVOLVIMENTO DOS TERRITÓRIOS - CDTER,MUNICÍPIO DE JOAQUIM PIRES,"AMPLIAR, MELHORAR E MONITORAR AS AÇÕES DE MOBILIDADE URBANA E RURAL NO ESTADO, DE ACORDO COM AS POTENCIALIDADES SOCIOECONÔMICAS DE CADA TERRITÓRIO DO DESENVOLVIMENTO.",339729.07
ALEPI-330,2026,202630940512,Cancelada,Transferências com finalidade definida,COORDENADORIA ESTADUAL DE DESENVOLVIMENTO DOS TERRITÓRIOS - CDTER,Município de Juazeiro do Piauí,PROMOÇÃO E DESENVOLVIMENTO DAS POTENCIALIDADES DOS TERRITÓRIOS.,50000.0
ALEPI-330,2026,202630940527,Cancelada,Transferências com finalidade definida,COORDENADORIA ESTADUAL DE DESENVOLVIMENTO DOS TERRITÓRIOS - CDTER,SANTA CRUZ DOS MILAGRES,PROMOÇÃO E DESENVOLVIMENTO DAS POTENCIALIDADES DOS TERRITÓRIOS.,80000.0
ALEPI-330,2026,202630940530,Aprovada,Transferências com finalidade definida,COORDENADORIA ESTADUAL DE DESENVOLVIMENTO DOS TERRITÓRIOS - CDTER,BOM PRINCÍPIO DO PIAUÍ,PROMOÇÃO E DESENVOLVIMENTO DAS POTENCIALIDADES DOS TERRITÓRIOS.,80000.0
ALEPI-330,2026,202630940531,Cancelada,Transferências com finalidade definida,COORDENADORIA ESTADUAL DE DESENVOLVIMENTO DOS TERRITÓRIOS - CDTER,Município de Elesbão Veloso,PROMOÇÃO E DESENVOLVIMENTO DAS POTENCIALIDADES DOS TERRITÓRIOS.,80000.0
ALEPI-330,2026,202630940535,Aprovada,Transferências com finalidade definida,COORDENADORIA ESTADUAL DE DESENVOLVIMENTO DOS TERRITÓRIOS - CDTER,Município de Bom Princípio do Piauí,PROMOÇÃO E DESENVOLVIMENTO DAS POTENCIALIDADES DOS TERRITÓRIOS.,200000.0
ALEPI-330,2026,202630940536,Aprovada,Transferências com finalidade definida,COORDENADORIA ESTADUAL DE DESENVOLVIMENTO DOS TERRITÓRIOS - CDTER,Município de Bom Princípio do Piauí,PROMOÇÃO E DESENVOLVIMENTO DAS POTENCIALIDADES DOS TERRITÓRIOS.,100000.0
ALEPI-330,2026,202630940578,Aprovada,Transferências com finalidade definida,COORDENADORIA ESTADUAL DE DESENVOLVIMENTO DOS TERRITÓRIOS - CDTER,Município de Pau D'arco do Piauí,PROMOÇÃO E DESENVOLVIMENTO DAS POTENCIALIDADES DOS TERRITÓRIOS.,80000.0
ALEPI-330,2026,202630940579,Aprovada,Transferências com finalidade definida,COORDENADORIA ESTADUAL DE DESENVOLVIMENTO DOS TERRITÓRIOS - CDTER,MUNICÍPIO DE JARDIM DO MUILATO,PROMOÇÃO E DESENVOLVIMENTO DAS POTENCIALIDADES DOS TERRITÓRIOS.,80000.0
ALEPI-330,2026,202630940613,Aprovada,Transferências com finalidade definida,COORDENADORIA ESTADUAL DE DESENVOLVIMENTO DOS TERRITÓRIOS - CDTER,Município de Coivaras,PROMOÇÃO E DESENVOLVIMENTO DAS POTENCIALIDADES DOS TERRITÓRIOS.,80000.0
ALEPI-330,2026,202630940630,Aprovada,Transferências com finalidade definida,COORDENADORIA ESTADUAL DE DESENVOLVIMENTO DOS TERRITÓRIOS - CDTER,Município de São Gonçalo do Piauí ,PROMOÇÃO E DESENVOLVIMENTO DAS POTENCIALIDADES DOS TERRITÓRIOS.,80000.0
ALEPI-330,2026,202630940662,Aprovada,Transferências com finalidade definida,COORDENADORIA ESTADUAL DE DESENVOLVIMENTO DOS TERRITÓRIOS - CDTER,Município de Teresina,PROMOÇÃO E DESENVOLVIMENTO DAS POTENCIALIDADES DOS TERRITÓRIOS.,80000.0
ALEPI-330,2026,202630940663,Aprovada,Transferências com finalidade definida,COORDENADORIA ESTADUAL DE DESENVOLVIMENTO DOS TERRITÓRIOS - CDTER,Município de Miguel Alves ,PROMOÇÃO E DESENVOLVIMENTO DAS POTENCIALIDADES DOS TERRITÓRIOS.,80000.0
ALEPI-330,2026,202630940703,Aprovada,Transferências com finalidade definida,COORDENADORIA ESTADUAL DE DESENVOLVIMENTO DOS TERRITÓRIOS - CDTER,Município de Cocal dos Alves,PROMOÇÃO E DESENVOLVIMENTO DAS POTENCIALIDADES DOS TERRITÓRIOS.,100000.0
ALEPI-330,2026,202630940704,Cancelada,Transferências com finalidade definida,COORDENADORIA ESTADUAL DE DESENVOLVIMENTO DOS TERRITÓRIOS - CDTER,MUNICÍPIO DE COCAL DOS ALVES,PROMOÇÃO E DESENVOLVIMENTO DAS POTENCIALIDADES DOS TERRITÓRIOS.,200000.0
ALEPI-330,2026,202630940750,Aprovada,Transferências com finalidade definida,FUNDO ESTADUAL DE SAÚDE - FUNSAUDE,Estado do Piauí,MELHORAR A QUALIDADE EM SAÚDE DO ESTADO DO PIAUÍ EM TODAS AS REGIÕES DE SAÚDE.,450000.0
ALEPI-330,2026,202630940764,Aprovada,Transferências com finalidade definida,"SECRETARIA DE ESTADO DA ASSISTÊNCIA SOCIAL, TRABALHO E DIREITOS HUMANOS - SASC",Município de Parnaiba,"APRIMORAR A ORGANIZAÇÃO E GESTÃO DESCENTRALIZADA DO SISTEMA ÚNICO DE ASSISTÊNCIA SOCIAL  PARA APERFEIÇOAR A PROTEÇÃO SOCIAL DAS POPULAÇÕES VULNERÁVEIS.	 SOCIOASSISTENCIAL E DA REGULAÇÃO DO SUAS, E DAS INSTÂNCIAS DE CONTROLE SOCIAL. ",60000.0
ALEPI-330,2026,202630940809,Aprovada,Transferências com finalidade definida,COORDENADORIA ESTADUAL DE DESENVOLVIMENTO DOS TERRITÓRIOS - CDTER,Município de Floresta do Piauí,PROMOÇÃO E DESENVOLVIMENTO DAS POTENCIALIDADES DOS TERRITÓRIOS.,100000.0
ALEPI-330,2026,202630940822,Cancelada,Transferências com finalidade definida,COORDENADORIA ESTADUAL DE DESENVOLVIMENTO DOS TERRITÓRIOS - CDTER,Município de Palmeiras,PROMOÇÃO E DESENVOLVIMENTO DAS POTENCIALIDADES DOS TERRITÓRIOS.,100000.0
ALEPI-330,2026,202630940824,Aprovada,Transferências com finalidade definida,COORDENADORIA ESTADUAL DE DESENVOLVIMENTO DOS TERRITÓRIOS - CDTER,Município de Manoel  Emídio,PROMOÇÃO E DESENVOLVIMENTO DAS POTENCIALIDADES DOS TERRITÓRIOS.,100000.0
ALEPI-330,2026,202630940825,Aprovada,Transferências com finalidade definida,COORDENADORIA ESTADUAL DE DESENVOLVIMENTO DOS TERRITÓRIOS - CDTER,Município de Cocal de Telha,PROMOÇÃO E DESENVOLVIMENTO DAS POTENCIALIDADES DOS TERRITÓRIOS.,100000.0
ALEPI-330,2026,202630940826,Aprovada,Transferências com finalidade definida,COORDENADORIA ESTADUAL DE DESENVOLVIMENTO DOS TERRITÓRIOS - CDTER,Município de São Miguel do Fidalgo,PROMOÇÃO E DESENVOLVIMENTO DAS POTENCIALIDADES DOS TERRITÓRIOS.,100000.0
ALEPI-330,2026,202630940835,Cancelada,Fundo a Fundo (Município),FUNDO ESTADUAL DE SAÚDE - FUNSAUDE,Luis Correia,MELHORAR A QUALIDADE EM SAÚDE DO ESTADO DO PIAUÍ EM TODAS AS REGIÕES DE SAÚDE.,3000000.0
ALEPI-330,2026,202630940844,Aprovada,Transferências com finalidade definida,COORDENADORIA ESTADUAL DE DESENVOLVIMENTO DOS TERRITÓRIOS - CDTER,Município de Teresina,PROMOÇÃO E DESENVOLVIMENTO DAS POTENCIALIDADES DOS TERRITÓRIOS.,100000.0
ALEPI-330,2026,202630940905,Cancelada,Transferências com finalidade definida,COORDENADORIA ESTADUAL DE DESENVOLVIMENTO DOS TERRITÓRIOS - CDTER,Município de Cocal dos Alves,PROMOÇÃO E DESENVOLVIMENTO DAS POTENCIALIDADES DOS TERRITÓRIOS.,30000.0
ALEPI-330,2026,202630940906,Aprovada,Transferências com finalidade definida,COORDENADORIA ESTADUAL DE DESENVOLVIMENTO DOS TERRITÓRIOS - CDTER,Município de Cocal dos Alves,PROMOÇÃO E DESENVOLVIMENTO DAS POTENCIALIDADES DOS TERRITÓRIOS.,80000.0
ALEPI-330,2026,202630940936,Cancelada,Transferências com finalidade definida,COORDENADORIA ESTADUAL DE DESENVOLVIMENTO DOS TERRITÓRIOS - CDTER,Município de Parnaíba ,PROMOÇÃO E DESENVOLVIMENTO DAS POTENCIALIDADES DOS TERRITÓRIOS.,130000.0
ALEPI-330,2026,202630940937,Cancelada,Transferências com finalidade definida,COORDENADORIA ESTADUAL DE DESENVOLVIMENTO DOS TERRITÓRIOS - CDTER,Município de Parnaíba,PROMOÇÃO E DESENVOLVIMENTO DAS POTENCIALIDADES DOS TERRITÓRIOS.,30000.0
ALEPI-330,2026,202630940944,Aprovada,Transferências com finalidade definida,COORDENADORIA DA JUVENTUDE DO ESTADO DO PIAUÍ - COJUV,Bom Princípio do Piauí,PROMOVER A REALIZAÇÃO DE ATIVIDADES DE INCLUSÃO DO JOVEM URBANO E RURAL NAS DIVERSAS POLÍTICAS PÚBLICAS E NAS GARANTIAS DE DIREITO DO ESTATUTO DA JUVENTUDE.,50000.0
ALEPI-330,2026,202630940953,Aprovada,Transferências com finalidade definida,COORDENADORIA ESTADUAL DE DESENVOLVIMENTO DOS TERRITÓRIOS - CDTER,Município de Simplício Mendes,PROMOÇÃO E DESENVOLVIMENTO DAS POTENCIALIDADES DOS TERRITÓRIOS.,100000.0
ALEPI-330,2026,202630940979,Aprovada,Transferências com finalidade definida,COORDENADORIA ESTADUAL DE DESENVOLVIMENTO DOS TERRITÓRIOS - CDTER,Município de Teresina,PROMOÇÃO E DESENVOLVIMENTO DAS POTENCIALIDADES DOS TERRITÓRIOS.,150000.0
ALEPI-330,2026,202630940998,Aprovada,Transferências com finalidade definida,SECRETARIA DE ESTADO DA CULTURA DO PIAUÍ - SECULT,Município de Parnaíba,"INCENTIVAR A PRODUÇÃO E DIFUSÃO DE BENS, SERVIÇOS E CONTEÚDOS CULTURAIS, BEM COMO A REALIZAÇÃO DAS ATIVIDADES DO CALENDÁRIO CULTURAL DO ESTADO.",130000.0
ALEPI-330,2026,202630940999,Cancelada,Transferências com finalidade definida,SECRETARIA DE ESTADO DA CULTURA DO PIAUÍ - SECULT,Município de Parnaíba ,"INCENTIVAR A PRODUÇÃO E DIFUSÃO DE BENS, SERVIÇOS E CONTEÚDOS CULTURAIS, BEM COMO A REALIZAÇÃO DAS ATIVIDADES DO CALENDÁRIO CULTURAL DO ESTADO.",30000.0
ALEPI-330,2026,202630941012,Aprovada,Transferências com finalidade definida,COORDENADORIA ESTADUAL DE DESENVOLVIMENTO DOS TERRITÓRIOS - CDTER,Município de Conceição do Canidé,PROMOÇÃO E DESENVOLVIMENTO DAS POTENCIALIDADES DOS TERRITÓRIOS.,100000.0
ALEPI-330,2026,202630941016,Cancelada,Transferências com finalidade definida,COORDENADORIA ESTADUAL DE DESENVOLVIMENTO DOS TERRITÓRIOS - CDTER,Município de Demerval Lobão,PROMOÇÃO E DESENVOLVIMENTO DAS POTENCIALIDADES DOS TERRITÓRIOS.,125000.0
ALEPI-330,2026,202630941018,Aprovada,Transferências com finalidade definida,COORDENADORIA ESTADUAL DE DESENVOLVIMENTO DOS TERRITÓRIOS - CDTER,Município de Joaquim Pires,PROMOÇÃO E DESENVOLVIMENTO DAS POTENCIALIDADES DOS TERRITÓRIOS.,100000.0
ALEPI-330,2026,202630941019,Aprovada,Transferências com finalidade definida,COORDENADORIA ESTADUAL DE DESENVOLVIMENTO DOS TERRITÓRIOS - CDTER,Município de Parnaíba ,PROMOÇÃO E DESENVOLVIMENTO DAS POTENCIALIDADES DOS TERRITÓRIOS.,100000.0
ALEPI-330,2026,202630941059,Cancelada,Transferências com finalidade definida,COORDENADORIA ESTADUAL DE DESENVOLVIMENTO DOS TERRITÓRIOS - CDTER,Município de Demerval Lobão,PROMOÇÃO E DESENVOLVIMENTO DAS POTENCIALIDADES DOS TERRITÓRIOS.,125000.0
ALEPI-330,2026,202630941067,Aprovada,Transferências com finalidade definida,SECRETARIA DE ESTADO DA CULTURA DO PIAUÍ - SECULT,Município de Teresina,"INCENTIVAR A PRODUÇÃO E DIFUSÃO DE BENS, SERVIÇOS E CONTEÚDOS CULTURAIS, BEM COMO A REALIZAÇÃO DAS ATIVIDADES DO CALENDÁRIO CULTURAL DO ESTADO.",50000.0
ALEPI-330,2026,202630941076,Aprovada,Transferências com finalidade definida,SECRETARIA DE ESTADO DA CULTURA DO PIAUÍ - SECULT,Teresina,"INCENTIVAR A PRODUÇÃO E DIFUSÃO DE BENS, SERVIÇOS E CONTEÚDOS CULTURAIS, BEM COMO A REALIZAÇÃO DAS ATIVIDADES DO CALENDÁRIO CULTURAL DO ESTADO.",60000.0
ALEPI-330,2026,202630941084,Aprovada,Transferências com finalidade definida,SECRETARIA DE ESTADO DA CULTURA DO PIAUÍ - SECULT,Município de São Félix do Piauí,"INCENTIVAR A PRODUÇÃO E DIFUSÃO DE BENS, SERVIÇOS E CONTEÚDOS CULTURAIS, BEM COMO A REALIZAÇÃO DAS ATIVIDADES DO CALENDÁRIO CULTURAL DO ESTADO.",100000.0
ALEPI-330,2026,202630941085,Aprovada,Transferências com finalidade definida,SECRETARIA DE ESTADO DA CULTURA DO PIAUÍ - SECULT,Município de Santo Inácio do Piauí ,"INCENTIVAR A PRODUÇÃO E DIFUSÃO DE BENS, SERVIÇOS E CONTEÚDOS CULTURAIS, BEM COMO A REALIZAÇÃO DAS ATIVIDADES DO CALENDÁRIO CULTURAL DO ESTADO.",100000.0
ALEPI-330,2026,202630941120,Aprovada,Transferências com finalidade definida,COORDENADORIA ESTADUAL DE DESENVOLVIMENTO DOS TERRITÓRIOS - CDTER,Município de Juazeiro do Piauí,PROMOÇÃO E DESENVOLVIMENTO DAS POTENCIALIDADES DOS TERRITÓRIOS.,100000.0
ALEPI-330,2026,202630941121,Aprovada,Transferências com finalidade definida,COORDENADORIA ESTADUAL DE DESENVOLVIMENTO DOS TERRITÓRIOS - CDTER,Município de Santa Cruz dos Milagres,PROMOÇÃO E DESENVOLVIMENTO DAS POTENCIALIDADES DOS TERRITÓRIOS.,100000.0
ALEPI-330,2026,202630941154,Aprovada,Transferências com finalidade definida,SECRETARIA DE ESTADO DA CULTURA DO PIAUÍ - SECULT,Município de Teresina,"INCENTIVAR A PRODUÇÃO E DIFUSÃO DE BENS, SERVIÇOS E CONTEÚDOS CULTURAIS, BEM COMO A REALIZAÇÃO DAS ATIVIDADES DO CALENDÁRIO CULTURAL DO ESTADO.",85000.0
ALEPI-330,2026,202630941171,Aprovada,Transferências com finalidade definida,SECRETARIA DE ESTADO DA CULTURA DO PIAUÍ - SECULT,Município  de Alto Longá,"INCENTIVAR A PRODUÇÃO E DIFUSÃO DE BENS, SERVIÇOS E CONTEÚDOS CULTURAIS, BEM COMO A REALIZAÇÃO DAS ATIVIDADES DO CALENDÁRIO CULTURAL DO ESTADO.",100000.0
ALEPI-330,2026,202630941172,Aprovada,Transferências com finalidade definida,SECRETARIA DE ESTADO DA CULTURA DO PIAUÍ - SECULT,Município de São Pedro do Piauí,"INCENTIVAR A PRODUÇÃO E DIFUSÃO DE BENS, SERVIÇOS E CONTEÚDOS CULTURAIS, BEM COMO A REALIZAÇÃO DAS ATIVIDADES DO CALENDÁRIO CULTURAL DO ESTADO.",100000.0
ALEPI-330,2026,202630941191,Aprovada,Transferências com finalidade definida,SECRETARIA DE ESTADO DA CULTURA DO PIAUÍ - SECULT,Município de Teresina,"INCENTIVAR A PRODUÇÃO E DIFUSÃO DE BENS, SERVIÇOS E CONTEÚDOS CULTURAIS, BEM COMO A REALIZAÇÃO DAS ATIVIDADES DO CALENDÁRIO CULTURAL DO ESTADO.",100000.0
ALEPI-330,2026,202630941192,Aprovada,Transferências com finalidade definida,SECRETARIA DE ESTADO DA CULTURA DO PIAUÍ - SECULT,Município de Barras,"INCENTIVAR A PRODUÇÃO E DIFUSÃO DE BENS, SERVIÇOS E CONTEÚDOS CULTURAIS, BEM COMO A REALIZAÇÃO DAS ATIVIDADES DO CALENDÁRIO CULTURAL DO ESTADO.",100000.0
ALEPI-330,2026,202630941193,Aprovada,Transferências com finalidade definida,SECRETARIA DE ESTADO DA CULTURA DO PIAUÍ - SECULT,Município de São Gonçalo do Piauí,"INCENTIVAR A PRODUÇÃO E DIFUSÃO DE BENS, SERVIÇOS E CONTEÚDOS CULTURAIS, BEM COMO A REALIZAÇÃO DAS ATIVIDADES DO CALENDÁRIO CULTURAL DO ESTADO.",100000.0
ALEPI-330,2026,202630941194,Aprovada,Transferências com finalidade definida,SECRETARIA DE ESTADO DA CULTURA DO PIAUÍ - SECULT,Município de Teresina,"INCENTIVAR A PRODUÇÃO E DIFUSÃO DE BENS, SERVIÇOS E CONTEÚDOS CULTURAIS, BEM COMO A REALIZAÇÃO DAS ATIVIDADES DO CALENDÁRIO CULTURAL DO ESTADO.",100000.0
ALEPI-330,2026,202630941195,Aprovada,Transferências com finalidade definida,SECRETARIA DE ESTADO DA CULTURA DO PIAUÍ - SECULT,Município de Teresina,"INCENTIVAR A PRODUÇÃO E DIFUSÃO DE BENS, SERVIÇOS E CONTEÚDOS CULTURAIS, BEM COMO A REALIZAÇÃO DAS ATIVIDADES DO CALENDÁRIO CULTURAL DO ESTADO.",100000.0
ALEPI-330,2026,202630941196,Cancelada,Transferências com finalidade definida,SECRETARIA DE ESTADO DA CULTURA DO PIAUÍ - SECULT,Município de Teresina,"INCENTIVAR A PRODUÇÃO E DIFUSÃO DE BENS, SERVIÇOS E CONTEÚDOS CULTURAIS, BEM COMO A REALIZAÇÃO DAS ATIVIDADES DO CALENDÁRIO CULTURAL DO ESTADO.",100000.0
ALEPI-330,2026,202630941198,Aprovada,Transferências com finalidade definida,SECRETARIA DE ESTADO DA CULTURA DO PIAUÍ - SECULT,Município de Cocal de Telha,"INCENTIVAR A PRODUÇÃO E DIFUSÃO DE BENS, SERVIÇOS E CONTEÚDOS CULTURAIS, BEM COMO A REALIZAÇÃO DAS ATIVIDADES DO CALENDÁRIO CULTURAL DO ESTADO.",100000.0
ALEPI-330,2026,202630941199,Aprovada,Transferências com finalidade definida,SECRETARIA DE ESTADO DA CULTURA DO PIAUÍ - SECULT,Município de Miguel Leão,"INCENTIVAR A PRODUÇÃO E DIFUSÃO DE BENS, SERVIÇOS E CONTEÚDOS CULTURAIS, BEM COMO A REALIZAÇÃO DAS ATIVIDADES DO CALENDÁRIO CULTURAL DO ESTADO.",100000.0
ALEPI-330,2026,202630941203,Aprovada,Transferências com finalidade definida,SECRETARIA DE ESTADO DA CULTURA DO PIAUÍ - SECULT,Santa Cruz dos Milagres,"INCENTIVAR A PRODUÇÃO E DIFUSÃO DE BENS, SERVIÇOS E CONTEÚDOS CULTURAIS, BEM COMO A REALIZAÇÃO DAS ATIVIDADES DO CALENDÁRIO CULTURAL DO ESTADO.",100000.0
ALEPI-330,2026,202630941204,Aprovada,Transferências com finalidade definida,SECRETARIA DE ESTADO DA CULTURA DO PIAUÍ - SECULT,Município de Monsenhor Gil,"INCENTIVAR A PRODUÇÃO E DIFUSÃO DE BENS, SERVIÇOS E CONTEÚDOS CULTURAIS, BEM COMO A REALIZAÇÃO DAS ATIVIDADES DO CALENDÁRIO CULTURAL DO ESTADO.",100000.0
ALEPI-330,2026,202630941207,Aprovada,Transferências com finalidade definida,SECRETARIA DE ESTADO DA CULTURA DO PIAUÍ - SECULT,Município de Luís Correia,"INCENTIVAR A PRODUÇÃO E DIFUSÃO DE BENS, SERVIÇOS E CONTEÚDOS CULTURAIS, BEM COMO A REALIZAÇÃO DAS ATIVIDADES DO CALENDÁRIO CULTURAL DO ESTADO.",100000.0
ALEPI-330,2026,202630941208,Aprovada,Transferências com finalidade definida,SECRETARIA DE ESTADO DA CULTURA DO PIAUÍ - SECULT,Município de Batalha,"INCENTIVAR A PRODUÇÃO E DIFUSÃO DE BENS, SERVIÇOS E CONTEÚDOS CULTURAIS, BEM COMO A REALIZAÇÃO DAS ATIVIDADES DO CALENDÁRIO CULTURAL DO ESTADO.",100000.0
ALEPI-330,2026,202630941209,Cancelada,Transferências com finalidade definida,SECRETARIA DE ESTADO DA CULTURA DO PIAUÍ - SECULT,Município de São Pedro do Piauí,"INCENTIVAR A PRODUÇÃO E DIFUSÃO DE BENS, SERVIÇOS E CONTEÚDOS CULTURAIS, BEM COMO A REALIZAÇÃO DAS ATIVIDADES DO CALENDÁRIO CULTURAL DO ESTADO.",100000.0
ALEPI-330,2026,202630941210,Aprovada,Transferências com finalidade definida,SECRETARIA DE ESTADO DA CULTURA DO PIAUÍ - SECULT,Município de Teresina,"INCENTIVAR A PRODUÇÃO E DIFUSÃO DE BENS, SERVIÇOS E CONTEÚDOS CULTURAIS, BEM COMO A REALIZAÇÃO DAS ATIVIDADES DO CALENDÁRIO CULTURAL DO ESTADO.",100000.0
ALEPI-330,2026,202630941211,Aprovada,Transferências com finalidade definida,SECRETARIA DE ESTADO DA CULTURA DO PIAUÍ - SECULT,Município de Luís Correia,"INCENTIVAR A PRODUÇÃO E DIFUSÃO DE BENS, SERVIÇOS E CONTEÚDOS CULTURAIS, BEM COMO A REALIZAÇÃO DAS ATIVIDADES DO CALENDÁRIO CULTURAL DO ESTADO.",100000.0
ALEPI-330,2026,202630941214,Aprovada,Transferências com finalidade definida,SECRETARIA DE ESTADO DA CULTURA DO PIAUÍ - SECULT,Município  de Morro do Chapéu,"INCENTIVAR A PRODUÇÃO E DIFUSÃO DE BENS, SERVIÇOS E CONTEÚDOS CULTURAIS, BEM COMO A REALIZAÇÃO DAS ATIVIDADES DO CALENDÁRIO CULTURAL DO ESTADO.",100000.0
ALEPI-330,2026,202630941215,Aprovada,Transferências com finalidade definida,SECRETARIA DE ESTADO DA CULTURA DO PIAUÍ - SECULT,Município de Matias Olímpio,"INCENTIVAR A PRODUÇÃO E DIFUSÃO DE BENS, SERVIÇOS E CONTEÚDOS CULTURAIS, BEM COMO A REALIZAÇÃO DAS ATIVIDADES DO CALENDÁRIO CULTURAL DO ESTADO.",100000.0
ALEPI-330,2026,202630941216,Aprovada,Transferências com finalidade definida,SECRETARIA DE ESTADO DA CULTURA DO PIAUÍ - SECULT,Município de Teresina,"INCENTIVAR A PRODUÇÃO E DIFUSÃO DE BENS, SERVIÇOS E CONTEÚDOS CULTURAIS, BEM COMO A REALIZAÇÃO DAS ATIVIDADES DO CALENDÁRIO CULTURAL DO ESTADO.",100000.0
ALEPI-330,2026,202630941247,Aprovada,Transferências com finalidade definida,SECRETARIA DE ESTADO DA CULTURA DO PIAUÍ - SECULT,Juazeiro do Piauí,"INCENTIVAR A PRODUÇÃO E DIFUSÃO DE BENS, SERVIÇOS E CONTEÚDOS CULTURAIS, BEM COMO A REALIZAÇÃO DAS ATIVIDADES DO CALENDÁRIO CULTURAL DO ESTADO.",100000.0
ALEPI-330,2026,202630941249,Aprovada,Transferências com finalidade definida,SECRETARIA DE ESTADO DA CULTURA DO PIAUÍ - SECULT,Município de Piripirí,"INCENTIVAR A PRODUÇÃO E DIFUSÃO DE BENS, SERVIÇOS E CONTEÚDOS CULTURAIS, BEM COMO A REALIZAÇÃO DAS ATIVIDADES DO CALENDÁRIO CULTURAL DO ESTADO.",100000.0
ALEPI-330,2026,202630941254,Cancelada,Transferências com finalidade definida,SECRETARIA DE ESTADO DA CULTURA DO PIAUÍ - SECULT,Município de Parnaíba,"INCENTIVAR A PRODUÇÃO E DIFUSÃO DE BENS, SERVIÇOS E CONTEÚDOS CULTURAIS, BEM COMO A REALIZAÇÃO DAS ATIVIDADES DO CALENDÁRIO CULTURAL DO ESTADO.",100000.0
ALEPI-330,2026,202630941255,Aprovada,Transferências com finalidade definida,SECRETARIA DE ESTADO DA CULTURA DO PIAUÍ - SECULT,Município de Cajueiro da Praia,"INCENTIVAR A PRODUÇÃO E DIFUSÃO DE BENS, SERVIÇOS E CONTEÚDOS CULTURAIS, BEM COMO A REALIZAÇÃO DAS ATIVIDADES DO CALENDÁRIO CULTURAL DO ESTADO.",100000.0
ALEPI-330,2026,202630941264,Aprovada,Transferências com finalidade definida,SECRETARIA DE ESTADO DA CULTURA DO PIAUÍ - SECULT,Município de Teresina,"INCENTIVAR A PRODUÇÃO E DIFUSÃO DE BENS, SERVIÇOS E CONTEÚDOS CULTURAIS, BEM COMO A REALIZAÇÃO DAS ATIVIDADES DO CALENDÁRIO CULTURAL DO ESTADO.",100000.0
ALEPI-330,2026,202630941265,Pendente de análise,Transferências com finalidade definida,SECRETARIA DE ESTADO DA CULTURA DO PIAUÍ - SECULT,Município de São Miguel do Tapuio,"INCENTIVAR A PRODUÇÃO E DIFUSÃO DE BENS, SERVIÇOS E CONTEÚDOS CULTURAIS, BEM COMO A REALIZAÇÃO DAS ATIVIDADES DO CALENDÁRIO CULTURAL DO ESTADO.",100000.0
ALEPI-25,2026,202630950409,Cancelada,Transferências com finalidade definida,SECRETARIA DE ESTADO DA SAÚDE DO PIAUÍ - SESAPI," Piripiri, Capitão de Campos, Milton Brandão, Cocal dos Alves, Cajueiro da Praia, José de Freitas, Miguel Alves, União, Santa Cruz dos Milagres, São Miguel do Tapuio, Coivaras, Morro do Chapéu, Capitão Gervasio, Júlio Borges, Cristino Castro, Bom Jesus, Alvorada do Gurgueia, Rio Grande do Piauí, Boa Hora, Caraúbas",FORTALECER AS AÇÕES DA SESAPI COM FOCO NAS POPULAÇÕES VULNERABILIZADAS.,2500000.0
ALEPI-25,2026,202630950412,Aprovada,Transferências com finalidade definida,COORDENADORIA DA JUVENTUDE DO ESTADO DO PIAUÍ - COJUV,PIRIRIPI,PROMOVER A REALIZAÇÃO DE ATIVIDADES DE INCLUSÃO DO JOVEM URBANO E RURAL NAS DIVERSAS POLÍTICAS PÚBLICAS E NAS GARANTIAS DE DIREITO DO ESTATUTO DA JUVENTUDE.,500000.0
ALEPI-25,2026,202630950413,Aprovada,Transferências com finalidade definida,COORDENADORIA DA JUVENTUDE DO ESTADO DO PIAUÍ - COJUV,PIRIPIRI,PROMOVER A REALIZAÇÃO DE ATIVIDADES DE INCLUSÃO DO JOVEM URBANO E RURAL NAS DIVERSAS POLÍTICAS PÚBLICAS E NAS GARANTIAS DE DIREITO DO ESTATUTO DA JUVENTUDE.,180000.0
ALEPI-25,2026,202630950414,Aprovada,Transferências com finalidade definida,COORDENADORIA DA JUVENTUDE DO ESTADO DO PIAUÍ - COJUV,PIRIPIRI,PROMOVER A REALIZAÇÃO DE ATIVIDADES DE INCLUSÃO DO JOVEM URBANO E RURAL NAS DIVERSAS POLÍTICAS PÚBLICAS E NAS GARANTIAS DE DIREITO DO ESTATUTO DA JUVENTUDE.,300000.0
ALEPI-25,2026,202630950427,Aprovada,Transferências com finalidade definida,COORDENADORIA DA JUVENTUDE DO ESTADO DO PIAUÍ - COJUV,Teresina – PI - Bairro Parque Wall Ferraz,PROMOVER AÇÕES QUE POSSIBILITEM O JOVEM AO MERCADO DE TRABALHO E A GERAÇÃO DE RENDA.,100000.0
ALEPI-25,2026,202630950568,Cancelada,Transferências com finalidade definida,SECRETARIA DE ESTADO DA INFRAESTRUTURA - SEINFRA,MUNICÍPIOS DO TERRITÓRIO DESENVOLVIMENTO 04,"GARANTIR A MOBILIDADE POR MEIO DA IMPLANTAÇÃO DE PAVIMENTAÇÃO, MANUTENÇÃO E RECUPERAÇÃO DE ESTRADAS VICINAIS E RODOVIAS NO ESTADO DO PIAUÍ.",1000000.0
ALEPI-25,2026,202630950584,Aprovada,Transferências com finalidade definida,COORDENADORIA DA JUVENTUDE DO ESTADO DO PIAUÍ - COJUV,Corrente - PI,PROMOVER A REALIZAÇÃO DE ATIVIDADES DE INCLUSÃO DO JOVEM URBANO E RURAL NAS DIVERSAS POLÍTICAS PÚBLICAS E NAS GARANTIAS DE DIREITO DO ESTATUTO DA JUVENTUDE.,150000.0
ALEPI-25,2026,202630950753,Cancelada,Transferências com finalidade definida,SECRETARIA DE ESTADO DA SAÚDE DO PIAUÍ - SESAPI,"Piripiri, Capitão de Campos, Milton Brandão, Cocal dos Alves, Cajueiro da Praia, José de Freitas, Miguel Alves, União, Santa Cruz dos Milagres, São Miguel do Tapuio, Coivaras, Morro do Chapéu, Capitão Gervasio, Júlio Borges, Cristino Castro, Bom Jesus, Alvorada do Gurgueia, Rio Grande do Piauí, Boa Hora, Caraúbas",FORTALECER AS AÇÕES DA SESAPI COM FOCO NAS POPULAÇÕES VULNERABILIZADAS.,1500000.0
ALEPI-25,2026,202630950849,Aprovada,Transferências com finalidade definida,COORDENADORIA DA JUVENTUDE DO ESTADO DO PIAUÍ - COJUV,Floriano,PROMOVER A REALIZAÇÃO DE ATIVIDADES DE INCLUSÃO DO JOVEM URBANO E RURAL NAS DIVERSAS POLÍTICAS PÚBLICAS E NAS GARANTIAS DE DIREITO DO ESTATUTO DA JUVENTUDE.,200000.0
ALEPI-25,2026,202630950854,Aprovada,Fundo a Fundo (Município),FUNDO ESTADUAL DE SAÚDE - FUNSAUDE,Floriano,MELHORAR A QUALIDADE EM SAÚDE DO ESTADO DO PIAUÍ EM TODAS AS REGIÕES DE SAÚDE.,500000.0
ALEPI-25,2026,202630950861,Aprovada,Fundo a Fundo (Município),FUNDO ESTADUAL DE SAÚDE - FUNSAUDE,Prata,MELHORAR A QUALIDADE EM SAÚDE DO ESTADO DO PIAUÍ EM TODAS AS REGIÕES DE SAÚDE.,100000.0
ALEPI-25,2026,202630951045,Aprovada,Fundo a Fundo (Município),FUNDO ESTADUAL DE SAÚDE - FUNSAUDE,"São Raimundo Nonato, PI",MELHORAR A QUALIDADE EM SAÚDE DO ESTADO DO PIAUÍ EM TODAS AS REGIÕES DE SAÚDE.,2000000.0
ALEPI-25,2026,202630951046,Aprovada,Fundo a Fundo (Município),FUNDO ESTADUAL DE SAÚDE - FUNSAUDE,Campo Maior,MELHORAR A QUALIDADE EM SAÚDE DO ESTADO DO PIAUÍ EM TODAS AS REGIÕES DE SAÚDE.,2000000.0
ALEPI-25,2026,202630951047,Aprovada,Fundo a Fundo (Município),FUNDO ESTADUAL DE SAÚDE - FUNSAUDE,"São José do Divino, PI",MELHORAR A QUALIDADE EM SAÚDE DO ESTADO DO PIAUÍ EM TODAS AS REGIÕES DE SAÚDE.,150000.0
ALEPI-25,2026,202630951048,Aprovada,Fundo a Fundo (Município),FUNDO ESTADUAL DE SAÚDE - FUNSAUDE,Beneditinos,MELHORAR A QUALIDADE EM SAÚDE DO ESTADO DO PIAUÍ EM TODAS AS REGIÕES DE SAÚDE.,100000.0
ALEPI-25,2026,202630951049,Aprovada,Fundo a Fundo (Município),FUNDO ESTADUAL DE SAÚDE - FUNSAUDE,"São Miguel da Baixa Grande, PI",MELHORAR A QUALIDADE EM SAÚDE DO ESTADO DO PIAUÍ EM TODAS AS REGIÕES DE SAÚDE.,150000.0
ALEPI-25,2026,202630951111,Aprovada,Transferências com finalidade definida,SECRETARIA DE ESTADO DA INFRAESTRUTURA - SEINFRA,MUNICÍPIOS DO TERRITÓRIO DESENVOLVIMENTO 08,"GARANTIR A MOBILIDADE POR MEIO DA IMPLANTAÇÃO DE PAVIMENTAÇÃO, MANUTENÇÃO E RECUPERAÇÃO DE ESTRADAS VICINAIS E RODOVIAS NO ESTADO DO PIAUÍ.",1000000.0
ALEPI-20,2026,202630960396,Cancelada,Transferências com finalidade definida,COORDENADORIA  ESTADUAL DE ENFRENTAMENTO ÀS DROGAS E FOMENTO AO LAZER - CENDFOL,GUADALUPE ,"INCENTIVAR A PRODUÇÃO E DIFUSÃO DE BENS, SERVIÇOS E CONTEÚDOS CULTURAIS, BEM COMO A REALIZAÇÃO DAS ATIVIDADES DO CALENDÁRIO CULTURAL DO ESTADO.",300000.0
ALEPI-20,2026,202630960434,Cancelada,Transferências com finalidade definida,COORDENADORIA DA JUVENTUDE DO ESTADO DO PIAUÍ - COJUV,ALTOS,"INCENTIVAR A PRODUÇÃO E DIFUSÃO DE BENS, SERVIÇOS E CONTEÚDOS CULTURAIS, BEM COMO A REALIZAÇÃO DAS ATIVIDADES DO CALENDÁRIO CULTURAL DO ESTADO.",150000.0
ALEPI-20,2026,202630960437,Aprovada,Transferências com finalidade definida,COORDENADORIA DA JUVENTUDE DO ESTADO DO PIAUÍ - COJUV,ALTOS,PROMOVER A REALIZAÇÃO DE ATIVIDADES DE INCLUSÃO DO JOVEM URBANO E RURAL NAS DIVERSAS POLÍTICAS PÚBLICAS E NAS GARANTIAS DE DIREITO DO ESTATUTO DA JUVENTUDE.,150000.0
ALEPI-20,2026,202630960443,Aprovada,Transferências com finalidade definida,SECRETARIA DE ESTADO DA CULTURA DO PIAUÍ - SECULT,JATOBÁ DO PIAUÍ,"INCENTIVAR A PRODUÇÃO E DIFUSÃO DE BENS, SERVIÇOS E CONTEÚDOS CULTURAIS, BEM COMO A REALIZAÇÃO DAS ATIVIDADES DO CALENDÁRIO CULTURAL DO ESTADO.",53000.0
ALEPI-20,2026,202630960464,Aprovada,Transferências com finalidade definida,SECRETARIA DE ESTADO DA CULTURA DO PIAUÍ - SECULT,TERESINA,"INCENTIVAR A PRODUÇÃO E DIFUSÃO DE BENS, SERVIÇOS E CONTEÚDOS CULTURAIS, BEM COMO A REALIZAÇÃO DAS ATIVIDADES DO CALENDÁRIO CULTURAL DO ESTADO.",50000.0
ALEPI-20,2026,202630960465,Cancelada,Transferências com finalidade definida,COORDENADORIA DA JUVENTUDE DO ESTADO DO PIAUÍ - COJUV,CAMPO MAIOR,PROMOVER A REALIZAÇÃO DE ATIVIDADES DE INCLUSÃO DO JOVEM URBANO E RURAL NAS DIVERSAS POLÍTICAS PÚBLICAS E NAS GARANTIAS DE DIREITO DO ESTATUTO DA JUVENTUDE.,50000.0
ALEPI-20,2026,202630960466,Cancelada,Transferências com finalidade definida,COORDENADORIA  ESTADUAL DE ENFRENTAMENTO ÀS DROGAS E FOMENTO AO LAZER - CENDFOL,PIRIPIRI E COCAL DA ESTAÇÃO,"PROMOVER O ACESSO AO LAZER, A INTEGRAÇAO SOCIAL E A DIVERSIDADE CULTURAL NOS TERRITÓRIOS DE DESENVOLVIMENTO DO ESTADO.",1000000.0
ALEPI-20,2026,202630960467,Aprovada,Transferências com finalidade definida,COORDENADORIA  ESTADUAL DE ENFRENTAMENTO ÀS DROGAS E FOMENTO AO LAZER - CENDFOL,TERESINA,"PROMOVER O ACESSO AO LAZER, A INTEGRAÇAO SOCIAL E A DIVERSIDADE CULTURAL NOS TERRITÓRIOS DE DESENVOLVIMENTO DO ESTADO.",1000000.0
ALEPI-20,2026,202630960479,Aprovada,Transferências com finalidade definida,SECRETARIA DE ESTADO DA CULTURA DO PIAUÍ - SECULT,Teresina,VISANDO O ACESSO À CULTURA DAS COMUNIDADES ASSISTIDAS POR ESSAS ENTIDADES OBEDECENDO A POLÍTICA NACIONAL DE CULTURA VIVA.,300000.0
ALEPI-20,2026,202630960480,Cancelada,Transferências com finalidade definida,COORDENADORIA DA JUVENTUDE DO ESTADO DO PIAUÍ - COJUV,TERESINA,PROMOVER A REALIZAÇÃO DE ATIVIDADES DE INCLUSÃO DO JOVEM URBANO E RURAL NAS DIVERSAS POLÍTICAS PÚBLICAS E NAS GARANTIAS DE DIREITO DO ESTATUTO DA JUVENTUDE.,300000.0
ALEPI-20,2026,202630960513,Cancelada,Transferências com finalidade definida,SECRETARIA DA IRRIGAÇÃO E INFRAESTRUTURA HÍDRICA - SEFIR,DOM INOCÊNCIO,"FORTALECER E AMPLIAR AS CONDIÇÕES DA POPULAÇÃO NO ENFRENTAMENTO À SECA, MELHORANDO ASSIM A QUALIDADE DE VIDA POR MEIO DO ABASTECIMENTO. ",1100000.0
ALEPI-20,2026,202630960529,Aprovada,Transferências com finalidade definida,SECRETARIA DE ESTADO DA CULTURA DO PIAUÍ - SECULT,TERESINA,"INCENTIVAR A PRODUÇÃO E DIFUSÃO DE BENS, SERVIÇOS E CONTEÚDOS CULTURAIS, BEM COMO A REALIZAÇÃO DAS ATIVIDADES DO CALENDÁRIO CULTURAL DO ESTADO.",150000.0
ALEPI-20,2026,202630960530,Aprovada,Transferências com finalidade definida,SECRETARIA DE ESTADO DA CULTURA DO PIAUÍ - SECULT,Teresina,"INCENTIVAR A PRODUÇÃO E DIFUSÃO DE BENS, SERVIÇOS E CONTEÚDOS CULTURAIS, BEM COMO A REALIZAÇÃO DAS ATIVIDADES DO CALENDÁRIO CULTURAL DO ESTADO.",150000.0
ALEPI-20,2026,202630960531,Aprovada,Transferências com finalidade definida,SECRETARIA DE ESTADO DA CULTURA DO PIAUÍ - SECULT,SANTA CRUZ DOS MILAGRES,"INCENTIVAR A PRODUÇÃO E DIFUSÃO DE BENS, SERVIÇOS E CONTEÚDOS CULTURAIS, BEM COMO A REALIZAÇÃO DAS ATIVIDADES DO CALENDÁRIO CULTURAL DO ESTADO.",150000.0
ALEPI-20,2026,202630960532,Aprovada,Transferências com finalidade definida,SECRETARIA DE ESTADO DA CULTURA DO PIAUÍ - SECULT,José de Freitas,"INCENTIVAR A PRODUÇÃO E DIFUSÃO DE BENS, SERVIÇOS E CONTEÚDOS CULTURAIS, BEM COMO A REALIZAÇÃO DAS ATIVIDADES DO CALENDÁRIO CULTURAL DO ESTADO.",150000.0
ALEPI-20,2026,202630960533,Aprovada,Transferências com finalidade definida,SECRETARIA DE ESTADO DA CULTURA DO PIAUÍ - SECULT,Elesbão Veloso,"INCENTIVAR A PRODUÇÃO E DIFUSÃO DE BENS, SERVIÇOS E CONTEÚDOS CULTURAIS, BEM COMO A REALIZAÇÃO DAS ATIVIDADES DO CALENDÁRIO CULTURAL DO ESTADO.",150000.0
ALEPI-20,2026,202630960534,Cancelada,Transferências com finalidade definida,SECRETARIA DE ESTADO DA CULTURA DO PIAUÍ - SECULT,José de Freitas,"INCENTIVAR A PRODUÇÃO E DIFUSÃO DE BENS, SERVIÇOS E CONTEÚDOS CULTURAIS, BEM COMO A REALIZAÇÃO DAS ATIVIDADES DO CALENDÁRIO CULTURAL DO ESTADO.",150000.0
ALEPI-20,2026,202630960561,Cancelada,Transferências com finalidade definida,SECRETARIA DE ESTADO DA CULTURA DO PIAUÍ - SECULT,Piracuruca,"INCENTIVAR A PRODUÇÃO E DIFUSÃO DE BENS, SERVIÇOS E CONTEÚDOS CULTURAIS, BEM COMO A REALIZAÇÃO DAS ATIVIDADES DO CALENDÁRIO CULTURAL DO ESTADO.",150000.0
ALEPI-20,2026,202630960605,Aprovada,Transferências com finalidade definida,SECRETARIA DA IRRIGAÇÃO E INFRAESTRUTURA HÍDRICA - SEFIR,SÃO LOURENÇO DO PIAUÍ,"FORTALECER E AMPLIAR AS CONDIÇÕES DA POPULAÇÃO NO ENFRENTAMENTO À SECA, MELHORANDO ASSIM A QUALIDADE DE VIDA POR MEIO DO ABASTECIMENTO. ",1800000.0
ALEPI-20,2026,202630960616,Aprovada,Transferências com finalidade definida,SECRETARIA DE ESTADO DA CULTURA DO PIAUÍ - SECULT,COIVARAS,"INCENTIVAR A PRODUÇÃO E DIFUSÃO DE BENS, SERVIÇOS E CONTEÚDOS CULTURAIS, BEM COMO A REALIZAÇÃO DAS ATIVIDADES DO CALENDÁRIO CULTURAL DO ESTADO.",150000.0
ALEPI-20,2026,202630960664,Cancelada,Transferências com finalidade definida,SECRETARIA DE ESTADO DA CULTURA DO PIAUÍ - SECULT,ANISIO DE ABREU ,"INCENTIVAR A PRODUÇÃO E DIFUSÃO DE BENS, SERVIÇOS E CONTEÚDOS CULTURAIS, BEM COMO A REALIZAÇÃO DAS ATIVIDADES DO CALENDÁRIO CULTURAL DO ESTADO.",220000.0
ALEPI-20,2026,202630960676,Cancelada,Transferências com finalidade definida,SECRETARIA DE ESTADO DA CULTURA DO PIAUÍ - SECULT,ANÍSIO DE ABREU,"GESTÃO DE PARCERIAS COM ENTES PÚBLICOS E PRIVADOS ATRAVÉS DE CONVÊNIOS, TERMOS DE COOPERAÇÃO, AJUSTES E OUTROS INSTRUMENTOS, TENDO COMO ESCOPO A PRESTAÇÃO DE SERVIÇOS E ATIVIDADES QUE VISAM A SEGURANÇA PÚBLICA E PACIFICAÇÃO SOCIAL.",200000.0
ALEPI-20,2026,202630960704,Aprovada,Transferências com finalidade definida,COORDENADORIA  ESTADUAL DE ENFRENTAMENTO ÀS DROGAS E FOMENTO AO LAZER - CENDFOL,MIGUEL LEÃO,"PROMOVER O ACESSO AO LAZER, A INTEGRAÇAO SOCIAL E A DIVERSIDADE CULTURAL NOS TERRITÓRIOS DE DESENVOLVIMENTO DO ESTADO.",285000.0
ALEPI-20,2026,202630960705,Aprovada,Transferências com finalidade definida,SECRETARIA DE ESTADO DA CULTURA DO PIAUÍ - SECULT,TERESINA,"INCENTIVAR A PRODUÇÃO E DIFUSÃO DE BENS, SERVIÇOS E CONTEÚDOS CULTURAIS, BEM COMO A REALIZAÇÃO DAS ATIVIDADES DO CALENDÁRIO CULTURAL DO ESTADO.",250000.0
ALEPI-20,2026,202630960706,Aprovada,Transferências com finalidade definida,SECRETARIA DE ESTADO DA CULTURA DO PIAUÍ - SECULT,Curralinhos,"INCENTIVAR A PRODUÇÃO E DIFUSÃO DE BENS, SERVIÇOS E CONTEÚDOS CULTURAIS, BEM COMO A REALIZAÇÃO DAS ATIVIDADES DO CALENDÁRIO CULTURAL DO ESTADO.",250000.0
ALEPI-20,2026,202630960707,Aprovada,Transferências com finalidade definida,SECRETARIA DE ESTADO DA CULTURA DO PIAUÍ - SECULT,CURRALINHOS,"INCENTIVAR A PRODUÇÃO E DIFUSÃO DE BENS, SERVIÇOS E CONTEÚDOS CULTURAIS, BEM COMO A REALIZAÇÃO DAS ATIVIDADES DO CALENDÁRIO CULTURAL DO ESTADO.",215000.0
ALEPI-20,2026,202630960720,Cancelada,Transferências com finalidade definida,SECRETARIA DE ESTADO DA CULTURA DO PIAUÍ - SECULT,ANÍSIO DE ABREU,"INCENTIVAR A PRODUÇÃO E DIFUSÃO DE BENS, SERVIÇOS E CONTEÚDOS CULTURAIS, BEM COMO A REALIZAÇÃO DAS ATIVIDADES DO CALENDÁRIO CULTURAL DO ESTADO.",200000.0
ALEPI-20,2026,202630960721,Aprovada,Transferências com finalidade definida,SECRETARIA DE ESTADO DA CULTURA DO PIAUÍ - SECULT,PAU D’ARCO DO PIAUÍ,"INCENTIVAR A PRODUÇÃO E DIFUSÃO DE BENS, SERVIÇOS E CONTEÚDOS CULTURAIS, BEM COMO A REALIZAÇÃO DAS ATIVIDADES DO CALENDÁRIO CULTURAL DO ESTADO.",100000.0
ALEPI-20,2026,202630960722,Aprovada,Transferências com finalidade definida,SECRETARIA DE ESTADO DA CULTURA DO PIAUÍ - SECULT,DIRCEU ARCOVERDE,"INCENTIVAR A PRODUÇÃO E DIFUSÃO DE BENS, SERVIÇOS E CONTEÚDOS CULTURAIS, BEM COMO A REALIZAÇÃO DAS ATIVIDADES DO CALENDÁRIO CULTURAL DO ESTADO.",100000.0
ALEPI-20,2026,202630960723,Cancelada,Transferências com finalidade definida,SECRETARIA DE ESTADO DA CULTURA DO PIAUÍ - SECULT,NOVA SANTA RITA,"INCENTIVAR A PRODUÇÃO E DIFUSÃO DE BENS, SERVIÇOS E CONTEÚDOS CULTURAIS, BEM COMO A REALIZAÇÃO DAS ATIVIDADES DO CALENDÁRIO CULTURAL DO ESTADO.",100000.0
ALEPI-20,2026,202630960742,Aprovada,Transferências com finalidade definida,FUNDO ESTADUAL DE SAÚDE - FUNSAUDE,Estado do Piauí,MELHORAR A QUALIDADE EM SAÚDE DO ESTADO DO PIAUÍ EM TODAS AS REGIÕES DE SAÚDE.,747000.0
ALEPI-20,2026,202630960776,Cancelada,Transferências com finalidade definida,SECRETARIA DE ESTADO DA CULTURA DO PIAUÍ - SECULT,Teresina,"INCENTIVAR A PRODUÇÃO E DIFUSÃO DE BENS, SERVIÇOS E CONTEÚDOS CULTURAIS, BEM COMO A REALIZAÇÃO DAS ATIVIDADES DO CALENDÁRIO CULTURAL DO ESTADO.",50000.0
ALEPI-20,2026,202630960792,Aprovada,Transferências com finalidade definida,SECRETARIA DE ESTADO DA CULTURA DO PIAUÍ - SECULT,CORRENTE,"INCENTIVAR A PRODUÇÃO E DIFUSÃO DE BENS, SERVIÇOS E CONTEÚDOS CULTURAIS, BEM COMO A REALIZAÇÃO DAS ATIVIDADES DO CALENDÁRIO CULTURAL DO ESTADO.",200000.0
ALEPI-20,2026,202630960840,Cancelada,Transferências com finalidade definida,SECRETARIA DE ESTADO DA CULTURA DO PIAUÍ - SECULT,ANÍSIO DE ABREU,"INCENTIVAR A PRODUÇÃO E DIFUSÃO DE BENS, SERVIÇOS E CONTEÚDOS CULTURAIS, BEM COMO A REALIZAÇÃO DAS ATIVIDADES DO CALENDÁRIO CULTURAL DO ESTADO.",150000.0
ALEPI-20,2026,202630960878,Cancelada,Transferências com finalidade definida,SECRETARIA DE ESTADO DA CULTURA DO PIAUÍ - SECULT,São Miguel do Tapuio,"INCENTIVAR A PRODUÇÃO E DIFUSÃO DE BENS, SERVIÇOS E CONTEÚDOS CULTURAIS, BEM COMO A REALIZAÇÃO DAS ATIVIDADES DO CALENDÁRIO CULTURAL DO ESTADO.",250000.0
ALEPI-20,2026,202630960879,Aprovada,Transferências com finalidade definida,SECRETARIA DE ESTADO DA CULTURA DO PIAUÍ - SECULT,Agricolândia,"INCENTIVAR A PRODUÇÃO E DIFUSÃO DE BENS, SERVIÇOS E CONTEÚDOS CULTURAIS, BEM COMO A REALIZAÇÃO DAS ATIVIDADES DO CALENDÁRIO CULTURAL DO ESTADO.",150000.0
ALEPI-20,2026,202630960880,Aprovada,Transferências com finalidade definida,SECRETARIA DE ESTADO DA CULTURA DO PIAUÍ - SECULT,Agricolândia,"INCENTIVAR A PRODUÇÃO E DIFUSÃO DE BENS, SERVIÇOS E CONTEÚDOS CULTURAIS, BEM COMO A REALIZAÇÃO DAS ATIVIDADES DO CALENDÁRIO CULTURAL DO ESTADO.",100000.0
ALEPI-20,2026,202630960881,Aprovada,Transferências com finalidade definida,SECRETARIA DE ESTADO DA CULTURA DO PIAUÍ - SECULT,Miguel Leão,"INCENTIVAR A PRODUÇÃO E DIFUSÃO DE BENS, SERVIÇOS E CONTEÚDOS CULTURAIS, BEM COMO A REALIZAÇÃO DAS ATIVIDADES DO CALENDÁRIO CULTURAL DO ESTADO.",200000.0
ALEPI-20,2026,202630960882,Aprovada,Transferências com finalidade definida,SECRETARIA DE ESTADO DA CULTURA DO PIAUÍ - SECULT,Miguel Leão ,"INCENTIVAR A PRODUÇÃO E DIFUSÃO DE BENS, SERVIÇOS E CONTEÚDOS CULTURAIS, BEM COMO A REALIZAÇÃO DAS ATIVIDADES DO CALENDÁRIO CULTURAL DO ESTADO.",50000.0
ALEPI-20,2026,202630960883,Cancelada,Transferências com finalidade definida,SECRETARIA DE ESTADO DA CULTURA DO PIAUÍ - SECULT,Campo Maior,"INCENTIVAR A PRODUÇÃO E DIFUSÃO DE BENS, SERVIÇOS E CONTEÚDOS CULTURAIS, BEM COMO A REALIZAÇÃO DAS ATIVIDADES DO CALENDÁRIO CULTURAL DO ESTADO.",200000.0
ALEPI-20,2026,202630960884,Cancelada,Transferências com finalidade definida,SECRETARIA DE ESTADO DA CULTURA DO PIAUÍ - SECULT,Campo Maior ,"INCENTIVAR A PRODUÇÃO E DIFUSÃO DE BENS, SERVIÇOS E CONTEÚDOS CULTURAIS, BEM COMO A REALIZAÇÃO DAS ATIVIDADES DO CALENDÁRIO CULTURAL DO ESTADO.",150000.0
ALEPI-20,2026,202630960889,Aprovada,Transferências com finalidade definida,SECRETARIA DE ESTADO DA CULTURA DO PIAUÍ - SECULT,Teresina,"INCENTIVAR A PRODUÇÃO E DIFUSÃO DE BENS, SERVIÇOS E CONTEÚDOS CULTURAIS, BEM COMO A REALIZAÇÃO DAS ATIVIDADES DO CALENDÁRIO CULTURAL DO ESTADO.",50000.0
ALEPI-20,2026,202630960893,Cancelada,Transferências com finalidade definida,SECRETARIA DE ESTADO DA CULTURA DO PIAUÍ - SECULT,Teresina,"INCENTIVAR A PRODUÇÃO E DIFUSÃO DE BENS, SERVIÇOS E CONTEÚDOS CULTURAIS, BEM COMO A REALIZAÇÃO DAS ATIVIDADES DO CALENDÁRIO CULTURAL DO ESTADO.",147000.0
ALEPI-20,2026,202630960910,Aprovada,Transferências com finalidade definida,SECRETARIA DE ESTADO DA CULTURA DO PIAUÍ - SECULT,AGRICOLÂNDIA,"INCENTIVAR A PRODUÇÃO E DIFUSÃO DE BENS, SERVIÇOS E CONTEÚDOS CULTURAIS, BEM COMO A REALIZAÇÃO DAS ATIVIDADES DO CALENDÁRIO CULTURAL DO ESTADO.",147000.0
ALEPI-20,2026,202630961035,Aprovada,Transferências com finalidade definida,SECRETARIA DE ESTADO DA CULTURA DO PIAUÍ - SECULT,São João da Serra,"INCENTIVAR A PRODUÇÃO E DIFUSÃO DE BENS, SERVIÇOS E CONTEÚDOS CULTURAIS, BEM COMO A REALIZAÇÃO DAS ATIVIDADES DO CALENDÁRIO CULTURAL DO ESTADO.",250000.0
ALEPI-20,2026,202630961086,Aprovada,Transferências com finalidade definida,SECRETARIA DE ESTADO DA CULTURA DO PIAUÍ - SECULT,Joaquim Pires,"INCENTIVAR A PRODUÇÃO E DIFUSÃO DE BENS, SERVIÇOS E CONTEÚDOS CULTURAIS, BEM COMO A REALIZAÇÃO DAS ATIVIDADES DO CALENDÁRIO CULTURAL DO ESTADO.",50000.0
ALEPI-20,2026,202630961161,Cancelada,Transferências com finalidade definida,SECRETARIA DE ESTADO DA CULTURA DO PIAUÍ - SECULT,José de Freitas,"INCENTIVAR A PRODUÇÃO E DIFUSÃO DE BENS, SERVIÇOS E CONTEÚDOS CULTURAIS, BEM COMO A REALIZAÇÃO DAS ATIVIDADES DO CALENDÁRIO CULTURAL DO ESTADO.",150000.0
ALEPI-20,2026,202630961223,Cancelada,Transferências com finalidade definida,SECRETARIA DE ESTADO DA CULTURA DO PIAUÍ - SECULT,Redenção do Gurgueia,"INCENTIVAR A PRODUÇÃO E DIFUSÃO DE BENS, SERVIÇOS E CONTEÚDOS CULTURAIS, BEM COMO A REALIZAÇÃO DAS ATIVIDADES DO CALENDÁRIO CULTURAL DO ESTADO.",150000.0
ALEPI-20,2026,202630961234,Aprovada,Transferências com finalidade definida,SECRETARIA DE ESTADO DA CULTURA DO PIAUÍ - SECULT,São Miguel Tapuio ,"INCENTIVAR A PRODUÇÃO E DIFUSÃO DE BENS, SERVIÇOS E CONTEÚDOS CULTURAIS, BEM COMO A REALIZAÇÃO DAS ATIVIDADES DO CALENDÁRIO CULTURAL DO ESTADO.",150000.0
ALEPI-313,2026,202630970410,Cancelada,Transferências com finalidade definida,SECRETARIA DE ESTADO DO TURISMO DO PIAUI - SETUR,FLORES DO PIAUÍ,"AÇÃO QUE ENVOLVE A EXECUÇÃO DAS SEGUINTES ATIVIDADES:ACOMPANHAMENTO TÉCNICO AOS MUNICÍPIOS, PROMOÇÃO E DIVULGAÇÃO, REALIZAÇÃO DE PESQUISAS, PARTICIPAÇÃO DE FEIRAS E EVENTOS, APOIO À REALIZAÇÃO DE EVENTOS, INVENTARIO DA OFERTA TURÍSTICA, ELABORAÇÃO E EXECUÇÃO DO PLANO DE MARKETING.",90000.0
ALEPI-313,2026,202630970411,Aprovada,Transferências com finalidade definida,SECRETARIA DE ESTADO DO TURISMO DO PIAUI - SETUR,SÃO BRAZ DO PIAUÍ,"AÇÃO QUE ENVOLVE A EXECUÇÃO DAS SEGUINTES ATIVIDADES:ACOMPANHAMENTO TÉCNICO AOS MUNICÍPIOS, PROMOÇÃO E DIVULGAÇÃO, REALIZAÇÃO DE PESQUISAS, PARTICIPAÇÃO DE FEIRAS E EVENTOS, APOIO À REALIZAÇÃO DE EVENTOS, INVENTARIO DA OFERTA TURÍSTICA, ELABORAÇÃO E EXECUÇÃO DO PLANO DE MARKETING.",85000.0
ALEPI-313,2026,202630970543,Cancelada,Transferências com finalidade definida,SECRETARIA DE ESTADO DO TURISMO DO PIAUI - SETUR,Teresina,"AÇÃO QUE ENVOLVE A EXECUÇÃO DAS SEGUINTES ATIVIDADES:ACOMPANHAMENTO TÉCNICO AOS MUNICÍPIOS, PROMOÇÃO E DIVULGAÇÃO, REALIZAÇÃO DE PESQUISAS, PARTICIPAÇÃO DE FEIRAS E EVENTOS, APOIO À REALIZAÇÃO DE EVENTOS, INVENTARIO DA OFERTA TURÍSTICA, ELABORAÇÃO E EXECUÇÃO DO PLANO DE MARKETING.",300000.0
ALEPI-313,2026,202630970544,Aprovada,Transferências com finalidade definida,INSTITUTO DO DESENVOLVIMENTO DO PIAUI - IDEPI,Júlio Borges,SÃO OBRAS PARA PROPORCIONAR A MELHORIA DA QUALIDADE DE VIDA DA POPULAÇÃO.,295000.0
ALEPI-313,2026,202630970561,Aprovada,Transferências com finalidade definida,COORDENADORIA  ESTADUAL DE ENFRENTAMENTO ÀS DROGAS E FOMENTO AO LAZER - CENDFOL,Monsenhor Gil,"PROMOVER O ACESSO AO LAZER, A INTEGRAÇAO SOCIAL E A DIVERSIDADE CULTURAL NOS TERRITÓRIOS DE DESENVOLVIMENTO DO ESTADO.",300000.0
ALEPI-313,2026,202630970570,Aprovada,Transferências com finalidade definida,SECRETARIA DA IRRIGAÇÃO E INFRAESTRUTURA HÍDRICA - SEFIR,São Lourenço,"FORTALECER E AMPLIAR AS CONDIÇÕES DA POPULAÇÃO NO ENFRENTAMENTO À SECA, MELHORANDO ASSIM A QUALIDADE DE VIDA POR MEIO DO ABASTECIMENTO. ",150000.0
ALEPI-313,2026,202630970601,Cancelada,Transferências com finalidade definida,SECRETARIA DE ESTADO  DOS ESPORTES - SECEPI,Estado do Piauí,REALIZAÇÃO DE EVENTOS ESPORTIVOS E ESCOLARES NA MAIS DIVERSAS MODALIDADES.,500000.0
ALEPI-313,2026,202630970741,Aprovada,Transferências com finalidade definida,FUNDO ESTADUAL DE SAÚDE - FUNSAUDE,Estado do Piauí,MELHORAR A QUALIDADE EM SAÚDE DO ESTADO DO PIAUÍ EM TODAS AS REGIÕES DE SAÚDE.,890000.0
ALEPI-313,2026,202630970756,Aprovada,Transferências com finalidade definida,SECRETARIA DE ESTADO DO TURISMO DO PIAUI - SETUR,Canto do Buriti,"AÇÃO QUE ENVOLVE A EXECUÇÃO DAS SEGUINTES ATIVIDADES:ACOMPANHAMENTO TÉCNICO AOS MUNICÍPIOS, PROMOÇÃO E DIVULGAÇÃO, REALIZAÇÃO DE PESQUISAS, PARTICIPAÇÃO DE FEIRAS E EVENTOS, APOIO À REALIZAÇÃO DE EVENTOS, INVENTARIO DA OFERTA TURÍSTICA, ELABORAÇÃO E EXECUÇÃO DO PLANO DE MARKETING.",220000.0
ALEPI-313,2026,202630970766,Aprovada,Transferências com finalidade definida,SECRETARIA DE ESTADO DO TURISMO DO PIAUI - SETUR,TERESINA,"AÇÃO QUE ENVOLVE A EXECUÇÃO DAS SEGUINTES ATIVIDADES:ACOMPANHAMENTO TÉCNICO AOS MUNICÍPIOS, PROMOÇÃO E DIVULGAÇÃO, REALIZAÇÃO DE PESQUISAS, PARTICIPAÇÃO DE FEIRAS E EVENTOS, APOIO À REALIZAÇÃO DE EVENTOS, INVENTARIO DA OFERTA TURÍSTICA, ELABORAÇÃO E EXECUÇÃO DO PLANO DE MARKETING.",300000.0
ALEPI-313,2026,202630970771,Aprovada,Transferências com finalidade definida,SECRETARIA DE ESTADO DO TURISMO DO PIAUI - SETUR,NOVA SANTA RITA,"AÇÃO QUE ENVOLVE A EXECUÇÃO DAS SEGUINTES ATIVIDADES:ACOMPANHAMENTO TÉCNICO AOS MUNICÍPIOS, PROMOÇÃO E DIVULGAÇÃO, REALIZAÇÃO DE PESQUISAS, PARTICIPAÇÃO DE FEIRAS E EVENTOS, APOIO À REALIZAÇÃO DE EVENTOS, INVENTARIO DA OFERTA TURÍSTICA, ELABORAÇÃO E EXECUÇÃO DO PLANO DE MARKETING.",185000.0
ALEPI-313,2026,202630970772,Aprovada,Transferências com finalidade definida,SECRETARIA DE ESTADO DO TURISMO DO PIAUI - SETUR,NOVA SANTA RITA,"AÇÃO QUE ENVOLVE A EXECUÇÃO DAS SEGUINTES ATIVIDADES:ACOMPANHAMENTO TÉCNICO AOS MUNICÍPIOS, PROMOÇÃO E DIVULGAÇÃO, REALIZAÇÃO DE PESQUISAS, PARTICIPAÇÃO DE FEIRAS E EVENTOS, APOIO À REALIZAÇÃO DE EVENTOS, INVENTARIO DA OFERTA TURÍSTICA, ELABORAÇÃO E EXECUÇÃO DO PLANO DE MARKETING.",90000.0
ALEPI-313,2026,202630970775,Cancelada,Transferências com finalidade definida,SECRETARIA DE ESTADO DO TURISMO DO PIAUI - SETUR,Jurema,"AÇÃO QUE ENVOLVE A EXECUÇÃO DAS SEGUINTES ATIVIDADES:ACOMPANHAMENTO TÉCNICO AOS MUNICÍPIOS, PROMOÇÃO E DIVULGAÇÃO, REALIZAÇÃO DE PESQUISAS, PARTICIPAÇÃO DE FEIRAS E EVENTOS, APOIO À REALIZAÇÃO DE EVENTOS, INVENTARIO DA OFERTA TURÍSTICA, ELABORAÇÃO E EXECUÇÃO DO PLANO DE MARKETING.",400000.0
ALEPI-313,2026,202630970834,Aprovada,Transferências com finalidade definida,SECRETARIA DE ESTADO DO TURISMO DO PIAUI - SETUR,Jurema,"AÇÃO QUE ENVOLVE A EXECUÇÃO DAS SEGUINTES ATIVIDADES:ACOMPANHAMENTO TÉCNICO AOS MUNICÍPIOS, PROMOÇÃO E DIVULGAÇÃO, REALIZAÇÃO DE PESQUISAS, PARTICIPAÇÃO DE FEIRAS E EVENTOS, APOIO À REALIZAÇÃO DE EVENTOS, INVENTARIO DA OFERTA TURÍSTICA, ELABORAÇÃO E EXECUÇÃO DO PLANO DE MARKETING.",200000.0
ALEPI-313,2026,202630970848,Aprovada,Transferências com finalidade definida,SECRETARIA DE ESTADO  DOS ESPORTES - SECEPI,Teresina,REALIZAÇÃO DE EVENTOS ESPORTIVOS E ESCOLARES NA MAIS DIVERSAS MODALIDADES.,500000.0
ALEPI-313,2026,202630970850,Cancelada,Transferências com finalidade definida,COORDENADORIA DA JUVENTUDE DO ESTADO DO PIAUÍ - COJUV,PIRACURUCA,PROMOVER A REALIZAÇÃO DE ATIVIDADES DE INCLUSÃO DO JOVEM URBANO E RURAL NAS DIVERSAS POLÍTICAS PÚBLICAS E NAS GARANTIAS DE DIREITO DO ESTATUTO DA JUVENTUDE.,220000.0
ALEPI-313,2026,202630970862,Aprovada,Transferências com finalidade definida,SECRETARIA  DE ESTADO PARA INCLUSÃO DA PESSOA  COM DEFICIÊNCIA - SEID,TERESINA,"FORTALECER AS ENTIDADES QUE ATENDEM PESSOA OM DEFICIÊNCIA, CAPACITANDO GESTORES E MEMBROS E DOTANDO-AS COM EQUIPAMENTOS TECNOLÓGICOS E MOBILIÁRIOS NECESSÁRIOS PARA O DESENVOLVIMENTO DE SUAS AÇÕES.",100000.0
ALEPI-313,2026,202630970872,Cancelada,Transferências com finalidade definida,SECRETARIA DE ESTADO DO TURISMO DO PIAUI - SETUR,Regeneração,"AÇÃO QUE ENVOLVE A EXECUÇÃO DAS SEGUINTES ATIVIDADES:ACOMPANHAMENTO TÉCNICO AOS MUNICÍPIOS, PROMOÇÃO E DIVULGAÇÃO, REALIZAÇÃO DE PESQUISAS, PARTICIPAÇÃO DE FEIRAS E EVENTOS, APOIO À REALIZAÇÃO DE EVENTOS, INVENTARIO DA OFERTA TURÍSTICA, ELABORAÇÃO E EXECUÇÃO DO PLANO DE MARKETING.",90000.0
ALEPI-313,2026,202630970874,Aprovada,Transferências com finalidade definida,SECRETARIA DE ESTADO DO TURISMO DO PIAUI - SETUR,Campo Maior,"AÇÃO QUE ENVOLVE A EXECUÇÃO DAS SEGUINTES ATIVIDADES:ACOMPANHAMENTO TÉCNICO AOS MUNICÍPIOS, PROMOÇÃO E DIVULGAÇÃO, REALIZAÇÃO DE PESQUISAS, PARTICIPAÇÃO DE FEIRAS E EVENTOS, APOIO À REALIZAÇÃO DE EVENTOS, INVENTARIO DA OFERTA TURÍSTICA, ELABORAÇÃO E EXECUÇÃO DO PLANO DE MARKETING.",200000.0
ALEPI-313,2026,202630970877,Aprovada,Transferências com finalidade definida,COORDENADORIA DA JUVENTUDE DO ESTADO DO PIAUÍ - COJUV,Novo Santo Antônio,PROMOVER A REALIZAÇÃO DE ATIVIDADES DE INCLUSÃO DO JOVEM URBANO E RURAL NAS DIVERSAS POLÍTICAS PÚBLICAS E NAS GARANTIAS DE DIREITO DO ESTATUTO DA JUVENTUDE.,100000.0
ALEPI-313,2026,202630970878,Aprovada,Transferências com finalidade definida,SECRETARIA DE ESTADO DO TURISMO DO PIAUI - SETUR,Oeiras,"AÇÃO QUE ENVOLVE A EXECUÇÃO DAS SEGUINTES ATIVIDADES:ACOMPANHAMENTO TÉCNICO AOS MUNICÍPIOS, PROMOÇÃO E DIVULGAÇÃO, REALIZAÇÃO DE PESQUISAS, PARTICIPAÇÃO DE FEIRAS E EVENTOS, APOIO À REALIZAÇÃO DE EVENTOS, INVENTARIO DA OFERTA TURÍSTICA, ELABORAÇÃO E EXECUÇÃO DO PLANO DE MARKETING.",90000.0
ALEPI-313,2026,202630970898,Aprovada,Transferências especiais (Município),ENCARGOS GERAIS DO ESTADO,BATALHA,REGISTRO DAS EMENDAS PARLAMENTARES PREVISTAS NA EC 58/2021.,150000.0
ALEPI-313,2026,202630970908,Cancelada,Transferências com finalidade definida,SECRETARIA DE ESTADO DA CULTURA DO PIAUÍ - SECULT,Piracuruca,PROMOVER A REALIZAÇÃO DE ATIVIDADES DE INCLUSÃO DO JOVEM URBANO E RURAL NAS DIVERSAS POLÍTICAS PÚBLICAS E NAS GARANTIAS DE DIREITO DO ESTATUTO DA JUVENTUDE.,100000.0
ALEPI-313,2026,202630970912,Cancelada,Transferências com finalidade definida,SECRETARIA DE ESTADO DA CULTURA DO PIAUÍ - SECULT,PIRACURUCA,PROMOVER A REALIZAÇÃO DE ATIVIDADES DE INCLUSÃO DO JOVEM URBANO E RURAL NAS DIVERSAS POLÍTICAS PÚBLICAS E NAS GARANTIAS DE DIREITO DO ESTATUTO DA JUVENTUDE.,120000.0
ALEPI-313,2026,202630970924,Cancelada,Transferências com finalidade definida,SECRETARIA DE ESTADO DA CULTURA DO PIAUÍ - SECULT,PIRACURUCA,"INCENTIVAR A PRODUÇÃO E DIFUSÃO DE BENS, SERVIÇOS E CONTEÚDOS CULTURAIS, BEM COMO A REALIZAÇÃO DAS ATIVIDADES DO CALENDÁRIO CULTURAL DO ESTADO.",120000.0
ALEPI-313,2026,202630970925,Aprovada,Transferências com finalidade definida,SECRETARIA DE ESTADO DA CULTURA DO PIAUÍ - SECULT,PIRACURUCA,"INCENTIVAR A PRODUÇÃO E DIFUSÃO DE BENS, SERVIÇOS E CONTEÚDOS CULTURAIS, BEM COMO A REALIZAÇÃO DAS ATIVIDADES DO CALENDÁRIO CULTURAL DO ESTADO.",100000.0
ALEPI-313,2026,202630970927,Aprovada,Transferências especiais (Município),ENCARGOS GERAIS DO ESTADO,BAIXA GRANDE DO RIBEIRO,REGISTRO DAS EMENDAS PARLAMENTARES PREVISTAS NA EC 58/2021.,200000.0
ALEPI-313,2026,202630970938,Aprovada,Fundo a Fundo (Município),FUNDO ESTADUAL DE SAÚDE - FUNSAUDE,BATALHA,MELHORAR A QUALIDADE EM SAÚDE DO ESTADO DO PIAUÍ EM TODAS AS REGIÕES DE SAÚDE.,1000000.0
ALEPI-313,2026,202630970958,Aprovada,Transferências com finalidade definida,SECRETARIA DE ESTADO DA CULTURA DO PIAUÍ - SECULT,PAJÉÚ,"INCENTIVAR A PRODUÇÃO E DIFUSÃO DE BENS, SERVIÇOS E CONTEÚDOS CULTURAIS, BEM COMO A REALIZAÇÃO DAS ATIVIDADES DO CALENDÁRIO CULTURAL DO ESTADO.",250000.0
ALEPI-313,2026,202630970988,Aprovada,Transferências com finalidade definida,SECRETARIA DE ESTADO DA CULTURA DO PIAUÍ - SECULT,Pajeú,"INCENTIVAR A PRODUÇÃO E DIFUSÃO DE BENS, SERVIÇOS E CONTEÚDOS CULTURAIS, BEM COMO A REALIZAÇÃO DAS ATIVIDADES DO CALENDÁRIO CULTURAL DO ESTADO.",90000.0
ALEPI-313,2026,202630971020,Aprovada,Transferências especiais (Município),ENCARGOS GERAIS DO ESTADO,Vera Mendes,REGISTRO DAS EMENDAS PARLAMENTARES PREVISTAS NA EC 58/2021.,100000.0
ALEPI-313,2026,202630971029,Aprovada,Fundo a Fundo (Município),FUNDO ESTADUAL DE SAÚDE - FUNSAUDE,Picos,MELHORAR A QUALIDADE EM SAÚDE DO ESTADO DO PIAUÍ EM TODAS AS REGIÕES DE SAÚDE.,200000.0
ALEPI-313,2026,202630971037,Aprovada,Transferências com finalidade definida,SECRETARIA DE SANEAMENTO BÁSICO - SESB,TERESINA,AMPLIAR E IMPLEMENTAR MÓDULOS SANITÁRIOS NAS ZONAS URBANAS E RURAIS DO ESTADO.,94000.0
ALEPI-313,2026,202630971057,Aprovada,Transferências com finalidade definida,SECRETARIA DE ESTADO DA CULTURA DO PIAUÍ - SECULT,TERESINA,"INCENTIVAR A PRODUÇÃO E DIFUSÃO DE BENS, SERVIÇOS E CONTEÚDOS CULTURAIS, BEM COMO A REALIZAÇÃO DAS ATIVIDADES DO CALENDÁRIO CULTURAL DO ESTADO.",100000.0
ALEPI-313,2026,202630971114,Aprovada,Transferências com finalidade definida,SECRETARIA DE ESTADO DA CULTURA DO PIAUÍ - SECULT,PIRACURUCA,"INCENTIVAR A PRODUÇÃO E DIFUSÃO DE BENS, SERVIÇOS E CONTEÚDOS CULTURAIS, BEM COMO A REALIZAÇÃO DAS ATIVIDADES DO CALENDÁRIO CULTURAL DO ESTADO.",120000.0
ALEPI-313,2026,202630971135,Pendente de análise,Transferências com finalidade definida,SECRETARIA DE ESTADO DA SAÚDE DO PIAUÍ - SESAPI,Teresina,MELHORAR A QUALIDADE EM SAÚDE DO ESTADO DO PIAUÍ EM TODAS AS REGIÕES DE SAÚDE.,450000.0
ALEPI-313,2026,202630971136,Pendente de análise,Transferências com finalidade definida,SECRETARIA DE ESTADO DA SAÚDE DO PIAUÍ - SESAPI,Teresina,MELHORAR A QUALIDADE EM SAÚDE DO ESTADO DO PIAUÍ EM TODAS AS REGIÕES DE SAÚDE.,450000.0
ALEPI-313,2026,202630971137,Aprovada,Transferências com finalidade definida,FUNDO ESTADUAL DE SAÚDE - FUNSAUDE,Teresina,MELHORAR A QUALIDADE EM SAÚDE DO ESTADO DO PIAUÍ EM TODAS AS REGIÕES DE SAÚDE.,450000.0
ALEPI-313,2026,202630971156,Pendente de análise,Transferências com finalidade definida,COORDENADORIA DA JUVENTUDE DO ESTADO DO PIAUÍ - COJUV,Teresina,"AÇÃO QUE ENVOLVE A EXECUÇÃO DAS SEGUINTES ATIVIDADES:ACOMPANHAMENTO TÉCNICO AOS MUNICÍPIOS, PROMOÇÃO E DIVULGAÇÃO, REALIZAÇÃO DE PESQUISAS, PARTICIPAÇÃO DE FEIRAS E EVENTOS, APOIO À REALIZAÇÃO DE EVENTOS, INVENTARIO DA OFERTA TURÍSTICA, ELABORAÇÃO E EXECUÇÃO DO PLANO DE MARKETING.",100000.0
ALEPI-313,2026,202630971157,Aprovada,Transferências com finalidade definida,COORDENADORIA DA JUVENTUDE DO ESTADO DO PIAUÍ - COJUV,Teresina,PROMOVER A REALIZAÇÃO DE ATIVIDADES DE INCLUSÃO DO JOVEM URBANO E RURAL NAS DIVERSAS POLÍTICAS PÚBLICAS E NAS GARANTIAS DE DIREITO DO ESTATUTO DA JUVENTUDE.,100000.0
ALEPI-313,2026,202630971206,Aprovada,Transferências com finalidade definida,SECRETARIA DE ESTADO DA CULTURA DO PIAUÍ - SECULT,TERESINA,"INCENTIVAR A PRODUÇÃO E DIFUSÃO DE BENS, SERVIÇOS E CONTEÚDOS CULTURAIS, BEM COMO A REALIZAÇÃO DAS ATIVIDADES DO CALENDÁRIO CULTURAL DO ESTADO.",100000.0
ALEPI-313,2026,202630971266,Pendente de análise,Transferências com finalidade definida,SECRETARIA DE ESTADO DA SAÚDE DO PIAUÍ - SESAPI,Estado do Piauí,MELHORAR A QUALIDADE EM SAÚDE DO ESTADO DO PIAUÍ EM TODAS AS REGIÕES DE SAÚDE.,728000.0
ALEPI-18,2026,202630980481,Aprovada,Transferências com finalidade definida,SECRETARIA DE ESTADO DA CULTURA DO PIAUÍ - SECULT,MUNICIPIO DE SÃO MIGUEL DO TAPUIO,"INCENTIVAR A PRODUÇÃO E DIFUSÃO DE BENS, SERVIÇOS E CONTEÚDOS CULTURAIS, BEM COMO A REALIZAÇÃO DAS ATIVIDADES DO CALENDÁRIO CULTURAL DO ESTADO.",100000.0
ALEPI-18,2026,202630980482,Aprovada,Transferências com finalidade definida,SECRETARIA DE ESTADO DA CULTURA DO PIAUÍ - SECULT,AVAPI 2026 -TERESINA PIAUI,"INCENTIVAR A PRODUÇÃO E DIFUSÃO DE BENS, SERVIÇOS E CONTEÚDOS CULTURAIS, BEM COMO A REALIZAÇÃO DAS ATIVIDADES DO CALENDÁRIO CULTURAL DO ESTADO.",100000.0
ALEPI-18,2026,202630980495,Aprovada,Transferências com finalidade definida,SECRETARIA DE ESTADO DA CULTURA DO PIAUÍ - SECULT,MUNICIPIO HUGO NAPOLEÃO,"INCENTIVAR A PRODUÇÃO E DIFUSÃO DE BENS, SERVIÇOS E CONTEÚDOS CULTURAIS, BEM COMO A REALIZAÇÃO DAS ATIVIDADES DO CALENDÁRIO CULTURAL DO ESTADO.",100000.0
ALEPI-18,2026,202630980496,Aprovada,Transferências com finalidade definida,SECRETARIA DE ESTADO DA CULTURA DO PIAUÍ - SECULT,MUNICIPIO LAGOA ALEGRE -PI,"INCENTIVAR A PRODUÇÃO E DIFUSÃO DE BENS, SERVIÇOS E CONTEÚDOS CULTURAIS, BEM COMO A REALIZAÇÃO DAS ATIVIDADES DO CALENDÁRIO CULTURAL DO ESTADO.",250000.0
ALEPI-18,2026,202630980580,Aprovada,Transferências com finalidade definida,SECRETARIA DE ESTADO DA CULTURA DO PIAUÍ - SECULT,Elesbão Veloso -PI,"INCENTIVAR A PRODUÇÃO E DIFUSÃO DE BENS, SERVIÇOS E CONTEÚDOS CULTURAIS, BEM COMO A REALIZAÇÃO DAS ATIVIDADES DO CALENDÁRIO CULTURAL DO ESTADO.",100000.0
ALEPI-18,2026,202630980581,Aprovada,Transferências com finalidade definida,SECRETARIA DE ESTADO DA CULTURA DO PIAUÍ - SECULT,INHUMA– PI,"INCENTIVAR A PRODUÇÃO E DIFUSÃO DE BENS, SERVIÇOS E CONTEÚDOS CULTURAIS, BEM COMO A REALIZAÇÃO DAS ATIVIDADES DO CALENDÁRIO CULTURAL DO ESTADO.",100000.0
ALEPI-18,2026,202630980582,Aprovada,Transferências com finalidade definida,SECRETARIA DE ESTADO DA CULTURA DO PIAUÍ - SECULT,PATOS DO PIAUÍ – PI,"INCENTIVAR A PRODUÇÃO E DIFUSÃO DE BENS, SERVIÇOS E CONTEÚDOS CULTURAIS, BEM COMO A REALIZAÇÃO DAS ATIVIDADES DO CALENDÁRIO CULTURAL DO ESTADO.",100000.0
ALEPI-18,2026,202630980583,Aprovada,Transferências especiais (Município),ENCARGOS GERAIS DO ESTADO,MUNICPIO CARACOL PIAUI,REGISTRO DAS EMENDAS PARLAMENTARES PREVISTAS NA EC 58/2021.,260000.0
ALEPI-18,2026,202630980652,Aprovada,Transferências com finalidade definida,SECRETARIA DE ESTADO DA CULTURA DO PIAUÍ - SECULT,MUNICIPIO JARDIM DO MULATO PIAUÍ,"INCENTIVAR A PRODUÇÃO E DIFUSÃO DE BENS, SERVIÇOS E CONTEÚDOS CULTURAIS, BEM COMO A REALIZAÇÃO DAS ATIVIDADES DO CALENDÁRIO CULTURAL DO ESTADO.",150000.0
ALEPI-18,2026,202630980740,Aprovada,Transferências com finalidade definida,FUNDO ESTADUAL DE SAÚDE - FUNSAUDE,Estado do Piauí,MELHORAR A QUALIDADE EM SAÚDE DO ESTADO DO PIAUÍ EM TODAS AS REGIÕES DE SAÚDE.,1750000.0
ALEPI-18,2026,202630980767,Aprovada,Transferências especiais (Município),ENCARGOS GERAIS DO ESTADO,PREFEITURA MUNICIPAL DE OEIRAS,REGISTRO DAS EMENDAS PARLAMENTARES PREVISTAS NA EC 58/2021.,110000.0
ALEPI-18,2026,202630980768,Aprovada,Transferências com finalidade definida,SECRETARIA DE ESTADO DA CULTURA DO PIAUÍ - SECULT,Município São Francisco de Assis -PI,"INCENTIVAR A PRODUÇÃO E DIFUSÃO DE BENS, SERVIÇOS E CONTEÚDOS CULTURAIS, BEM COMO A REALIZAÇÃO DAS ATIVIDADES DO CALENDÁRIO CULTURAL DO ESTADO.",300000.0
ALEPI-18,2026,202630980785,Aprovada,Transferências especiais (Município),ENCARGOS GERAIS DO ESTADO,PREFEITURA MUNICIPAL DE PIMENTEIRAS,REGISTRO DAS EMENDAS PARLAMENTARES PREVISTAS NA EC 58/2021.,1500000.0
ALEPI-18,2026,202630980813,Aprovada,Transferências com finalidade definida,SECRETARIA DE ESTADO DA CULTURA DO PIAUÍ - SECULT,CAMPO ALEGRE DO FIDALGO– PI ,"INCENTIVAR A PRODUÇÃO E DIFUSÃO DE BENS, SERVIÇOS E CONTEÚDOS CULTURAIS, BEM COMO A REALIZAÇÃO DAS ATIVIDADES DO CALENDÁRIO CULTURAL DO ESTADO.",200000.0
ALEPI-18,2026,202630980814,Cancelada,Transferências com finalidade definida,COORDENADORIA DA JUVENTUDE DO ESTADO DO PIAUÍ - COJUV,ASSOCIAÇÃO SOLIDARIA PELA VIDA - ASPVIDA,PROMOVER AÇÕES QUE POSSIBILITEM O JOVEM AO MERCADO DE TRABALHO E A GERAÇÃO DE RENDA.,100000.0
ALEPI-18,2026,202630980845,Aprovada,Transferências com finalidade definida,SECRETARIA DE ESTADO DA CULTURA DO PIAUÍ - SECULT,CAJAZEIRAS DO PIAUÍ,"INCENTIVAR A PRODUÇÃO E DIFUSÃO DE BENS, SERVIÇOS E CONTEÚDOS CULTURAIS, BEM COMO A REALIZAÇÃO DAS ATIVIDADES DO CALENDÁRIO CULTURAL DO ESTADO.",100000.0
ALEPI-18,2026,202630980877,Aprovada,Transferências com finalidade definida,COORDENADORIA DA JUVENTUDE DO ESTADO DO PIAUÍ - COJUV,ASSOCIAÇÃO SOLIDARIA PELA VIDA - ASPVIDA,PROMOVER AÇÕES QUE POSSIBILITEM O JOVEM AO MERCADO DE TRABALHO E A GERAÇÃO DE RENDA.,100000.0
ALEPI-18,2026,202630980899,Cancelada,Transferências com finalidade definida,SECRETARIA DE ESTADO DA CULTURA DO PIAUÍ - SECULT,BELA VISTA	DO	PIAUÍ,"INCENTIVAR A PRODUÇÃO E DIFUSÃO DE BENS, SERVIÇOS E CONTEÚDOS CULTURAIS, BEM COMO A REALIZAÇÃO DAS ATIVIDADES DO CALENDÁRIO CULTURAL DO ESTADO.",100000.0
ALEPI-18,2026,202630980900,Cancelada,Transferências com finalidade definida,SECRETARIA DE ESTADO DA CULTURA DO PIAUÍ - SECULT,FLORESTA	DO	PIAUÍ,"INCENTIVAR A PRODUÇÃO E DIFUSÃO DE BENS, SERVIÇOS E CONTEÚDOS CULTURAIS, BEM COMO A REALIZAÇÃO DAS ATIVIDADES DO CALENDÁRIO CULTURAL DO ESTADO.",100000.0
ALEPI-18,2026,202630981010,Aprovada,Transferências com finalidade definida,SECRETARIA DE ESTADO DA CULTURA DO PIAUÍ - SECULT,BELA VISTA,"INCENTIVAR A PRODUÇÃO E DIFUSÃO DE BENS, SERVIÇOS E CONTEÚDOS CULTURAIS, BEM COMO A REALIZAÇÃO DAS ATIVIDADES DO CALENDÁRIO CULTURAL DO ESTADO.",100000.0
ALEPI-18,2026,202630981011,Cancelada,Transferências com finalidade definida,SECRETARIA DE ESTADO DA CULTURA DO PIAUÍ - SECULT,FLORESTA DO PIAUÍ,"INCENTIVAR A PRODUÇÃO E DIFUSÃO DE BENS, SERVIÇOS E CONTEÚDOS CULTURAIS, BEM COMO A REALIZAÇÃO DAS ATIVIDADES DO CALENDÁRIO CULTURAL DO ESTADO.",100000.0
ALEPI-18,2026,202630981058,Aprovada,Transferências com finalidade definida,SECRETARIA DE ESTADO DA CULTURA DO PIAUÍ - SECULT,São Miguel do Tapuio,"INCENTIVAR A PRODUÇÃO E DIFUSÃO DE BENS, SERVIÇOS E CONTEÚDOS CULTURAIS, BEM COMO A REALIZAÇÃO DAS ATIVIDADES DO CALENDÁRIO CULTURAL DO ESTADO.",100000.0
ALEPI-18,2026,202630981112,Aprovada,Transferências com finalidade definida,COORDENADORIA  ESTADUAL DE ENFRENTAMENTO ÀS DROGAS E FOMENTO AO LAZER - CENDFOL,Município de Caracol – PI.,"INCENTIVAR A PRODUÇÃO E DIFUSÃO DE BENS, SERVIÇOS E CONTEÚDOS CULTURAIS, BEM COMO A REALIZAÇÃO DAS ATIVIDADES DO CALENDÁRIO CULTURAL DO ESTADO.",350000.0
ALEPI-18,2026,202630981113,Aprovada,Transferências com finalidade definida,COORDENADORIA  ESTADUAL DE ENFRENTAMENTO ÀS DROGAS E FOMENTO AO LAZER - CENDFOL,Município de Cocal – PI,"INCENTIVAR A PRODUÇÃO E DIFUSÃO DE BENS, SERVIÇOS E CONTEÚDOS CULTURAIS, BEM COMO A REALIZAÇÃO DAS ATIVIDADES DO CALENDÁRIO CULTURAL DO ESTADO.",150000.0
ALEPI-18,2026,202630981115,Aprovada,Transferências com finalidade definida,COORDENADORIA  ESTADUAL DE ENFRENTAMENTO ÀS DROGAS E FOMENTO AO LAZER - CENDFOL,Município de Cristino Castro – PI.,"INCENTIVAR A PRODUÇÃO E DIFUSÃO DE BENS, SERVIÇOS E CONTEÚDOS CULTURAIS, BEM COMO A REALIZAÇÃO DAS ATIVIDADES DO CALENDÁRIO CULTURAL DO ESTADO.",350000.0
ALEPI-18,2026,202630981116,Aprovada,Transferências com finalidade definida,COORDENADORIA  ESTADUAL DE ENFRENTAMENTO ÀS DROGAS E FOMENTO AO LAZER - CENDFOL,Município de Oeiras – PI,"INCENTIVAR A PRODUÇÃO E DIFUSÃO DE BENS, SERVIÇOS E CONTEÚDOS CULTURAIS, BEM COMO A REALIZAÇÃO DAS ATIVIDADES DO CALENDÁRIO CULTURAL DO ESTADO.",350000.0
ALEPI-18,2026,202630981117,Aprovada,Transferências com finalidade definida,SECRETARIA DE ESTADO DAS CIDADES DO PIAUÍ - SECID,Fundação Terapêutica Monte Tabor Piripiri PI,"CONSTRUIR, REFORMAR E AMPLIAR OBRAS DE INFRAESTRUTURA NOS MUNICÍPIOS DO ESTADO.",130000.0
ALEPI-18,2026,202630981237,Aprovada,Transferências com finalidade definida,SECRETARIA DE ESTADO DA CULTURA DO PIAUÍ - SECULT,SANTA CRUZ DOS MILAGRES,"INCENTIVAR A PRODUÇÃO E DIFUSÃO DE BENS, SERVIÇOS E CONTEÚDOS CULTURAIS, BEM COMO A REALIZAÇÃO DAS ATIVIDADES DO CALENDÁRIO CULTURAL DO ESTADO.",100000.0
ALEPI-15,2026,202630990431,Aprovada,Transferências com finalidade definida,COORDENADORIA  ESTADUAL DE ENFRENTAMENTO ÀS DROGAS E FOMENTO AO LAZER - CENDFOL,Bom Jesus,"PROMOVER A SENSIBILIZAÇÃO E ORIENTAÇÃO DA SOCIEDADE EM RELAÇÃO A PREVENÇÃO DE USO DE DROGAS LÍCITAS E ILÍCITAS, BEM COMO RECONHECER COMPORTAMENTOS DE RISCOS.",120000.0
ALEPI-15,2026,202630990523,Cancelada,Transferências com finalidade definida,SECRETARIA DE ESTADO DOS TRANSPORTES - SETRANS,Redenção do Gurguéia ,"IMPLANTAR E RECUPERAR A INFRAESTRUTURA DE TRANSPORTES NAS VIAS URBANAS DOS MUNICÍPIOS, COMPREENDENDO PAVIMENTAÇÃO ASFÁLTICA E PARALELEPÍPEDO, CONSTRUÇÃO DE PONTES, BUEIROS, PASSAGEM MOLHADAS, ELEVADOS, VIADUTOS, OBRAS D´ARTES DO RODOANEL E ANÉIS VIÁRIOS.",900000.0
ALEPI-15,2026,202630990635,Aprovada,Transferências especiais (Município),ENCARGOS GERAIS DO ESTADO,Sebastião Leal,REGISTRO DAS EMENDAS PARLAMENTARES PREVISTAS NA EC 58/2021.,360000.0
ALEPI-15,2026,202630990636,Aprovada,Transferências especiais (Município),ENCARGOS GERAIS DO ESTADO,Sebastião Leal,REGISTRO DAS EMENDAS PARLAMENTARES PREVISTAS NA EC 58/2021.,240000.0
ALEPI-15,2026,202630990637,Aprovada,Transferências com finalidade definida,SECRETARIA  DE ASSISTÊNCIA TÉCNICA E DEFESA AGROPECUÁRIA - SADA,Novo Santo Antonio,"IMPLEMENTAR AÇÕES QUE PROMOVAM A MELHORIA DAS CONDIÇÕES DE VIDA POR MEIO DA VIABILIZAÇÃO DE INFRAESTRUTURA BÁSICA, MOBILIDADE RURAL, ACESSO À ÁGUA, ENERGIAS RENOVÁVEIS, ASSIM COMO AS ESTRUTURA DE BENEFICIAMENTO DOS PRODUTOS DA AGRICULTURA FAMILIAR. ",150000.0
ALEPI-15,2026,202630990708,Aprovada,Transferências especiais (Município),ENCARGOS GERAIS DO ESTADO,URUÇUÍ,REGISTRO DAS EMENDAS PARLAMENTARES PREVISTAS NA EC 58/2021.,360000.0
ALEPI-15,2026,202630990709,Aprovada,Transferências especiais (Município),ENCARGOS GERAIS DO ESTADO,URUÇUÍ-PI,REGISTRO DAS EMENDAS PARLAMENTARES PREVISTAS NA EC 58/2021.,240000.0
ALEPI-15,2026,202630990739,Atualizada,Transferências com finalidade definida,FUNDO ESTADUAL DE SAÚDE - FUNSAUDE,Estado do Piauí,MELHORAR A QUALIDADE EM SAÚDE DO ESTADO DO PIAUÍ EM TODAS AS REGIÕES DE SAÚDE.,500000.0
ALEPI-15,2026,202630990754,Aprovada,Transferências com finalidade definida,SECRETARIA DE ESTADO DOS TRANSPORTES - SETRANS,Redenção do Gurguéia,"IMPLANTAR E RECUPERAR A INFRAESTRUTURA DE TRANSPORTES NAS VIAS URBANAS DOS MUNICÍPIOS, COMPREENDENDO PAVIMENTAÇÃO ASFÁLTICA E PARALELEPÍPEDO, CONSTRUÇÃO DE PONTES, BUEIROS, PASSAGEM MOLHADAS, ELEVADOS, VIADUTOS, OBRAS D´ARTES DO RODOANEL E ANÉIS VIÁRIOS.",1300000.0
ALEPI-15,2026,202630990773,Aprovada,Transferências com finalidade definida,SECRETARIA DE INTEGRAÇÃO E DESENVOLVIMENTO REGIONAL - SIDERPI,Bonfim do Piauí ,DAR SUPORTE NO DESENVOLVIMENTO DE AÇÕES DE APOIO E INFRAESTRUTURA PARA MELHORIAS DOS MUNICÍPIOS.,500000.0
ALEPI-15,2026,202630990774,Aprovada,Transferências com finalidade definida,SECRETARIA DE ESTADO DA CULTURA DO PIAUÍ - SECULT,Teresina,"INCENTIVAR A PRODUÇÃO E DIFUSÃO DE BENS, SERVIÇOS E CONTEÚDOS CULTURAIS, BEM COMO A REALIZAÇÃO DAS ATIVIDADES DO CALENDÁRIO CULTURAL DO ESTADO.",200000.0
ALEPI-15,2026,202630990868,Aprovada,Transferências com finalidade definida,SECRETARIA DE ESTADO DA CULTURA DO PIAUÍ - SECULT,SÃO JOÃO DA SERRA,"INCENTIVAR A PRODUÇÃO E DIFUSÃO DE BENS, SERVIÇOS E CONTEÚDOS CULTURAIS, BEM COMO A REALIZAÇÃO DAS ATIVIDADES DO CALENDÁRIO CULTURAL DO ESTADO.",150000.0
ALEPI-15,2026,202630990869,Aprovada,Transferências com finalidade definida,SECRETARIA DE ESTADO DA CULTURA DO PIAUÍ - SECULT,NOVO ORIENTE- PI,"INCENTIVAR A PRODUÇÃO E DIFUSÃO DE BENS, SERVIÇOS E CONTEÚDOS CULTURAIS, BEM COMO A REALIZAÇÃO DAS ATIVIDADES DO CALENDÁRIO CULTURAL DO ESTADO.",100000.0
ALEPI-15,2026,202630990870,Aprovada,Transferências com finalidade definida,SECRETARIA DE ESTADO DA CULTURA DO PIAUÍ - SECULT,COCAL DE TELHA,"INCENTIVAR A PRODUÇÃO E DIFUSÃO DE BENS, SERVIÇOS E CONTEÚDOS CULTURAIS, BEM COMO A REALIZAÇÃO DAS ATIVIDADES DO CALENDÁRIO CULTURAL DO ESTADO.",100000.0
ALEPI-15,2026,202630990871,Aprovada,Transferências com finalidade definida,SECRETARIA DE ESTADO DA CULTURA DO PIAUÍ - SECULT,MANOEL EMIDIO,"INCENTIVAR A PRODUÇÃO E DIFUSÃO DE BENS, SERVIÇOS E CONTEÚDOS CULTURAIS, BEM COMO A REALIZAÇÃO DAS ATIVIDADES DO CALENDÁRIO CULTURAL DO ESTADO.",100000.0
ALEPI-15,2026,202630990904,Aprovada,Transferências com finalidade definida,SECRETARIA DE ESTADO DA CULTURA DO PIAUÍ - SECULT,IPIRANGA DO PIAUI,"INCENTIVAR A PRODUÇÃO E DIFUSÃO DE BENS, SERVIÇOS E CONTEÚDOS CULTURAIS, BEM COMO A REALIZAÇÃO DAS ATIVIDADES DO CALENDÁRIO CULTURAL DO ESTADO.",300000.0
ALEPI-15,2026,202630990906,Aprovada,Transferências com finalidade definida,SECRETARIA DE ESTADO DA CULTURA DO PIAUÍ - SECULT,PORTO ALEGRE DO PIAUÍ,"INCENTIVAR A PRODUÇÃO E DIFUSÃO DE BENS, SERVIÇOS E CONTEÚDOS CULTURAIS, BEM COMO A REALIZAÇÃO DAS ATIVIDADES DO CALENDÁRIO CULTURAL DO ESTADO.",250000.0
ALEPI-15,2026,202630990978,Cancelada,Transferências com finalidade definida,SECRETARIA DE ESTADO DA CULTURA DO PIAUÍ - SECULT,Parnaguá,"INCENTIVAR A PRODUÇÃO E DIFUSÃO DE BENS, SERVIÇOS E CONTEÚDOS CULTURAIS, BEM COMO A REALIZAÇÃO DAS ATIVIDADES DO CALENDÁRIO CULTURAL DO ESTADO.",250000.0
ALEPI-15,2026,202630991030,Pendente de análise,Fundo a Fundo (Município),FUNDO ESTADUAL DE SAÚDE - FUNSAUDE,PARNAGUÁ,MELHORAR A QUALIDADE EM SAÚDE DO ESTADO DO PIAUÍ EM TODAS AS REGIÕES DE SAÚDE.,300000.0
ALEPI-15,2026,202630991032,Aprovada,Fundo a Fundo (Município),FUNDO ESTADUAL DE SAÚDE - FUNSAUDE,PARNAGUÁ,MELHORAR A QUALIDADE EM SAÚDE DO ESTADO DO PIAUÍ EM TODAS AS REGIÕES DE SAÚDE.,300000.0
ALEPI-15,2026,202630991036,Aprovada,Fundo a Fundo (Município),FUNDO ESTADUAL DE SAÚDE - FUNSAUDE,São Pedro do Piauí,MELHORAR A QUALIDADE EM SAÚDE DO ESTADO DO PIAUÍ EM TODAS AS REGIÕES DE SAÚDE.,300000.0
ALEPI-15,2026,202630991057,Aprovada,Transferências com finalidade definida,SECRETARIA DE ESTADO DA CULTURA DO PIAUÍ - SECULT,TERESINA,"INCENTIVAR A PRODUÇÃO E DIFUSÃO DE BENS, SERVIÇOS E CONTEÚDOS CULTURAIS, BEM COMO A REALIZAÇÃO DAS ATIVIDADES DO CALENDÁRIO CULTURAL DO ESTADO.",400000.0
ALEPI-15,2026,202630991075,Aprovada,Transferências com finalidade definida,SECRETARIA DE ESTADO DA CULTURA DO PIAUÍ - SECULT,TERESINA-PI,"INCENTIVAR A PRODUÇÃO E DIFUSÃO DE BENS, SERVIÇOS E CONTEÚDOS CULTURAIS, BEM COMO A REALIZAÇÃO DAS ATIVIDADES DO CALENDÁRIO CULTURAL DO ESTADO.",250000.0
ALEPI-15,2026,202630991221,Aprovada,Transferências com finalidade definida,SECRETARIA DE ESTADO DA CULTURA DO PIAUÍ - SECULT,LANDRI SALES,"INCENTIVAR A PRODUÇÃO E DIFUSÃO DE BENS, SERVIÇOS E CONTEÚDOS CULTURAIS, BEM COMO A REALIZAÇÃO DAS ATIVIDADES DO CALENDÁRIO CULTURAL DO ESTADO.",250000.0
ALEPI-15,2026,202630991222,Aprovada,Transferências com finalidade definida,SECRETARIA DE ESTADO DA CULTURA DO PIAUÍ - SECULT,LANDRI SALES,"INCENTIVAR A PRODUÇÃO E DIFUSÃO DE BENS, SERVIÇOS E CONTEÚDOS CULTURAIS, BEM COMO A REALIZAÇÃO DAS ATIVIDADES DO CALENDÁRIO CULTURAL DO ESTADO.",250000.0
ALEPI-328,2026,202631000364,Cancelada,Transferências com finalidade definida,SECRETARIA DE ESTADO DA CULTURA DO PIAUÍ - SECULT,JOSÉ DE FREITAS,"INCENTIVAR A PRODUÇÃO E DIFUSÃO DE BENS, SERVIÇOS E CONTEÚDOS CULTURAIS, BEM COMO A REALIZAÇÃO DAS ATIVIDADES DO CALENDÁRIO CULTURAL DO ESTADO.",200000.0
ALEPI-328,2026,202631000365,Cancelada,Transferências com finalidade definida,SECRETARIA DE ESTADO DA CULTURA DO PIAUÍ - SECULT,HUGO NAPOLEÃO,"INCENTIVAR A PRODUÇÃO E DIFUSÃO DE BENS, SERVIÇOS E CONTEÚDOS CULTURAIS, BEM COMO A REALIZAÇÃO DAS ATIVIDADES DO CALENDÁRIO CULTURAL DO ESTADO.",75000.0
ALEPI-328,2026,202631000366,Aprovada,Transferências com finalidade definida,SECRETARIA DE ESTADO DA CULTURA DO PIAUÍ - SECULT,URUÇUÍ,"INCENTIVAR A PRODUÇÃO E DIFUSÃO DE BENS, SERVIÇOS E CONTEÚDOS CULTURAIS, BEM COMO A REALIZAÇÃO DAS ATIVIDADES DO CALENDÁRIO CULTURAL DO ESTADO.",250000.0
ALEPI-328,2026,202631000395,Aprovada,Transferências com finalidade definida,SECRETARIA DE ESTADO DA CULTURA DO PIAUÍ - SECULT,SÃO PEDRO DO PIAUÍ,"INCENTIVAR A PRODUÇÃO E DIFUSÃO DE BENS, SERVIÇOS E CONTEÚDOS CULTURAIS, BEM COMO A REALIZAÇÃO DAS ATIVIDADES DO CALENDÁRIO CULTURAL DO ESTADO.",250000.0
ALEPI-328,2026,202631000407,Cancelada,Transferências com finalidade definida,SECRETARIA DE ESTADO DA CULTURA DO PIAUÍ - SECULT,JOSÉ DE FREITAS,"INCENTIVAR A PRODUÇÃO E DIFUSÃO DE BENS, SERVIÇOS E CONTEÚDOS CULTURAIS, BEM COMO A REALIZAÇÃO DAS ATIVIDADES DO CALENDÁRIO CULTURAL DO ESTADO.",100000.0
ALEPI-328,2026,202631000408,Aprovada,Transferências com finalidade definida,SECRETARIA DE ESTADO DA CULTURA DO PIAUÍ - SECULT,JOSÉ DE FREITAS,"INCENTIVAR A PRODUÇÃO E DIFUSÃO DE BENS, SERVIÇOS E CONTEÚDOS CULTURAIS, BEM COMO A REALIZAÇÃO DAS ATIVIDADES DO CALENDÁRIO CULTURAL DO ESTADO.",100000.0
ALEPI-328,2026,202631000468,Aprovada,Transferências com finalidade definida,COORDENADORIA  ESTADUAL DE ENFRENTAMENTO ÀS DROGAS E FOMENTO AO LAZER - CENDFOL,SÃO JOÃO DA FRONTEIRA E PIRACURUCA,"PROMOVER O ACESSO AO LAZER, A INTEGRAÇAO SOCIAL E A DIVERSIDADE CULTURAL NOS TERRITÓRIOS DE DESENVOLVIMENTO DO ESTADO.",1500000.0
ALEPI-328,2026,202631000469,Cancelada,Transferências com finalidade definida,COORDENADORIA  ESTADUAL DE ENFRENTAMENTO ÀS DROGAS E FOMENTO AO LAZER - CENDFOL,PIRIPIRI E COCAL DA ESTAÇÃO,"PROMOVER O ACESSO AO LAZER, A INTEGRAÇAO SOCIAL E A DIVERSIDADE CULTURAL NOS TERRITÓRIOS DE DESENVOLVIMENTO DO ESTADO.",500000.0
ALEPI-328,2026,202631000473,Aprovada,Transferências com finalidade definida,SECRETARIA DE ESTADO DA CULTURA DO PIAUÍ - SECULT,AROAZES,"INCENTIVAR A PRODUÇÃO E DIFUSÃO DE BENS, SERVIÇOS E CONTEÚDOS CULTURAIS, BEM COMO A REALIZAÇÃO DAS ATIVIDADES DO CALENDÁRIO CULTURAL DO ESTADO.",100000.0
ALEPI-328,2026,202631000474,Aprovada,Transferências com finalidade definida,SECRETARIA DE ESTADO DA CULTURA DO PIAUÍ - SECULT,SUSSUAPARA,"INCENTIVAR A PRODUÇÃO E DIFUSÃO DE BENS, SERVIÇOS E CONTEÚDOS CULTURAIS, BEM COMO A REALIZAÇÃO DAS ATIVIDADES DO CALENDÁRIO CULTURAL DO ESTADO.",100000.0
ALEPI-328,2026,202631000623,Aprovada,Transferências com finalidade definida,SECRETARIA DE ESTADO DA CULTURA DO PIAUÍ - SECULT,PAU D'ARCO DO PIAUÍ,"INCENTIVAR A PRODUÇÃO E DIFUSÃO DE BENS, SERVIÇOS E CONTEÚDOS CULTURAIS, BEM COMO A REALIZAÇÃO DAS ATIVIDADES DO CALENDÁRIO CULTURAL DO ESTADO.",150000.0
ALEPI-328,2026,202631000624,Aprovada,Transferências com finalidade definida,SECRETARIA DE ESTADO DA CULTURA DO PIAUÍ - SECULT,PAU D'ARCO DO PIAUÍ,"INCENTIVAR A PRODUÇÃO E DIFUSÃO DE BENS, SERVIÇOS E CONTEÚDOS CULTURAIS, BEM COMO A REALIZAÇÃO DAS ATIVIDADES DO CALENDÁRIO CULTURAL DO ESTADO.",100000.0
ALEPI-328,2026,202631000672,Aprovada,Transferências com finalidade definida,COORDENADORIA  ESTADUAL DE ENFRENTAMENTO ÀS DROGAS E FOMENTO AO LAZER - CENDFOL,SANTO ANTÔNIO DOS MILAGRES,"PROMOVER O ACESSO AO LAZER, A INTEGRAÇAO SOCIAL E A DIVERSIDADE CULTURAL NOS TERRITÓRIOS DE DESENVOLVIMENTO DO ESTADO.",328967.0
ALEPI-328,2026,202631000702,Aprovada,Transferências com finalidade definida,SECRETARIA DE ESTADO DA CULTURA DO PIAUÍ - SECULT,VÁRZEA GRANDE,"INCENTIVAR A PRODUÇÃO E DIFUSÃO DE BENS, SERVIÇOS E CONTEÚDOS CULTURAIS, BEM COMO A REALIZAÇÃO DAS ATIVIDADES DO CALENDÁRIO CULTURAL DO ESTADO.",171033.0
ALEPI-328,2026,202631000757,Cancelada,Transferências com finalidade definida,FUNDO ESTADUAL DE SAÚDE - FUNSAUDE,PARNAIBA,MELHORAR A QUALIDADE EM SAÚDE DO ESTADO DO PIAUÍ EM TODAS AS REGIÕES DE SAÚDE.,261000.0
ALEPI-328,2026,202631000758,Cancelada,Transferências com finalidade definida,FUNDO ESTADUAL DE SAÚDE - FUNSAUDE,COCAL DA ESTAÇÃO,MELHORAR A QUALIDADE EM SAÚDE DO ESTADO DO PIAUÍ EM TODAS AS REGIÕES DE SAÚDE.,261000.0
ALEPI-328,2026,202631000767,Cancelada,Transferências com finalidade definida,SECRETARIA DE ESTADO DA CULTURA DO PIAUÍ - SECULT,Teresina,"INCENTIVAR A PRODUÇÃO E DIFUSÃO DE BENS, SERVIÇOS E CONTEÚDOS CULTURAIS, BEM COMO A REALIZAÇÃO DAS ATIVIDADES DO CALENDÁRIO CULTURAL DO ESTADO.",100000.0
ALEPI-328,2026,202631000833,Aprovada,Transferências com finalidade definida,SECRETARIA DE ESTADO DA CULTURA DO PIAUÍ - SECULT,Teresina,"INCENTIVAR A PRODUÇÃO E DIFUSÃO DE BENS, SERVIÇOS E CONTEÚDOS CULTURAIS, BEM COMO A REALIZAÇÃO DAS ATIVIDADES DO CALENDÁRIO CULTURAL DO ESTADO.",85000.0
ALEPI-328,2026,202631000981,Cancelada,Transferências com finalidade definida,SECRETARIA DE ESTADO DA CULTURA DO PIAUÍ - SECULT,Teresina,"INCENTIVAR A PRODUÇÃO E DIFUSÃO DE BENS, SERVIÇOS E CONTEÚDOS CULTURAIS, BEM COMO A REALIZAÇÃO DAS ATIVIDADES DO CALENDÁRIO CULTURAL DO ESTADO.",50000.0
ALEPI-328,2026,202631001006,Aprovada,Transferências com finalidade definida,SECRETARIA DE ESTADO DA CULTURA DO PIAUÍ - SECULT,Teresina,"INCENTIVAR A PRODUÇÃO E DIFUSÃO DE BENS, SERVIÇOS E CONTEÚDOS CULTURAIS, BEM COMO A REALIZAÇÃO DAS ATIVIDADES DO CALENDÁRIO CULTURAL DO ESTADO.",100000.0
ALEPI-328,2026,202631001049,Aprovada,Transferências com finalidade definida,SECRETARIA DE ESTADO DA CULTURA DO PIAUÍ - SECULT,Francisco Santos,"INCENTIVAR A PRODUÇÃO E DIFUSÃO DE BENS, SERVIÇOS E CONTEÚDOS CULTURAIS, BEM COMO A REALIZAÇÃO DAS ATIVIDADES DO CALENDÁRIO CULTURAL DO ESTADO.",300000.0
ALEPI-328,2026,202631001050,Aprovada,Transferências com finalidade definida,SECRETARIA DE ESTADO DA CULTURA DO PIAUÍ - SECULT,Teresina ,"INCENTIVAR A PRODUÇÃO E DIFUSÃO DE BENS, SERVIÇOS E CONTEÚDOS CULTURAIS, BEM COMO A REALIZAÇÃO DAS ATIVIDADES DO CALENDÁRIO CULTURAL DO ESTADO.",150000.0
ALEPI-328,2026,202631001099,Cancelada,Transferências com finalidade definida,SECRETARIA DE ESTADO DA CULTURA DO PIAUÍ - SECULT,TERESINA,"INCENTIVAR A PRODUÇÃO E DIFUSÃO DE BENS, SERVIÇOS E CONTEÚDOS CULTURAIS, BEM COMO A REALIZAÇÃO DAS ATIVIDADES DO CALENDÁRIO CULTURAL DO ESTADO.",200000.0
ALEPI-328,2026,202631001106,Cancelada,Transferências com finalidade definida,SECRETARIA DE ESTADO DA CULTURA DO PIAUÍ - SECULT,Teresina,"INCENTIVAR A PRODUÇÃO E DIFUSÃO DE BENS, SERVIÇOS E CONTEÚDOS CULTURAIS, BEM COMO A REALIZAÇÃO DAS ATIVIDADES DO CALENDÁRIO CULTURAL DO ESTADO.",200000.0
ALEPI-328,2026,202631001112,Aprovada,Transferências com finalidade definida,SECRETARIA DA IRRIGAÇÃO E INFRAESTRUTURA HÍDRICA - SEFIR,Dirceu Arcoverde,"FORTALECER E AMPLIAR AS CONDIÇÕES DA POPULAÇÃO NO ENFRENTAMENTO À SECA, MELHORANDO ASSIM A QUALIDADE DE VIDA POR MEIO DO ABASTECIMENTO. ",2000000.0
ALEPI-328,2026,202631001175,Cancelada,Transferências com finalidade definida,SECRETARIA DE ESTADO DA CULTURA DO PIAUÍ - SECULT,José de Freitas ,"INCENTIVAR A PRODUÇÃO E DIFUSÃO DE BENS, SERVIÇOS E CONTEÚDOS CULTURAIS, BEM COMO A REALIZAÇÃO DAS ATIVIDADES DO CALENDÁRIO CULTURAL DO ESTADO.",150000.0
ALEPI-328,2026,202631001182,Cancelada,Transferências com finalidade definida,SECRETARIA DE ESTADO DA CULTURA DO PIAUÍ - SECULT,Teresina,"INCENTIVAR A PRODUÇÃO E DIFUSÃO DE BENS, SERVIÇOS E CONTEÚDOS CULTURAIS, BEM COMO A REALIZAÇÃO DAS ATIVIDADES DO CALENDÁRIO CULTURAL DO ESTADO.",150000.0
ALEPI-328,2026,202631001183,Cancelada,Transferências com finalidade definida,SECRETARIA DE ESTADO DA CULTURA DO PIAUÍ - SECULT,Teresina,"INCENTIVAR A PRODUÇÃO E DIFUSÃO DE BENS, SERVIÇOS E CONTEÚDOS CULTURAIS, BEM COMO A REALIZAÇÃO DAS ATIVIDADES DO CALENDÁRIO CULTURAL DO ESTADO.",200000.0
ALEPI-328,2026,202631001218,Aprovada,Transferências com finalidade definida,SECRETARIA DE ESTADO DA CULTURA DO PIAUÍ - SECULT,SANTO ANTÔNIO DOS MILAGRES - PI,"INCENTIVAR A PRODUÇÃO E DIFUSÃO DE BENS, SERVIÇOS E CONTEÚDOS CULTURAIS, BEM COMO A REALIZAÇÃO DAS ATIVIDADES DO CALENDÁRIO CULTURAL DO ESTADO.",100000.0
ALEPI-328,2026,202631001219,Aprovada,Transferências com finalidade definida,SECRETARIA DE ESTADO DA CULTURA DO PIAUÍ - SECULT,SANTO ANTÔNIO DOS MILAGRES - PI,"INCENTIVAR A PRODUÇÃO E DIFUSÃO DE BENS, SERVIÇOS E CONTEÚDOS CULTURAIS, BEM COMO A REALIZAÇÃO DAS ATIVIDADES DO CALENDÁRIO CULTURAL DO ESTADO.",160000.0
ALEPI-328,2026,202631001232,Aprovada,Transferências com finalidade definida,SECRETARIA DE ESTADO DA CULTURA DO PIAUÍ - SECULT,CRISTINO CASTRO - PI,"INCENTIVAR A PRODUÇÃO E DIFUSÃO DE BENS, SERVIÇOS E CONTEÚDOS CULTURAIS, BEM COMO A REALIZAÇÃO DAS ATIVIDADES DO CALENDÁRIO CULTURAL DO ESTADO.",262000.0
ALEPI-32,2026,202631010369,Aprovada,Transferências com finalidade definida,SECRETARIA DE ESTADO DA CULTURA DO PIAUÍ - SECULT,SANTO INÁCIO DO PIAUÍ-PI,"INCENTIVAR A PRODUÇÃO E DIFUSÃO DE BENS, SERVIÇOS E CONTEÚDOS CULTURAIS, BEM COMO A REALIZAÇÃO DAS ATIVIDADES DO CALENDÁRIO CULTURAL DO ESTADO.",150000.0
ALEPI-32,2026,202631010370,Aprovada,Transferências com finalidade definida,SECRETARIA DE ESTADO DA CULTURA DO PIAUÍ - SECULT,SANTO INÁCIO DO PIAUÍ-PI,"INCENTIVAR A PRODUÇÃO E DIFUSÃO DE BENS, SERVIÇOS E CONTEÚDOS CULTURAIS, BEM COMO A REALIZAÇÃO DAS ATIVIDADES DO CALENDÁRIO CULTURAL DO ESTADO.",50000.0
ALEPI-32,2026,202631010371,Aprovada,Transferências com finalidade definida,SECRETARIA DE ESTADO DA CULTURA DO PIAUÍ - SECULT,SÃO JOSÉ DO PIAUÍ-PI,"INCENTIVAR A PRODUÇÃO E DIFUSÃO DE BENS, SERVIÇOS E CONTEÚDOS CULTURAIS, BEM COMO A REALIZAÇÃO DAS ATIVIDADES DO CALENDÁRIO CULTURAL DO ESTADO.",150000.0
ALEPI-32,2026,202631010372,Aprovada,Transferências com finalidade definida,SECRETARIA DE ESTADO DA CULTURA DO PIAUÍ - SECULT,SÃO JOSÉ DO PIAUÍ-PI,"INCENTIVAR A PRODUÇÃO E DIFUSÃO DE BENS, SERVIÇOS E CONTEÚDOS CULTURAIS, BEM COMO A REALIZAÇÃO DAS ATIVIDADES DO CALENDÁRIO CULTURAL DO ESTADO.",50000.0
ALEPI-32,2026,202631010373,Aprovada,Transferências com finalidade definida,SECRETARIA DE ESTADO DA CULTURA DO PIAUÍ - SECULT,SANTO ANTÔNIO DE LISBOA-PI,"INCENTIVAR A PRODUÇÃO E DIFUSÃO DE BENS, SERVIÇOS E CONTEÚDOS CULTURAIS, BEM COMO A REALIZAÇÃO DAS ATIVIDADES DO CALENDÁRIO CULTURAL DO ESTADO.",150000.0
ALEPI-32,2026,202631010374,Aprovada,Transferências com finalidade definida,SECRETARIA DE ESTADO DA CULTURA DO PIAUÍ - SECULT,SANTO ANTÔNIO DE LISBOA-PI,"INCENTIVAR A PRODUÇÃO E DIFUSÃO DE BENS, SERVIÇOS E CONTEÚDOS CULTURAIS, BEM COMO A REALIZAÇÃO DAS ATIVIDADES DO CALENDÁRIO CULTURAL DO ESTADO.",50000.0
ALEPI-32,2026,202631010375,Aprovada,Transferências com finalidade definida,SECRETARIA DE ESTADO DA CULTURA DO PIAUÍ - SECULT,AROAZES-PI,"INCENTIVAR A PRODUÇÃO E DIFUSÃO DE BENS, SERVIÇOS E CONTEÚDOS CULTURAIS, BEM COMO A REALIZAÇÃO DAS ATIVIDADES DO CALENDÁRIO CULTURAL DO ESTADO.",150000.0
ALEPI-32,2026,202631010376,Aprovada,Transferências com finalidade definida,SECRETARIA DE ESTADO DA CULTURA DO PIAUÍ - SECULT,AROAZES-PI,"INCENTIVAR A PRODUÇÃO E DIFUSÃO DE BENS, SERVIÇOS E CONTEÚDOS CULTURAIS, BEM COMO A REALIZAÇÃO DAS ATIVIDADES DO CALENDÁRIO CULTURAL DO ESTADO.",50000.0
ALEPI-32,2026,202631010377,Cancelada,Transferências com finalidade definida,SECRETARIA DE ESTADO DA CULTURA DO PIAUÍ - SECULT,SÃO GONÇALO DO PIAUÍ-PI,"INCENTIVAR A PRODUÇÃO E DIFUSÃO DE BENS, SERVIÇOS E CONTEÚDOS CULTURAIS, BEM COMO A REALIZAÇÃO DAS ATIVIDADES DO CALENDÁRIO CULTURAL DO ESTADO.",150000.0
ALEPI-32,2026,202631010378,Cancelada,Transferências com finalidade definida,SECRETARIA DE ESTADO DA CULTURA DO PIAUÍ - SECULT,SÃO GONÇALO DO PIAUÍ-PI,"INCENTIVAR A PRODUÇÃO E DIFUSÃO DE BENS, SERVIÇOS E CONTEÚDOS CULTURAIS, BEM COMO A REALIZAÇÃO DAS ATIVIDADES DO CALENDÁRIO CULTURAL DO ESTADO.",150000.0
ALEPI-32,2026,202631010379,Aprovada,Transferências com finalidade definida,SECRETARIA DE ESTADO DA CULTURA DO PIAUÍ - SECULT,COLÔNIA DO PIAUÍ-PI,"INCENTIVAR A PRODUÇÃO E DIFUSÃO DE BENS, SERVIÇOS E CONTEÚDOS CULTURAIS, BEM COMO A REALIZAÇÃO DAS ATIVIDADES DO CALENDÁRIO CULTURAL DO ESTADO.",150000.0
ALEPI-32,2026,202631010380,Aprovada,Transferências com finalidade definida,SECRETARIA DE ESTADO DA CULTURA DO PIAUÍ - SECULT,COLÔNIA DO PIAUI-PI,"INCENTIVAR A PRODUÇÃO E DIFUSÃO DE BENS, SERVIÇOS E CONTEÚDOS CULTURAIS, BEM COMO A REALIZAÇÃO DAS ATIVIDADES DO CALENDÁRIO CULTURAL DO ESTADO.",50000.0
ALEPI-32,2026,202631010381,Aprovada,Transferências com finalidade definida,SECRETARIA DE ESTADO DA CULTURA DO PIAUÍ - SECULT,JARDIM DO MULATO-PI,"INCENTIVAR A PRODUÇÃO E DIFUSÃO DE BENS, SERVIÇOS E CONTEÚDOS CULTURAIS, BEM COMO A REALIZAÇÃO DAS ATIVIDADES DO CALENDÁRIO CULTURAL DO ESTADO.",150000.0
ALEPI-32,2026,202631010382,Aprovada,Transferências com finalidade definida,SECRETARIA DE ESTADO DA CULTURA DO PIAUÍ - SECULT,JARDIM DO MULATO-PI,"INCENTIVAR A PRODUÇÃO E DIFUSÃO DE BENS, SERVIÇOS E CONTEÚDOS CULTURAIS, BEM COMO A REALIZAÇÃO DAS ATIVIDADES DO CALENDÁRIO CULTURAL DO ESTADO.",50000.0
ALEPI-32,2026,202631010383,Aprovada,Transferências com finalidade definida,SECRETARIA DE ESTADO DA CULTURA DO PIAUÍ - SECULT,SANTANA DO PIAUÍ-PI,"INCENTIVAR A PRODUÇÃO E DIFUSÃO DE BENS, SERVIÇOS E CONTEÚDOS CULTURAIS, BEM COMO A REALIZAÇÃO DAS ATIVIDADES DO CALENDÁRIO CULTURAL DO ESTADO.",150000.0
ALEPI-32,2026,202631010384,Aprovada,Transferências com finalidade definida,SECRETARIA DE ESTADO DA CULTURA DO PIAUÍ - SECULT,SANTANA DO PIAUÍ-PI,"INCENTIVAR A PRODUÇÃO E DIFUSÃO DE BENS, SERVIÇOS E CONTEÚDOS CULTURAIS, BEM COMO A REALIZAÇÃO DAS ATIVIDADES DO CALENDÁRIO CULTURAL DO ESTADO.",50000.0
ALEPI-32,2026,202631010385,Atualizada,Transferências com finalidade definida,SECRETARIA DE ESTADO DA CULTURA DO PIAUÍ - SECULT,SUSSUAPARA-PI,"INCENTIVAR A PRODUÇÃO E DIFUSÃO DE BENS, SERVIÇOS E CONTEÚDOS CULTURAIS, BEM COMO A REALIZAÇÃO DAS ATIVIDADES DO CALENDÁRIO CULTURAL DO ESTADO.",120000.0
ALEPI-32,2026,202631010386,Aprovada,Transferências com finalidade definida,SECRETARIA DE ESTADO DA CULTURA DO PIAUÍ - SECULT,SUSSUAPARA-PI,"INCENTIVAR A PRODUÇÃO E DIFUSÃO DE BENS, SERVIÇOS E CONTEÚDOS CULTURAIS, BEM COMO A REALIZAÇÃO DAS ATIVIDADES DO CALENDÁRIO CULTURAL DO ESTADO.",50000.0
ALEPI-32,2026,202631010387,Aprovada,Transferências com finalidade definida,SECRETARIA DE ESTADO DA CULTURA DO PIAUÍ - SECULT,BERTOLÍNIA-PI,"INCENTIVAR A PRODUÇÃO E DIFUSÃO DE BENS, SERVIÇOS E CONTEÚDOS CULTURAIS, BEM COMO A REALIZAÇÃO DAS ATIVIDADES DO CALENDÁRIO CULTURAL DO ESTADO.",150000.0
ALEPI-32,2026,202631010388,Aprovada,Transferências com finalidade definida,SECRETARIA DE ESTADO DA CULTURA DO PIAUÍ - SECULT,BERTOLÍNIA-PI,"INCENTIVAR A PRODUÇÃO E DIFUSÃO DE BENS, SERVIÇOS E CONTEÚDOS CULTURAIS, BEM COMO A REALIZAÇÃO DAS ATIVIDADES DO CALENDÁRIO CULTURAL DO ESTADO.",50000.0
ALEPI-32,2026,202631010389,Aprovada,Transferências com finalidade definida,SECRETARIA DE ESTADO DA CULTURA DO PIAUÍ - SECULT,BERTOLÍNIA-PI,"INCENTIVAR A PRODUÇÃO E DIFUSÃO DE BENS, SERVIÇOS E CONTEÚDOS CULTURAIS, BEM COMO A REALIZAÇÃO DAS ATIVIDADES DO CALENDÁRIO CULTURAL DO ESTADO.",150000.0
ALEPI-32,2026,202631010390,Aprovada,Transferências com finalidade definida,SECRETARIA DE ESTADO DA CULTURA DO PIAUÍ - SECULT,BERTOLÍNIA-PI,"INCENTIVAR A PRODUÇÃO E DIFUSÃO DE BENS, SERVIÇOS E CONTEÚDOS CULTURAIS, BEM COMO A REALIZAÇÃO DAS ATIVIDADES DO CALENDÁRIO CULTURAL DO ESTADO.",50000.0
ALEPI-32,2026,202631010402,Aprovada,Transferências com finalidade definida,COORDENADORIA  ESTADUAL DE ENFRENTAMENTO ÀS DROGAS E FOMENTO AO LAZER - CENDFOL,SÃO GONÇALO DO PIAUÍ-PI,"PROMOVER O ACESSO AO LAZER, A INTEGRAÇAO SOCIAL E A DIVERSIDADE CULTURAL NOS TERRITÓRIOS DE DESENVOLVIMENTO DO ESTADO.",150000.0
ALEPI-32,2026,202631010403,Aprovada,Transferências com finalidade definida,COORDENADORIA  ESTADUAL DE ENFRENTAMENTO ÀS DROGAS E FOMENTO AO LAZER - CENDFOL,SÃO GONÇALO DO PIAUÍ-PI,"PROMOVER O ACESSO AO LAZER, A INTEGRAÇAO SOCIAL E A DIVERSIDADE CULTURAL NOS TERRITÓRIOS DE DESENVOLVIMENTO DO ESTADO.",150000.0
ALEPI-32,2026,202631010435,Cancelada,Transferências com finalidade definida,COORDENADORIA  ESTADUAL DE ENFRENTAMENTO ÀS DROGAS E FOMENTO AO LAZER - CENDFOL,TERESINA-PI,"PROMOVER O ACESSO AO LAZER, A INTEGRAÇAO SOCIAL E A DIVERSIDADE CULTURAL NOS TERRITÓRIOS DE DESENVOLVIMENTO DO ESTADO.",100000.0
ALEPI-32,2026,202631010436,Aprovada,Transferências com finalidade definida,COORDENADORIA  ESTADUAL DE ENFRENTAMENTO ÀS DROGAS E FOMENTO AO LAZER - CENDFOL,CAPITÇAO GERVÁSIO-PI,"PROMOVER O ACESSO AO LAZER, A INTEGRAÇAO SOCIAL E A DIVERSIDADE CULTURAL NOS TERRITÓRIOS DE DESENVOLVIMENTO DO ESTADO.",100000.0
ALEPI-32,2026,202631010439,Aprovada,Transferências com finalidade definida,COORDENADORIA  ESTADUAL DE ENFRENTAMENTO ÀS DROGAS E FOMENTO AO LAZER - CENDFOL,TERESINA-PI,"PROMOVER O ACESSO AO LAZER, A INTEGRAÇAO SOCIAL E A DIVERSIDADE CULTURAL NOS TERRITÓRIOS DE DESENVOLVIMENTO DO ESTADO.",150000.0
ALEPI-32,2026,202631010440,Aprovada,Transferências com finalidade definida,COORDENADORIA  ESTADUAL DE ENFRENTAMENTO ÀS DROGAS E FOMENTO AO LAZER - CENDFOL,TERESINA-PI,"PROMOVER O ACESSO AO LAZER, A INTEGRAÇAO SOCIAL E A DIVERSIDADE CULTURAL NOS TERRITÓRIOS DE DESENVOLVIMENTO DO ESTADO.",100000.0
ALEPI-32,2026,202631010444,Aprovada,Transferências com finalidade definida,SECRETARIA DE ESTADO DA CULTURA DO PIAUÍ - SECULT,MONSENHOR GIL-PI,"INCENTIVAR A PRODUÇÃO E DIFUSÃO DE BENS, SERVIÇOS E CONTEÚDOS CULTURAIS, BEM COMO A REALIZAÇÃO DAS ATIVIDADES DO CALENDÁRIO CULTURAL DO ESTADO.",150000.0
ALEPI-32,2026,202631010445,Cancelada,Transferências com finalidade definida,COORDENADORIA  ESTADUAL DE ENFRENTAMENTO ÀS DROGAS E FOMENTO AO LAZER - CENDFOL,BOA HORA-PI,"PROMOVER O ACESSO AO LAZER, A INTEGRAÇAO SOCIAL E A DIVERSIDADE CULTURAL NOS TERRITÓRIOS DE DESENVOLVIMENTO DO ESTADO.",100000.0
ALEPI-32,2026,202631010458,Cancelada,Transferências com finalidade definida,COORDENADORIA DA JUVENTUDE DO ESTADO DO PIAUÍ - COJUV,TERESINA-PI,PROMOVER A REALIZAÇÃO DE ATIVIDADES DE INCLUSÃO DO JOVEM URBANO E RURAL NAS DIVERSAS POLÍTICAS PÚBLICAS E NAS GARANTIAS DE DIREITO DO ESTATUTO DA JUVENTUDE.,250000.0
ALEPI-32,2026,202631010459,Cancelada,Transferências com finalidade definida,COORDENADORIA DA JUVENTUDE DO ESTADO DO PIAUÍ - COJUV,TERESINA-PI,PROMOVER A REALIZAÇÃO DE ATIVIDADES DE INCLUSÃO DO JOVEM URBANO E RURAL NAS DIVERSAS POLÍTICAS PÚBLICAS E NAS GARANTIAS DE DIREITO DO ESTATUTO DA JUVENTUDE.,250000.0
ALEPI-32,2026,202631010471,Cancelada,Transferências com finalidade definida,COORDENADORIA DA JUVENTUDE DO ESTADO DO PIAUÍ - COJUV,TERESINA-PI,PROMOVER A REALIZAÇÃO DE ATIVIDADES DE INCLUSÃO DO JOVEM URBANO E RURAL NAS DIVERSAS POLÍTICAS PÚBLICAS E NAS GARANTIAS DE DIREITO DO ESTATUTO DA JUVENTUDE.,250000.0
ALEPI-32,2026,202631010472,Cancelada,Transferências com finalidade definida,COORDENADORIA DA JUVENTUDE DO ESTADO DO PIAUÍ - COJUV,TERESINA-PI,PROMOVER A REALIZAÇÃO DE ATIVIDADES DE INCLUSÃO DO JOVEM URBANO E RURAL NAS DIVERSAS POLÍTICAS PÚBLICAS E NAS GARANTIAS DE DIREITO DO ESTATUTO DA JUVENTUDE.,250000.0
ALEPI-32,2026,202631010609,Cancelada,Transferências com finalidade definida,COORDENADORIA  ESTADUAL DE ENFRENTAMENTO ÀS DROGAS E FOMENTO AO LAZER - CENDFOL,TERESINA-PI,"PROMOVER O ACESSO AO LAZER, A INTEGRAÇAO SOCIAL E A DIVERSIDADE CULTURAL NOS TERRITÓRIOS DE DESENVOLVIMENTO DO ESTADO.",1500000.0
ALEPI-32,2026,202631010770,Aprovada,Transferências com finalidade definida,COORDENADORIA  ESTADUAL DE ENFRENTAMENTO ÀS DROGAS E FOMENTO AO LAZER - CENDFOL,TERESINA-PI,"PROMOVER O ACESSO AO LAZER, A INTEGRAÇAO SOCIAL E A DIVERSIDADE CULTURAL NOS TERRITÓRIOS DE DESENVOLVIMENTO DO ESTADO.",100000.0
ALEPI-32,2026,202631010867,Aprovada,Transferências com finalidade definida,COORDENADORIA  ESTADUAL DE ENFRENTAMENTO ÀS DROGAS E FOMENTO AO LAZER - CENDFOL,TERESINA-PI,"PROMOVER O ACESSO AO LAZER, A INTEGRAÇAO SOCIAL E A DIVERSIDADE CULTURAL NOS TERRITÓRIOS DE DESENVOLVIMENTO DO ESTADO.",100000.0
ALEPI-32,2026,202631010886,Cancelada,Transferências com finalidade definida,COORDENADORIA  ESTADUAL DE ENFRENTAMENTO ÀS DROGAS E FOMENTO AO LAZER - CENDFOL,TERESINA,"PROMOVER O ACESSO AO LAZER, A INTEGRAÇAO SOCIAL E A DIVERSIDADE CULTURAL NOS TERRITÓRIOS DE DESENVOLVIMENTO DO ESTADO.",100000.0
ALEPI-32,2026,202631010923,Aprovada,Transferências com finalidade definida,COORDENADORIA  ESTADUAL DE ENFRENTAMENTO ÀS DROGAS E FOMENTO AO LAZER - CENDFOL,Teresina-PI,"PROMOVER O ACESSO AO LAZER, A INTEGRAÇAO SOCIAL E A DIVERSIDADE CULTURAL NOS TERRITÓRIOS DE DESENVOLVIMENTO DO ESTADO.",100000.0
ALEPI-32,2026,202631010972,Aprovada,Transferências com finalidade definida,COORDENADORIA  ESTADUAL DE ENFRENTAMENTO ÀS DROGAS E FOMENTO AO LAZER - CENDFOL,JARDIM DO MULATO - PI,"PROMOVER O ACESSO AO LAZER, A INTEGRAÇAO SOCIAL E A DIVERSIDADE CULTURAL NOS TERRITÓRIOS DE DESENVOLVIMENTO DO ESTADO.",37900.0
ALEPI-32,2026,202631011040,Aprovada,Transferências com finalidade definida,COORDENADORIA  ESTADUAL DE ENFRENTAMENTO ÀS DROGAS E FOMENTO AO LAZER - CENDFOL,Teresina-PI,"PROMOVER O ACESSO AO LAZER, A INTEGRAÇAO SOCIAL E A DIVERSIDADE CULTURAL NOS TERRITÓRIOS DE DESENVOLVIMENTO DO ESTADO.",100000.0
ALEPI-32,2026,202631011124,Aprovada,Transferências com finalidade definida,COORDENADORIA  ESTADUAL DE ENFRENTAMENTO ÀS DROGAS E FOMENTO AO LAZER - CENDFOL,Teresina-PI,"PROMOVER O ACESSO AO LAZER, A INTEGRAÇAO SOCIAL E A DIVERSIDADE CULTURAL NOS TERRITÓRIOS DE DESENVOLVIMENTO DO ESTADO.",498000.0
ALEPI-32,2026,202631011125,Aprovada,Transferências com finalidade definida,COORDENADORIA  ESTADUAL DE ENFRENTAMENTO ÀS DROGAS E FOMENTO AO LAZER - CENDFOL,Teresina,"PROMOVER O ACESSO AO LAZER, A INTEGRAÇAO SOCIAL E A DIVERSIDADE CULTURAL NOS TERRITÓRIOS DE DESENVOLVIMENTO DO ESTADO.",499000.0
ALEPI-32,2026,202631011126,Aprovada,Transferências com finalidade definida,COORDENADORIA  ESTADUAL DE ENFRENTAMENTO ÀS DROGAS E FOMENTO AO LAZER - CENDFOL,Teresina,"PROMOVER O ACESSO AO LAZER, A INTEGRAÇAO SOCIAL E A DIVERSIDADE CULTURAL NOS TERRITÓRIOS DE DESENVOLVIMENTO DO ESTADO.",499000.0
ALEPI-32,2026,202631011159,Aprovada,Transferências com finalidade definida,COORDENADORIA DA JUVENTUDE DO ESTADO DO PIAUÍ - COJUV,Teresina,PROMOVER A REALIZAÇÃO DE ATIVIDADES DE INCLUSÃO DO JOVEM URBANO E RURAL NAS DIVERSAS POLÍTICAS PÚBLICAS E NAS GARANTIAS DE DIREITO DO ESTATUTO DA JUVENTUDE.,250000.0
ALEPI-32,2026,202631011160,Aprovada,Transferências com finalidade definida,COORDENADORIA DA JUVENTUDE DO ESTADO DO PIAUÍ - COJUV,Teresina-PI,PROMOVER A REALIZAÇÃO DE ATIVIDADES DE INCLUSÃO DO JOVEM URBANO E RURAL NAS DIVERSAS POLÍTICAS PÚBLICAS E NAS GARANTIAS DE DIREITO DO ESTATUTO DA JUVENTUDE.,250000.0
ALEPI-32,2026,202631011240,Aprovada,Transferências com finalidade definida,COORDENADORIA  ESTADUAL DE ENFRENTAMENTO ÀS DROGAS E FOMENTO AO LAZER - CENDFOL,Boa Hora - PI,"PROMOVER O ACESSO AO LAZER, A INTEGRAÇAO SOCIAL E A DIVERSIDADE CULTURAL NOS TERRITÓRIOS DE DESENVOLVIMENTO DO ESTADO.",100000.0
ALEPI-281,2026,202631020004,Pendente de análise,Transferências com finalidade definida,SECRETARIA DE ESTADO DA CULTURA DO PIAUÍ - SECULT,Bairro Ceramica Cil - Teresina,"INCENTIVAR A PRODUÇÃO E DIFUSÃO DE BENS, SERVIÇOS E CONTEÚDOS CULTURAIS, BEM COMO A REALIZAÇÃO DAS ATIVIDADES DO CALENDÁRIO CULTURAL DO ESTADO.",100000.0
ALEPI-281,2026,202631020008,Cancelada,Transferências com finalidade definida,SECRETARIA DE ESTADO DA CULTURA DO PIAUÍ - SECULT,"BAIRRO CERÂMICA CIL, TERESINA-PI","INCENTIVAR A PRODUÇÃO E DIFUSÃO DE BENS, SERVIÇOS E CONTEÚDOS CULTURAIS, BEM COMO A REALIZAÇÃO DAS ATIVIDADES DO CALENDÁRIO CULTURAL DO ESTADO.",100000.0
ALEPI-281,2026,202631020009,Cancelada,Transferências com finalidade definida,SECRETARIA DE ESTADO DA CULTURA DO PIAUÍ - SECULT,"BAIRRO REAL COPAGRE, TERESINA-PI.","INCENTIVAR A PRODUÇÃO E DIFUSÃO DE BENS, SERVIÇOS E CONTEÚDOS CULTURAIS, BEM COMO A REALIZAÇÃO DAS ATIVIDADES DO CALENDÁRIO CULTURAL DO ESTADO.",100000.0
ALEPI-281,2026,202631020010,Cancelada,Transferências com finalidade definida,SECRETARIA DE ESTADO DA CULTURA DO PIAUÍ - SECULT,MUNICÍPIO DE BARRO DURO - PI,"INCENTIVAR A PRODUÇÃO E DIFUSÃO DE BENS, SERVIÇOS E CONTEÚDOS CULTURAIS, BEM COMO A REALIZAÇÃO DAS ATIVIDADES DO CALENDÁRIO CULTURAL DO ESTADO.",150000.0
ALEPI-281,2026,202631020011,Cancelada,Transferências com finalidade definida,SECRETARIA DE ESTADO DA CULTURA DO PIAUÍ - SECULT,MUNICÍPIO DE CURRALINHOS - PI,"INCENTIVAR A PRODUÇÃO E DIFUSÃO DE BENS, SERVIÇOS E CONTEÚDOS CULTURAIS, BEM COMO A REALIZAÇÃO DAS ATIVIDADES DO CALENDÁRIO CULTURAL DO ESTADO.",100000.0
ALEPI-281,2026,202631020012,Cancelada,Transferências com finalidade definida,SECRETARIA DE ESTADO DA CULTURA DO PIAUÍ - SECULT,MUNICÍPIO DE MIGUEL LEÃO - PI,"INCENTIVAR A PRODUÇÃO E DIFUSÃO DE BENS, SERVIÇOS E CONTEÚDOS CULTURAIS, BEM COMO A REALIZAÇÃO DAS ATIVIDADES DO CALENDÁRIO CULTURAL DO ESTADO.",100000.0
ALEPI-281,2026,202631020013,Cancelada,Transferências com finalidade definida,SECRETARIA DE ESTADO DA CULTURA DO PIAUÍ - SECULT,MUNICÍPIO DE LAGOA DO PIAUÍ-PI,"INCENTIVAR A PRODUÇÃO E DIFUSÃO DE BENS, SERVIÇOS E CONTEÚDOS CULTURAIS, BEM COMO A REALIZAÇÃO DAS ATIVIDADES DO CALENDÁRIO CULTURAL DO ESTADO.",100000.0
ALEPI-281,2026,202631020014,Cancelada,Transferências com finalidade definida,SECRETARIA DE ESTADO DA CULTURA DO PIAUÍ - SECULT,MUNICÍPIO DE AGRICOLÂNDIA - PI,"INCENTIVAR A PRODUÇÃO E DIFUSÃO DE BENS, SERVIÇOS E CONTEÚDOS CULTURAIS, BEM COMO A REALIZAÇÃO DAS ATIVIDADES DO CALENDÁRIO CULTURAL DO ESTADO.",100000.0
ALEPI-281,2026,202631020453,Aprovada,Transferências com finalidade definida,COORDENADORIA  ESTADUAL DE ENFRENTAMENTO ÀS DROGAS E FOMENTO AO LAZER - CENDFOL,município de José de Freitas,"PROMOVER O ACESSO AO LAZER, A INTEGRAÇAO SOCIAL E A DIVERSIDADE CULTURAL NOS TERRITÓRIOS DE DESENVOLVIMENTO DO ESTADO.",100000.0
ALEPI-281,2026,202631020454,Aprovada,Transferências com finalidade definida,COORDENADORIA  ESTADUAL DE ENFRENTAMENTO ÀS DROGAS E FOMENTO AO LAZER - CENDFOL,MUNICÍPIO DE ANTONIO ALMEIDA,"PROMOVER O ACESSO AO LAZER, A INTEGRAÇAO SOCIAL E A DIVERSIDADE CULTURAL NOS TERRITÓRIOS DE DESENVOLVIMENTO DO ESTADO.",350000.0
ALEPI-281,2026,202631020455,Aprovada,Transferências com finalidade definida,COORDENADORIA  ESTADUAL DE ENFRENTAMENTO ÀS DROGAS E FOMENTO AO LAZER - CENDFOL,MUNICÍPIO DE ALAGOINHA-PI,"PROMOVER O ACESSO AO LAZER, A INTEGRAÇAO SOCIAL E A DIVERSIDADE CULTURAL NOS TERRITÓRIOS DE DESENVOLVIMENTO DO ESTADO.",550000.0
ALEPI-281,2026,202631020552,Aprovada,Transferências com finalidade definida,COORDENADORIA  ESTADUAL DE ENFRENTAMENTO ÀS DROGAS E FOMENTO AO LAZER - CENDFOL,Coronel José Dias-PI,"PROMOVER O ACESSO AO LAZER, A INTEGRAÇAO SOCIAL E A DIVERSIDADE CULTURAL NOS TERRITÓRIOS DE DESENVOLVIMENTO DO ESTADO.",350000.0
ALEPI-281,2026,202631020553,Aprovada,Transferências com finalidade definida,COORDENADORIA  ESTADUAL DE ENFRENTAMENTO ÀS DROGAS E FOMENTO AO LAZER - CENDFOL,Caldeirão Grande-PI,"PROMOVER O ACESSO AO LAZER, A INTEGRAÇAO SOCIAL E A DIVERSIDADE CULTURAL NOS TERRITÓRIOS DE DESENVOLVIMENTO DO ESTADO.",350000.0
ALEPI-281,2026,202631020554,Aprovada,Transferências com finalidade definida,COORDENADORIA  ESTADUAL DE ENFRENTAMENTO ÀS DROGAS E FOMENTO AO LAZER - CENDFOL,Patos do Piauí-PI,"PROMOVER O ACESSO AO LAZER, A INTEGRAÇAO SOCIAL E A DIVERSIDADE CULTURAL NOS TERRITÓRIOS DE DESENVOLVIMENTO DO ESTADO.",450000.0
ALEPI-281,2026,202631020555,Aprovada,Transferências com finalidade definida,SECRETARIA DE ESTADO DA CULTURA DO PIAUÍ - SECULT,São Lourenço-PI,"INCENTIVAR A PRODUÇÃO E DIFUSÃO DE BENS, SERVIÇOS E CONTEÚDOS CULTURAIS, BEM COMO A REALIZAÇÃO DAS ATIVIDADES DO CALENDÁRIO CULTURAL DO ESTADO.",400000.0
ALEPI-281,2026,202631020556,Aprovada,Transferências com finalidade definida,SECRETARIA DE ESTADO DA CULTURA DO PIAUÍ - SECULT,Jardim do Mulato-PI,"INCENTIVAR A PRODUÇÃO E DIFUSÃO DE BENS, SERVIÇOS E CONTEÚDOS CULTURAIS, BEM COMO A REALIZAÇÃO DAS ATIVIDADES DO CALENDÁRIO CULTURAL DO ESTADO.",350000.0
ALEPI-281,2026,202631020557,Aprovada,Transferências com finalidade definida,SECRETARIA DE ESTADO DA CULTURA DO PIAUÍ - SECULT,Canavieira-PI,"INCENTIVAR A PRODUÇÃO E DIFUSÃO DE BENS, SERVIÇOS E CONTEÚDOS CULTURAIS, BEM COMO A REALIZAÇÃO DAS ATIVIDADES DO CALENDÁRIO CULTURAL DO ESTADO.",250000.0
ALEPI-281,2026,202631020560,Aprovada,Transferências com finalidade definida,COORDENADORIA  ESTADUAL DE ENFRENTAMENTO ÀS DROGAS E FOMENTO AO LAZER - CENDFOL,"Povoado Santa Teresa, município de Teresina-PI","PROMOVER O ACESSO AO LAZER, A INTEGRAÇAO SOCIAL E A DIVERSIDADE CULTURAL NOS TERRITÓRIOS DE DESENVOLVIMENTO DO ESTADO.",150000.0
ALEPI-281,2026,202631020561,Aprovada,Transferências com finalidade definida,COORDENADORIA  ESTADUAL DE ENFRENTAMENTO ÀS DROGAS E FOMENTO AO LAZER - CENDFOL,"Bairro Vila Madre Teresa, muicípio de Teresina-PI","PROMOVER O ACESSO AO LAZER, A INTEGRAÇAO SOCIAL E A DIVERSIDADE CULTURAL NOS TERRITÓRIOS DE DESENVOLVIMENTO DO ESTADO.",150000.0
ALEPI-281,2026,202631020562,Aprovada,Transferências com finalidade definida,COORDENADORIA  ESTADUAL DE ENFRENTAMENTO ÀS DROGAS E FOMENTO AO LAZER - CENDFOL,"Bairro Cerâmica Cil, em Teresina-PI","PROMOVER O ACESSO AO LAZER, A INTEGRAÇAO SOCIAL E A DIVERSIDADE CULTURAL NOS TERRITÓRIOS DE DESENVOLVIMENTO DO ESTADO.",150000.0
ALEPI-281,2026,202631020562,Aprovada,Transferências com finalidade definida,COORDENADORIA  ESTADUAL DE ENFRENTAMENTO ÀS DROGAS E FOMENTO AO LAZER - CENDFOL,"Povoado Santa Teresa, no município de Teresina-PI","PROMOVER O ACESSO AO LAZER, A INTEGRAÇAO SOCIAL E A DIVERSIDADE CULTURAL NOS TERRITÓRIOS DE DESENVOLVIMENTO DO ESTADO.",100000.0
ALEPI-281,2026,202631020563,Aprovada,Transferências com finalidade definida,COORDENADORIA  ESTADUAL DE ENFRENTAMENTO ÀS DROGAS E FOMENTO AO LAZER - CENDFOL,"Bairro Vila Madre Teresa, município de Teresina-PI","PROMOVER O ACESSO AO LAZER, A INTEGRAÇAO SOCIAL E A DIVERSIDADE CULTURAL NOS TERRITÓRIOS DE DESENVOLVIMENTO DO ESTADO.",100000.0
ALEPI-281,2026,202631020563,Aprovada,Transferências com finalidade definida,COORDENADORIA  ESTADUAL DE ENFRENTAMENTO ÀS DROGAS E FOMENTO AO LAZER - CENDFOL,"Bairro Real Copagri, em Teresina-PI","PROMOVER O ACESSO AO LAZER, A INTEGRAÇAO SOCIAL E A DIVERSIDADE CULTURAL NOS TERRITÓRIOS DE DESENVOLVIMENTO DO ESTADO.",150000.0
ALEPI-281,2026,202631020564,Aprovada,Transferências com finalidade definida,COORDENADORIA  ESTADUAL DE ENFRENTAMENTO ÀS DROGAS E FOMENTO AO LAZER - CENDFOL,"moradores do bairro Cerâmica Cil, no município de Teresina-PI","PROMOVER O ACESSO AO LAZER, A INTEGRAÇAO SOCIAL E A DIVERSIDADE CULTURAL NOS TERRITÓRIOS DE DESENVOLVIMENTO DO ESTADO.",100000.0
ALEPI-281,2026,202631020565,Aprovada,Transferências com finalidade definida,COORDENADORIA  ESTADUAL DE ENFRENTAMENTO ÀS DROGAS E FOMENTO AO LAZER - CENDFOL,"Bairro Real Copagri,  no município de Teresina-PI","PROMOVER O ACESSO AO LAZER, A INTEGRAÇAO SOCIAL E A DIVERSIDADE CULTURAL NOS TERRITÓRIOS DE DESENVOLVIMENTO DO ESTADO.",100000.0
ALEPI-281,2026,202631020668,Aprovada,Transferências com finalidade definida,COORDENADORIA  ESTADUAL DE ENFRENTAMENTO ÀS DROGAS E FOMENTO AO LAZER - CENDFOL,município de Sigefredo Pacheco-PI,"PROMOVER O ACESSO AO LAZER, A INTEGRAÇAO SOCIAL E A DIVERSIDADE CULTURAL NOS TERRITÓRIOS DE DESENVOLVIMENTO DO ESTADO.",200000.0
ALEPI-281,2026,202631020738,Aprovada,Transferências com finalidade definida,FUNDO ESTADUAL DE SAÚDE - FUNSAUDE,Estado do Piauí,MELHORAR A QUALIDADE EM SAÚDE DO ESTADO DO PIAUÍ EM TODAS AS REGIÕES DE SAÚDE.,3100000.0
ALEPI-281,2026,202631020872,Aprovada,Transferências com finalidade definida,COORDENADORIA  ESTADUAL DE ENFRENTAMENTO ÀS DROGAS E FOMENTO AO LAZER - CENDFOL, município de São João da Serra-PI,"PROMOVER O ACESSO AO LAZER, A INTEGRAÇAO SOCIAL E A DIVERSIDADE CULTURAL NOS TERRITÓRIOS DE DESENVOLVIMENTO DO ESTADO.",37000.0
ALEPI-281,2026,202631020913,Aprovada,Transferências com finalidade definida,SECRETARIA DE ESTADO DA CULTURA DO PIAUÍ - SECULT,"Polo Cerâmico Poti, em Teresina-PI","INCENTIVAR A PRODUÇÃO E DIFUSÃO DE BENS, SERVIÇOS E CONTEÚDOS CULTURAIS, BEM COMO A REALIZAÇÃO DAS ATIVIDADES DO CALENDÁRIO CULTURAL DO ESTADO.",50000.0
ALEPI-281,2026,202631020914,Aprovada,Transferências especiais (Município),ENCARGOS GERAIS DO ESTADO,MUNICÍPIO DE PORTO-PI,"INCENTIVAR A PRODUÇÃO E DIFUSÃO DE BENS, SERVIÇOS E CONTEÚDOS CULTURAIS, BEM COMO A REALIZAÇÃO DAS ATIVIDADES DO CALENDÁRIO CULTURAL DO ESTADO.",60000.0
ALEPI-281,2026,202631020915,Aprovada,Transferências especiais (Município),ENCARGOS GERAIS DO ESTADO,Município de Porto-PI,REGISTRO DAS EMENDAS PARLAMENTARES PREVISTAS NA EC 58/2021.,40000.0
ALEPI-281,2026,202631020993,Aprovada,Transferências com finalidade definida,SECRETARIA DE ESTADO DA CULTURA DO PIAUÍ - SECULT,Teresina-PI,"INCENTIVAR A PRODUÇÃO E DIFUSÃO DE BENS, SERVIÇOS E CONTEÚDOS CULTURAIS, BEM COMO A REALIZAÇÃO DAS ATIVIDADES DO CALENDÁRIO CULTURAL DO ESTADO.",20000.0
ALEPI-312,2026,202631030426,Aprovada,Transferências com finalidade definida,SECRETARIA DE ESTADO DA CULTURA DO PIAUÍ - SECULT,MUNICÍPIO DE RIBEIRO GONÇALVES - PI,"INCENTIVAR A PRODUÇÃO E DIFUSÃO DE BENS, SERVIÇOS E CONTEÚDOS CULTURAIS, BEM COMO A REALIZAÇÃO DAS ATIVIDADES DO CALENDÁRIO CULTURAL DO ESTADO.",150000.0
ALEPI-312,2026,202631030488,Cancelada,Transferências com finalidade definida,SECRETARIA DA IRRIGAÇÃO E INFRAESTRUTURA HÍDRICA - SEFIR,MUNICÍPIO DE DOM INOCÊNCIO - PI,"FORTALECER E AMPLIAR AS CONDIÇÕES DA POPULAÇÃO NO ENFRENTAMENTO À SECA, MELHORANDO ASSIM A QUALIDADE DE VIDA POR MEIO DO ABASTECIMENTO. ",1000000.0
ALEPI-312,2026,202631030499,Aprovada,Transferências com finalidade definida,SECRETARIA DE ESTADO DA CULTURA DO PIAUÍ - SECULT,MUNICÍPIO DE MIGUEL LEÃO - PI,"INCENTIVAR A PRODUÇÃO E DIFUSÃO DE BENS, SERVIÇOS E CONTEÚDOS CULTURAIS, BEM COMO A REALIZAÇÃO DAS ATIVIDADES DO CALENDÁRIO CULTURAL DO ESTADO.",150000.0
ALEPI-312,2026,202631030500,Aprovada,Transferências com finalidade definida,SECRETARIA DE ESTADO DA CULTURA DO PIAUÍ - SECULT,MUNICÍPIO DE ESPERANTINA - PI,"INCENTIVAR A PRODUÇÃO E DIFUSÃO DE BENS, SERVIÇOS E CONTEÚDOS CULTURAIS, BEM COMO A REALIZAÇÃO DAS ATIVIDADES DO CALENDÁRIO CULTURAL DO ESTADO.",150000.0
ALEPI-312,2026,202631030509,Cancelada,Transferências com finalidade definida,SECRETARIA DE ESTADO DA CULTURA DO PIAUÍ - SECULT,MUNICÍPIO DE JARDIM DO MULATO - PI,"INCENTIVAR A PRODUÇÃO E DIFUSÃO DE BENS, SERVIÇOS E CONTEÚDOS CULTURAIS, BEM COMO A REALIZAÇÃO DAS ATIVIDADES DO CALENDÁRIO CULTURAL DO ESTADO.",300000.0
ALEPI-312,2026,202631030525,Aprovada,Transferências com finalidade definida,SECRETARIA DE ESTADO  DOS ESPORTES - SECEPI,MUNICIPIO DE TERESINA - PI,REALIZAÇÃO DE EVENTOS ESPORTIVOS E ESCOLARES NA MAIS DIVERSAS MODALIDADES.,1000000.0
ALEPI-312,2026,202631030535,Aprovada,Transferências com finalidade definida,SECRETARIA DE ESTADO DA CULTURA DO PIAUÍ - SECULT,MUNICÍPIO DE TERESINA - PI,"INCENTIVAR A PRODUÇÃO E DIFUSÃO DE BENS, SERVIÇOS E CONTEÚDOS CULTURAIS, BEM COMO A REALIZAÇÃO DAS ATIVIDADES DO CALENDÁRIO CULTURAL DO ESTADO.",50000.0
ALEPI-312,2026,202631030550,Aprovada,Transferências com finalidade definida,SECRETARIA DE ESTADO DA CULTURA DO PIAUÍ - SECULT,MUNICÍPIO DE TERESINA-PI,"INCENTIVAR A PRODUÇÃO E DIFUSÃO DE BENS, SERVIÇOS E CONTEÚDOS CULTURAIS, BEM COMO A REALIZAÇÃO DAS ATIVIDADES DO CALENDÁRIO CULTURAL DO ESTADO.",50000.0
ALEPI-312,2026,202631030596,Aprovada,Transferências com finalidade definida,SECRETARIA DE ESTADO DA CULTURA DO PIAUÍ - SECULT,MUNICÍPIO DE LAGOINHA DO PIAUÍ,"INCENTIVAR A PRODUÇÃO E DIFUSÃO DE BENS, SERVIÇOS E CONTEÚDOS CULTURAIS, BEM COMO A REALIZAÇÃO DAS ATIVIDADES DO CALENDÁRIO CULTURAL DO ESTADO.",150000.0
ALEPI-312,2026,202631030631,Aprovada,Transferências com finalidade definida,SECRETARIA DE ESTADO DA CULTURA DO PIAUÍ - SECULT,MUNICÍPIIO DE COIVARAS - PI,"INCENTIVAR A PRODUÇÃO E DIFUSÃO DE BENS, SERVIÇOS E CONTEÚDOS CULTURAIS, BEM COMO A REALIZAÇÃO DAS ATIVIDADES DO CALENDÁRIO CULTURAL DO ESTADO.",300000.0
ALEPI-312,2026,202631030694,Cancelada,Transferências com finalidade definida,SECRETARIA DE ESTADO DA CULTURA DO PIAUÍ - SECULT,POVOADO ALEGRIA - ZONA RURAL DO MUNICÍPIO DE TERESINA - PI,"INCENTIVAR A PRODUÇÃO E DIFUSÃO DE BENS, SERVIÇOS E CONTEÚDOS CULTURAIS, BEM COMO A REALIZAÇÃO DAS ATIVIDADES DO CALENDÁRIO CULTURAL DO ESTADO.",200000.0
ALEPI-312,2026,202631030737,Pendente de análise,Transferências com finalidade definida,FUNDO ESTADUAL DE SAÚDE - FUNSAUDE,Estado do Piauí,MELHORAR A QUALIDADE EM SAÚDE DO ESTADO DO PIAUÍ EM TODAS AS REGIÕES DE SAÚDE.,1000000.0
ALEPI-312,2026,202631030787,Aprovada,Transferências especiais (Município),ENCARGOS GERAIS DO ESTADO,MUNICÍPIO DE ANÍSIO DE ABREU,REGISTRO DAS EMENDAS PARLAMENTARES PREVISTAS NA EC 58/2021.,1000000.0
ALEPI-312,2026,202631030801,Cancelada,Transferências com finalidade definida,SECRETARIA DE ESTADO DA CULTURA DO PIAUÍ - SECULT,MUNICÍPIO DE NOVA SANTA RITA,"INCENTIVAR A PRODUÇÃO E DIFUSÃO DE BENS, SERVIÇOS E CONTEÚDOS CULTURAIS, BEM COMO A REALIZAÇÃO DAS ATIVIDADES DO CALENDÁRIO CULTURAL DO ESTADO.",50000.0
ALEPI-312,2026,202631030802,Aprovada,Transferências com finalidade definida,SECRETARIA DE ESTADO DA CULTURA DO PIAUÍ - SECULT,MUNICÍPIO DE JUREMA - PI,"INCENTIVAR A PRODUÇÃO E DIFUSÃO DE BENS, SERVIÇOS E CONTEÚDOS CULTURAIS, BEM COMO A REALIZAÇÃO DAS ATIVIDADES DO CALENDÁRIO CULTURAL DO ESTADO.",50000.0
ALEPI-312,2026,202631030834,Aprovada,Transferências com finalidade definida,SECRETARIA DE ESTADO DA CULTURA DO PIAUÍ - SECULT,MUNICÍPIO DE TERESINA - PI,"INCENTIVAR A PRODUÇÃO E DIFUSÃO DE BENS, SERVIÇOS E CONTEÚDOS CULTURAIS, BEM COMO A REALIZAÇÃO DAS ATIVIDADES DO CALENDÁRIO CULTURAL DO ESTADO.",250000.0
ALEPI-312,2026,202631030840,Cancelada,Transferências com finalidade definida,SECRETARIA DE ESTADO DA CULTURA DO PIAUÍ - SECULT,MUNICIPIO DE RIO GRANDE - PI,"INCENTIVAR A PRODUÇÃO E DIFUSÃO DE BENS, SERVIÇOS E CONTEÚDOS CULTURAIS, BEM COMO A REALIZAÇÃO DAS ATIVIDADES DO CALENDÁRIO CULTURAL DO ESTADO.",50000.0
ALEPI-312,2026,202631030841,Cancelada,Transferências com finalidade definida,SECRETARIA DE ESTADO DA CULTURA DO PIAUÍ - SECULT,MUNICIPIO DE INHUMA - PI,"INCENTIVAR A PRODUÇÃO E DIFUSÃO DE BENS, SERVIÇOS E CONTEÚDOS CULTURAIS, BEM COMO A REALIZAÇÃO DAS ATIVIDADES DO CALENDÁRIO CULTURAL DO ESTADO.",50000.0
ALEPI-312,2026,202631030842,Aprovada,Transferências com finalidade definida,SECRETARIA DE ESTADO DA CULTURA DO PIAUÍ - SECULT,MUNICÍPIO DE ANÍSIO DE ABREU,"INCENTIVAR A PRODUÇÃO E DIFUSÃO DE BENS, SERVIÇOS E CONTEÚDOS CULTURAIS, BEM COMO A REALIZAÇÃO DAS ATIVIDADES DO CALENDÁRIO CULTURAL DO ESTADO.",50000.0
ALEPI-312,2026,202631030843,Cancelada,Transferências com finalidade definida,SECRETARIA DE ESTADO DA CULTURA DO PIAUÍ - SECULT,MUNICÍPIO DE OEIRAS - PI,"INCENTIVAR A PRODUÇÃO E DIFUSÃO DE BENS, SERVIÇOS E CONTEÚDOS CULTURAIS, BEM COMO A REALIZAÇÃO DAS ATIVIDADES DO CALENDÁRIO CULTURAL DO ESTADO.",110000.0
ALEPI-312,2026,202631031068,Aprovada,Transferências com finalidade definida,SECRETARIA DE ESTADO DA CULTURA DO PIAUÍ - SECULT,MUNICÍPIO DE TERESINA - POVOADO ALEGRIA,"INCENTIVAR A PRODUÇÃO E DIFUSÃO DE BENS, SERVIÇOS E CONTEÚDOS CULTURAIS, BEM COMO A REALIZAÇÃO DAS ATIVIDADES DO CALENDÁRIO CULTURAL DO ESTADO.",150000.0
ALEPI-312,2026,202631031083,Aprovada,Transferências com finalidade definida,SECRETARIA DE ESTADO DA CULTURA DO PIAUÍ - SECULT,MUNICÍPIO DE PALMEIRA DO PI,"INCENTIVAR A PRODUÇÃO E DIFUSÃO DE BENS, SERVIÇOS E CONTEÚDOS CULTURAIS, BEM COMO A REALIZAÇÃO DAS ATIVIDADES DO CALENDÁRIO CULTURAL DO ESTADO.",78000.0
ALEPI-312,2026,202631031122,Aprovada,Transferências com finalidade definida,SECRETARIA DE ESTADO DA CULTURA DO PIAUÍ - SECULT,MUNICÍPIO DE CAMPO MAIOR - PI,"INCENTIVAR A PRODUÇÃO E DIFUSÃO DE BENS, SERVIÇOS E CONTEÚDOS CULTURAIS, BEM COMO A REALIZAÇÃO DAS ATIVIDADES DO CALENDÁRIO CULTURAL DO ESTADO.",250000.0
ALEPI-312,2026,202631031123,Aprovada,Transferências com finalidade definida,SECRETARIA DE ESTADO DA CULTURA DO PIAUÍ - SECULT,MUNICÍPIO DE LAGOA ALEGRE - PI,"INCENTIVAR A PRODUÇÃO E DIFUSÃO DE BENS, SERVIÇOS E CONTEÚDOS CULTURAIS, BEM COMO A REALIZAÇÃO DAS ATIVIDADES DO CALENDÁRIO CULTURAL DO ESTADO.",250000.0
ALEPI-283,2026,202631040450,Aprovada,Transferências com finalidade definida,SECRETARIA DE ESTADO DA AGRICULTURA FAMILIAR - SAF,MADEIRO,FORTALECER OS ARRANJOS PRODUTIVOS LOCAIS COM DESENVOLVIMENTO DAS ATIVIDADES AGROPECUÁRIAS DE FORMA SUSTENTÁVEL E RESPEITANDO A SOCIOBIODIVERSIDADE.,50000.0
ALEPI-283,2026,202631040494,Aprovada,Transferências com finalidade definida,COORDENADORIA DA JUVENTUDE DO ESTADO DO PIAUÍ - COJUV,TERESINA,PROMOVER A REALIZAÇÃO DE ATIVIDADES DE INCLUSÃO DO JOVEM URBANO E RURAL NAS DIVERSAS POLÍTICAS PÚBLICAS E NAS GARANTIAS DE DIREITO DO ESTATUTO DA JUVENTUDE.,60000.0
ALEPI-283,2026,202631040506,Aprovada,Transferências com finalidade definida,SECRETARIA DE ESTADO DE SEGURANÇA PÚBLICA - SSP,SÃO JOÃO DO ARRAIAL E PORTO,"MODERNIZAR E APERFEIÇOAR A ESTRUTURA DAS POLÍCIAS CIVIL, MILITAR, CORPO DE BOMBEIRO MILITAR E CIENTÍFICA, OS PROCESSOS DE GESTÃO E INTELIGÊNCIA POR MEIO DA UTILIZAÇÃO DE EQUIPAMENTOS E SISTEMAS TECNOLÓGICOS.",300000.0
ALEPI-283,2026,202631040520,Cancelada,Transferências com finalidade definida,SECRETARIA DE ESTADO DA SAÚDE DO PIAUÍ - SESAPI,"Territórios: Cocais, Carnaubais, Entre Rios, Sambito, Itaim, Canindé e Guaribas",FORTALECER AS AÇÕES DA SESAPI COM FOCO NAS POPULAÇÕES VULNERABILIZADAS.,3000000.0
ALEPI-283,2026,202631040521,Cancelada,Transferências com finalidade definida,COORDENADORIA DA JUVENTUDE DO ESTADO DO PIAUÍ - COJUV,Teresina,PROMOVER A REALIZAÇÃO DE ATIVIDADES DE INCLUSÃO DO JOVEM URBANO E RURAL NAS DIVERSAS POLÍTICAS PÚBLICAS E NAS GARANTIAS DE DIREITO DO ESTATUTO DA JUVENTUDE.,200000.0
ALEPI-283,2026,202631040522,Aprovada,Transferências com finalidade definida,SECRETARIA DE ESTADO DA CULTURA DO PIAUÍ - SECULT,Castelo do Piauí,"INCENTIVAR A PRODUÇÃO E DIFUSÃO DE BENS, SERVIÇOS E CONTEÚDOS CULTURAIS, BEM COMO A REALIZAÇÃO DAS ATIVIDADES DO CALENDÁRIO CULTURAL DO ESTADO.",25000.0
ALEPI-283,2026,202631040523,Aprovada,Transferências com finalidade definida,SECRETARIA DE ESTADO DA AGRICULTURA FAMILIAR - SAF,"Territórios Vale do Rio Guaribas, Vale do Canindé, Chapada Vale do Itaim, Entre Rios, Carnaúbais e Cocais",AMPLIAR AS ESTRATÉGIAS DE COMERCIALIZAÇÃO ACESSANDO OS MERCADOS INSTITUCIONAIS E OUTRAS ESTRATÉGIAS DE COMERCIALIZAÇÃO COMO FORMA DE AMPLIAR A RENDA DOS AGRICULTORES FAMILIARES.,250000.0
ALEPI-283,2026,202631040528,Aprovada,Transferências com finalidade definida,SECRETARIA DE ESTADO DA AGRICULTURA FAMILIAR - SAF,SÃO RAIMUNDO NONATO,FORTALECER OS ARRANJOS PRODUTIVOS LOCAIS COM DESENVOLVIMENTO DAS ATIVIDADES AGROPECUÁRIAS DE FORMA SUSTENTÁVEL E RESPEITANDO A SOCIOBIODIVERSIDADE.,150000.0
ALEPI-283,2026,202631040529,Aprovada,Transferências com finalidade definida,SECRETARIA DE ESTADO DA AGRICULTURA FAMILIAR - SAF,SÃO MIGUEL DO FIDALGO,FORTALECER OS ARRANJOS PRODUTIVOS LOCAIS COM DESENVOLVIMENTO DAS ATIVIDADES AGROPECUÁRIAS DE FORMA SUSTENTÁVEL E RESPEITANDO A SOCIOBIODIVERSIDADE.,100000.0
ALEPI-283,2026,202631040652,Aprovada,Transferências especiais (Município),ENCARGOS GERAIS DO ESTADO,MUNICIPIO DE PORTO,REGISTRO DAS EMENDAS PARLAMENTARES PREVISTAS NA EC 58/2021.,90000.0
ALEPI-283,2026,202631040653,Aprovada,Transferências especiais (Município),ENCARGOS GERAIS DO ESTADO,MUNICIPIO DE PORTO,REGISTRO DAS EMENDAS PARLAMENTARES PREVISTAS NA EC 58/2021.,90000.0
ALEPI-283,2026,202631040665,Cancelada,Transferências com finalidade definida,SECRETARIA DE ESTADO DA CULTURA DO PIAUÍ - SECULT,SÃO JOÃO DO ARRAIAL,"INCENTIVAR A PRODUÇÃO E DIFUSÃO DE BENS, SERVIÇOS E CONTEÚDOS CULTURAIS, BEM COMO A REALIZAÇÃO DAS ATIVIDADES DO CALENDÁRIO CULTURAL DO ESTADO.",300000.0
ALEPI-283,2026,202631040674,Cancelada,Transferências com finalidade definida,SECRETARIA  DE ESTADO PARA INCLUSÃO DA PESSOA  COM DEFICIÊNCIA - SEID,MUNICIPIO DE CAMPO LARGO,"POTENCIALIZAR O ATENDIMENTO EQUOTERÁPICO DOS CENTROS DE TERESINA E PARNAÍBA, BEM COMO REALIZAR A IMPLANTAÇÃO DE DOIS NOVOS CENTROS EM FLORIANO E PICOS E FORTALECER O FUNCIONAMENTO DAS CLÍNICAS DE FISIOTERAPIA E ACADEMIAS ACESSÍVEIS NOS MUNICÍPIOS E ENTIDADES PIAUIENSES. ",135000.0
ALEPI-283,2026,202631040700,Cancelada,Transferências com finalidade definida,COORDENADORIA DA JUVENTUDE DO ESTADO DO PIAUÍ - COJUV,MUNICIPIO DE TERESINA,PROMOVER A REALIZAÇÃO DE ATIVIDADES DE INCLUSÃO DO JOVEM URBANO E RURAL NAS DIVERSAS POLÍTICAS PÚBLICAS E NAS GARANTIAS DE DIREITO DO ESTATUTO DA JUVENTUDE.,200000.0
ALEPI-283,2026,202631040701,Aprovada,Transferências com finalidade definida,SECRETARIA DE ESTADO DA AGRICULTURA FAMILIAR - SAF,OEIRAS,FORTALECER OS ARRANJOS PRODUTIVOS LOCAIS COM DESENVOLVIMENTO DAS ATIVIDADES AGROPECUÁRIAS DE FORMA SUSTENTÁVEL E RESPEITANDO A SOCIOBIODIVERSIDADE.,90000.0
ALEPI-283,2026,202631040746,Aprovada,Transferências com finalidade definida,FUNDO ESTADUAL DE SAÚDE - FUNSAUDE,Estado do Piauí,MELHORAR A QUALIDADE EM SAÚDE DO ESTADO DO PIAUÍ EM TODAS AS REGIÕES DE SAÚDE.,100000.0
ALEPI-283,2026,202631040762,Aprovada,Transferências especiais (Município),ENCARGOS GERAIS DO ESTADO,NOVO SANTO ANTONIO,REGISTRO DAS EMENDAS PARLAMENTARES PREVISTAS NA EC 58/2021.,60000.0
ALEPI-283,2026,202631040763,Aprovada,Transferências especiais (Município),ENCARGOS GERAIS DO ESTADO,NOVO SANTO ANTONIO,REGISTRO DAS EMENDAS PARLAMENTARES PREVISTAS NA EC 58/2021.,90000.0
ALEPI-283,2026,202631040764,Aprovada,Transferências especiais (Município),ENCARGOS GERAIS DO ESTADO,MUNICIPIO DE BOA HORA,REGISTRO DAS EMENDAS PARLAMENTARES PREVISTAS NA EC 58/2021.,60000.0
ALEPI-283,2026,202631040765,Aprovada,Transferências especiais (Município),ENCARGOS GERAIS DO ESTADO,MUNICIPIO DE BOA HORA,REGISTRO DAS EMENDAS PARLAMENTARES PREVISTAS NA EC 58/2021.,90000.0
ALEPI-283,2026,202631040806,Aprovada,Transferências com finalidade definida,SECRETARIA DE ESTADO DA AGRICULTURA FAMILIAR - SAF,MUNICÍPIOS DO ENTRE RIOS,"FOMENTAR O DESENVOLVIMENTO DOS DIVERSOS SISTEMA DE PRODUÇÃO DA AGRICULTURA FAMILIAR DISPONIBILIZANDO ESTRUTURAS PRODUTIVAS QUE VENHAM PROPORCIONAR O AUMENTO DA PRODUÇÃO, PRODUTIVIDADE E DIVERSIDADE DE PRODUTOS.",100000.0
ALEPI-283,2026,202631040807,Aprovada,Transferências com finalidade definida,SECRETARIA DE ESTADO  DOS ESPORTES - SECEPI,TERESINA,REALIZAÇÃO DE EVENTOS ESPORTIVOS E ESCOLARES NA MAIS DIVERSAS MODALIDADES.,60000.0
ALEPI-283,2026,202631040843,Aprovada,Transferências com finalidade definida,SECRETARIA DE ESTADO DO  MEIO AMBIENTE E RECURSOS HÍDRICOS - SEMARH,CAJUEIRO DA PRAIA E LUIS CORREIA,POSSIBILITAR A CORRETA GESTÃO E CONSERVAÇÃO DAS UNIDADES DE CONSERVAÇÃO E PARQUES ESTADUAIS.,250000.0
ALEPI-283,2026,202631040887,Aprovada,Fundo a Fundo (Município),FUNDO ESTADUAL DE SAÚDE - FUNSAUDE,MUNICIPIO DE SÃO JOÃO DO ARRAIAL,MELHORAR A QUALIDADE EM SAÚDE DO ESTADO DO PIAUÍ EM TODAS AS REGIÕES DE SAÚDE.,200000.0
ALEPI-283,2026,202631040935,Aprovada,Transferências com finalidade definida,SECRETARIA DE ESTADO DA CULTURA DO PIAUÍ - SECULT,TERESINA,"INCENTIVAR A PRODUÇÃO E DIFUSÃO DE BENS, SERVIÇOS E CONTEÚDOS CULTURAIS, BEM COMO A REALIZAÇÃO DAS ATIVIDADES DO CALENDÁRIO CULTURAL DO ESTADO.",20000.0
ALEPI-283,2026,202631040943,Aprovada,Transferências com finalidade definida,COORDENADORIA DA JUVENTUDE DO ESTADO DO PIAUÍ - COJUV,TERESINA,PROMOVER A REALIZAÇÃO DE ATIVIDADES DE INCLUSÃO DO JOVEM URBANO E RURAL NAS DIVERSAS POLÍTICAS PÚBLICAS E NAS GARANTIAS DE DIREITO DO ESTATUTO DA JUVENTUDE.,200000.0
ALEPI-283,2026,202631040960,Aprovada,Transferências com finalidade definida,SECRETARIA DE ESTADO DA CULTURA DO PIAUÍ - SECULT,MUNICIPIO DE IPIRANGA,"INCENTIVAR A PRODUÇÃO E DIFUSÃO DE BENS, SERVIÇOS E CONTEÚDOS CULTURAIS, BEM COMO A REALIZAÇÃO DAS ATIVIDADES DO CALENDÁRIO CULTURAL DO ESTADO.",300000.0
ALEPI-283,2026,202631040994,Aprovada,Transferências especiais (Município),ENCARGOS GERAIS DO ESTADO,MUNICIPIO DE SÃO JOÃO DO ARRAIAL,REGISTRO DAS EMENDAS PARLAMENTARES PREVISTAS NA EC 58/2021.,180000.0
ALEPI-283,2026,202631040995,Aprovada,Transferências especiais (Município),ENCARGOS GERAIS DO ESTADO,MUNICIPIO DE SÃO JOÃO DO ARRAIAL,REGISTRO DAS EMENDAS PARLAMENTARES PREVISTAS NA EC 58/2021.,120000.0
ALEPI-283,2026,202631041035,Aprovada,Fundo a Fundo (Município),FUNDO ESTADUAL DE SAÚDE - FUNSAUDE,MUNICIPIO DE CAMPO LARGO,MELHORAR A QUALIDADE EM SAÚDE DO ESTADO DO PIAUÍ EM TODAS AS REGIÕES DE SAÚDE.,100000.0
ALEPI-283,2026,202631041036,Aprovada,Transferências com finalidade definida,SECRETARIA  DE ESTADO PARA INCLUSÃO DA PESSOA  COM DEFICIÊNCIA - SEID,ESTADO DO PIAUÍ,"GARANTIR A ACESSIBILIDADE DAS PESSOAS COM DEFICIÊNCIA A EVENTOS VARIADOS, PROMOVENDO E INCENTIVANDO A SUA PARTICIPAÇÃO, INCLUSIVE COM A REALIZAÇÃO DAS PARALIMPÍADAS, ESTIMULANDO A PARTICIPAÇÃO DE ATLETAS EM COMPETIÇÕES, AO PASSO EM QUE SE FORTALECE O PROJETO PIAUÍ PRAIA ACESSÍVEL, SENDO NECESSÁRIO TAMBÉM A CAPACITAÇÃO DE PROFISSIONAIS QUE PRESTAM SERVIÇOS NA REDE DE ATENDIMENTO ÀS PESSOAS COM DEFICIÊNCIAS, ENVOLVENDO TODOS OS TERRITÓRIOS.",80000.0
ALEPI-283,2026,202631041051,Aprovada,Fundo a Fundo (Município),FUNDO ESTADUAL DE SAÚDE - FUNSAUDE,MUNICIPIO DE SÃO JOÃO DO ARRAIAL,MELHORAR A QUALIDADE EM SAÚDE DO ESTADO DO PIAUÍ EM TODAS AS REGIÕES DE SAÚDE.,1000000.0
ALEPI-283,2026,202631041052,Cancelada,Fundo a Fundo (Município),FUNDO ESTADUAL DE SAÚDE - FUNSAUDE,NOVO SANTO ANTONIO,MELHORAR A QUALIDADE EM SAÚDE DO ESTADO DO PIAUÍ EM TODAS AS REGIÕES DE SAÚDE.,1000000.0
ALEPI-283,2026,202631041053,Aprovada,Fundo a Fundo (Município),FUNDO ESTADUAL DE SAÚDE - FUNSAUDE,MUNICIPIO DE PORTO ,MELHORAR A QUALIDADE EM SAÚDE DO ESTADO DO PIAUÍ EM TODAS AS REGIÕES DE SAÚDE.,1000000.0
ALEPI-283,2026,202631041072,Aprovada,Fundo a Fundo (Município),FUNDO ESTADUAL DE SAÚDE - FUNSAUDE,SÃO JOÃO DO ARRAIAL,MELHORAR A QUALIDADE EM SAÚDE DO ESTADO DO PIAUÍ EM TODAS AS REGIÕES DE SAÚDE.,500000.0
ALEPI-283,2026,202631041073,Aprovada,Fundo a Fundo (Município),FUNDO ESTADUAL DE SAÚDE - FUNSAUDE,PORTO,MELHORAR A QUALIDADE EM SAÚDE DO ESTADO DO PIAUÍ EM TODAS AS REGIÕES DE SAÚDE.,500000.0
ALEPI-283,2026,202631041133,Aprovada,Transferências com finalidade definida,"SECRETARIA DE ESTADO DA ASSISTÊNCIA SOCIAL, TRABALHO E DIREITOS HUMANOS - SASC",TERESINA E REGIÃO,APOIAR  PROJETOS SOCIAIS EM PARCERIA COM ORGANIZAÇÕES DA SOCIEDADE CIVIL,50000.0
ALEPI-283,2026,202631041154,Aprovada,Transferências com finalidade definida,SECRETARIA DE ESTADO DA AGRICULTURA FAMILIAR - SAF,MUNICIPIO DE PATOS DO PIAUÍ,FORTALECER OS ARRANJOS PRODUTIVOS LOCAIS COM DESENVOLVIMENTO DAS ATIVIDADES AGROPECUÁRIAS DE FORMA SUSTENTÁVEL E RESPEITANDO A SOCIOBIODIVERSIDADE.,100000.0
ALEPI-14,2026,202631050001,Cancelada,Transferências com finalidade definida,SECRETARIA DE ESTADO DA CULTURA DO PIAUÍ - SECULT,Teresina,"INCENTIVAR A PRODUÇÃO E DIFUSÃO DE BENS, SERVIÇOS E CONTEÚDOS CULTURAIS, BEM COMO A REALIZAÇÃO DAS ATIVIDADES DO CALENDÁRIO CULTURAL DO ESTADO.",400000.0
ALEPI-14,2026,202631050003,Cancelada,Transferências com finalidade definida,SECRETARIA DE ESTADO DA CULTURA DO PIAUÍ - SECULT,Município de Bom Jesus,"INCENTIVAR A PRODUÇÃO E DIFUSÃO DE BENS, SERVIÇOS E CONTEÚDOS CULTURAIS, BEM COMO A REALIZAÇÃO DAS ATIVIDADES DO CALENDÁRIO CULTURAL DO ESTADO.",400000.0
ALEPI-14,2026,202631050004,Cancelada,Transferências com finalidade definida,SECRETARIA DE ESTADO DA CULTURA DO PIAUÍ - SECULT,Município de Teresina,"INCENTIVAR A PRODUÇÃO E DIFUSÃO DE BENS, SERVIÇOS E CONTEÚDOS CULTURAIS, BEM COMO A REALIZAÇÃO DAS ATIVIDADES DO CALENDÁRIO CULTURAL DO ESTADO.",400000.0
ALEPI-14,2026,202631050418,Aprovada,Transferências com finalidade definida,SECRETARIA DE ESTADO DA EDUCAÇÃO -SEDUC,TERESINA,"ESTA AÇÃO É DESTINADA AO DESENVOLVIMENTO DA MELHORIA DA APRENDIZAGEM NA EDUCAÇÃO BÁSICA COM VISTAS A PROMOVER AVANÇOS SIGNIFICATIVOS, ELEVANDO ASSIM O NÍVEL DE PROFICIÊNCIA DOS ESTUDANTES DA REDE. ",75000.0
ALEPI-14,2026,202631050419,Cancelada,Transferências com finalidade definida,SECRETARIA DE ESTADO DA CULTURA DO PIAUÍ - SECULT,MUNICÍPIO DE VALENÇA,"INCENTIVAR A PRODUÇÃO E DIFUSÃO DE BENS, SERVIÇOS E CONTEÚDOS CULTURAIS, BEM COMO A REALIZAÇÃO DAS ATIVIDADES DO CALENDÁRIO CULTURAL DO ESTADO.",400000.0
ALEPI-14,2026,202631050420,Aprovada,Transferências com finalidade definida,SECRETARIA DE ESTADO DA CULTURA DO PIAUÍ - SECULT,TERESINA,"INCENTIVAR A PRODUÇÃO E DIFUSÃO DE BENS, SERVIÇOS E CONTEÚDOS CULTURAIS, BEM COMO A REALIZAÇÃO DAS ATIVIDADES DO CALENDÁRIO CULTURAL DO ESTADO.",50000.0
ALEPI-14,2026,202631050423,Atualizada,Transferências com finalidade definida,SECRETARIA DE ESTADO DA CULTURA DO PIAUÍ - SECULT,TERESINA,"INCENTIVAR A PRODUÇÃO E DIFUSÃO DE BENS, SERVIÇOS E CONTEÚDOS CULTURAIS, BEM COMO A REALIZAÇÃO DAS ATIVIDADES DO CALENDÁRIO CULTURAL DO ESTADO.",100000.0
ALEPI-14,2026,202631050495,Aprovada,Transferências com finalidade definida,SECRETARIA DE ESTADO DO AGRONEGÓCIO E EMPREENDEDORISMO RURAL - SEAGRO,CAMPO MAIOR,"APOIO AOS SETORES PRODUTIVOS DO AGRONEGÓCIO, FOMENTANDO NOVOS EMPREENDIMENTOS, DISPONIBILIZANDO INVESTIMENTOS NAS DIVERSAS ÁREAS DOS SETORES DO AGRONEGÓCIO.",200000.0
ALEPI-14,2026,202631050510,Aprovada,Transferências com finalidade definida,SECRETARIA DE ESTADO DA CULTURA DO PIAUÍ - SECULT,TERESINA,"INCENTIVAR A PRODUÇÃO E DIFUSÃO DE BENS, SERVIÇOS E CONTEÚDOS CULTURAIS, BEM COMO A REALIZAÇÃO DAS ATIVIDADES DO CALENDÁRIO CULTURAL DO ESTADO.",250000.0
ALEPI-14,2026,202631050512,Cancelada,Transferências com finalidade definida,SECRETARIA DE ESTADO DA CULTURA DO PIAUÍ - SECULT,BOM JESUS,"INCENTIVAR A PRODUÇÃO E DIFUSÃO DE BENS, SERVIÇOS E CONTEÚDOS CULTURAIS, BEM COMO A REALIZAÇÃO DAS ATIVIDADES DO CALENDÁRIO CULTURAL DO ESTADO.",150000.0
ALEPI-14,2026,202631050516,Aprovada,Transferências com finalidade definida,SECRETARIA DE ESTADO DA CULTURA DO PIAUÍ - SECULT,VALENÇA,"INCENTIVAR A PRODUÇÃO E DIFUSÃO DE BENS, SERVIÇOS E CONTEÚDOS CULTURAIS, BEM COMO A REALIZAÇÃO DAS ATIVIDADES DO CALENDÁRIO CULTURAL DO ESTADO.",400000.0
ALEPI-14,2026,202631050537,Aprovada,Transferências com finalidade definida,SECRETARIA DE ESTADO DA CULTURA DO PIAUÍ - SECULT,TERESINA,"INCENTIVAR A PRODUÇÃO E DIFUSÃO DE BENS, SERVIÇOS E CONTEÚDOS CULTURAIS, BEM COMO A REALIZAÇÃO DAS ATIVIDADES DO CALENDÁRIO CULTURAL DO ESTADO.",50000.0
ALEPI-14,2026,202631050538,Aprovada,Transferências com finalidade definida,SECRETARIA DE ESTADO DA CULTURA DO PIAUÍ - SECULT,FLORIANO,"INCENTIVAR A PRODUÇÃO E DIFUSÃO DE BENS, SERVIÇOS E CONTEÚDOS CULTURAIS, BEM COMO A REALIZAÇÃO DAS ATIVIDADES DO CALENDÁRIO CULTURAL DO ESTADO.",50000.0
ALEPI-14,2026,202631050539,Aprovada,Transferências com finalidade definida,SECRETARIA DE ESTADO DA CULTURA DO PIAUÍ - SECULT,PICOS,"INCENTIVAR A PRODUÇÃO E DIFUSÃO DE BENS, SERVIÇOS E CONTEÚDOS CULTURAIS, BEM COMO A REALIZAÇÃO DAS ATIVIDADES DO CALENDÁRIO CULTURAL DO ESTADO.",50000.0
ALEPI-14,2026,202631050540,Aprovada,Transferências com finalidade definida,SECRETARIA DE ESTADO DA CULTURA DO PIAUÍ - SECULT,BOM JESUS,"INCENTIVAR A PRODUÇÃO E DIFUSÃO DE BENS, SERVIÇOS E CONTEÚDOS CULTURAIS, BEM COMO A REALIZAÇÃO DAS ATIVIDADES DO CALENDÁRIO CULTURAL DO ESTADO.",50000.0
ALEPI-14,2026,202631050541,Aprovada,Transferências com finalidade definida,SECRETARIA DE ESTADO DA CULTURA DO PIAUÍ - SECULT,CORRENTE,"INCENTIVAR A PRODUÇÃO E DIFUSÃO DE BENS, SERVIÇOS E CONTEÚDOS CULTURAIS, BEM COMO A REALIZAÇÃO DAS ATIVIDADES DO CALENDÁRIO CULTURAL DO ESTADO.",50000.0
ALEPI-14,2026,202631050592,Aprovada,Transferências especiais (Município),ENCARGOS GERAIS DO ESTADO,CRISTINO CASTRO,REGISTRO DAS EMENDAS PARLAMENTARES PREVISTAS NA EC 58/2021.,700000.0
ALEPI-14,2026,202631050593,Aprovada,Transferências com finalidade definida,SECRETARIA DE ESTADO  DOS ESPORTES - SECEPI,TERESINA,PROMOVER A IMPLANTAÇÃO DE ESCOLINHAS DE ESPORTES COLETIVOS E INDIVIDUAL COMO FORMA DE INCENTIVAR A PRÁTICA ESPORTIVA.,150000.0
ALEPI-14,2026,202631050594,Cancelada,Transferências com finalidade definida,SECRETARIA DE ESTADO DA CULTURA DO PIAUÍ - SECULT,SÃO RAIMUNDO NONATO,"INCENTIVAR A PRODUÇÃO E DIFUSÃO DE BENS, SERVIÇOS E CONTEÚDOS CULTURAIS, BEM COMO A REALIZAÇÃO DAS ATIVIDADES DO CALENDÁRIO CULTURAL DO ESTADO.",420000.0
ALEPI-14,2026,202631050622,Aprovada,Transferências especiais (Município),ENCARGOS GERAIS DO ESTADO,CRISTINO CASTRO,REGISTRO DAS EMENDAS PARLAMENTARES PREVISTAS NA EC 58/2021.,150000.0
ALEPI-14,2026,202631050633,Aprovada,Transferências com finalidade definida,SECRETARIA DE ESTADO DA CULTURA DO PIAUÍ - SECULT,TERESINA,"INCENTIVAR A PRODUÇÃO E DIFUSÃO DE BENS, SERVIÇOS E CONTEÚDOS CULTURAIS, BEM COMO A REALIZAÇÃO DAS ATIVIDADES DO CALENDÁRIO CULTURAL DO ESTADO.",100000.0
ALEPI-14,2026,202631050671,Aprovada,Transferências especiais (Município),ENCARGOS GERAIS DO ESTADO,BOM JESUS,REGISTRO DAS EMENDAS PARLAMENTARES PREVISTAS NA EC 58/2021.,1000000.0
ALEPI-14,2026,202631050707,Aprovada,Transferências com finalidade definida,SECRETARIA  DE ESTADO PARA INCLUSÃO DA PESSOA  COM DEFICIÊNCIA - SEID,TERESINA,"GARANTIR A ACESSIBILIDADE DAS PESSOAS COM DEFICIÊNCIA A EVENTOS VARIADOS, PROMOVENDO E INCENTIVANDO A SUA PARTICIPAÇÃO, INCLUSIVE COM A REALIZAÇÃO DAS PARALIMPÍADAS, ESTIMULANDO A PARTICIPAÇÃO DE ATLETAS EM COMPETIÇÕES, AO PASSO EM QUE SE FORTALECE O PROJETO PIAUÍ PRAIA ACESSÍVEL, SENDO NECESSÁRIO TAMBÉM A CAPACITAÇÃO DE PROFISSIONAIS QUE PRESTAM SERVIÇOS NA REDE DE ATENDIMENTO ÀS PESSOAS COM DEFICIÊNCIAS, ENVOLVENDO TODOS OS TERRITÓRIOS.",400000.0
ALEPI-14,2026,202631050716,Cancelada,Transferências com finalidade definida,SECRETARIA DE ESTADO DA CULTURA DO PIAUÍ - SECULT,TERESINA,"INCENTIVAR A PRODUÇÃO E DIFUSÃO DE BENS, SERVIÇOS E CONTEÚDOS CULTURAIS, BEM COMO A REALIZAÇÃO DAS ATIVIDADES DO CALENDÁRIO CULTURAL DO ESTADO.",60000.0
ALEPI-14,2026,202631050717,Cancelada,Transferências com finalidade definida,SECRETARIA DE ESTADO DA CULTURA DO PIAUÍ - SECULT,OEIRAS,"INCENTIVAR A PRODUÇÃO E DIFUSÃO DE BENS, SERVIÇOS E CONTEÚDOS CULTURAIS, BEM COMO A REALIZAÇÃO DAS ATIVIDADES DO CALENDÁRIO CULTURAL DO ESTADO.",80000.0
ALEPI-14,2026,202631050718,Cancelada,Transferências com finalidade definida,SECRETARIA DE ESTADO DA CULTURA DO PIAUÍ - SECULT,PIRIPIRI,"INCENTIVAR A PRODUÇÃO E DIFUSÃO DE BENS, SERVIÇOS E CONTEÚDOS CULTURAIS, BEM COMO A REALIZAÇÃO DAS ATIVIDADES DO CALENDÁRIO CULTURAL DO ESTADO.",80000.0
ALEPI-14,2026,202631050719,Cancelada,Transferências com finalidade definida,SECRETARIA DE ESTADO DA CULTURA DO PIAUÍ - SECULT,PARNAÍBA,"INCENTIVAR A PRODUÇÃO E DIFUSÃO DE BENS, SERVIÇOS E CONTEÚDOS CULTURAIS, BEM COMO A REALIZAÇÃO DAS ATIVIDADES DO CALENDÁRIO CULTURAL DO ESTADO.",80000.0
ALEPI-14,2026,202631050749,Aprovada,Transferências com finalidade definida,FUNDO ESTADUAL DE SAÚDE - FUNSAUDE,Estado do Piauí,MELHORAR A QUALIDADE EM SAÚDE DO ESTADO DO PIAUÍ EM TODAS AS REGIÕES DE SAÚDE.,900000.0
ALEPI-14,2026,202631050756,Aprovada,Transferências com finalidade definida,SECRETARIA DE ESTADO DA CULTURA DO PIAUÍ - SECULT,SÃO PEDRO DO PIAUÍ,"INCENTIVAR A PRODUÇÃO E DIFUSÃO DE BENS, SERVIÇOS E CONTEÚDOS CULTURAIS, BEM COMO A REALIZAÇÃO DAS ATIVIDADES DO CALENDÁRIO CULTURAL DO ESTADO.",200000.0
ALEPI-14,2026,202631050795,Aprovada,Transferências com finalidade definida,SECRETARIA DE ESTADO DA CULTURA DO PIAUÍ - SECULT,SÃO RAIMUNDO NONATO,"INCENTIVAR A PRODUÇÃO E DIFUSÃO DE BENS, SERVIÇOS E CONTEÚDOS CULTURAIS, BEM COMO A REALIZAÇÃO DAS ATIVIDADES DO CALENDÁRIO CULTURAL DO ESTADO.",420000.0
ALEPI-14,2026,202631050866,Aprovada,Transferências especiais (Município),ENCARGOS GERAIS DO ESTADO,MURICI DOS PORTELA,REGISTRO DAS EMENDAS PARLAMENTARES PREVISTAS NA EC 58/2021.,500000.0
ALEPI-14,2026,202631050891,Aprovada,Transferências com finalidade definida,SECRETARIA DE ESTADO DA CULTURA DO PIAUÍ - SECULT,TERESINA,"INCENTIVAR A PRODUÇÃO E DIFUSÃO DE BENS, SERVIÇOS E CONTEÚDOS CULTURAIS, BEM COMO A REALIZAÇÃO DAS ATIVIDADES DO CALENDÁRIO CULTURAL DO ESTADO.",400000.0
ALEPI-14,2026,202631050892,Aprovada,Transferências com finalidade definida,SECRETARIA DE ESTADO DA CULTURA DO PIAUÍ - SECULT,TERESINA,"INCENTIVAR A PRODUÇÃO E DIFUSÃO DE BENS, SERVIÇOS E CONTEÚDOS CULTURAIS, BEM COMO A REALIZAÇÃO DAS ATIVIDADES DO CALENDÁRIO CULTURAL DO ESTADO.",100000.0
ALEPI-14,2026,202631050939,Cancelada,Transferências com finalidade definida,SECRETARIA DE ESTADO DA CULTURA DO PIAUÍ - SECULT,TERESINA,"INCENTIVAR A PRODUÇÃO E DIFUSÃO DE BENS, SERVIÇOS E CONTEÚDOS CULTURAIS, BEM COMO A REALIZAÇÃO DAS ATIVIDADES DO CALENDÁRIO CULTURAL DO ESTADO.",200000.0
ALEPI-14,2026,202631050940,Cancelada,Transferências com finalidade definida,SECRETARIA DE ESTADO DA CULTURA DO PIAUÍ - SECULT,CORRENTE,"INCENTIVAR A PRODUÇÃO E DIFUSÃO DE BENS, SERVIÇOS E CONTEÚDOS CULTURAIS, BEM COMO A REALIZAÇÃO DAS ATIVIDADES DO CALENDÁRIO CULTURAL DO ESTADO.",100000.0
ALEPI-14,2026,202631050941,Aprovada,Transferências com finalidade definida,SECRETARIA DE ESTADO DA CULTURA DO PIAUÍ - SECULT,BOM JESUS,"INCENTIVAR A PRODUÇÃO E DIFUSÃO DE BENS, SERVIÇOS E CONTEÚDOS CULTURAIS, BEM COMO A REALIZAÇÃO DAS ATIVIDADES DO CALENDÁRIO CULTURAL DO ESTADO.",50000.0
ALEPI-14,2026,202631050951,Aprovada,Transferências com finalidade definida,SECRETARIA DE ESTADO DA CULTURA DO PIAUÍ - SECULT,TERESINA,"INCENTIVAR A PRODUÇÃO E DIFUSÃO DE BENS, SERVIÇOS E CONTEÚDOS CULTURAIS, BEM COMO A REALIZAÇÃO DAS ATIVIDADES DO CALENDÁRIO CULTURAL DO ESTADO.",50000.0
ALEPI-14,2026,202631050952,Aprovada,Transferências com finalidade definida,SECRETARIA DE ESTADO DA CULTURA DO PIAUÍ - SECULT,PICOS,"INCENTIVAR A PRODUÇÃO E DIFUSÃO DE BENS, SERVIÇOS E CONTEÚDOS CULTURAIS, BEM COMO A REALIZAÇÃO DAS ATIVIDADES DO CALENDÁRIO CULTURAL DO ESTADO.",50000.0
ALEPI-14,2026,202631050953,Aprovada,Transferências com finalidade definida,SECRETARIA DE ESTADO DA CULTURA DO PIAUÍ - SECULT,FLORIANO,"INCENTIVAR A PRODUÇÃO E DIFUSÃO DE BENS, SERVIÇOS E CONTEÚDOS CULTURAIS, BEM COMO A REALIZAÇÃO DAS ATIVIDADES DO CALENDÁRIO CULTURAL DO ESTADO.",50000.0
ALEPI-14,2026,202631050954,Cancelada,Transferências com finalidade definida,SECRETARIA DE ESTADO DA CULTURA DO PIAUÍ - SECULT,BOM JESUS,"INCENTIVAR A PRODUÇÃO E DIFUSÃO DE BENS, SERVIÇOS E CONTEÚDOS CULTURAIS, BEM COMO A REALIZAÇÃO DAS ATIVIDADES DO CALENDÁRIO CULTURAL DO ESTADO.",50000.0
ALEPI-14,2026,202631050955,Aprovada,Transferências com finalidade definida,SECRETARIA DE ESTADO DA CULTURA DO PIAUÍ - SECULT,TERESINA,"INCENTIVAR A PRODUÇÃO E DIFUSÃO DE BENS, SERVIÇOS E CONTEÚDOS CULTURAIS, BEM COMO A REALIZAÇÃO DAS ATIVIDADES DO CALENDÁRIO CULTURAL DO ESTADO.",100000.0
ALEPI-14,2026,202631051017,Cancelada,Transferências com finalidade definida,SECRETARIA DE ESTADO DA CULTURA DO PIAUÍ - SECULT,TERESINA,"INCENTIVAR A PRODUÇÃO E DIFUSÃO DE BENS, SERVIÇOS E CONTEÚDOS CULTURAIS, BEM COMO A REALIZAÇÃO DAS ATIVIDADES DO CALENDÁRIO CULTURAL DO ESTADO.",300000.0
ALEPI-14,2026,202631051028,Aprovada,Transferências com finalidade definida,SECRETARIA DE ESTADO DA CULTURA DO PIAUÍ - SECULT,TERESINA,"INCENTIVAR A PRODUÇÃO E DIFUSÃO DE BENS, SERVIÇOS E CONTEÚDOS CULTURAIS, BEM COMO A REALIZAÇÃO DAS ATIVIDADES DO CALENDÁRIO CULTURAL DO ESTADO.",62934.0
ALEPI-14,2026,202631051036,Aprovada,Transferências com finalidade definida,SECRETARIA DE ESTADO DA CULTURA DO PIAUÍ - SECULT,CORRENTE,"INCENTIVAR A PRODUÇÃO E DIFUSÃO DE BENS, SERVIÇOS E CONTEÚDOS CULTURAIS, BEM COMO A REALIZAÇÃO DAS ATIVIDADES DO CALENDÁRIO CULTURAL DO ESTADO.",50000.0
ALEPI-14,2026,202631051056,Aprovada,Transferências com finalidade definida,SECRETARIA DE ESTADO DA CULTURA DO PIAUÍ - SECULT,TERESINA,"INCENTIVAR A PRODUÇÃO E DIFUSÃO DE BENS, SERVIÇOS E CONTEÚDOS CULTURAIS, BEM COMO A REALIZAÇÃO DAS ATIVIDADES DO CALENDÁRIO CULTURAL DO ESTADO.",300000.0
ALEPI-14,2026,202631051061,Aprovada,Transferências com finalidade definida,FUNDO ESTADUAL DE SAÚDE - FUNSAUDE,TERESINA,MELHORAR A QUALIDADE EM SAÚDE DO ESTADO DO PIAUÍ EM TODAS AS REGIÕES DE SAÚDE.,700000.0
ALEPI-317,2026,202631060404,Cancelada,Transferências com finalidade definida,SECRETARIA DE ESTADO DA CULTURA DO PIAUÍ - SECULT,SÃO GONÇALO DO PIAUI,"INCENTIVAR A PRODUÇÃO E DIFUSÃO DE BENS, SERVIÇOS E CONTEÚDOS CULTURAIS, BEM COMO A REALIZAÇÃO DAS ATIVIDADES DO CALENDÁRIO CULTURAL DO ESTADO.",200000.0
ALEPI-317,2026,202631060405,Aprovada,Transferências com finalidade definida,SECRETARIA DE ESTADO  DOS ESPORTES - SECEPI,TERESINA - PI E REGIÕES ADJASCENTES,REALIZAÇÃO DE EVENTOS ESPORTIVOS E ESCOLARES NA MAIS DIVERSAS MODALIDADES.,200000.0
ALEPI-317,2026,202631060406,Aprovada,Transferências com finalidade definida,SECRETARIA DE ESTADO  DOS ESPORTES - SECEPI, Altos – PI Local: Parque MF – Localidade Cocais dos Mestres Abrangência: Municipal e Regional (Altos e municípios vizinhos),"GARANTIR A EFICIENTE ATUAÇÃO GOVERNAMENTAL NA ARTICULAÇÃO, PREPARAÇÃO, PROMOÇÃO E REALIZAÇÃO DE EVENTOS ESPORTIVOS DE PEQUENO, MÉDIO E GRANDE PORTE.",200000.0
ALEPI-317,2026,202631060449,Aprovada,Transferências com finalidade definida,SECRETARIA DE ESTADO DA CULTURA DO PIAUÍ - SECULT,Teresina e Regiões adjacentes,"INCENTIVAR A PRODUÇÃO E DIFUSÃO DE BENS, SERVIÇOS E CONTEÚDOS CULTURAIS, BEM COMO A REALIZAÇÃO DAS ATIVIDADES DO CALENDÁRIO CULTURAL DO ESTADO.",500000.0
ALEPI-317,2026,202631060461,Aprovada,Transferências com finalidade definida,SECRETARIA DE ESTADO  DOS ESPORTES - SECEPI,"Oeiras, Beneditinos, Parnaíba e Teresina","GARANTIR A EFICIENTE ATUAÇÃO GOVERNAMENTAL NA ARTICULAÇÃO, PREPARAÇÃO, PROMOÇÃO E REALIZAÇÃO DE EVENTOS ESPORTIVOS DE PEQUENO, MÉDIO E GRANDE PORTE.",400000.0
ALEPI-317,2026,202631060462,Cancelada,Transferências com finalidade definida,SECRETARIA DE ESTADO  DOS ESPORTES - SECEPI,"Flores do Piauí, Cabeceiras do Piauí  e Teresina","GARANTIR A EFICIENTE ATUAÇÃO GOVERNAMENTAL NA ARTICULAÇÃO, PREPARAÇÃO, PROMOÇÃO E REALIZAÇÃO DE EVENTOS ESPORTIVOS DE PEQUENO, MÉDIO E GRANDE PORTE",400000.0
ALEPI-317,2026,202631060463,Aprovada,Transferências com finalidade definida,SECRETARIA DE ESTADO  DOS ESPORTES - SECEPI,"Beneditinos, Alto Longá, José de Freitas e Murici dos Portelas","GARANTIR A EFICIENTE ATUAÇÃO GOVERNAMENTAL NA ARTICULAÇÃO, PREPARAÇÃO, PROMOÇÃO E REALIZAÇÃO DE EVENTOS ESPORTIVOS DE PEQUENO, MÉDIO E GRANDE PORTE.",400000.0
ALEPI-317,2026,202631060480,Aprovada,Transferências com finalidade definida,SECRETARIA DE ESTADO  DOS ESPORTES - SECEPI,Teresina e regiões adjascentes,"GARANTIR A EFICIENTE ATUAÇÃO GOVERNAMENTAL NA ARTICULAÇÃO, PREPARAÇÃO, PROMOÇÃO E REALIZAÇÃO DE EVENTOS ESPORTIVOS DE PEQUENO, MÉDIO E GRANDE PORTE.",200000.0
ALEPI-317,2026,202631060487,Aprovada,Transferências com finalidade definida,SECRETARIA DE ESTADO  DOS ESPORTES - SECEPI,Teresina e regiões adjascentes,"GARANTIR A EFICIENTE ATUAÇÃO GOVERNAMENTAL NA ARTICULAÇÃO, PREPARAÇÃO, PROMOÇÃO E REALIZAÇÃO DE EVENTOS ESPORTIVOS DE PEQUENO, MÉDIO E GRANDE PORTE.",120000.0
ALEPI-317,2026,202631060511,Cancelada,Transferências com finalidade definida,SECRETARIA DE ESTADO DA CULTURA DO PIAUÍ - SECULT,Cabeceiras do Piauí e regiões  adjacentes,"INCENTIVAR A PRODUÇÃO E DIFUSÃO DE BENS, SERVIÇOS E CONTEÚDOS CULTURAIS, BEM COMO A REALIZAÇÃO DAS ATIVIDADES DO CALENDÁRIO CULTURAL DO ESTADO.",150000.0
ALEPI-317,2026,202631060529,Cancelada,Transferências com finalidade definida,SECRETARIA DE ESTADO DA CULTURA DO PIAUÍ - SECULT,Teresina e regiões adjacentes,"INCENTIVAR A PRODUÇÃO E DIFUSÃO DE BENS, SERVIÇOS E CONTEÚDOS CULTURAIS, BEM COMO A REALIZAÇÃO DAS ATIVIDADES DO CALENDÁRIO CULTURAL DO ESTADO.",200000.0
ALEPI-317,2026,202631060531,Aprovada,Transferências com finalidade definida,SECRETARIA DA IRRIGAÇÃO E INFRAESTRUTURA HÍDRICA - SEFIR,Dirceu Arcoverde do Piauí,"FORTALECER E AMPLIAR AS CONDIÇÕES DA POPULAÇÃO NO ENFRENTAMENTO À SECA, MELHORANDO ASSIM A QUALIDADE DE VIDA POR MEIO DO ABASTECIMENTO. ",250000.0
ALEPI-317,2026,202631060532,Cancelada,Transferências com finalidade definida,SECRETARIA DE ESTADO DA CULTURA DO PIAUÍ - SECULT,São Gonçalo do Piauí e regiões  ,"INCENTIVAR A PRODUÇÃO E DIFUSÃO DE BENS, SERVIÇOS E CONTEÚDOS CULTURAIS, BEM COMO A REALIZAÇÃO DAS ATIVIDADES DO CALENDÁRIO CULTURAL DO ESTADO.",200000.0
ALEPI-317,2026,202631060584,Cancelada,Transferências com finalidade definida,SECRETARIA DE ESTADO DA CULTURA DO PIAUÍ - SECULT,Flores do Piauí – PI e Regiões ,"INCENTIVAR A PRODUÇÃO E DIFUSÃO DE BENS, SERVIÇOS E CONTEÚDOS CULTURAIS, BEM COMO A REALIZAÇÃO DAS ATIVIDADES DO CALENDÁRIO CULTURAL DO ESTADO.",230000.0
ALEPI-317,2026,202631060586,Cancelada,Transferências com finalidade definida,SECRETARIA DE ESTADO DA CULTURA DO PIAUÍ - SECULT,Flores do Piauí – PI e regiões próximas,"INCENTIVAR A PRODUÇÃO E DIFUSÃO DE BENS, SERVIÇOS E CONTEÚDOS CULTURAIS, BEM COMO A REALIZAÇÃO DAS ATIVIDADES DO CALENDÁRIO CULTURAL DO ESTADO.",200000.0
ALEPI-317,2026,202631060611,Cancelada,Transferências com finalidade definida,SECRETARIA DE ESTADO  DOS ESPORTES - SECEPI,Teresina e municípios do estado do Piauí ,REALIZAÇÃO DE EVENTOS ESPORTIVOS E ESCOLARES NA MAIS DIVERSAS MODALIDADES.,200000.0
ALEPI-317,2026,202631060631,Aprovada,Fundo a Fundo (Município),FUNDO ESTADUAL DE SAÚDE - FUNSAUDE,"PALMEIRA DO PIAUÍ NO POVOADO SÃO FRANCISCO, ZONA RURAL DO MUNICÍPIO",MELHORAR A QUALIDADE EM SAÚDE DO ESTADO DO PIAUÍ EM TODAS AS REGIÕES DE SAÚDE.,500000.0
ALEPI-317,2026,202631060632,Cancelada,Transferências com finalidade definida,SECRETARIA DE ESTADO DA CULTURA DO PIAUÍ - SECULT,Teresina e regiões próximas ,"INCENTIVAR A PRODUÇÃO E DIFUSÃO DE BENS, SERVIÇOS E CONTEÚDOS CULTURAIS, BEM COMO A REALIZAÇÃO DAS ATIVIDADES DO CALENDÁRIO CULTURAL DO ESTADO.",150000.0
ALEPI-317,2026,202631060657,Aprovada,Transferências com finalidade definida,SECRETARIA DE ESTADO DA CULTURA DO PIAUÍ - SECULT,Barro Duro - Pi  e Regiões próximas ,"INCENTIVAR A PRODUÇÃO E DIFUSÃO DE BENS, SERVIÇOS E CONTEÚDOS CULTURAIS, BEM COMO A REALIZAÇÃO DAS ATIVIDADES DO CALENDÁRIO CULTURAL DO ESTADO.",200000.0
ALEPI-317,2026,202631060673,Aprovada,Transferências com finalidade definida,SECRETARIA DE ESTADO DA CULTURA DO PIAUÍ - SECULT,São Gonçalo do Piauí e regiões,"INCENTIVAR A PRODUÇÃO E DIFUSÃO DE BENS, SERVIÇOS E CONTEÚDOS CULTURAIS, BEM COMO A REALIZAÇÃO DAS ATIVIDADES DO CALENDÁRIO CULTURAL DO ESTADO.",50000.0
ALEPI-317,2026,202631060686,Aprovada,Transferências especiais (Município),ENCARGOS GERAIS DO ESTADO,Caraúbas do Piauí -Pi ,REGISTRO DAS EMENDAS PARLAMENTARES PREVISTAS NA EC 58/2021.,150000.0
ALEPI-317,2026,202631060692,Aprovada,Transferências com finalidade definida,SECRETARIA DE ESTADO  DOS ESPORTES - SECEPI,Beneditinos - pi e regiões próximas ,REALIZAÇÃO DE EVENTOS ESPORTIVOS E ESCOLARES NA MAIS DIVERSAS MODALIDADES.,150000.0
ALEPI-317,2026,202631060697,Aprovada,Transferências especiais (Município),ENCARGOS GERAIS DO ESTADO,Caraúbas do Piauí - Pi,REGISTRO DAS EMENDAS PARLAMENTARES PREVISTAS NA EC 58/2021.,100000.0
ALEPI-317,2026,202631060766,Aprovada,Transferências especiais (Município),ENCARGOS GERAIS DO ESTADO,Oeiras-Pi,REGISTRO DAS EMENDAS PARLAMENTARES PREVISTAS NA EC 58/2021.,66000.0
ALEPI-317,2026,202631060767,Aprovada,Transferências especiais (Município),ENCARGOS GERAIS DO ESTADO,Oeiras-Pi,REGISTRO DAS EMENDAS PARLAMENTARES PREVISTAS NA EC 58/2021.,44000.0
ALEPI-317,2026,202631060768,Aprovada,Transferências com finalidade definida,SECRETARIA DE ESTADO  DOS ESPORTES - SECEPI,Campo Maior - pi e regiões próximas,REALIZAÇÃO DE EVENTOS ESPORTIVOS E ESCOLARES NA MAIS DIVERSAS MODALIDADES.,150000.0
ALEPI-317,2026,202631060798,Aprovada,Transferências com finalidade definida,SECRETARIA DE ESTADO  DOS ESPORTES - SECEPI,"Flores do Piauí, Cabeceiras do Piauí e Teresina-pi",REALIZAÇÃO DE EVENTOS ESPORTIVOS E ESCOLARES NA MAIS DIVERSAS MODALIDADES.,300000.0
ALEPI-317,2026,202631060799,Aprovada,Transferências com finalidade definida,SECRETARIA DE ESTADO DA CULTURA DO PIAUÍ - SECULT,Nazaria - Pi e regiões próximas,"INCENTIVAR A PRODUÇÃO E DIFUSÃO DE BENS, SERVIÇOS E CONTEÚDOS CULTURAIS, BEM COMO A REALIZAÇÃO DAS ATIVIDADES DO CALENDÁRIO CULTURAL DO ESTADO.",50000.0
ALEPI-317,2026,202631060820,Aprovada,Transferências com finalidade definida,SECRETARIA DE ESTADO DA CULTURA DO PIAUÍ - SECULT,Porto-Pi e Regiões próximas ,"INCENTIVAR A PRODUÇÃO E DIFUSÃO DE BENS, SERVIÇOS E CONTEÚDOS CULTURAIS, BEM COMO A REALIZAÇÃO DAS ATIVIDADES DO CALENDÁRIO CULTURAL DO ESTADO.",50000.0
ALEPI-317,2026,202631060851,Aprovada,Transferências com finalidade definida,SECRETARIA DE ESTADO DA CULTURA DO PIAUÍ - SECULT,Porto-Pi e regiões próximas,"INCENTIVAR A PRODUÇÃO E DIFUSÃO DE BENS, SERVIÇOS E CONTEÚDOS CULTURAIS, BEM COMO A REALIZAÇÃO DAS ATIVIDADES DO CALENDÁRIO CULTURAL DO ESTADO.",60000.0
ALEPI-317,2026,202631060852,Aprovada,Transferências com finalidade definida,SECRETARIA DE ESTADO DA CULTURA DO PIAUÍ - SECULT,palmeirais e regiões próximas  ,"INCENTIVAR A PRODUÇÃO E DIFUSÃO DE BENS, SERVIÇOS E CONTEÚDOS CULTURAIS, BEM COMO A REALIZAÇÃO DAS ATIVIDADES DO CALENDÁRIO CULTURAL DO ESTADO.",100000.0
ALEPI-317,2026,202631060886,Aprovada,Transferências com finalidade definida,SECRETARIA DE ESTADO DA CULTURA DO PIAUÍ - SECULT,Lagoa do Sitio - PI e regiões proximas,"INCENTIVAR A PRODUÇÃO E DIFUSÃO DE BENS, SERVIÇOS E CONTEÚDOS CULTURAIS, BEM COMO A REALIZAÇÃO DAS ATIVIDADES DO CALENDÁRIO CULTURAL DO ESTADO.",100000.0
ALEPI-317,2026,202631060890,Aprovada,Transferências com finalidade definida,SECRETARIA DE ESTADO DA CULTURA DO PIAUÍ - SECULT,Oeiras - Pi regiões próximas,"INCENTIVAR A PRODUÇÃO E DIFUSÃO DE BENS, SERVIÇOS E CONTEÚDOS CULTURAIS, BEM COMO A REALIZAÇÃO DAS ATIVIDADES DO CALENDÁRIO CULTURAL DO ESTADO.",200000.0
ALEPI-317,2026,202631060891,Aprovada,Transferências com finalidade definida,SECRETARIA DE ESTADO  DOS ESPORTES - SECEPI,Teresina- pi,REALIZAÇÃO DE EVENTOS ESPORTIVOS E ESCOLARES NA MAIS DIVERSAS MODALIDADES.,78967.0
ALEPI-317,2026,202631060902,Aprovada,Transferências com finalidade definida,SECRETARIA DE ESTADO DA CULTURA DO PIAUÍ - SECULT,Luis Correia - Pi e Regiões proxima,"INCENTIVAR A PRODUÇÃO E DIFUSÃO DE BENS, SERVIÇOS E CONTEÚDOS CULTURAIS, BEM COMO A REALIZAÇÃO DAS ATIVIDADES DO CALENDÁRIO CULTURAL DO ESTADO.",100000.0
ALEPI-317,2026,202631060903,Aprovada,Transferências com finalidade definida,SECRETARIA DE ESTADO DA CULTURA DO PIAUÍ - SECULT,Teresina - Pi,"INCENTIVAR A PRODUÇÃO E DIFUSÃO DE BENS, SERVIÇOS E CONTEÚDOS CULTURAIS, BEM COMO A REALIZAÇÃO DAS ATIVIDADES DO CALENDÁRIO CULTURAL DO ESTADO.",100000.0
ALEPI-317,2026,202631060904,Aprovada,Transferências com finalidade definida,SECRETARIA DE ESTADO DA CULTURA DO PIAUÍ - SECULT,Teresina-Pi,"INCENTIVAR A PRODUÇÃO E DIFUSÃO DE BENS, SERVIÇOS E CONTEÚDOS CULTURAIS, BEM COMO A REALIZAÇÃO DAS ATIVIDADES DO CALENDÁRIO CULTURAL DO ESTADO.",250000.0
ALEPI-317,2026,202631060908,Aprovada,Transferências com finalidade definida,SECRETARIA DE ESTADO  DOS ESPORTES - SECEPI,Teresina - pi,REALIZAÇÃO DE EVENTOS ESPORTIVOS E ESCOLARES NA MAIS DIVERSAS MODALIDADES.,98966.0
ALEPI-317,2026,202631060919,Aprovada,Transferências com finalidade definida,SECRETARIA DE ESTADO DA CULTURA DO PIAUÍ - SECULT,Barras - Pi e Regiões proximas,"INCENTIVAR A PRODUÇÃO E DIFUSÃO DE BENS, SERVIÇOS E CONTEÚDOS CULTURAIS, BEM COMO A REALIZAÇÃO DAS ATIVIDADES DO CALENDÁRIO CULTURAL DO ESTADO.",200000.0
ALEPI-317,2026,202631060935,Aprovada,Transferências com finalidade definida,SECRETARIA DE ESTADO DA CULTURA DO PIAUÍ - SECULT,Teresina-Pi,"INCENTIVAR A PRODUÇÃO E DIFUSÃO DE BENS, SERVIÇOS E CONTEÚDOS CULTURAIS, BEM COMO A REALIZAÇÃO DAS ATIVIDADES DO CALENDÁRIO CULTURAL DO ESTADO.",230000.0
ALEPI-317,2026,202631060950,Aprovada,Transferências com finalidade definida,SECRETARIA DE ESTADO DA CULTURA DO PIAUÍ - SECULT,Alagoinha do Piauí - Pi e Regiões próximas,"INCENTIVAR A PRODUÇÃO E DIFUSÃO DE BENS, SERVIÇOS E CONTEÚDOS CULTURAIS, BEM COMO A REALIZAÇÃO DAS ATIVIDADES DO CALENDÁRIO CULTURAL DO ESTADO.",150000.0
ALEPI-317,2026,202631060993,Cancelada,Transferências com finalidade definida,SECRETARIA DE ESTADO DA CULTURA DO PIAUÍ - SECULT,Teresina-Pi,"INCENTIVAR A PRODUÇÃO E DIFUSÃO DE BENS, SERVIÇOS E CONTEÚDOS CULTURAIS, BEM COMO A REALIZAÇÃO DAS ATIVIDADES DO CALENDÁRIO CULTURAL DO ESTADO.",100000.0
ALEPI-317,2026,202631060996,Cancelada,Transferências com finalidade definida,SECRETARIA DE ESTADO DA CULTURA DO PIAUÍ - SECULT,Teresina-pi,"INCENTIVAR A PRODUÇÃO E DIFUSÃO DE BENS, SERVIÇOS E CONTEÚDOS CULTURAIS, BEM COMO A REALIZAÇÃO DAS ATIVIDADES DO CALENDÁRIO CULTURAL DO ESTADO.",100000.0
ALEPI-317,2026,202631060997,Aprovada,Transferências com finalidade definida,SECRETARIA DE ESTADO DA CULTURA DO PIAUÍ - SECULT,Teresina-pi,"INCENTIVAR A PRODUÇÃO E DIFUSÃO DE BENS, SERVIÇOS E CONTEÚDOS CULTURAIS, BEM COMO A REALIZAÇÃO DAS ATIVIDADES DO CALENDÁRIO CULTURAL DO ESTADO.",50000.0
ALEPI-317,2026,202631061001,Aprovada,Transferências com finalidade definida,SECRETARIA DE ESTADO DA CULTURA DO PIAUÍ - SECULT,Teresina-pi,"INCENTIVAR A PRODUÇÃO E DIFUSÃO DE BENS, SERVIÇOS E CONTEÚDOS CULTURAIS, BEM COMO A REALIZAÇÃO DAS ATIVIDADES DO CALENDÁRIO CULTURAL DO ESTADO.",100000.0
ALEPI-317,2026,202631061002,Cancelada,Transferências com finalidade definida,SECRETARIA DE ESTADO DA CULTURA DO PIAUÍ - SECULT,Teresina-pi,"INCENTIVAR A PRODUÇÃO E DIFUSÃO DE BENS, SERVIÇOS E CONTEÚDOS CULTURAIS, BEM COMO A REALIZAÇÃO DAS ATIVIDADES DO CALENDÁRIO CULTURAL DO ESTADO.",50000.0
ALEPI-317,2026,202631061004,Aprovada,Transferências com finalidade definida,SECRETARIA DE ESTADO DA CULTURA DO PIAUÍ - SECULT,Teresina-Pi,"INCENTIVAR A PRODUÇÃO E DIFUSÃO DE BENS, SERVIÇOS E CONTEÚDOS CULTURAIS, BEM COMO A REALIZAÇÃO DAS ATIVIDADES DO CALENDÁRIO CULTURAL DO ESTADO.",180000.0
ALEPI-317,2026,202631061005,Cancelada,Transferências com finalidade definida,SECRETARIA DE ESTADO DA CULTURA DO PIAUÍ - SECULT,Teresina-pi,"INCENTIVAR A PRODUÇÃO E DIFUSÃO DE BENS, SERVIÇOS E CONTEÚDOS CULTURAIS, BEM COMO A REALIZAÇÃO DAS ATIVIDADES DO CALENDÁRIO CULTURAL DO ESTADO.",70000.0
ALEPI-317,2026,202631061245,Aprovada,Transferências com finalidade definida,SECRETARIA DE ESTADO DA CULTURA DO PIAUÍ - SECULT,Francinopolis-Pi,"INCENTIVAR A PRODUÇÃO E DIFUSÃO DE BENS, SERVIÇOS E CONTEÚDOS CULTURAIS, BEM COMO A REALIZAÇÃO DAS ATIVIDADES DO CALENDÁRIO CULTURAL DO ESTADO.",60000.0
ALEPI-317,2026,202631061246,Aprovada,Transferências com finalidade definida,SECRETARIA DE ESTADO DA CULTURA DO PIAUÍ - SECULT,Hugo Napoleão - Pi ,"INCENTIVAR A PRODUÇÃO E DIFUSÃO DE BENS, SERVIÇOS E CONTEÚDOS CULTURAIS, BEM COMO A REALIZAÇÃO DAS ATIVIDADES DO CALENDÁRIO CULTURAL DO ESTADO.",60000.0
ALEPI-317,2026,202631061250,Aprovada,Transferências com finalidade definida,SECRETARIA DE ESTADO DA CULTURA DO PIAUÍ - SECULT,Porto - Pi,"INCENTIVAR A PRODUÇÃO E DIFUSÃO DE BENS, SERVIÇOS E CONTEÚDOS CULTURAIS, BEM COMO A REALIZAÇÃO DAS ATIVIDADES DO CALENDÁRIO CULTURAL DO ESTADO.",65000.0
ALEPI-332,2026,202631070001,Cancelada,Transferências especiais (Município),SECRETARIA DE ESTADO DA CULTURA DO PIAUÍ - SECULT,Municipio de Milton Brandão,"INCENTIVAR A PRODUÇÃO E DIFUSÃO DE BENS, SERVIÇOS E CONTEÚDOS CULTURAIS, BEM COMO A REALIZAÇÃO DAS ATIVIDADES DO CALENDÁRIO CULTURAL DO ESTADO.",100000.0
ALEPI-332,2026,202631070442,Aprovada,Transferências com finalidade definida,COORDENADORIA DA JUVENTUDE DO ESTADO DO PIAUÍ - COJUV,Teresina-PI,PROMOVER A REALIZAÇÃO DE ATIVIDADES DE INCLUSÃO DO JOVEM URBANO E RURAL NAS DIVERSAS POLÍTICAS PÚBLICAS E NAS GARANTIAS DE DIREITO DO ESTATUTO DA JUVENTUDE.,500000.0
ALEPI-332,2026,202631070479,Cancelada,Transferências com finalidade definida,SECRETARIA DE ESTADO DA CULTURA DO PIAUÍ - SECULT,Teresina-PI,"INCENTIVAR A PRODUÇÃO E DIFUSÃO DE BENS, SERVIÇOS E CONTEÚDOS CULTURAIS, BEM COMO A REALIZAÇÃO DAS ATIVIDADES DO CALENDÁRIO CULTURAL DO ESTADO.",50000.0
ALEPI-332,2026,202631070510,Aprovada,Transferências com finalidade definida,COORDENADORIA DA JUVENTUDE DO ESTADO DO PIAUÍ - COJUV,Teresina-PI,PROMOVER A REALIZAÇÃO DE ATIVIDADES DE INCLUSÃO DO JOVEM URBANO E RURAL NAS DIVERSAS POLÍTICAS PÚBLICAS E NAS GARANTIAS DE DIREITO DO ESTATUTO DA JUVENTUDE.,500000.0
ALEPI-332,2026,202631070513,Cancelada,Transferências com finalidade definida,SECRETARIA DE ESTADO DA CULTURA DO PIAUÍ - SECULT,Teresina-PI,"INCENTIVAR A PRODUÇÃO E DIFUSÃO DE BENS, SERVIÇOS E CONTEÚDOS CULTURAIS, BEM COMO A REALIZAÇÃO DAS ATIVIDADES DO CALENDÁRIO CULTURAL DO ESTADO.",30000.0
ALEPI-332,2026,202631070514,Cancelada,Transferências com finalidade definida,SECRETARIA DE ESTADO DA CULTURA DO PIAUÍ - SECULT,Teresina-PI,"INCENTIVAR A PRODUÇÃO E DIFUSÃO DE BENS, SERVIÇOS E CONTEÚDOS CULTURAIS, BEM COMO A REALIZAÇÃO DAS ATIVIDADES DO CALENDÁRIO CULTURAL DO ESTADO.",20000.0
ALEPI-332,2026,202631070515,Aprovada,Transferências especiais (Município),ENCARGOS GERAIS DO ESTADO,Milton Brandão-PI,REGISTRO DAS EMENDAS PARLAMENTARES PREVISTAS NA EC 58/2021.,150000.0
ALEPI-332,2026,202631070526,Aprovada,Transferências com finalidade definida,SECRETARIA DE ESTADO DA CULTURA DO PIAUÍ - SECULT,Lagoa do Piauí - PI,"INCENTIVAR A PRODUÇÃO E DIFUSÃO DE BENS, SERVIÇOS E CONTEÚDOS CULTURAIS, BEM COMO A REALIZAÇÃO DAS ATIVIDADES DO CALENDÁRIO CULTURAL DO ESTADO.",200000.0
ALEPI-332,2026,202631070551,Cancelada,Transferências especiais (Município),COORDENADORIA ESTADUAL DE DESENVOLVIMENTO DOS TERRITÓRIOS - CDTER,Cristino Castro-PI,GARANTIR A MELHORIA DAS PAVIMENTAÇÕES URBANA E RURAL DOS MUNICÍPIOS PIAUIENSES.,150000.0
ALEPI-332,2026,202631070559,Cancelada,Transferências com finalidade definida,SECRETARIA DE ESTADO DA CULTURA DO PIAUÍ - SECULT,Elesbão Veloso -PI,"INCENTIVAR A PRODUÇÃO E DIFUSÃO DE BENS, SERVIÇOS E CONTEÚDOS CULTURAIS, BEM COMO A REALIZAÇÃO DAS ATIVIDADES DO CALENDÁRIO CULTURAL DO ESTADO.",150000.0
ALEPI-332,2026,202631070560,Cancelada,Transferências com finalidade definida,COORDENADORIA DA JUVENTUDE DO ESTADO DO PIAUÍ - COJUV,Paulistana-PI,PROMOVER A REALIZAÇÃO DE ATIVIDADES DE INCLUSÃO DO JOVEM URBANO E RURAL NAS DIVERSAS POLÍTICAS PÚBLICAS E NAS GARANTIAS DE DIREITO DO ESTATUTO DA JUVENTUDE.,80000.0
ALEPI-332,2026,202631070617,Aprovada,Transferências especiais (Município),ENCARGOS GERAIS DO ESTADO,Cristino Castro-PI,REGISTRO DAS EMENDAS PARLAMENTARES PREVISTAS NA EC 58/2021.,150000.0
ALEPI-332,2026,202631070619,Aprovada,Transferências com finalidade definida,SECRETARIA DE ESTADO DA SAÚDE DO PIAUÍ - SESAPI,PEDRO II-PI,"APOIAR TÉCNICA E FINANCEIRAMENTE INSTITUIÇÕES DO TERCEIRO SETOR E DEMAIS PARCEIROS DO CAMPO DA SAÚDE PARA REALIZAÇÃO NA ÁREA DE PROMOÇÃO, PREVENÇÃO, REABILITAÇÃO E RECUPERAÇÃO DA SAÚDE. ",500000.0
ALEPI-332,2026,202631070620,Aprovada,Transferências com finalidade definida,COORDENADORIA DA JUVENTUDE DO ESTADO DO PIAUÍ - COJUV,Oeiras-PI e Santa Rosa-PI,PROMOVER A REALIZAÇÃO DE ATIVIDADES DE INCLUSÃO DO JOVEM URBANO E RURAL NAS DIVERSAS POLÍTICAS PÚBLICAS E NAS GARANTIAS DE DIREITO DO ESTATUTO DA JUVENTUDE.,400000.0
ALEPI-332,2026,202631070713,Aprovada,Transferências com finalidade definida,COORDENADORIA DA JUVENTUDE DO ESTADO DO PIAUÍ - COJUV,Teresina-PI,PROMOVER A REALIZAÇÃO DE ATIVIDADES DE INCLUSÃO DO JOVEM URBANO E RURAL NAS DIVERSAS POLÍTICAS PÚBLICAS E NAS GARANTIAS DE DIREITO DO ESTATUTO DA JUVENTUDE.,500000.0
ALEPI-332,2026,202631070729,Aprovada,Transferências com finalidade definida,SECRETARIA DE ESTADO DA CULTURA DO PIAUÍ - SECULT,Novo Santo Antônio-PI,"INCENTIVAR A PRODUÇÃO E DIFUSÃO DE BENS, SERVIÇOS E CONTEÚDOS CULTURAIS, BEM COMO A REALIZAÇÃO DAS ATIVIDADES DO CALENDÁRIO CULTURAL DO ESTADO.",250000.0
ALEPI-332,2026,202631070730,Aprovada,Transferências com finalidade definida,SECRETARIA DE ESTADO DA CULTURA DO PIAUÍ - SECULT,Campo Maior-PI,"INCENTIVAR A PRODUÇÃO E DIFUSÃO DE BENS, SERVIÇOS E CONTEÚDOS CULTURAIS, BEM COMO A REALIZAÇÃO DAS ATIVIDADES DO CALENDÁRIO CULTURAL DO ESTADO.",300000.0
ALEPI-332,2026,202631070747,Aprovada,Transferências com finalidade definida,FUNDO ESTADUAL DE SAÚDE - FUNSAUDE,Estado do Piauí,MELHORAR A QUALIDADE EM SAÚDE DO ESTADO DO PIAUÍ EM TODAS AS REGIÕES DE SAÚDE.,50000.0
ALEPI-332,2026,202631070796,Aprovada,Transferências com finalidade definida,COORDENADORIA ESTADUAL DE DESENVOLVIMENTO DOS TERRITÓRIOS - CDTER,Teresina-PI,PROMOÇÃO E DESENVOLVIMENTO DAS POTENCIALIDADES DOS TERRITÓRIOS.,200000.0
ALEPI-332,2026,202631070797,Aprovada,Transferências com finalidade definida,SECRETARIA DE ESTADO DA CULTURA DO PIAUÍ - SECULT,São Pedro do Piauí - PI,"INCENTIVAR A PRODUÇÃO E DIFUSÃO DE BENS, SERVIÇOS E CONTEÚDOS CULTURAIS, BEM COMO A REALIZAÇÃO DAS ATIVIDADES DO CALENDÁRIO CULTURAL DO ESTADO.",400000.0
ALEPI-332,2026,202631070929,Aprovada,Transferências com finalidade definida,SECRETARIA DE ESTADO DA CULTURA DO PIAUÍ - SECULT,ELESBÃO VELOSO-PI,"INCENTIVAR A PRODUÇÃO E DIFUSÃO DE BENS, SERVIÇOS E CONTEÚDOS CULTURAIS, BEM COMO A REALIZAÇÃO DAS ATIVIDADES DO CALENDÁRIO CULTURAL DO ESTADO.",150000.0
ALEPI-332,2026,202631070930,Cancelada,Transferências especiais (Município),ENCARGOS GERAIS DO ESTADO,Castelo do Piauí-PI,VALORES RELACIONADOS AO PAGAMENTOS DE RETENÇÕES E DEMAIS ENCARGOS DA ASSEMBLEIA LEGISLATIVA,400000.0
ALEPI-332,2026,202631070931,Aprovada,Transferências com finalidade definida,SECRETARIA DE ESTADO DA CULTURA DO PIAUÍ - SECULT,BARRAS-PI,"INCENTIVAR A PRODUÇÃO E DIFUSÃO DE BENS, SERVIÇOS E CONTEÚDOS CULTURAIS, BEM COMO A REALIZAÇÃO DAS ATIVIDADES DO CALENDÁRIO CULTURAL DO ESTADO.",300000.0
ALEPI-332,2026,202631070945,Aprovada,Transferências com finalidade definida,SECRETARIA DE ESTADO DA CULTURA DO PIAUÍ - SECULT,PIRACURUCA-PI,"INCENTIVAR A PRODUÇÃO E DIFUSÃO DE BENS, SERVIÇOS E CONTEÚDOS CULTURAIS, BEM COMO A REALIZAÇÃO DAS ATIVIDADES DO CALENDÁRIO CULTURAL DO ESTADO.",300000.0
ALEPI-332,2026,202631070946,Cancelada,Transferências com finalidade definida,SECRETARIA DE ESTADO DA CULTURA DO PIAUÍ - SECULT,Teresina-PI,"INCENTIVAR A PRODUÇÃO E DIFUSÃO DE BENS, SERVIÇOS E CONTEÚDOS CULTURAIS, BEM COMO A REALIZAÇÃO DAS ATIVIDADES DO CALENDÁRIO CULTURAL DO ESTADO.",400000.0
ALEPI-332,2026,202631070947,Aprovada,Transferências com finalidade definida,SECRETARIA DE ESTADO DA CULTURA DO PIAUÍ - SECULT,Anísio de Abreu-PI,"INCENTIVAR A PRODUÇÃO E DIFUSÃO DE BENS, SERVIÇOS E CONTEÚDOS CULTURAIS, BEM COMO A REALIZAÇÃO DAS ATIVIDADES DO CALENDÁRIO CULTURAL DO ESTADO.",150000.0
ALEPI-332,2026,202631070948,Aprovada,Transferências com finalidade definida,SECRETARIA DE ESTADO DA CULTURA DO PIAUÍ - SECULT,Alagoinha do Piauí-PI,"INCENTIVAR A PRODUÇÃO E DIFUSÃO DE BENS, SERVIÇOS E CONTEÚDOS CULTURAIS, BEM COMO A REALIZAÇÃO DAS ATIVIDADES DO CALENDÁRIO CULTURAL DO ESTADO.",150000.0
ALEPI-332,2026,202631070949,Cancelada,Transferências com finalidade definida,SECRETARIA DE ESTADO DA CULTURA DO PIAUÍ - SECULT,Teresina-PI,"INCENTIVAR A PRODUÇÃO E DIFUSÃO DE BENS, SERVIÇOS E CONTEÚDOS CULTURAIS, BEM COMO A REALIZAÇÃO DAS ATIVIDADES DO CALENDÁRIO CULTURAL DO ESTADO.",50000.0
ALEPI-332,2026,202631070982,Aprovada,Transferências com finalidade definida,SECRETARIA DE ESTADO DA CULTURA DO PIAUÍ - SECULT,ALAGOINHA DO PIAUÍ,"INCENTIVAR A PRODUÇÃO E DIFUSÃO DE BENS, SERVIÇOS E CONTEÚDOS CULTURAIS, BEM COMO A REALIZAÇÃO DAS ATIVIDADES DO CALENDÁRIO CULTURAL DO ESTADO.",100000.0
ALEPI-332,2026,202631070983,Aprovada,Transferências com finalidade definida,SECRETARIA DE ESTADO DA CULTURA DO PIAUÍ - SECULT,ALTO LONGÁ - PI,"INCENTIVAR A PRODUÇÃO E DIFUSÃO DE BENS, SERVIÇOS E CONTEÚDOS CULTURAIS, BEM COMO A REALIZAÇÃO DAS ATIVIDADES DO CALENDÁRIO CULTURAL DO ESTADO.",100000.0
ALEPI-332,2026,202631070984,Aprovada,Transferências com finalidade definida,SECRETARIA DE ESTADO DA CULTURA DO PIAUÍ - SECULT,CAMPO MAIOR-PI,"INCENTIVAR A PRODUÇÃO E DIFUSÃO DE BENS, SERVIÇOS E CONTEÚDOS CULTURAIS, BEM COMO A REALIZAÇÃO DAS ATIVIDADES DO CALENDÁRIO CULTURAL DO ESTADO.",200000.0
ALEPI-332,2026,202631071007,Aprovada,Transferências com finalidade definida,SECRETARIA DE ESTADO DA CULTURA DO PIAUÍ - SECULT,TERESINA-PI,"INCENTIVAR A PRODUÇÃO E DIFUSÃO DE BENS, SERVIÇOS E CONTEÚDOS CULTURAIS, BEM COMO A REALIZAÇÃO DAS ATIVIDADES DO CALENDÁRIO CULTURAL DO ESTADO.",350000.0
ALEPI-332,2026,202631071008,Cancelada,Transferências com finalidade definida,SECRETARIA DE ESTADO DA CULTURA DO PIAUÍ - SECULT,TERESINA-PI,"INCENTIVAR A PRODUÇÃO E DIFUSÃO DE BENS, SERVIÇOS E CONTEÚDOS CULTURAIS, BEM COMO A REALIZAÇÃO DAS ATIVIDADES DO CALENDÁRIO CULTURAL DO ESTADO.",50000.0
ALEPI-332,2026,202631071013,Aprovada,Transferências com finalidade definida,COORDENADORIA DA JUVENTUDE DO ESTADO DO PIAUÍ - COJUV,Cabeceiras-PI,PROMOVER A REALIZAÇÃO DE ATIVIDADES DE INCLUSÃO DO JOVEM URBANO E RURAL NAS DIVERSAS POLÍTICAS PÚBLICAS E NAS GARANTIAS DE DIREITO DO ESTATUTO DA JUVENTUDE.,500000.0
ALEPI-332,2026,202631071015,Aprovada,Transferências com finalidade definida,COORDENADORIA ESTADUAL DE DESENVOLVIMENTO DOS TERRITÓRIOS - CDTER,Teresina-PI,PROMOÇÃO E DESENVOLVIMENTO DAS POTENCIALIDADES DOS TERRITÓRIOS.,300000.0
ALEPI-332,2026,202631071025,Aprovada,Transferências com finalidade definida,SECRETARIA DE ESTADO DA CULTURA DO PIAUÍ - SECULT,Parnaíba-PI,"INCENTIVAR A PRODUÇÃO E DIFUSÃO DE BENS, SERVIÇOS E CONTEÚDOS CULTURAIS, BEM COMO A REALIZAÇÃO DAS ATIVIDADES DO CALENDÁRIO CULTURAL DO ESTADO.",250000.0
ALEPI-332,2026,202631071026,Aprovada,Transferências com finalidade definida,SECRETARIA DE ESTADO DA CULTURA DO PIAUÍ - SECULT,Parnaíba-PI,"INCENTIVAR A PRODUÇÃO E DIFUSÃO DE BENS, SERVIÇOS E CONTEÚDOS CULTURAIS, BEM COMO A REALIZAÇÃO DAS ATIVIDADES DO CALENDÁRIO CULTURAL DO ESTADO.",200000.0
ALEPI-332,2026,202631071055,Aprovada,Transferências com finalidade definida,SECRETARIA DE ESTADO DA CULTURA DO PIAUÍ - SECULT,Teresina-PI,"INCENTIVAR A PRODUÇÃO E DIFUSÃO DE BENS, SERVIÇOS E CONTEÚDOS CULTURAIS, BEM COMO A REALIZAÇÃO DAS ATIVIDADES DO CALENDÁRIO CULTURAL DO ESTADO.",50000.0
ALEPI-332,2026,202631071113,Aprovada,Transferências especiais (Município),ENCARGOS GERAIS DO ESTADO,Buriti dos Montes-PI,VALORES RELACIONADOS AO PAGAMENTOS DE RETENÇÕES E DEMAIS ENCARGOS DA ASSEMBLEIA LEGISLATIVA,400000.0
ALEPI-331,2026,202631080432,Aprovada,Transferências com finalidade definida,COORDENADORIA ESTADUAL DE DESENVOLVIMENTO DOS TERRITÓRIOS - CDTER,CANTO DO BURITI - PI ,"AMPLIAR, MELHORAR E MONITORAR AS AÇÕES DE MOBILIDADE URBANA E RURAL NO ESTADO, DE ACORDO COM AS POTENCIALIDADES SOCIOECONÔMICAS DE CADA TERRITÓRIO DO DESENVOLVIMENTO.",1928780.14
ALEPI-331,2026,202631080507,Cancelada,Transferências com finalidade definida,SECRETARIA DE ESTADO DA CULTURA DO PIAUÍ - SECULT,FLORIANO - PI ,"INCENTIVAR A PRODUÇÃO E DIFUSÃO DE BENS, SERVIÇOS E CONTEÚDOS CULTURAIS, BEM COMO A REALIZAÇÃO DAS ATIVIDADES DO CALENDÁRIO CULTURAL DO ESTADO.",300000.0
ALEPI-331,2026,202631080549,Cancelada,Fundo a Fundo (Município),FUNDO ESTADUAL DE SAÚDE - FUNSAUDE, SANTANA DO PIAUÍ - PI ,MELHORAR A QUALIDADE EM SAÚDE DO ESTADO DO PIAUÍ EM TODAS AS REGIÕES DE SAÚDE.,250000.0
ALEPI-331,2026,202631080606,Aprovada,Transferências especiais (Município),ENCARGOS GERAIS DO ESTADO,MARCOLANDIA - PI,REGISTRO DAS EMENDAS PARLAMENTARES PREVISTAS NA EC 58/2021.,300000.0
ALEPI-331,2026,202631080607,Aprovada,Transferências especiais (Município),ENCARGOS GERAIS DO ESTADO,SOCORRO DO PIAUÍ - PI ,REGISTRO DAS EMENDAS PARLAMENTARES PREVISTAS NA EC 58/2021.,250000.0
ALEPI-331,2026,202631080608,Aprovada,Transferências especiais (Município),ENCARGOS GERAIS DO ESTADO,SOCORRO DO PIAUÍ - PI ,REGISTRO DAS EMENDAS PARLAMENTARES PREVISTAS NA EC 58/2021.,1000000.0
ALEPI-331,2026,202631080628,Cancelada,Transferências especiais (Município),ENCARGOS GERAIS DO ESTADO,PAQUETÁ - PI ,REGISTRO DAS EMENDAS PARLAMENTARES PREVISTAS NA EC 58/2021.,150000.0
ALEPI-331,2026,202631080671,Aprovada,Fundo a Fundo (Município),FUNDO ESTADUAL DE SAÚDE - FUNSAUDE,PAQUETÁ - PI,MELHORAR A QUALIDADE EM SAÚDE DO ESTADO DO PIAUÍ EM TODAS AS REGIÕES DE SAÚDE.,100000.0
ALEPI-331,2026,202631080675,Cancelada,Fundo a Fundo (Município),SECRETARIA DE ESTADO DA SAÚDE DO PIAUÍ - SESAPI,AROEIRAS DO ITAIM - PI,MELHORAR A QUALIDADE EM SAÚDE DO ESTADO DO PIAUÍ EM TODAS AS REGIÕES DE SAÚDE.,380000.0
ALEPI-331,2026,202631080735,Aprovada,Transferências com finalidade definida,FUNDO ESTADUAL DE SAÚDE - FUNSAUDE,Estado do Piauí,MELHORAR A QUALIDADE EM SAÚDE DO ESTADO DO PIAUÍ EM TODAS AS REGIÕES DE SAÚDE.,1000000.0
ALEPI-331,2026,202631080756,Aprovada,Fundo a Fundo (Município),FUNDO ESTADUAL DE SAÚDE - FUNSAUDE,AROEIRAS DO ITAIM - PI,MELHORAR A QUALIDADE EM SAÚDE DO ESTADO DO PIAUÍ EM TODAS AS REGIÕES DE SAÚDE.,380000.0
ALEPI-331,2026,202631080759,Aprovada,Fundo a Fundo (Município),FUNDO ESTADUAL DE SAÚDE - FUNSAUDE,São Félix do Piauí – PI,MELHORAR A QUALIDADE EM SAÚDE DO ESTADO DO PIAUÍ EM TODAS AS REGIÕES DE SAÚDE.,250000.0
ALEPI-331,2026,202631080760,Cancelada,Transferências com finalidade definida,SECRETARIA DE ESTADO DA CULTURA DO PIAUÍ - SECULT,Coivaras - PI,"INCENTIVAR A PRODUÇÃO E DIFUSÃO DE BENS, SERVIÇOS E CONTEÚDOS CULTURAIS, BEM COMO A REALIZAÇÃO DAS ATIVIDADES DO CALENDÁRIO CULTURAL DO ESTADO.",28000.0
ALEPI-331,2026,202631080761,Aprovada,Transferências especiais (Município),ENCARGOS GERAIS DO ESTADO,SOCORRO DO PIAUÍ - PI,REGISTRO DAS EMENDAS PARLAMENTARES PREVISTAS NA EC 58/2021.,200000.0
ALEPI-331,2026,202631080781,Cancelada,Transferências com finalidade definida,SECRETARIA DE ESTADO DA CULTURA DO PIAUÍ - SECULT,FLORIANO - PI ,"INCENTIVAR A PRODUÇÃO E DIFUSÃO DE BENS, SERVIÇOS E CONTEÚDOS CULTURAIS, BEM COMO A REALIZAÇÃO DAS ATIVIDADES DO CALENDÁRIO CULTURAL DO ESTADO.",180000.0
ALEPI-331,2026,202631080782,Aprovada,Transferências especiais (Município),ENCARGOS GERAIS DO ESTADO,SOCORRO DO PIAUÍ - PI,REGISTRO DAS EMENDAS PARLAMENTARES PREVISTAS NA EC 58/2021.,100000.0
ALEPI-331,2026,202631080800,Aprovada,Fundo a Fundo (Município),FUNDO ESTADUAL DE SAÚDE - FUNSAUDE,Demerval Lobão – PI,MELHORAR A QUALIDADE EM SAÚDE DO ESTADO DO PIAUÍ EM TODAS AS REGIÕES DE SAÚDE.,110000.0
ALEPI-331,2026,202631080818,Cancelada,Transferências com finalidade definida,SECRETARIA DE ESTADO DA CULTURA DO PIAUÍ - SECULT,MIGUEL  ALVES - PI ,"INCENTIVAR A PRODUÇÃO E DIFUSÃO DE BENS, SERVIÇOS E CONTEÚDOS CULTURAIS, BEM COMO A REALIZAÇÃO DAS ATIVIDADES DO CALENDÁRIO CULTURAL DO ESTADO.",80000.0
ALEPI-331,2026,202631080853,Aprovada,Transferências com finalidade definida,SECRETARIA DE ESTADO DA CULTURA DO PIAUÍ - SECULT,PICOS - PI ,"INCENTIVAR A PRODUÇÃO E DIFUSÃO DE BENS, SERVIÇOS E CONTEÚDOS CULTURAIS, BEM COMO A REALIZAÇÃO DAS ATIVIDADES DO CALENDÁRIO CULTURAL DO ESTADO.",300000.0
ALEPI-331,2026,202631080854,Aprovada,Fundo a Fundo (Município),FUNDO ESTADUAL DE SAÚDE - FUNSAUDE,SANTANA DO PIAUÍ - PI ,MELHORAR A QUALIDADE EM SAÚDE DO ESTADO DO PIAUÍ EM TODAS AS REGIÕES DE SAÚDE.,250000.0
ALEPI-331,2026,202631080894,Aprovada,Fundo a Fundo (Município),FUNDO ESTADUAL DE SAÚDE - FUNSAUDE,IPIRANGA - PI ,MELHORAR A QUALIDADE EM SAÚDE DO ESTADO DO PIAUÍ EM TODAS AS REGIÕES DE SAÚDE.,85000.0
ALEPI-331,2026,202631080899,Cancelada,Transferências com finalidade definida,SECRETARIA DE ESTADO DA CULTURA DO PIAUÍ - SECULT,FLORIANO - PI,"INCENTIVAR A PRODUÇÃO E DIFUSÃO DE BENS, SERVIÇOS E CONTEÚDOS CULTURAIS, BEM COMO A REALIZAÇÃO DAS ATIVIDADES DO CALENDÁRIO CULTURAL DO ESTADO.",300000.0
ALEPI-331,2026,202631080989,Aprovada,Transferências com finalidade definida,SECRETARIA DE ESTADO DA CULTURA DO PIAUÍ - SECULT,TERESINA - PI,"INCENTIVAR A PRODUÇÃO E DIFUSÃO DE BENS, SERVIÇOS E CONTEÚDOS CULTURAIS, BEM COMO A REALIZAÇÃO DAS ATIVIDADES DO CALENDÁRIO CULTURAL DO ESTADO.",50000.0
ALEPI-331,2026,202631080990,Aprovada,Transferências com finalidade definida,SECRETARIA DE ESTADO DA CULTURA DO PIAUÍ - SECULT,FLORIANO - PI,"INCENTIVAR A PRODUÇÃO E DIFUSÃO DE BENS, SERVIÇOS E CONTEÚDOS CULTURAIS, BEM COMO A REALIZAÇÃO DAS ATIVIDADES DO CALENDÁRIO CULTURAL DO ESTADO.",300000.0
ALEPI-331,2026,202631081044,Cancelada,Fundo a Fundo (Município),FUNDO ESTADUAL DE SAÚDE - FUNSAUDE,PARNAÍBA - PI,MELHORAR A QUALIDADE EM SAÚDE DO ESTADO DO PIAUÍ EM TODAS AS REGIÕES DE SAÚDE.,500000.0
ALEPI-331,2026,202631081054,Aprovada,Fundo a Fundo (Município),FUNDO ESTADUAL DE SAÚDE - FUNSAUDE,AVELINO LOPES - PI ,MELHORAR A QUALIDADE EM SAÚDE DO ESTADO DO PIAUÍ EM TODAS AS REGIÕES DE SAÚDE.,48780.0
ALEPI-331,2026,202631081090,Cancelada,Fundo a Fundo (Município),FUNDO ESTADUAL DE SAÚDE - FUNSAUDE,PARNAÍBA - PI,MELHORAR A QUALIDADE EM SAÚDE DO ESTADO DO PIAUÍ EM TODAS AS REGIÕES DE SAÚDE.,495373.0
ALEPI-331,2026,202631081150,Aprovada,Transferências com finalidade definida,SECRETARIA DE ESTADO DA CULTURA DO PIAUÍ - SECULT,RIBEIRA - PI,"INCENTIVAR A PRODUÇÃO E DIFUSÃO DE BENS, SERVIÇOS E CONTEÚDOS CULTURAIS, BEM COMO A REALIZAÇÃO DAS ATIVIDADES DO CALENDÁRIO CULTURAL DO ESTADO.",100000.0
ALEPI-331,2026,202631081151,Aprovada,Transferências com finalidade definida,SECRETARIA DE ESTADO DA CULTURA DO PIAUÍ - SECULT,TERESINA - PI,"INCENTIVAR A PRODUÇÃO E DIFUSÃO DE BENS, SERVIÇOS E CONTEÚDOS CULTURAIS, BEM COMO A REALIZAÇÃO DAS ATIVIDADES DO CALENDÁRIO CULTURAL DO ESTADO.",155373.0
ALEPI-331,2026,202631081152,Aprovada,Transferências com finalidade definida,SECRETARIA DE ESTADO DA CULTURA DO PIAUÍ - SECULT,PALMEIRAIS - PI ,"INCENTIVAR A PRODUÇÃO E DIFUSÃO DE BENS, SERVIÇOS E CONTEÚDOS CULTURAIS, BEM COMO A REALIZAÇÃO DAS ATIVIDADES DO CALENDÁRIO CULTURAL DO ESTADO.",250000.0
ALEPI-331,2026,202631081153,Aprovada,Transferências com finalidade definida,SECRETARIA DE ESTADO DA CULTURA DO PIAUÍ - SECULT,JOSÉ DE FREITAS - PI,"INCENTIVAR A PRODUÇÃO E DIFUSÃO DE BENS, SERVIÇOS E CONTEÚDOS CULTURAIS, BEM COMO A REALIZAÇÃO DAS ATIVIDADES DO CALENDÁRIO CULTURAL DO ESTADO.",250000.0
ALEPI-331,2026,202631081262,Aprovada,Fundo a Fundo (Município),FUNDO ESTADUAL DE SAÚDE - FUNSAUDE,PAQUETÁ - PI,MELHORAR A QUALIDADE EM SAÚDE DO ESTADO DO PIAUÍ EM TODAS AS REGIÕES DE SAÚDE.,50000.0
ALEPI-331,2026,202631081263,Aprovada,Fundo a Fundo (Município),FUNDO ESTADUAL DE SAÚDE - FUNSAUDE,PAQUETÁ - PI ,MELHORAR A QUALIDADE EM SAÚDE DO ESTADO DO PIAUÍ EM TODAS AS REGIÕES DE SAÚDE.,50000.0
ALEPI-289,2026,202631090392,Aprovada,Transferências com finalidade definida,SECRETARIA DE ESTADO DO TURISMO DO PIAUI - SETUR,BREJO DO PIAUÍ,"AÇÃO QUE ENVOLVE A EXECUÇÃO DAS SEGUINTES ATIVIDADES:ACOMPANHAMENTO TÉCNICO AOS MUNICÍPIOS, PROMOÇÃO E DIVULGAÇÃO, REALIZAÇÃO DE PESQUISAS, PARTICIPAÇÃO DE FEIRAS E EVENTOS, APOIO À REALIZAÇÃO DE EVENTOS, INVENTARIO DA OFERTA TURÍSTICA, ELABORAÇÃO E EXECUÇÃO DO PLANO DE MARKETING.",250000.0
ALEPI-289,2026,202631090477,Cancelada,Transferências com finalidade definida,SECRETARIA DE ESTADO DA SAÚDE DO PIAUÍ - SESAPI,populações em situação de vulnerabilidade social em todo Estado do Piauí,FORTALECER AS AÇÕES DA SESAPI COM FOCO NAS POPULAÇÕES VULNERABILIZADAS.,1000000.0
ALEPI-289,2026,202631090507,Aprovada,Transferências com finalidade definida,SECRETARIA DE ESTADO DO TURISMO DO PIAUI - SETUR,Elesbao Veloso - PI,"AÇÃO QUE ENVOLVE A EXECUÇÃO DAS SEGUINTES ATIVIDADES:ACOMPANHAMENTO TÉCNICO AOS MUNICÍPIOS, PROMOÇÃO E DIVULGAÇÃO, REALIZAÇÃO DE PESQUISAS, PARTICIPAÇÃO DE FEIRAS E EVENTOS, APOIO À REALIZAÇÃO DE EVENTOS, INVENTARIO DA OFERTA TURÍSTICA, ELABORAÇÃO E EXECUÇÃO DO PLANO DE MARKETING.",100000.0
ALEPI-289,2026,202631090508,Aprovada,Transferências com finalidade definida,SECRETARIA DE ESTADO DO TURISMO DO PIAUI - SETUR,Uruçuí - PI,"AÇÃO QUE ENVOLVE A EXECUÇÃO DAS SEGUINTES ATIVIDADES:ACOMPANHAMENTO TÉCNICO AOS MUNICÍPIOS, PROMOÇÃO E DIVULGAÇÃO, REALIZAÇÃO DE PESQUISAS, PARTICIPAÇÃO DE FEIRAS E EVENTOS, APOIO À REALIZAÇÃO DE EVENTOS, INVENTARIO DA OFERTA TURÍSTICA, ELABORAÇÃO E EXECUÇÃO DO PLANO DE MARKETING.",120000.0
ALEPI-289,2026,202631090510,Aprovada,Transferências com finalidade definida,SECRETARIA DE ESTADO DA CULTURA DO PIAUÍ - SECULT,LAGOA DO PIAUI - PI,"INCENTIVAR A PRODUÇÃO E DIFUSÃO DE BENS, SERVIÇOS E CONTEÚDOS CULTURAIS, BEM COMO A REALIZAÇÃO DAS ATIVIDADES DO CALENDÁRIO CULTURAL DO ESTADO.",250000.0
ALEPI-289,2026,202631090511,Aprovada,Transferências com finalidade definida,SECRETARIA DE ESTADO DA CULTURA DO PIAUÍ - SECULT,Pau D'arco do Piaui - PI,"INCENTIVAR A PRODUÇÃO E DIFUSÃO DE BENS, SERVIÇOS E CONTEÚDOS CULTURAIS, BEM COMO A REALIZAÇÃO DAS ATIVIDADES DO CALENDÁRIO CULTURAL DO ESTADO.",250000.0
ALEPI-289,2026,202631090583,Aprovada,Transferências com finalidade definida,SECRETARIA DE ESTADO DO TURISMO DO PIAUI - SETUR,São José do Divino - PI,"AÇÃO QUE ENVOLVE A EXECUÇÃO DAS SEGUINTES ATIVIDADES:ACOMPANHAMENTO TÉCNICO AOS MUNICÍPIOS, PROMOÇÃO E DIVULGAÇÃO, REALIZAÇÃO DE PESQUISAS, PARTICIPAÇÃO DE FEIRAS E EVENTOS, APOIO À REALIZAÇÃO DE EVENTOS, INVENTARIO DA OFERTA TURÍSTICA, ELABORAÇÃO E EXECUÇÃO DO PLANO DE MARKETING.",250000.0
ALEPI-289,2026,202631090595,Cancelada,Transferências com finalidade definida,SECRETARIA DE ESTADO DA SAÚDE DO PIAUÍ - SESAPI,em vários municipios no Estado do Piauí,MELHORAR A QUALIDADE EM SAÚDE DO ESTADO DO PIAUÍ EM TODAS AS REGIÕES DE SAÚDE.,600000.0
ALEPI-289,2026,202631090607,Cancelada,Transferências com finalidade definida,SECRETARIA DE ESTADO DA SAÚDE DO PIAUÍ - SESAPI,Parnaíba - PI,MELHORAR A QUALIDADE EM SAÚDE DO ESTADO DO PIAUÍ EM TODAS AS REGIÕES DE SAÚDE.,500000.0
ALEPI-289,2026,202631090612,Cancelada,Transferências especiais (Município),ENCARGOS GERAIS DO ESTADO,Santa Cruz dos Milagres - PI,REGISTRO DAS EMENDAS PARLAMENTARES PREVISTAS NA EC 58/2021.,150000.0
ALEPI-289,2026,202631090614,Cancelada,Transferências especiais (Município),ENCARGOS GERAIS DO ESTADO,SANTA CRUZ DOS MILAGRES - PI,REGISTRO DAS EMENDAS PARLAMENTARES PREVISTAS NA EC 58/2021.,100000.0
ALEPI-289,2026,202631090677,Aprovada,Transferências com finalidade definida,SECRETARIA DE ESTADO DO TURISMO DO PIAUI - SETUR,Piripiri - PI,"AÇÃO QUE ENVOLVE A EXECUÇÃO DAS SEGUINTES ATIVIDADES:ACOMPANHAMENTO TÉCNICO AOS MUNICÍPIOS, PROMOÇÃO E DIVULGAÇÃO, REALIZAÇÃO DE PESQUISAS, PARTICIPAÇÃO DE FEIRAS E EVENTOS, APOIO À REALIZAÇÃO DE EVENTOS, INVENTARIO DA OFERTA TURÍSTICA, ELABORAÇÃO E EXECUÇÃO DO PLANO DE MARKETING.",100000.0
ALEPI-289,2026,202631090699,Cancelada,Fundo a Fundo (Município),FUNDO ESTADUAL DE SAÚDE - FUNSAUDE,São Raimundo Nonato - PI,REGISTRO DAS EMENDAS PARLAMENTARES PREVISTAS NA EC 58/2021.,1000000.0
ALEPI-289,2026,202631090712,Aprovada,Transferências com finalidade definida,SECRETARIA DE ESTADO DO TURISMO DO PIAUI - SETUR,Teresina - PI,"AÇÃO QUE ENVOLVE A EXECUÇÃO DAS SEGUINTES ATIVIDADES:ACOMPANHAMENTO TÉCNICO AOS MUNICÍPIOS, PROMOÇÃO E DIVULGAÇÃO, REALIZAÇÃO DE PESQUISAS, PARTICIPAÇÃO DE FEIRAS E EVENTOS, APOIO À REALIZAÇÃO DE EVENTOS, INVENTARIO DA OFERTA TURÍSTICA, ELABORAÇÃO E EXECUÇÃO DO PLANO DE MARKETING.",90000.0
ALEPI-289,2026,202631090725,Aprovada,Transferências com finalidade definida,SECRETARIA DE ESTADO DO TURISMO DO PIAUI - SETUR,Pavussu - PI,"AÇÃO QUE ENVOLVE A EXECUÇÃO DAS SEGUINTES ATIVIDADES:ACOMPANHAMENTO TÉCNICO AOS MUNICÍPIOS, PROMOÇÃO E DIVULGAÇÃO, REALIZAÇÃO DE PESQUISAS, PARTICIPAÇÃO DE FEIRAS E EVENTOS, APOIO À REALIZAÇÃO DE EVENTOS, INVENTARIO DA OFERTA TURÍSTICA, ELABORAÇÃO E EXECUÇÃO DO PLANO DE MARKETING.",100000.0
ALEPI-289,2026,202631090726,Aprovada,Transferências com finalidade definida,SECRETARIA DE ESTADO DO TURISMO DO PIAUI - SETUR,Monte Alegre do Piauí - PI,"AÇÃO QUE ENVOLVE A EXECUÇÃO DAS SEGUINTES ATIVIDADES:ACOMPANHAMENTO TÉCNICO AOS MUNICÍPIOS, PROMOÇÃO E DIVULGAÇÃO, REALIZAÇÃO DE PESQUISAS, PARTICIPAÇÃO DE FEIRAS E EVENTOS, APOIO À REALIZAÇÃO DE EVENTOS, INVENTARIO DA OFERTA TURÍSTICA, ELABORAÇÃO E EXECUÇÃO DO PLANO DE MARKETING.",100000.0
ALEPI-289,2026,202631090727,Aprovada,Fundo a Fundo (Município),FUNDO ESTADUAL DE SAÚDE - FUNSAUDE,São Raimundo Nonato - PI,MELHORAR A QUALIDADE EM SAÚDE DO ESTADO DO PIAUÍ EM TODAS AS REGIÕES DE SAÚDE.,1000000.0
ALEPI-289,2026,202631090734,Aprovada,Transferências com finalidade definida,FUNDO ESTADUAL DE SAÚDE - FUNSAUDE,Estado do Piauí,MELHORAR A QUALIDADE EM SAÚDE DO ESTADO DO PIAUÍ EM TODAS AS REGIÕES DE SAÚDE.,1245000.0
ALEPI-289,2026,202631090830,Aprovada,Fundo a Fundo (Município),FUNDO ESTADUAL DE SAÚDE - FUNSAUDE,São Raimundo Nonato - PI,MELHORAR A QUALIDADE EM SAÚDE DO ESTADO DO PIAUÍ EM TODAS AS REGIÕES DE SAÚDE.,600000.0
ALEPI-289,2026,202631090895,Aprovada,Transferências com finalidade definida,SECRETARIA DE ESTADO DO TURISMO DO PIAUI - SETUR,Luís Correia - PI,"AÇÃO QUE ENVOLVE A EXECUÇÃO DAS SEGUINTES ATIVIDADES:ACOMPANHAMENTO TÉCNICO AOS MUNICÍPIOS, PROMOÇÃO E DIVULGAÇÃO, REALIZAÇÃO DE PESQUISAS, PARTICIPAÇÃO DE FEIRAS E EVENTOS, APOIO À REALIZAÇÃO DE EVENTOS, INVENTARIO DA OFERTA TURÍSTICA, ELABORAÇÃO E EXECUÇÃO DO PLANO DE MARKETING.",450000.0
ALEPI-289,2026,202631090896,Aprovada,Transferências com finalidade definida,SECRETARIA DE ESTADO DO TURISMO DO PIAUI - SETUR,Cajueiro da Praia - PI,"AÇÃO QUE ENVOLVE A EXECUÇÃO DAS SEGUINTES ATIVIDADES:ACOMPANHAMENTO TÉCNICO AOS MUNICÍPIOS, PROMOÇÃO E DIVULGAÇÃO, REALIZAÇÃO DE PESQUISAS, PARTICIPAÇÃO DE FEIRAS E EVENTOS, APOIO À REALIZAÇÃO DE EVENTOS, INVENTARIO DA OFERTA TURÍSTICA, ELABORAÇÃO E EXECUÇÃO DO PLANO DE MARKETING.",450000.0
ALEPI-289,2026,202631090897,Aprovada,Transferências com finalidade definida,SECRETARIA DE ESTADO DO TURISMO DO PIAUI - SETUR,Cajueiro da Praia - PI,"AÇÃO QUE ENVOLVE A EXECUÇÃO DAS SEGUINTES ATIVIDADES:ACOMPANHAMENTO TÉCNICO AOS MUNICÍPIOS, PROMOÇÃO E DIVULGAÇÃO, REALIZAÇÃO DE PESQUISAS, PARTICIPAÇÃO DE FEIRAS E EVENTOS, APOIO À REALIZAÇÃO DE EVENTOS, INVENTARIO DA OFERTA TURÍSTICA, ELABORAÇÃO E EXECUÇÃO DO PLANO DE MARKETING.",100000.0
ALEPI-289,2026,202631090973,Aprovada,Transferências especiais (Município),ENCARGOS GERAIS DO ESTADO,Santa Cruz dos Milagres - PI,REGISTRO DAS EMENDAS PARLAMENTARES PREVISTAS NA EC 58/2021.,60000.0
ALEPI-289,2026,202631090974,Aprovada,Transferências especiais (Município),ENCARGOS GERAIS DO ESTADO,Santa Cruz dos Milagres - PI,REGISTRO DAS EMENDAS PARLAMENTARES PREVISTAS NA EC 58/2021.,40000.0
ALEPI-289,2026,202631090977,Aprovada,Transferências especiais (Município),ENCARGOS GERAIS DO ESTADO,Santa Cruz dos Milagres - PI,REGISTRO DAS EMENDAS PARLAMENTARES PREVISTAS NA EC 58/2021.,150000.0
ALEPI-289,2026,202631090991,Aprovada,Transferências com finalidade definida,SECRETARIA DE ESTADO DO TURISMO DO PIAUI - SETUR,Isaías Coelho - PI,"AÇÃO QUE ENVOLVE A EXECUÇÃO DAS SEGUINTES ATIVIDADES:ACOMPANHAMENTO TÉCNICO AOS MUNICÍPIOS, PROMOÇÃO E DIVULGAÇÃO, REALIZAÇÃO DE PESQUISAS, PARTICIPAÇÃO DE FEIRAS E EVENTOS, APOIO À REALIZAÇÃO DE EVENTOS, INVENTARIO DA OFERTA TURÍSTICA, ELABORAÇÃO E EXECUÇÃO DO PLANO DE MARKETING.",219193.4
ALEPI-289,2026,202631090992,Aprovada,Transferências com finalidade definida,SECRETARIA DE ESTADO DO TURISMO DO PIAUI - SETUR,Isaías Coelho - PI,"AÇÃO QUE ENVOLVE A EXECUÇÃO DAS SEGUINTES ATIVIDADES:ACOMPANHAMENTO TÉCNICO AOS MUNICÍPIOS, PROMOÇÃO E DIVULGAÇÃO, REALIZAÇÃO DE PESQUISAS, PARTICIPAÇÃO DE FEIRAS E EVENTOS, APOIO À REALIZAÇÃO DE EVENTOS, INVENTARIO DA OFERTA TURÍSTICA, ELABORAÇÃO E EXECUÇÃO DO PLANO DE MARKETING.",100000.0
ALEPI-289,2026,202631091000,Aprovada,Transferências especiais (Município),ENCARGOS GERAIS DO ESTADO,SANTA CRUZ DOS MILAGRES - PI,REGISTRO DAS EMENDAS PARLAMENTARES PREVISTAS NA EC 58/2021.,100000.0
ALEPI-289,2026,202631091233,Aprovada,Transferências com finalidade definida,SECRETARIA DE ESTADO DA CULTURA DO PIAUÍ - SECULT,Bom Principio - PI,"INCENTIVAR A PRODUÇÃO E DIFUSÃO DE BENS, SERVIÇOS E CONTEÚDOS CULTURAIS, BEM COMO A REALIZAÇÃO DAS ATIVIDADES DO CALENDÁRIO CULTURAL DO ESTADO.",60000.0
ALEPI-327,2026,202631100693,Aprovada,Transferências especiais (Município),ENCARGOS GERAIS DO ESTADO,MUNICIPIO DE URUÇUI,REGISTRO DAS EMENDAS PARLAMENTARES PREVISTAS NA EC 58/2021.,100000.0
ALEPI-327,2026,202631100695,Aprovada,Transferências com finalidade definida,COORDENADORIA DA JUVENTUDE DO ESTADO DO PIAUÍ - COJUV,MONSENHOR HIPOLITO  PI,PROMOVER A REALIZAÇÃO DE ATIVIDADES DE INCLUSÃO DO JOVEM URBANO E RURAL NAS DIVERSAS POLÍTICAS PÚBLICAS E NAS GARANTIAS DE DIREITO DO ESTATUTO DA JUVENTUDE.,150000.0
ALEPI-327,2026,202631100696,Aprovada,Transferências especiais (Município),ENCARGOS GERAIS DO ESTADO,SAO JOAO DO PIAUI,REGISTRO DAS EMENDAS PARLAMENTARES PREVISTAS NA EC 58/2021.,300000.0
ALEPI-327,2026,202631100698,Aprovada,Transferências especiais (Município),ENCARGOS GERAIS DO ESTADO,MUNICIPIO DE LAGOA DO BARRO,REGISTRO DAS EMENDAS PARLAMENTARES PREVISTAS NA EC 58/2021.,300000.0
ALEPI-327,2026,202631100775,Aprovada,Transferências especiais (Município),ENCARGOS GERAIS DO ESTADO,MUNICIPIO DE ALEGRETE,REGISTRO DAS EMENDAS PARLAMENTARES PREVISTAS NA EC 58/2021.,400000.0
ALEPI-327,2026,202631101053,Aprovada,Transferências especiais (Município),ENCARGOS GERAIS DO ESTADO,MUNICIPIO DE ILHA GRANDE,REGISTRO DAS EMENDAS PARLAMENTARES PREVISTAS NA EC 58/2021.,300000.0
ALEPI-327,2026,202631101063,Cancelada,Transferências especiais (Município),ENCARGOS GERAIS DO ESTADO,MUNICIPIO DE SANTA FILOMENA,REGISTRO DAS EMENDAS PARLAMENTARES PREVISTAS NA EC 58/2021.,250000.0
ALEPI-327,2026,202631101065,Aprovada,Transferências especiais (Município),ENCARGOS GERAIS DO ESTADO,MUNICIPIO DE MONSENHOR GIL,REGISTRO DAS EMENDAS PARLAMENTARES PREVISTAS NA EC 58/2021.,300000.0
ALEPI-327,2026,202631101081,Aprovada,Transferências especiais (Município),ENCARGOS GERAIS DO ESTADO,MUNICIPIO DE SEBASTAO BARROS,REGISTRO DAS EMENDAS PARLAMENTARES PREVISTAS NA EC 58/2021.,200000.0
ALEPI-327,2026,202631101087,Aprovada,Transferências especiais (Município),ENCARGOS GERAIS DO ESTADO,MUNICIPIO DE URUÇUI,REGISTRO DAS EMENDAS PARLAMENTARES PREVISTAS NA EC 58/2021.,720000.0
ALEPI-327,2026,202631101088,Aprovada,Transferências especiais (Município),ENCARGOS GERAIS DO ESTADO,MUNICIPIO DE URUÇUI,REGISTRO DAS EMENDAS PARLAMENTARES PREVISTAS NA EC 58/2021.,480000.0
ALEPI-327,2026,202631101089,Cancelada,Transferências especiais (Município),ENCARGOS GERAIS DO ESTADO,MUNICIPIO DE MONSENHOR GI,REGISTRO DAS EMENDAS PARLAMENTARES PREVISTAS NA EC 58/2021.,1000000.0
ALEPI-327,2026,202631101110,Cancelada,Transferências especiais (Município),ENCARGOS GERAIS DO ESTADO,MONTE ALEGRE,REGISTRO DAS EMENDAS PARLAMENTARES PREVISTAS NA EC 58/2021.,100000.0
ALEPI-327,2026,202631101132,Aprovada,Transferências com finalidade definida,SECRETARIA DE ESTADO DA AGRICULTURA FAMILIAR - SAF,Municipio de União,AMPLIAR AS ESTRATÉGIAS DE COMERCIALIZAÇÃO ACESSANDO OS MERCADOS INSTITUCIONAIS E OUTRAS ESTRATÉGIAS DE COMERCIALIZAÇÃO COMO FORMA DE AMPLIAR A RENDA DOS AGRICULTORES FAMILIARES.,50000.0
ALEPI-327,2026,202631101224,Aprovada,Transferências com finalidade definida,SECRETARIA DE ESTADO DA CULTURA DO PIAUÍ - SECULT,MUNICIPIO DE MONSENHOR GIL,"INCENTIVAR A PRODUÇÃO E DIFUSÃO DE BENS, SERVIÇOS E CONTEÚDOS CULTURAIS, BEM COMO A REALIZAÇÃO DAS ATIVIDADES DO CALENDÁRIO CULTURAL DO ESTADO.",150000.0
ALEPI-327,2026,202631101225,Aprovada,Transferências com finalidade definida,SECRETARIA DE ESTADO DA CULTURA DO PIAUÍ - SECULT,MUNICIPIO DE MONSENHOR GIL,"INCENTIVAR A PRODUÇÃO E DIFUSÃO DE BENS, SERVIÇOS E CONTEÚDOS CULTURAIS, BEM COMO A REALIZAÇÃO DAS ATIVIDADES DO CALENDÁRIO CULTURAL DO ESTADO.",150000.0
ALEPI-327,2026,202631101256,Aprovada,Transferências com finalidade definida,SECRETARIA DE ESTADO DA CULTURA DO PIAUÍ - SECULT,MUNICIPIO DE PALMEIRA,"INCENTIVAR A PRODUÇÃO E DIFUSÃO DE BENS, SERVIÇOS E CONTEÚDOS CULTURAIS, BEM COMO A REALIZAÇÃO DAS ATIVIDADES DO CALENDÁRIO CULTURAL DO ESTADO.",50000.0
ALEPI-327,2026,202631101257,Aprovada,Transferências com finalidade definida,SECRETARIA DE ESTADO DA CULTURA DO PIAUÍ - SECULT,AVELINO LOPES DO PIAUI,"INCENTIVAR A PRODUÇÃO E DIFUSÃO DE BENS, SERVIÇOS E CONTEÚDOS CULTURAIS, BEM COMO A REALIZAÇÃO DAS ATIVIDADES DO CALENDÁRIO CULTURAL DO ESTADO.",50000.0
ALEPI-327,2026,202631101258,Aprovada,Transferências com finalidade definida,SECRETARIA DE ESTADO DA CULTURA DO PIAUÍ - SECULT,MUNICIPIO DE JOAO COSTA PI,"INCENTIVAR A PRODUÇÃO E DIFUSÃO DE BENS, SERVIÇOS E CONTEÚDOS CULTURAIS, BEM COMO A REALIZAÇÃO DAS ATIVIDADES DO CALENDÁRIO CULTURAL DO ESTADO.",50000.0
ALEPI-327,2026,202631101259,Aprovada,Transferências com finalidade definida,SECRETARIA DE ESTADO DA CULTURA DO PIAUÍ - SECULT,MUNICIPIO DE TAMBORIL,"INCENTIVAR A PRODUÇÃO E DIFUSÃO DE BENS, SERVIÇOS E CONTEÚDOS CULTURAIS, BEM COMO A REALIZAÇÃO DAS ATIVIDADES DO CALENDÁRIO CULTURAL DO ESTADO.",50000.0
ALEPI-327,2026,202631101260,Aprovada,Transferências com finalidade definida,SECRETARIA DE ESTADO DA CULTURA DO PIAUÍ - SECULT,SAO MIGUEL DO FIDALGO,"INCENTIVAR A PRODUÇÃO E DIFUSÃO DE BENS, SERVIÇOS E CONTEÚDOS CULTURAIS, BEM COMO A REALIZAÇÃO DAS ATIVIDADES DO CALENDÁRIO CULTURAL DO ESTADO.",50000.0
ALEPI-327,2026,202631101261,Aprovada,Transferências com finalidade definida,SECRETARIA DE ESTADO DA CULTURA DO PIAUÍ - SECULT,MUNICIPIO DE CURIMATA,"INCENTIVAR A PRODUÇÃO E DIFUSÃO DE BENS, SERVIÇOS E CONTEÚDOS CULTURAIS, BEM COMO A REALIZAÇÃO DAS ATIVIDADES DO CALENDÁRIO CULTURAL DO ESTADO.",50000.0
ALEPI-326,2026,202631110001,Cancelada,Transferências com finalidade definida,SECRETARIA DE ESTADO DO TURISMO DO PIAUI - SETUR,PLANICIE LITORANEA ,"AÇÃO QUE ENVOLVE A EXECUÇÃO DAS SEGUINTES ATIVIDADES:ACOMPANHAMENTO TÉCNICO AOS MUNICÍPIOS, PROMOÇÃO E DIVULGAÇÃO, REALIZAÇÃO DE PESQUISAS, PARTICIPAÇÃO DE FEIRAS E EVENTOS, APOIO À REALIZAÇÃO DE EVENTOS, INVENTARIO DA OFERTA TURÍSTICA, ELABORAÇÃO E EXECUÇÃO DO PLANO DE MARKETING.",400000.0
ALEPI-326,2026,202631110480,Cancelada,Transferências com finalidade definida,SECRETARIA DE ESTADO DA SAÚDE DO PIAUÍ - SESAPI,PARNAÍBA,"APOIAR TÉCNICA E FINANCEIRAMENTE INSTITUIÇÕES DO TERCEIRO SETOR E DEMAIS PARCEIROS DO CAMPO DA SAÚDE PARA REALIZAÇÃO NA ÁREA DE PROMOÇÃO, PREVENÇÃO, REABILITAÇÃO E RECUPERAÇÃO DA SAÚDE. ",300000.0
ALEPI-326,2026,202631110492,Cancelada,Transferências com finalidade definida,SECRETARIA DE ESTADO DA SAÚDE DO PIAUÍ - SESAPI,ESPERANTINA,MELHORAR A QUALIDADE EM SAÚDE DO ESTADO DO PIAUÍ EM TODAS AS REGIÕES DE SAÚDE.,850000.0
ALEPI-326,2026,202631110493,Aprovada,Transferências com finalidade definida,SECRETARIA DE ESTADO DA CULTURA DO PIAUÍ - SECULT,LAGOA ALEGRE,"INCENTIVAR A PRODUÇÃO E DIFUSÃO DE BENS, SERVIÇOS E CONTEÚDOS CULTURAIS, BEM COMO A REALIZAÇÃO DAS ATIVIDADES DO CALENDÁRIO CULTURAL DO ESTADO.",300000.0
ALEPI-326,2026,202631110534,Aprovada,Transferências especiais (Município),ENCARGOS GERAIS DO ESTADO,ESPERANTINA,REGISTRO DAS EMENDAS PARLAMENTARES PREVISTAS NA EC 58/2021.,650000.0
ALEPI-326,2026,202631110633,Aprovada,Fundo a Fundo (Município),FUNDO ESTADUAL DE SAÚDE - FUNSAUDE,ESPERANTINA,MELHORAR A QUALIDADE EM SAÚDE DO ESTADO DO PIAUÍ EM TODAS AS REGIÕES DE SAÚDE.,850000.0
ALEPI-326,2026,202631110638,Aprovada,Transferências com finalidade definida,SECRETARIA DE ESTADO DA CULTURA DO PIAUÍ - SECULT,MADEIRO,"INCENTIVAR A PRODUÇÃO E DIFUSÃO DE BENS, SERVIÇOS E CONTEÚDOS CULTURAIS, BEM COMO A REALIZAÇÃO DAS ATIVIDADES DO CALENDÁRIO CULTURAL DO ESTADO.",300000.0
ALEPI-326,2026,202631110736,Aprovada,Transferências com finalidade definida,FUNDO ESTADUAL DE SAÚDE - FUNSAUDE,Estado do Piauí,MELHORAR A QUALIDADE EM SAÚDE DO ESTADO DO PIAUÍ EM TODAS AS REGIÕES DE SAÚDE.,500000.0
ALEPI-326,2026,202631110829,Aprovada,Transferências especiais (Município),ENCARGOS GERAIS DO ESTADO,ESPERANTINA,REGISTRO DAS EMENDAS PARLAMENTARES PREVISTAS NA EC 58/2021.,150000.0
ALEPI-326,2026,202631110872,Aprovada,Transferências com finalidade definida,SECRETARIA DE ESTADO DA EDUCAÇÃO -SEDUC,ESPERANTINA,"PROMOVER A GESTÃO EDUCACIONAL DEMOCRÁTICA, INOVADORA E COLABORATIVA, ATRAVÉS DE PROJETOS, PALESTRAS, OFICINAS E OUTRAS ATIVIDADES.",350000.0
ALEPI-326,2026,202631110873,Aprovada,Transferências com finalidade definida,SECRETARIA DE ESTADO DA CULTURA DO PIAUÍ - SECULT,SÃO JOÃO DA SERRA,"INCENTIVAR A PRODUÇÃO E DIFUSÃO DE BENS, SERVIÇOS E CONTEÚDOS CULTURAIS, BEM COMO A REALIZAÇÃO DAS ATIVIDADES DO CALENDÁRIO CULTURAL DO ESTADO.",300000.0
ALEPI-326,2026,202631110958,Aprovada,Transferências com finalidade definida,SECRETARIA DE ESTADO DA CULTURA DO PIAUÍ - SECULT,TERESINA,"INCENTIVAR A PRODUÇÃO E DIFUSÃO DE BENS, SERVIÇOS E CONTEÚDOS CULTURAIS, BEM COMO A REALIZAÇÃO DAS ATIVIDADES DO CALENDÁRIO CULTURAL DO ESTADO.",700000.0
ALEPI-326,2026,202631111060,Aprovada,Transferências com finalidade definida,SECRETARIA DE INTEGRAÇÃO E DESENVOLVIMENTO REGIONAL - SIDERPI,TERESINA,DAR SUPORTE NO DESENVOLVIMENTO DE AÇÕES DE APOIO E INFRAESTRUTURA PARA MELHORIAS DOS MUNICÍPIOS.,291000.0
ALEPI-326,2026,202631111235,Aprovada,Transferências com finalidade definida,SECRETARIA DE INTEGRAÇÃO E DESENVOLVIMENTO REGIONAL - SIDERPI,CORONEL JOSÉ DIAS,DAR SUPORTE NO DESENVOLVIMENTO DE AÇÕES DE APOIO E INFRAESTRUTURA PARA MELHORIAS DOS MUNICÍPIOS.,1093425.02
ALEPI-326,2026,202631111236,Aprovada,Transferências com finalidade definida,SECRETARIA DE INTEGRAÇÃO E DESENVOLVIMENTO REGIONAL - SIDERPI,CORONEL JOSÉ DIAS,DAR SUPORTE NO DESENVOLVIMENTO DE AÇÕES DE APOIO E INFRAESTRUTURA PARA MELHORIAS DOS MUNICÍPIOS.,1010406.57
ALEPI-325,2026,202631120007,Cancelada,Transferências com finalidade definida,SECRETARIA DE ESTADO DA CULTURA DO PIAUÍ - SECULT,Inhuma - PI,"INCENTIVAR A PRODUÇÃO E DIFUSÃO DE BENS, SERVIÇOS E CONTEÚDOS CULTURAIS, BEM COMO A REALIZAÇÃO DAS ATIVIDADES DO CALENDÁRIO CULTURAL DO ESTADO.",200000.0
ALEPI-325,2026,202631120009,Cancelada,Transferências com finalidade definida,SECRETARIA DE ESTADO DA CULTURA DO PIAUÍ - SECULT,Cajueiro da Praia,"INCENTIVAR A PRODUÇÃO E DIFUSÃO DE BENS, SERVIÇOS E CONTEÚDOS CULTURAIS, BEM COMO A REALIZAÇÃO DAS ATIVIDADES DO CALENDÁRIO CULTURAL DO ESTADO.",100000.0
ALEPI-325,2026,202631120367,Aprovada,Transferências com finalidade definida,SECRETARIA DE ESTADO DO TURISMO DO PIAUI - SETUR,Município de Buriti dos Lopes,"AÇÃO QUE ENVOLVE A EXECUÇÃO DAS SEGUINTES ATIVIDADES:ACOMPANHAMENTO TÉCNICO AOS MUNICÍPIOS, PROMOÇÃO E DIVULGAÇÃO, REALIZAÇÃO DE PESQUISAS, PARTICIPAÇÃO DE FEIRAS E EVENTOS, APOIO À REALIZAÇÃO DE EVENTOS, INVENTARIO DA OFERTA TURÍSTICA, ELABORAÇÃO E EXECUÇÃO DO PLANO DE MARKETING.",80000.0
ALEPI-325,2026,202631120391,Aprovada,Transferências com finalidade definida,COORDENADORIA  ESTADUAL DE ENFRENTAMENTO ÀS DROGAS E FOMENTO AO LAZER - CENDFOL,município de Inhuma,"PROMOVER O ACESSO AO LAZER, A INTEGRAÇAO SOCIAL E A DIVERSIDADE CULTURAL NOS TERRITÓRIOS DE DESENVOLVIMENTO DO ESTADO.",250000.0
ALEPI-325,2026,202631120415,Aprovada,Transferências com finalidade definida,COORDENADORIA DA JUVENTUDE DO ESTADO DO PIAUÍ - COJUV, Teresina,PROMOVER A REALIZAÇÃO DE ATIVIDADES DE INCLUSÃO DO JOVEM URBANO E RURAL NAS DIVERSAS POLÍTICAS PÚBLICAS E NAS GARANTIAS DE DIREITO DO ESTATUTO DA JUVENTUDE.,300000.0
ALEPI-325,2026,202631120416,Cancelada,Transferências com finalidade definida,COORDENADORIA DA JUVENTUDE DO ESTADO DO PIAUÍ - COJUV,Teresina-PI,PROMOVER A REALIZAÇÃO DE ATIVIDADES DE INCLUSÃO DO JOVEM URBANO E RURAL NAS DIVERSAS POLÍTICAS PÚBLICAS E NAS GARANTIAS DE DIREITO DO ESTATUTO DA JUVENTUDE.,120000.0
ALEPI-325,2026,202631120417,Aprovada,Transferências com finalidade definida,COORDENADORIA  ESTADUAL DE ENFRENTAMENTO ÀS DROGAS E FOMENTO AO LAZER - CENDFOL,SÃO JOSÉ DO DIVINO,"PROMOVER O ACESSO AO LAZER, A INTEGRAÇAO SOCIAL E A DIVERSIDADE CULTURAL NOS TERRITÓRIOS DE DESENVOLVIMENTO DO ESTADO.",250000.0
ALEPI-325,2026,202631120420,Aprovada,Transferências com finalidade definida,COORDENADORIA  ESTADUAL DE ENFRENTAMENTO ÀS DROGAS E FOMENTO AO LAZER - CENDFOL,"BAIRRO VAMOS VER O SOL, TERESINA/PI","PROMOVER O ACESSO AO LAZER, A INTEGRAÇAO SOCIAL E A DIVERSIDADE CULTURAL NOS TERRITÓRIOS DE DESENVOLVIMENTO DO ESTADO.",300000.0
ALEPI-325,2026,202631120421,Aprovada,Transferências com finalidade definida,COORDENADORIA  ESTADUAL DE ENFRENTAMENTO ÀS DROGAS E FOMENTO AO LAZER - CENDFOL,"Bairro Poty Velho, TERESINA/pi","PROMOVER O ACESSO AO LAZER, A INTEGRAÇAO SOCIAL E A DIVERSIDADE CULTURAL NOS TERRITÓRIOS DE DESENVOLVIMENTO DO ESTADO.",300000.0
ALEPI-325,2026,202631120422,Aprovada,Transferências com finalidade definida,COORDENADORIA  ESTADUAL DE ENFRENTAMENTO ÀS DROGAS E FOMENTO AO LAZER - CENDFOL,"Bairro Poty Velho, Teresina/PI","PROMOVER O ACESSO AO LAZER, A INTEGRAÇAO SOCIAL E A DIVERSIDADE CULTURAL NOS TERRITÓRIOS DE DESENVOLVIMENTO DO ESTADO.",150000.0
ALEPI-325,2026,202631120423,Aprovada,Transferências com finalidade definida,COORDENADORIA  ESTADUAL DE ENFRENTAMENTO ÀS DROGAS E FOMENTO AO LAZER - CENDFOL,"Bairro BAIRRO SANTA LUZIA, Teresina/PI","PROMOVER O ACESSO AO LAZER, A INTEGRAÇAO SOCIAL E A DIVERSIDADE CULTURAL NOS TERRITÓRIOS DE DESENVOLVIMENTO DO ESTADO.",150000.0
ALEPI-325,2026,202631120424,Aprovada,Transferências com finalidade definida,COORDENADORIA  ESTADUAL DE ENFRENTAMENTO ÀS DROGAS E FOMENTO AO LAZER - CENDFOL,"Povoado Soinho, Teresina/PI","PROMOVER O ACESSO AO LAZER, A INTEGRAÇAO SOCIAL E A DIVERSIDADE CULTURAL NOS TERRITÓRIOS DE DESENVOLVIMENTO DO ESTADO.",150000.0
ALEPI-325,2026,202631120425,Aprovada,Transferências com finalidade definida,COORDENADORIA  ESTADUAL DE ENFRENTAMENTO ÀS DROGAS E FOMENTO AO LAZER - CENDFOL,município de Teresina/PI,"PROMOVER O ACESSO AO LAZER, A INTEGRAÇAO SOCIAL E A DIVERSIDADE CULTURAL NOS TERRITÓRIOS DE DESENVOLVIMENTO DO ESTADO.",300000.0
ALEPI-325,2026,202631120429,Aprovada,Transferências com finalidade definida,SECRETARIA DE ESTADO DA CULTURA DO PIAUÍ - SECULT,município de Teresina,"INCENTIVAR A PRODUÇÃO E DIFUSÃO DE BENS, SERVIÇOS E CONTEÚDOS CULTURAIS, BEM COMO A REALIZAÇÃO DAS ATIVIDADES DO CALENDÁRIO CULTURAL DO ESTADO.",148967.0
ALEPI-325,2026,202631120430,Aprovada,Transferências com finalidade definida,COORDENADORIA  ESTADUAL DE ENFRENTAMENTO ÀS DROGAS E FOMENTO AO LAZER - CENDFOL,"bairro Poty Velho, Teresina/PI","PROMOVER O ACESSO AO LAZER, A INTEGRAÇAO SOCIAL E A DIVERSIDADE CULTURAL NOS TERRITÓRIOS DE DESENVOLVIMENTO DO ESTADO.",150000.0
ALEPI-325,2026,202631120501,Cancelada,Transferências com finalidade definida,SECRETARIA DE ESTADO DO TURISMO DO PIAUI - SETUR,município Novo Oriente/PI,"AÇÃO QUE ENVOLVE A EXECUÇÃO DAS SEGUINTES ATIVIDADES:ACOMPANHAMENTO TÉCNICO AOS MUNICÍPIOS, PROMOÇÃO E DIVULGAÇÃO, REALIZAÇÃO DE PESQUISAS, PARTICIPAÇÃO DE FEIRAS E EVENTOS, APOIO À REALIZAÇÃO DE EVENTOS, INVENTARIO DA OFERTA TURÍSTICA, ELABORAÇÃO E EXECUÇÃO DO PLANO DE MARKETING.",90000.0
ALEPI-325,2026,202631120502,Cancelada,Transferências com finalidade definida,SECRETARIA DE ESTADO DO TURISMO DO PIAUI - SETUR,município de Flores/PI,"AÇÃO QUE ENVOLVE A EXECUÇÃO DAS SEGUINTES ATIVIDADES:ACOMPANHAMENTO TÉCNICO AOS MUNICÍPIOS, PROMOÇÃO E DIVULGAÇÃO, REALIZAÇÃO DE PESQUISAS, PARTICIPAÇÃO DE FEIRAS E EVENTOS, APOIO À REALIZAÇÃO DE EVENTOS, INVENTARIO DA OFERTA TURÍSTICA, ELABORAÇÃO E EXECUÇÃO DO PLANO DE MARKETING.",90000.0
ALEPI-325,2026,202631120503,Aprovada,Transferências com finalidade definida,SECRETARIA DE ESTADO DO TURISMO DO PIAUI - SETUR,Socorro do Piauí ,"AÇÃO QUE ENVOLVE A EXECUÇÃO DAS SEGUINTES ATIVIDADES:ACOMPANHAMENTO TÉCNICO AOS MUNICÍPIOS, PROMOÇÃO E DIVULGAÇÃO, REALIZAÇÃO DE PESQUISAS, PARTICIPAÇÃO DE FEIRAS E EVENTOS, APOIO À REALIZAÇÃO DE EVENTOS, INVENTARIO DA OFERTA TURÍSTICA, ELABORAÇÃO E EXECUÇÃO DO PLANO DE MARKETING.",85000.0
ALEPI-325,2026,202631120504,Aprovada,Transferências com finalidade definida,SECRETARIA DE ESTADO DO TURISMO DO PIAUI - SETUR,município de Socorro do Piauí,"AÇÃO QUE ENVOLVE A EXECUÇÃO DAS SEGUINTES ATIVIDADES:ACOMPANHAMENTO TÉCNICO AOS MUNICÍPIOS, PROMOÇÃO E DIVULGAÇÃO, REALIZAÇÃO DE PESQUISAS, PARTICIPAÇÃO DE FEIRAS E EVENTOS, APOIO À REALIZAÇÃO DE EVENTOS, INVENTARIO DA OFERTA TURÍSTICA, ELABORAÇÃO E EXECUÇÃO DO PLANO DE MARKETING.",220000.0
ALEPI-325,2026,202631120505,Cancelada,Transferências com finalidade definida,SECRETARIA DE ESTADO DO TURISMO DO PIAUI - SETUR,município de Queimada Nova,"AÇÃO QUE ENVOLVE A EXECUÇÃO DAS SEGUINTES ATIVIDADES:ACOMPANHAMENTO TÉCNICO AOS MUNICÍPIOS, PROMOÇÃO E DIVULGAÇÃO, REALIZAÇÃO DE PESQUISAS, PARTICIPAÇÃO DE FEIRAS E EVENTOS, APOIO À REALIZAÇÃO DE EVENTOS, INVENTARIO DA OFERTA TURÍSTICA, ELABORAÇÃO E EXECUÇÃO DO PLANO DE MARKETING.",220000.0
ALEPI-325,2026,202631120517,Cancelada,Transferências com finalidade definida,COORDENADORIA DA JUVENTUDE DO ESTADO DO PIAUÍ - COJUV,Teresina,PROMOVER A REALIZAÇÃO DE ATIVIDADES DE INCLUSÃO DO JOVEM URBANO E RURAL NAS DIVERSAS POLÍTICAS PÚBLICAS E NAS GARANTIAS DE DIREITO DO ESTATUTO DA JUVENTUDE.,120000.0
ALEPI-325,2026,202631120518,Cancelada,Transferências com finalidade definida,SECRETARIA DE ESTADO DO TURISMO DO PIAUI - SETUR,Novo Oriente/PI,"AÇÃO QUE ENVOLVE A EXECUÇÃO DAS SEGUINTES ATIVIDADES:ACOMPANHAMENTO TÉCNICO AOS MUNICÍPIOS, PROMOÇÃO E DIVULGAÇÃO, REALIZAÇÃO DE PESQUISAS, PARTICIPAÇÃO DE FEIRAS E EVENTOS, APOIO À REALIZAÇÃO DE EVENTOS, INVENTARIO DA OFERTA TURÍSTICA, ELABORAÇÃO E EXECUÇÃO DO PLANO DE MARKETING.",85000.0
ALEPI-325,2026,202631120519,Cancelada,Transferências com finalidade definida,SECRETARIA DE ESTADO DO TURISMO DO PIAUI - SETUR,Flores/PI,"AÇÃO QUE ENVOLVE A EXECUÇÃO DAS SEGUINTES ATIVIDADES:ACOMPANHAMENTO TÉCNICO AOS MUNICÍPIOS, PROMOÇÃO E DIVULGAÇÃO, REALIZAÇÃO DE PESQUISAS, PARTICIPAÇÃO DE FEIRAS E EVENTOS, APOIO À REALIZAÇÃO DE EVENTOS, INVENTARIO DA OFERTA TURÍSTICA, ELABORAÇÃO E EXECUÇÃO DO PLANO DE MARKETING.",120000.0
ALEPI-325,2026,202631120542,Cancelada,Transferências com finalidade definida,SECRETARIA DE ESTADO DO TURISMO DO PIAUI - SETUR,Teresina/PI,"AÇÃO QUE ENVOLVE A EXECUÇÃO DAS SEGUINTES ATIVIDADES:ACOMPANHAMENTO TÉCNICO AOS MUNICÍPIOS, PROMOÇÃO E DIVULGAÇÃO, REALIZAÇÃO DE PESQUISAS, PARTICIPAÇÃO DE FEIRAS E EVENTOS, APOIO À REALIZAÇÃO DE EVENTOS, INVENTARIO DA OFERTA TURÍSTICA, ELABORAÇÃO E EXECUÇÃO DO PLANO DE MARKETING.",300000.0
ALEPI-325,2026,202631120564,Aprovada,Transferências com finalidade definida,SECRETARIA DE ESTADO DA CULTURA DO PIAUÍ - SECULT,Santa Rosa do Piauí ,"INCENTIVAR A PRODUÇÃO E DIFUSÃO DE BENS, SERVIÇOS E CONTEÚDOS CULTURAIS, BEM COMO A REALIZAÇÃO DAS ATIVIDADES DO CALENDÁRIO CULTURAL DO ESTADO.",100000.0
ALEPI-325,2026,202631120565,Cancelada,Transferências com finalidade definida,SECRETARIA DE ESTADO DA CULTURA DO PIAUÍ - SECULT,Várzea Branca-PI,"INCENTIVAR A PRODUÇÃO E DIFUSÃO DE BENS, SERVIÇOS E CONTEÚDOS CULTURAIS, BEM COMO A REALIZAÇÃO DAS ATIVIDADES DO CALENDÁRIO CULTURAL DO ESTADO.",100000.0
ALEPI-325,2026,202631120590,Aprovada,Transferências especiais (Município),ENCARGOS GERAIS DO ESTADO,Anísio de Abreu/PI,REGISTRO DAS EMENDAS PARLAMENTARES PREVISTAS NA EC 58/2021.,40000.0
ALEPI-325,2026,202631120591,Aprovada,Transferências especiais (Município),ENCARGOS GERAIS DO ESTADO,Anísio de Abreu/PI,REGISTRO DAS EMENDAS PARLAMENTARES PREVISTAS NA EC 58/2021.,60000.0
ALEPI-325,2026,202631120597,Aprovada,Transferências com finalidade definida,SECRETARIA DE ESTADO DO TURISMO DO PIAUI - SETUR,Queimada Nova/PI,"AÇÃO QUE ENVOLVE A EXECUÇÃO DAS SEGUINTES ATIVIDADES:ACOMPANHAMENTO TÉCNICO AOS MUNICÍPIOS, PROMOÇÃO E DIVULGAÇÃO, REALIZAÇÃO DE PESQUISAS, PARTICIPAÇÃO DE FEIRAS E EVENTOS, APOIO À REALIZAÇÃO DE EVENTOS, INVENTARIO DA OFERTA TURÍSTICA, ELABORAÇÃO E EXECUÇÃO DO PLANO DE MARKETING.",100000.0
ALEPI-325,2026,202631120615,Aprovada,Transferências com finalidade definida,SECRETARIA DE ESTADO DO TURISMO DO PIAUI - SETUR,Município de Teresina,"AÇÃO QUE ENVOLVE A EXECUÇÃO DAS SEGUINTES ATIVIDADES:ACOMPANHAMENTO TÉCNICO AOS MUNICÍPIOS, PROMOÇÃO E DIVULGAÇÃO, REALIZAÇÃO DE PESQUISAS, PARTICIPAÇÃO DE FEIRAS E EVENTOS, APOIO À REALIZAÇÃO DE EVENTOS, INVENTARIO DA OFERTA TURÍSTICA, ELABORAÇÃO E EXECUÇÃO DO PLANO DE MARKETING.",300000.0
ALEPI-325,2026,202631120618,Cancelada,Transferências com finalidade definida,SECRETARIA DE ESTADO DA CULTURA DO PIAUÍ - SECULT,Teresina/PI,"INCENTIVAR A PRODUÇÃO E DIFUSÃO DE BENS, SERVIÇOS E CONTEÚDOS CULTURAIS, BEM COMO A REALIZAÇÃO DAS ATIVIDADES DO CALENDÁRIO CULTURAL DO ESTADO.",360000.0
ALEPI-325,2026,202631120633,Aprovada,Transferências com finalidade definida,SECRETARIA DE ESTADO DO TURISMO DO PIAUI - SETUR,Itaueira/PI,"AÇÃO QUE ENVOLVE A EXECUÇÃO DAS SEGUINTES ATIVIDADES:ACOMPANHAMENTO TÉCNICO AOS MUNICÍPIOS, PROMOÇÃO E DIVULGAÇÃO, REALIZAÇÃO DE PESQUISAS, PARTICIPAÇÃO DE FEIRAS E EVENTOS, APOIO À REALIZAÇÃO DE EVENTOS, INVENTARIO DA OFERTA TURÍSTICA, ELABORAÇÃO E EXECUÇÃO DO PLANO DE MARKETING.",120000.0
ALEPI-325,2026,202631120654,Cancelada,Transferências com finalidade definida,SECRETARIA DE ESTADO DA CULTURA DO PIAUÍ - SECULT,Várzea Branca/PI,"INCENTIVAR A PRODUÇÃO E DIFUSÃO DE BENS, SERVIÇOS E CONTEÚDOS CULTURAIS, BEM COMO A REALIZAÇÃO DAS ATIVIDADES DO CALENDÁRIO CULTURAL DO ESTADO.",100000.0
ALEPI-325,2026,202631120656,Aprovada,Transferências com finalidade definida,SECRETARIA DE ESTADO DA CULTURA DO PIAUÍ - SECULT,Jatobá/PI,"INCENTIVAR A PRODUÇÃO E DIFUSÃO DE BENS, SERVIÇOS E CONTEÚDOS CULTURAIS, BEM COMO A REALIZAÇÃO DAS ATIVIDADES DO CALENDÁRIO CULTURAL DO ESTADO.",100000.0
ALEPI-325,2026,202631120657,Aprovada,Transferências com finalidade definida,SECRETARIA DE ESTADO DA CULTURA DO PIAUÍ - SECULT,Juazeiro/PI,"INCENTIVAR A PRODUÇÃO E DIFUSÃO DE BENS, SERVIÇOS E CONTEÚDOS CULTURAIS, BEM COMO A REALIZAÇÃO DAS ATIVIDADES DO CALENDÁRIO CULTURAL DO ESTADO.",100000.0
ALEPI-325,2026,202631120658,Aprovada,Transferências com finalidade definida,SECRETARIA DE ESTADO DA CULTURA DO PIAUÍ - SECULT,Inhuma,"INCENTIVAR A PRODUÇÃO E DIFUSÃO DE BENS, SERVIÇOS E CONTEÚDOS CULTURAIS, BEM COMO A REALIZAÇÃO DAS ATIVIDADES DO CALENDÁRIO CULTURAL DO ESTADO.",100000.0
ALEPI-325,2026,202631120659,Cancelada,Transferências com finalidade definida,SECRETARIA DE ESTADO DA CULTURA DO PIAUÍ - SECULT,Aroazes/PI,"INCENTIVAR A PRODUÇÃO E DIFUSÃO DE BENS, SERVIÇOS E CONTEÚDOS CULTURAIS, BEM COMO A REALIZAÇÃO DAS ATIVIDADES DO CALENDÁRIO CULTURAL DO ESTADO.",100000.0
ALEPI-325,2026,202631120660,Aprovada,Transferências com finalidade definida,SECRETARIA DE ESTADO DA CULTURA DO PIAUÍ - SECULT,Campo Maior/PI,"INCENTIVAR A PRODUÇÃO E DIFUSÃO DE BENS, SERVIÇOS E CONTEÚDOS CULTURAIS, BEM COMO A REALIZAÇÃO DAS ATIVIDADES DO CALENDÁRIO CULTURAL DO ESTADO.",100000.0
ALEPI-325,2026,202631120661,Cancelada,Transferências com finalidade definida,SECRETARIA DE ESTADO DA CULTURA DO PIAUÍ - SECULT,Sigefredo Pacheco/PI,"INCENTIVAR A PRODUÇÃO E DIFUSÃO DE BENS, SERVIÇOS E CONTEÚDOS CULTURAIS, BEM COMO A REALIZAÇÃO DAS ATIVIDADES DO CALENDÁRIO CULTURAL DO ESTADO.",100000.0
ALEPI-325,2026,202631120710,Aprovada,Transferências com finalidade definida,SECRETARIA DE ESTADO DA CULTURA DO PIAUÍ - SECULT,Fartura do Piauí,"INCENTIVAR A PRODUÇÃO E DIFUSÃO DE BENS, SERVIÇOS E CONTEÚDOS CULTURAIS, BEM COMO A REALIZAÇÃO DAS ATIVIDADES DO CALENDÁRIO CULTURAL DO ESTADO.",100000.0
ALEPI-325,2026,202631120711,Aprovada,Transferências com finalidade definida,SECRETARIA DE ESTADO DA CULTURA DO PIAUÍ - SECULT,Dirceu Arcoverde,"INCENTIVAR A PRODUÇÃO E DIFUSÃO DE BENS, SERVIÇOS E CONTEÚDOS CULTURAIS, BEM COMO A REALIZAÇÃO DAS ATIVIDADES DO CALENDÁRIO CULTURAL DO ESTADO.",100000.0
ALEPI-325,2026,202631120728,Cancelada,Transferências com finalidade definida,SECRETARIA DE ESTADO DA CULTURA DO PIAUÍ - SECULT,Campo Algre do Fidalgo,"INCENTIVAR A PRODUÇÃO E DIFUSÃO DE BENS, SERVIÇOS E CONTEÚDOS CULTURAIS, BEM COMO A REALIZAÇÃO DAS ATIVIDADES DO CALENDÁRIO CULTURAL DO ESTADO.",100000.0
ALEPI-325,2026,202631120729,Aprovada,Transferências com finalidade definida,SECRETARIA DE ESTADO DA CULTURA DO PIAUÍ - SECULT,Anísio de Abreu,"INCENTIVAR A PRODUÇÃO E DIFUSÃO DE BENS, SERVIÇOS E CONTEÚDOS CULTURAIS, BEM COMO A REALIZAÇÃO DAS ATIVIDADES DO CALENDÁRIO CULTURAL DO ESTADO.",100000.0
ALEPI-325,2026,202631120733,Aprovada,Transferências com finalidade definida,FUNDO ESTADUAL DE SAÚDE - FUNSAUDE,Estado do Piauí,MELHORAR A QUALIDADE EM SAÚDE DO ESTADO DO PIAUÍ EM TODAS AS REGIÕES DE SAÚDE.,510000.0
ALEPI-325,2026,202631120769,Aprovada,Transferências com finalidade definida,SECRETARIA DE ESTADO DA CULTURA DO PIAUÍ - SECULT,Parque São João/ teresina PI,"INCENTIVAR A PRODUÇÃO E DIFUSÃO DE BENS, SERVIÇOS E CONTEÚDOS CULTURAIS, BEM COMO A REALIZAÇÃO DAS ATIVIDADES DO CALENDÁRIO CULTURAL DO ESTADO.",240000.0
ALEPI-325,2026,202631120788,Aprovada,Transferências com finalidade definida,SECRETARIA DE ESTADO DA CULTURA DO PIAUÍ - SECULT,Valença do Piauí,"INCENTIVAR A PRODUÇÃO E DIFUSÃO DE BENS, SERVIÇOS E CONTEÚDOS CULTURAIS, BEM COMO A REALIZAÇÃO DAS ATIVIDADES DO CALENDÁRIO CULTURAL DO ESTADO.",120000.0
ALEPI-325,2026,202631120789,Aprovada,Transferências com finalidade definida,SECRETARIA DE ESTADO DA CULTURA DO PIAUÍ - SECULT,Valença do Piauí,"INCENTIVAR A PRODUÇÃO E DIFUSÃO DE BENS, SERVIÇOS E CONTEÚDOS CULTURAIS, BEM COMO A REALIZAÇÃO DAS ATIVIDADES DO CALENDÁRIO CULTURAL DO ESTADO.",108968.0
ALEPI-325,2026,202631120827,Cancelada,Transferências com finalidade definida,SECRETARIA DE ESTADO DA CULTURA DO PIAUÍ - SECULT,Valença do Piaui,"INCENTIVAR A PRODUÇÃO E DIFUSÃO DE BENS, SERVIÇOS E CONTEÚDOS CULTURAIS, BEM COMO A REALIZAÇÃO DAS ATIVIDADES DO CALENDÁRIO CULTURAL DO ESTADO.",120000.0
ALEPI-325,2026,202631120828,Cancelada,Transferências com finalidade definida,SECRETARIA DE ESTADO DA CULTURA DO PIAUÍ - SECULT,Campo Maior/PI,"INCENTIVAR A PRODUÇÃO E DIFUSÃO DE BENS, SERVIÇOS E CONTEÚDOS CULTURAIS, BEM COMO A REALIZAÇÃO DAS ATIVIDADES DO CALENDÁRIO CULTURAL DO ESTADO.",120000.0
ALEPI-325,2026,202631120858,Cancelada,Transferências com finalidade definida,SECRETARIA DE ESTADO DA CULTURA DO PIAUÍ - SECULT,Inhuma/Piauí,"INCENTIVAR A PRODUÇÃO E DIFUSÃO DE BENS, SERVIÇOS E CONTEÚDOS CULTURAIS, BEM COMO A REALIZAÇÃO DAS ATIVIDADES DO CALENDÁRIO CULTURAL DO ESTADO.",600000.0
ALEPI-325,2026,202631120876,Cancelada,Fundo a Fundo (Município),FUNDO ESTADUAL DE SAÚDE - FUNSAUDE,MORRO CABEÇA NO TEMPO,MELHORAR A QUALIDADE EM SAÚDE DO ESTADO DO PIAUÍ EM TODAS AS REGIÕES DE SAÚDE.,250000.0
ALEPI-325,2026,202631120959,Aprovada,Transferências com finalidade definida,SECRETARIA DE ESTADO DA CULTURA DO PIAUÍ - SECULT,São Raimundo Nonato,"INCENTIVAR A PRODUÇÃO E DIFUSÃO DE BENS, SERVIÇOS E CONTEÚDOS CULTURAIS, BEM COMO A REALIZAÇÃO DAS ATIVIDADES DO CALENDÁRIO CULTURAL DO ESTADO.",100000.0
ALEPI-325,2026,202631120960,Cancelada,Transferências com finalidade definida,SECRETARIA DE ESTADO DA CULTURA DO PIAUÍ - SECULT,Teresina/PI,"INCENTIVAR A PRODUÇÃO E DIFUSÃO DE BENS, SERVIÇOS E CONTEÚDOS CULTURAIS, BEM COMO A REALIZAÇÃO DAS ATIVIDADES DO CALENDÁRIO CULTURAL DO ESTADO.",100000.0
ALEPI-325,2026,202631120961,Cancelada,Transferências com finalidade definida,SECRETARIA DE ESTADO DA CULTURA DO PIAUÍ - SECULT,Guaribas/PI,"INCENTIVAR A PRODUÇÃO E DIFUSÃO DE BENS, SERVIÇOS E CONTEÚDOS CULTURAIS, BEM COMO A REALIZAÇÃO DAS ATIVIDADES DO CALENDÁRIO CULTURAL DO ESTADO.",100000.0
ALEPI-325,2026,202631121003,Cancelada,Transferências com finalidade definida,SECRETARIA DE ESTADO DA CULTURA DO PIAUÍ - SECULT,Bom Jesus/PI,"INCENTIVAR A PRODUÇÃO E DIFUSÃO DE BENS, SERVIÇOS E CONTEÚDOS CULTURAIS, BEM COMO A REALIZAÇÃO DAS ATIVIDADES DO CALENDÁRIO CULTURAL DO ESTADO.",100000.0
ALEPI-325,2026,202631121013,Aprovada,Transferências com finalidade definida,SECRETARIA DE ESTADO DA CULTURA DO PIAUÍ - SECULT,Bom Jesus/PI,"INCENTIVAR A PRODUÇÃO E DIFUSÃO DE BENS, SERVIÇOS E CONTEÚDOS CULTURAIS, BEM COMO A REALIZAÇÃO DAS ATIVIDADES DO CALENDÁRIO CULTURAL DO ESTADO.",100000.0
ALEPI-325,2026,202631121014,Aprovada,Transferências com finalidade definida,SECRETARIA DE ESTADO DA CULTURA DO PIAUÍ - SECULT,Guaribas/PI,"INCENTIVAR A PRODUÇÃO E DIFUSÃO DE BENS, SERVIÇOS E CONTEÚDOS CULTURAIS, BEM COMO A REALIZAÇÃO DAS ATIVIDADES DO CALENDÁRIO CULTURAL DO ESTADO.",100000.0
ALEPI-325,2026,202631121119,Cancelada,Transferências com finalidade definida,SECRETARIA DE ESTADO DA CULTURA DO PIAUÍ - SECULT,Jardim do Mulato,"INCENTIVAR A PRODUÇÃO E DIFUSÃO DE BENS, SERVIÇOS E CONTEÚDOS CULTURAIS, BEM COMO A REALIZAÇÃO DAS ATIVIDADES DO CALENDÁRIO CULTURAL DO ESTADO.",100000.0
ALEPI-325,2026,202631121130,Aprovada,Transferências com finalidade definida,SECRETARIA DE ESTADO DA CULTURA DO PIAUÍ - SECULT,RIBEIRO GONÇALVES-PI ,"INCENTIVAR A PRODUÇÃO E DIFUSÃO DE BENS, SERVIÇOS E CONTEÚDOS CULTURAIS, BEM COMO A REALIZAÇÃO DAS ATIVIDADES DO CALENDÁRIO CULTURAL DO ESTADO.",200000.0
ALEPI-325,2026,202631121131,Aprovada,Transferências com finalidade definida,SECRETARIA DE ESTADO DA CULTURA DO PIAUÍ - SECULT,LAGOA ALEGRE– PI,"INCENTIVAR A PRODUÇÃO E DIFUSÃO DE BENS, SERVIÇOS E CONTEÚDOS CULTURAIS, BEM COMO A REALIZAÇÃO DAS ATIVIDADES DO CALENDÁRIO CULTURAL DO ESTADO.",100000.0
ALEPI-325,2026,202631121134,Aprovada,Transferências com finalidade definida,SECRETARIA DE ESTADO DA CULTURA DO PIAUÍ - SECULT, JOSÉ DE FREITAS– PI,"INCENTIVAR A PRODUÇÃO E DIFUSÃO DE BENS, SERVIÇOS E CONTEÚDOS CULTURAIS, BEM COMO A REALIZAÇÃO DAS ATIVIDADES DO CALENDÁRIO CULTURAL DO ESTADO.",350000.0
ALEPI-325,2026,202631121146,Aprovada,Transferências com finalidade definida,SECRETARIA DE ESTADO DA CULTURA DO PIAUÍ - SECULT,Campo Maior/PI,"INCENTIVAR A PRODUÇÃO E DIFUSÃO DE BENS, SERVIÇOS E CONTEÚDOS CULTURAIS, BEM COMO A REALIZAÇÃO DAS ATIVIDADES DO CALENDÁRIO CULTURAL DO ESTADO.",100000.0
ALEPI-325,2026,202631121147,Aprovada,Transferências com finalidade definida,SECRETARIA DE ESTADO DA CULTURA DO PIAUÍ - SECULT,Ribeira do Piauí - PI ,"INCENTIVAR A PRODUÇÃO E DIFUSÃO DE BENS, SERVIÇOS E CONTEÚDOS CULTURAIS, BEM COMO A REALIZAÇÃO DAS ATIVIDADES DO CALENDÁRIO CULTURAL DO ESTADO.",300000.0
ALEPI-325,2026,202631121148,Aprovada,Transferências com finalidade definida,SECRETARIA DE ESTADO DA CULTURA DO PIAUÍ - SECULT,Teresina - PI,"INCENTIVAR A PRODUÇÃO E DIFUSÃO DE BENS, SERVIÇOS E CONTEÚDOS CULTURAIS, BEM COMO A REALIZAÇÃO DAS ATIVIDADES DO CALENDÁRIO CULTURAL DO ESTADO.",49999.99
ALEPI-325,2026,202631121149,Aprovada,Transferências com finalidade definida,SECRETARIA DE ESTADO DA CULTURA DO PIAUÍ - SECULT,José de Freitas - PI,"INCENTIVAR A PRODUÇÃO E DIFUSÃO DE BENS, SERVIÇOS E CONTEÚDOS CULTURAIS, BEM COMO A REALIZAÇÃO DAS ATIVIDADES DO CALENDÁRIO CULTURAL DO ESTADO.",100000.0
ALEPI-325,2026,202631121173,Cancelada,Transferências com finalidade definida,COORDENADORIA DA JUVENTUDE DO ESTADO DO PIAUÍ - COJUV,Teresina/PI,PROMOVER A REALIZAÇÃO DE ATIVIDADES DE INCLUSÃO DO JOVEM URBANO E RURAL NAS DIVERSAS POLÍTICAS PÚBLICAS E NAS GARANTIAS DE DIREITO DO ESTATUTO DA JUVENTUDE.,120000.0
ALEPI-325,2026,202631121227,Aprovada,Transferências com finalidade definida,SECRETARIA DE ESTADO DA CULTURA DO PIAUÍ - SECULT,Monsenhor Gil-PI,"INCENTIVAR A PRODUÇÃO E DIFUSÃO DE BENS, SERVIÇOS E CONTEÚDOS CULTURAIS, BEM COMO A REALIZAÇÃO DAS ATIVIDADES DO CALENDÁRIO CULTURAL DO ESTADO.",120000.0
ALEPI-4,2026,202631130441,Cancelada,Transferências com finalidade definida,DEPARTAMENTO ESTADUAL DE TRÂNSITO  – DETRAN,Estado Piauí,"REALIZAÇÃO DE CAMPANHAS E CONSCIENTIZAÇÃO A EDUCAÇÃO NO TRÂNSITO, GESTÃO DE ATIVIDADES DE POLICIAMENTO E FISCALIZAÇÃO, IMPLEMENTAÇÃO DE ENGENHARIA E MOBILIDADE URBANA, PROMOVER MELHORIA NA SINALIZAÇÃO DAS VIAS DO ESTADO.",1500000.0
ALEPI-4,2026,202631130463,Cancelada,Transferências com finalidade definida,SECRETARIA DE ESTADO DA SAÚDE DO PIAUÍ - SESAPI,"Teresina, Parnaíba, Campo Maior, Floriano, Uruçuí e Oeiras","APOIAR TÉCNICA E FINANCEIRAMENTE INSTITUIÇÕES DO TERCEIRO SETOR E DEMAIS PARCEIROS DO CAMPO DA SAÚDE PARA REALIZAÇÃO NA ÁREA DE PROMOÇÃO, PREVENÇÃO, REABILITAÇÃO E RECUPERAÇÃO DA SAÚDE. ",1200000.0
ALEPI-4,2026,202631130511,Cancelada,Transferências com finalidade definida,SECRETARIA DE ESTADO DA EDUCAÇÃO -SEDUC,"Teresina, Parnaíba, Piripiri/Esperantina, Campo Maior, Valença do Piauí, Picos, Jaicós, Oeiras, São Raimundo Nonato, Floriano, Uruçuí e Bom Jesus.","Formação de Leitores e Multiplicadores da Literatura Piauiense. Promover a capacitação de jovens piauienses de 17 a 21 anos nos 12 territórios de desenvolvimento do estado, por meio de grupos virtuais de leitura, distribuição de manuais e produção de minidocumentários, formando 360 multiplicadores culturais com potencial de alcançar até 100 mil jovens e valorizar o patrimônio literário regional.
",1350000.0
ALEPI-4,2026,202631130524,Cancelada,Transferências com finalidade definida,SECRETARIA DE ESTADO DA EDUCAÇÃO -SEDUC,"Teresina, Parnaíba, Piripiri, Campo Maior, Valença do Piauí, Floriano, Bom Jesus, São Raimundo Nonato, Uruçuí, Picos, Corrente,  Barras, Oeiras, Pedro II, Batalha, José de Freitas, Altos, Esperantina, Gilbués, Paulistana","Promover o uso ético, responsável e educacionalmente produtivo da Inteligência Artificial entre estudantes do ensino médio em 20 municípios do Piauí, abrangendo os 12 Territórios de 
Desenvolvimento do estado, por meio da distribuição de material pedagógico inovador, produção de conteúdo audiovisual e capacitação de educadores, beneficiando diretamente 20.000 
estudantes ao longo de 6 meses de execução. ESTA AÇÃO É DESTINADA À PROMOÇÃO DA VALORIZAÇÃO E FORMAÇÃO DOS PROFISSIONAIS DA REDE ESTADUAL DE EDUCAÇÃO.",950000.0
ALEPI-4,2026,202631130525,Cancelada,Transferências com finalidade definida,SECRETARIA DE ESTADO DA EDUCAÇÃO -SEDUC,Estado Piauí,"Implementar programa de formação voltado a jovens de 12 a 15 anos, com foco na autonomia e melhoria da aprendizagem, por meio de videoaulas animadas acessíveis pelo celular e cartilhas físicas com ferramentas práticas, promovendo hábitos de estudo, organização do conhecimento e aprendizado colaborativo. ESTA AÇÃO É DESTINADA À PROMOÇÃO DA VALORIZAÇÃO E FORMAÇÃO DOS PROFISSIONAIS DA REDE ESTADUAL DE EDUCAÇÃO.",900000.0
ALEPI-4,2026,202631130558,Cancelada,Transferências com finalidade definida,SECRETARIA DE ESTADO DA EDUCAÇÃO -SEDUC,Estado do Piauí,"Conexão Socioemocional: Metodologias Ativas na Rede Estadual do Piauí. Capacitar 10.000 professores e 50.000 alunos da rede estadual do Piauí no uso de metodologias ativas (Aprendizagem Baseada em Projetos e Rotação por Estações), fortalecendo competências socioemocionais como resiliência, colaboração e empatia, por meio de cartilhas pedagógicas, videoaulas e ações de acompanhamento.",1300000.0
ALEPI-4,2026,202631130588,Aprovada,Transferências especiais (Município),ENCARGOS GERAIS DO ESTADO,COLONIA DO GURGUEIA,REGISTRO DAS EMENDAS PARLAMENTARES PREVISTAS NA EC 58/2021.,180000.0
ALEPI-4,2026,202631130589,Aprovada,Transferências especiais (Município),ENCARGOS GERAIS DO ESTADO,COLONIA DO GURGUEIA,REGISTRO DAS EMENDAS PARLAMENTARES PREVISTAS NA EC 58/2021.,120000.0
ALEPI-4,2026,202631130724,Aprovada,Transferências com finalidade definida,SECRETARIA DE ESTADO DA SAÚDE DO PIAUÍ - SESAPI,"Teresina, Parnaíba, Floriano, Campo Maior, Uruçuí e Oeiras.","APOIAR TÉCNICA E FINANCEIRAMENTE INSTITUIÇÕES DO TERCEIRO SETOR E DEMAIS PARCEIROS DO CAMPO DA SAÚDE PARA REALIZAÇÃO NA ÁREA DE PROMOÇÃO, PREVENÇÃO, REABILITAÇÃO E RECUPERAÇÃO DA SAÚDE. ",1200000.0
ALEPI-4,2026,202631130800,Aprovada,Transferências com finalidade definida,SECRETARIA DE ESTADO DA EDUCAÇÃO -SEDUC,20 municípios / 12 Territórios de Desenvolvimento ,"Promover a inclusão digital e o uso pedagógico de tecnologias inovadoras, ampliando o acesso de estudantes e professores a ferramentas que fortaleçam a aprendizagem e preparem para o mercado de trabalho. ESTA AÇÃO É DESTINADA À PROMOÇÃO DA VALORIZAÇÃO E FORMAÇÃO DOS PROFISSIONAIS DA REDE ESTADUAL DE EDUCAÇÃO.",950000.0
ALEPI-4,2026,202631130836,Cancelada,Transferências com finalidade definida,SECRETARIA DE ESTADO DA EDUCAÇÃO -SEDUC,Município Estado Piauí,"Implementar programa de formação voltado a jovens de 12 a 15 anos, com foco na autonomia e melhorias da aprendizagem, por meio de videoaulas animadas acessíveis pelo celular e cartilhas físicas com ferramentas práticas, promovendo hábitos de estudo, organização do conhecimento e aprendizado colaborativo. ESTA AÇÃO É DESTINADA À PROMOÇÃO DA VALORIZAÇÃO E FORMAÇÃO DOS PROFISSIONAIS DA REDE ESTADUAL DE EDUCAÇÃO.",900000.0
ALEPI-4,2026,202631130847,Cancelada,Transferências com finalidade definida,SECRETARIA DE ESTADO DA EDUCAÇÃO -SEDUC,Estado Piauí,ESTA AÇÃO É DESTINADA À PROMOÇÃO DA VALORIZAÇÃO E FORMAÇÃO DOS PROFISSIONAIS DA REDE ESTADUAL DE EDUCAÇÃO.,1300000.0
ALEPI-4,2026,202631130849,Cancelada,Transferências com finalidade definida,SECRETARIA DE ESTADO DA EDUCAÇÃO -SEDUC,"Teresina, Parnaíba, Piripiri/Esperantina, Campo Maior, Valença do Piauí, Picos, Jaicós, Oeiras, São Raimundo Nonato, Floriano, Uruçuí e Bom Jesus.","Formação de Leitores e Multiplicadores da Literatura Piauiense. Promover a capacitação de jovens piauienses de 17 a 21 anos nos 12 territórios de desenvolvimento do estado, por meio de grupos virtuais de leitura, distribuição de manuais e produção de minidocumentários, formando 360 multiplicadores culturais com potencial de alcançar até 100 mil jovens e valorizar o patrimônio literário regional. ESTA AÇÃO É DESTINADA À PROMOÇÃO DA VALORIZAÇÃO E FORMAÇÃO DOS PROFISSIONAIS DA REDE ESTADUAL DE EDUCAÇÃO.",1350000.0
ALEPI-4,2026,202631131005,Aprovada,Transferências com finalidade definida,SECRETARIA DE ESTADO DA CULTURA DO PIAUÍ - SECULT,Cidade Simplício Mendes - Piauí,"INCENTIVAR A PRODUÇÃO E DIFUSÃO DE BENS, SERVIÇOS E CONTEÚDOS CULTURAIS, BEM COMO A REALIZAÇÃO DAS ATIVIDADES DO CALENDÁRIO CULTURAL DO ESTADO.",157000.0
ALEPI-4,2026,202631131074,Aprovada,Transferências com finalidade definida,DEPARTAMENTO ESTADUAL DE TRÂNSITO  – DETRAN,Teresina - Estado Piauí,"REALIZAÇÃO DE CAMPANHAS E CONSCIENTIZAÇÃO A EDUCAÇÃO NO TRÂNSITO, GESTÃO DE ATIVIDADES DE POLICIAMENTO E FISCALIZAÇÃO, IMPLEMENTAÇÃO DE ENGENHARIA E MOBILIDADE URBANA, PROMOVER MELHORIA NA SINALIZAÇÃO DAS VIAS DO ESTADO.",1500000.0
ALEPI-4,2026,202631131226,Aprovada,Transferências com finalidade definida,SECRETARIA DE ESTADO DA CULTURA DO PIAUÍ - SECULT,Curimatá - PI,"INCENTIVAR A PRODUÇÃO E DIFUSÃO DE BENS, SERVIÇOS E CONTEÚDOS CULTURAIS, BEM COMO A REALIZAÇÃO DAS ATIVIDADES DO CALENDÁRIO CULTURAL DO ESTADO.",250000.0
ALEPI-4,2026,202631131238,Cancelada,Transferências com finalidade definida,SECRETARIA DO ESTADO DE COMUNICAÇÃO DO PIAUÍ - SECOM,Teresina Estado Piauí,DIVULGAR AS AÇÕES E PROGRAMAS DO GOVERNO POR MEIO DAS MÍDIAS SOCIAIS.,1050000.0
ALEPI-4,2026,202631131239,Aprovada,Transferências com finalidade definida,SECRETARIA DO ESTADO DE COMUNICAÇÃO DO PIAUÍ - SECOM,"cidades Teresina, Parnaíba, Picos, Floriano, São Raimundo Nonato.",DIVULGAR AS AÇÕES E PROGRAMAS DO GOVERNO POR MEIO DAS MÍDIAS SOCIAIS.,900000.0
ALEPI-4,2026,202631131251,Aprovada,Transferências com finalidade definida,SECRETARIA DE ESTADO DA EDUCAÇÃO -SEDUC,"Teresina, Parnaíba, Piripiri/Esperantina, Campo Maior, Valença, Picos, Jaicós, Oeiras, São Raimundo Nonato, Floriano, Uruçuí e Bom Jesus.","Formação de Leitores e Multiplicadores da Literatura Piauiense, com foco na valorização e formação dos profissionais da Rede Estadual de Educação.",1300000.0
ALEPI-4,2026,202631131252,Aprovada,Transferências com finalidade definida,SECRETARIA DO ESTADO DE COMUNICAÇÃO DO PIAUÍ - SECOM,Teresina - Estado do Piauí,DIVULGAR AS AÇÕES E PROGRAMAS DO GOVERNO POR MEIO DAS MÍDIAS SOCIAIS.,1100000.0
ALEPI-324,2026,202631140571,Cancelada,Transferências com finalidade definida,COORDENADORIA ESTADUAL DE DESENVOLVIMENTO DOS TERRITÓRIOS - CDTER,Teresina e Parnaíba,PROMOÇÃO E DESENVOLVIMENTO DAS POTENCIALIDADES DOS TERRITÓRIOS.,3828967.0
ALEPI-324,2026,202631140651,Aprovada,Transferências com finalidade definida,SECRETARIA DE ESTADO DA INFRAESTRUTURA - SEINFRA,Municípios do Território de Desenvolvimento 08,"GARANTIR A MOBILIDADE POR MEIO DA IMPLANTAÇÃO DE PAVIMENTAÇÃO, MANUTENÇÃO E RECUPERAÇÃO DE ESTRADAS VICINAIS E RODOVIAS NO ESTADO DO PIAUÍ.",3000000.0
ALEPI-324,2026,202631140819,Cancelada,Transferências com finalidade definida,COORDENADORIA DA JUVENTUDE DO ESTADO DO PIAUÍ - COJUV,Teresina,PROMOVER A REALIZAÇÃO DE ATIVIDADES DE INCLUSÃO DO JOVEM URBANO E RURAL NAS DIVERSAS POLÍTICAS PÚBLICAS E NAS GARANTIAS DE DIREITO DO ESTATUTO DA JUVENTUDE.,300000.0
ALEPI-324,2026,202631140821,Cancelada,Transferências com finalidade definida,COORDENADORIA DA JUVENTUDE DO ESTADO DO PIAUÍ - COJUV,Teresina,PROMOVER A REALIZAÇÃO DE ATIVIDADES DE INCLUSÃO DO JOVEM URBANO E RURAL NAS DIVERSAS POLÍTICAS PÚBLICAS E NAS GARANTIAS DE DIREITO DO ESTATUTO DA JUVENTUDE.,228967.0
ALEPI-324,2026,202631140822,Cancelada,Transferências com finalidade definida,COORDENADORIA DA JUVENTUDE DO ESTADO DO PIAUÍ - COJUV,Teresina,PROMOVER A REALIZAÇÃO DE ATIVIDADES DE INCLUSÃO DO JOVEM URBANO E RURAL NAS DIVERSAS POLÍTICAS PÚBLICAS E NAS GARANTIAS DE DIREITO DO ESTATUTO DA JUVENTUDE.,300000.0
ALEPI-324,2026,202631140824,Aprovada,Transferências com finalidade definida,SECRETARIA DE ESTADO DA CULTURA DO PIAUÍ - SECULT,Campo Maior,"INCENTIVAR A PRODUÇÃO E DIFUSÃO DE BENS, SERVIÇOS E CONTEÚDOS CULTURAIS, BEM COMO A REALIZAÇÃO DAS ATIVIDADES DO CALENDÁRIO CULTURAL DO ESTADO.",950000.0
ALEPI-324,2026,202631140825,Aprovada,Transferências com finalidade definida,SECRETARIA DE ESTADO DA CULTURA DO PIAUÍ - SECULT,São Francisco do Piauí,"INCENTIVAR A PRODUÇÃO E DIFUSÃO DE BENS, SERVIÇOS E CONTEÚDOS CULTURAIS, BEM COMO A REALIZAÇÃO DAS ATIVIDADES DO CALENDÁRIO CULTURAL DO ESTADO.",50000.0
ALEPI-324,2026,202631140828,Aprovada,Transferências com finalidade definida,SECRETARIA DE ESTADO DA CULTURA DO PIAUÍ - SECULT,São João da Fronteira,"INCENTIVAR A PRODUÇÃO E DIFUSÃO DE BENS, SERVIÇOS E CONTEÚDOS CULTURAIS, BEM COMO A REALIZAÇÃO DAS ATIVIDADES DO CALENDÁRIO CULTURAL DO ESTADO.",250000.0
ALEPI-324,2026,202631140864,Aprovada,Transferências com finalidade definida,SECRETARIA DE ESTADO DA CULTURA DO PIAUÍ - SECULT,Santo Antônio dos Milagres,"INCENTIVAR A PRODUÇÃO E DIFUSÃO DE BENS, SERVIÇOS E CONTEÚDOS CULTURAIS, BEM COMO A REALIZAÇÃO DAS ATIVIDADES DO CALENDÁRIO CULTURAL DO ESTADO.",100000.0
ALEPI-324,2026,202631140865,Aprovada,Transferências com finalidade definida,SECRETARIA DE ESTADO DA CULTURA DO PIAUÍ - SECULT,Teresina,"INCENTIVAR A PRODUÇÃO E DIFUSÃO DE BENS, SERVIÇOS E CONTEÚDOS CULTURAIS, BEM COMO A REALIZAÇÃO DAS ATIVIDADES DO CALENDÁRIO CULTURAL DO ESTADO.",100000.0
ALEPI-324,2026,202631140942,Cancelada,Transferências com finalidade definida,SECRETARIA DE ESTADO DA CULTURA DO PIAUÍ - SECULT,Teresina e Parnaíba,"INCENTIVAR A PRODUÇÃO E DIFUSÃO DE BENS, SERVIÇOS E CONTEÚDOS CULTURAIS, BEM COMO A REALIZAÇÃO DAS ATIVIDADES DO CALENDÁRIO CULTURAL DO ESTADO.",1221033.0
ALEPI-324,2026,202631141100,Aprovada,Transferências com finalidade definida,SECRETARIA DE ESTADO DA CULTURA DO PIAUÍ - SECULT,Itaueira,"INCENTIVAR A PRODUÇÃO E DIFUSÃO DE BENS, SERVIÇOS E CONTEÚDOS CULTURAIS, BEM COMO A REALIZAÇÃO DAS ATIVIDADES DO CALENDÁRIO CULTURAL DO ESTADO.",250000.0
ALEPI-324,2026,202631141101,Aprovada,Transferências com finalidade definida,SECRETARIA DE ESTADO DA CULTURA DO PIAUÍ - SECULT,Itaueira,"INCENTIVAR A PRODUÇÃO E DIFUSÃO DE BENS, SERVIÇOS E CONTEÚDOS CULTURAIS, BEM COMO A REALIZAÇÃO DAS ATIVIDADES DO CALENDÁRIO CULTURAL DO ESTADO.",160000.0
ALEPI-324,2026,202631141102,Aprovada,Transferências com finalidade definida,SECRETARIA DE ESTADO DA CULTURA DO PIAUÍ - SECULT,Santo Inácio - PI,"INCENTIVAR A PRODUÇÃO E DIFUSÃO DE BENS, SERVIÇOS E CONTEÚDOS CULTURAIS, BEM COMO A REALIZAÇÃO DAS ATIVIDADES DO CALENDÁRIO CULTURAL DO ESTADO.",250000.0
ALEPI-324,2026,202631141103,Aprovada,Transferências com finalidade definida,SECRETARIA DE ESTADO DA CULTURA DO PIAUÍ - SECULT,Dirceu Arcoverde - PI,"INCENTIVAR A PRODUÇÃO E DIFUSÃO DE BENS, SERVIÇOS E CONTEÚDOS CULTURAIS, BEM COMO A REALIZAÇÃO DAS ATIVIDADES DO CALENDÁRIO CULTURAL DO ESTADO.",100000.0
ALEPI-324,2026,202631141164,Aprovada,Transferências com finalidade definida,SECRETARIA DE ESTADO DA CULTURA DO PIAUÍ - SECULT,Teresina,"INCENTIVAR A PRODUÇÃO E DIFUSÃO DE BENS, SERVIÇOS E CONTEÚDOS CULTURAIS, BEM COMO A REALIZAÇÃO DAS ATIVIDADES DO CALENDÁRIO CULTURAL DO ESTADO.",100000.0
ALEPI-324,2026,202631141165,Aprovada,Transferências com finalidade definida,SECRETARIA DE ESTADO DA CULTURA DO PIAUÍ - SECULT,Teresina,"INCENTIVAR A PRODUÇÃO E DIFUSÃO DE BENS, SERVIÇOS E CONTEÚDOS CULTURAIS, BEM COMO A REALIZAÇÃO DAS ATIVIDADES DO CALENDÁRIO CULTURAL DO ESTADO.",200000.0
ALEPI-324,2026,202631141167,Aprovada,Transferências com finalidade definida,SECRETARIA DE ESTADO DA CULTURA DO PIAUÍ - SECULT,José de Freitas,"INCENTIVAR A PRODUÇÃO E DIFUSÃO DE BENS, SERVIÇOS E CONTEÚDOS CULTURAIS, BEM COMO A REALIZAÇÃO DAS ATIVIDADES DO CALENDÁRIO CULTURAL DO ESTADO.",150000.0
ALEPI-324,2026,202631141168,Cancelada,Transferências com finalidade definida,SECRETARIA DE ESTADO DA CULTURA DO PIAUÍ - SECULT,José de Freitas - PI,"INCENTIVAR A PRODUÇÃO E DIFUSÃO DE BENS, SERVIÇOS E CONTEÚDOS CULTURAIS, BEM COMO A REALIZAÇÃO DAS ATIVIDADES DO CALENDÁRIO CULTURAL DO ESTADO.",50000.0
ALEPI-324,2026,202631141169,Aprovada,Transferências com finalidade definida,SECRETARIA DE ESTADO DA CULTURA DO PIAUÍ - SECULT,José de Freitas,"INCENTIVAR A PRODUÇÃO E DIFUSÃO DE BENS, SERVIÇOS E CONTEÚDOS CULTURAIS, BEM COMO A REALIZAÇÃO DAS ATIVIDADES DO CALENDÁRIO CULTURAL DO ESTADO.",35000.0
ALEPI-324,2026,202631141170,Aprovada,Transferências com finalidade definida,SECRETARIA DE ESTADO DA CULTURA DO PIAUÍ - SECULT,Curralinhos,"INCENTIVAR A PRODUÇÃO E DIFUSÃO DE BENS, SERVIÇOS E CONTEÚDOS CULTURAIS, BEM COMO A REALIZAÇÃO DAS ATIVIDADES DO CALENDÁRIO CULTURAL DO ESTADO.",76000.0
ALEPI-324,2026,202631141174,Cancelada,Transferências com finalidade definida,SECRETARIA DE ESTADO DA CULTURA DO PIAUÍ - SECULT,Várzea Grande - PI,"INCENTIVAR A PRODUÇÃO E DIFUSÃO DE BENS, SERVIÇOS E CONTEÚDOS CULTURAIS, BEM COMO A REALIZAÇÃO DAS ATIVIDADES DO CALENDÁRIO CULTURAL DO ESTADO.",200000.0
ALEPI-324,2026,202631141179,Aprovada,Transferências com finalidade definida,COORDENADORIA DA JUVENTUDE DO ESTADO DO PIAUÍ - COJUV,Palmeirais – PI,PROMOVER A REALIZAÇÃO DE ATIVIDADES DE INCLUSÃO DO JOVEM URBANO E RURAL NAS DIVERSAS POLÍTICAS PÚBLICAS E NAS GARANTIAS DE DIREITO DO ESTATUTO DA JUVENTUDE.,100000.0
ALEPI-324,2026,202631141180,Aprovada,Transferências com finalidade definida,COORDENADORIA DA JUVENTUDE DO ESTADO DO PIAUÍ - COJUV,Miguel Leão,PROMOVER A REALIZAÇÃO DE ATIVIDADES DE INCLUSÃO DO JOVEM URBANO E RURAL NAS DIVERSAS POLÍTICAS PÚBLICAS E NAS GARANTIAS DE DIREITO DO ESTATUTO DA JUVENTUDE.,100000.0
ALEPI-324,2026,202631141184,Aprovada,Transferências com finalidade definida,SECRETARIA DE ESTADO DA CULTURA DO PIAUÍ - SECULT,Bertolínia - PI,"INCENTIVAR A PRODUÇÃO E DIFUSÃO DE BENS, SERVIÇOS E CONTEÚDOS CULTURAIS, BEM COMO A REALIZAÇÃO DAS ATIVIDADES DO CALENDÁRIO CULTURAL DO ESTADO.",150000.0
ALEPI-324,2026,202631141185,Aprovada,Transferências com finalidade definida,COORDENADORIA DA JUVENTUDE DO ESTADO DO PIAUÍ - COJUV,Curralinhos - PI,PROMOVER A REALIZAÇÃO DE ATIVIDADES DE INCLUSÃO DO JOVEM URBANO E RURAL NAS DIVERSAS POLÍTICAS PÚBLICAS E NAS GARANTIAS DE DIREITO DO ESTATUTO DA JUVENTUDE.,100000.0
ALEPI-324,2026,202631141186,Aprovada,Transferências com finalidade definida,SECRETARIA DE ESTADO DA CULTURA DO PIAUÍ - SECULT,Teresina,"INCENTIVAR A PRODUÇÃO E DIFUSÃO DE BENS, SERVIÇOS E CONTEÚDOS CULTURAIS, BEM COMO A REALIZAÇÃO DAS ATIVIDADES DO CALENDÁRIO CULTURAL DO ESTADO.",100000.0
ALEPI-324,2026,202631141187,Aprovada,Transferências com finalidade definida,SECRETARIA DE ESTADO DA CULTURA DO PIAUÍ - SECULT,Teresina,"INCENTIVAR A PRODUÇÃO E DIFUSÃO DE BENS, SERVIÇOS E CONTEÚDOS CULTURAIS, BEM COMO A REALIZAÇÃO DAS ATIVIDADES DO CALENDÁRIO CULTURAL DO ESTADO.",160000.0
ALEPI-324,2026,202631141197,Aprovada,Transferências com finalidade definida,SECRETARIA DE ESTADO DA CULTURA DO PIAUÍ - SECULT,Gilbués,"INCENTIVAR A PRODUÇÃO E DIFUSÃO DE BENS, SERVIÇOS E CONTEÚDOS CULTURAIS, BEM COMO A REALIZAÇÃO DAS ATIVIDADES DO CALENDÁRIO CULTURAL DO ESTADO.",50000.0
ALEPI-324,2026,202631141212,Aprovada,Transferências com finalidade definida,SECRETARIA DE ESTADO DA CULTURA DO PIAUÍ - SECULT,Beneditinos,"INCENTIVAR A PRODUÇÃO E DIFUSÃO DE BENS, SERVIÇOS E CONTEÚDOS CULTURAIS, BEM COMO A REALIZAÇÃO DAS ATIVIDADES DO CALENDÁRIO CULTURAL DO ESTADO.",100000.0
ALEPI-324,2026,202631141213,Aprovada,Transferências com finalidade definida,SECRETARIA DE ESTADO DA CULTURA DO PIAUÍ - SECULT,Bom Princípio,"INCENTIVAR A PRODUÇÃO E DIFUSÃO DE BENS, SERVIÇOS E CONTEÚDOS CULTURAIS, BEM COMO A REALIZAÇÃO DAS ATIVIDADES DO CALENDÁRIO CULTURAL DO ESTADO.",140000.0
ALEPI-324,2026,202631141229,Aprovada,Transferências com finalidade definida,COORDENADORIA DA JUVENTUDE DO ESTADO DO PIAUÍ - COJUV,Batalha - PI,PROMOVER A REALIZAÇÃO DE ATIVIDADES DE INCLUSÃO DO JOVEM URBANO E RURAL NAS DIVERSAS POLÍTICAS PÚBLICAS E NAS GARANTIAS DE DIREITO DO ESTATUTO DA JUVENTUDE.,300000.0
ALEPI-324,2026,202631141230,Aprovada,Transferências com finalidade definida,COORDENADORIA DA JUVENTUDE DO ESTADO DO PIAUÍ - COJUV,São Francisco do Piauí,PROMOVER A REALIZAÇÃO DE ATIVIDADES DE INCLUSÃO DO JOVEM URBANO E RURAL NAS DIVERSAS POLÍTICAS PÚBLICAS E NAS GARANTIAS DE DIREITO DO ESTATUTO DA JUVENTUDE.,100000.0
ALEPI-324,2026,202631141231,Aprovada,Transferências com finalidade definida,SECRETARIA DE ESTADO DA CULTURA DO PIAUÍ - SECULT,Teresina,"INCENTIVAR A PRODUÇÃO E DIFUSÃO DE BENS, SERVIÇOS E CONTEÚDOS CULTURAIS, BEM COMO A REALIZAÇÃO DAS ATIVIDADES DO CALENDÁRIO CULTURAL DO ESTADO.",200000.0
ALEPI-328,2026,202631450101,Aprovada,Transferências com finalidade definida,FUNDAÇÃO UNIVERSIDADE ESTADUAL DO PIAUÍ - FUESPI,PARNAIBA,"CONSTRUIR, AMPLIAR, REFORMAR E ESTRUTURAR OS CAMPI DA FUESPI, VISANDO ASSEGURAR A MELHORIA DA ESTRUTURA FÍSICA, DOS EQUIPAMENTOS E MOBILIÁRIOS DAS UNIDADES UNIVERSITÁRIAS.",250000.0
ALEPI-328,2026,202631450102,Cancelada,Transferências com finalidade definida,SECRETARIA DE ESTADO DA SAÚDE DO PIAUÍ - SESAPI,COCAL DA ESTAÇÃO,FORTALECER E AMPLIAR A FROTA DE VEICULOS DA SESAPI.,200000.0
ALEPI-328,2026,202631450145,Cancelada,Transferências com finalidade definida,SECRETARIA DE ESTADO DA CULTURA DO PIAUÍ - SECULT,TERESINA,"INCENTIVAR A PRODUÇÃO E DIFUSÃO DE BENS, SERVIÇOS E CONTEÚDOS CULTURAIS, BEM COMO A REALIZAÇÃO DAS ATIVIDADES DO CALENDÁRIO CULTURAL DO ESTADO.",500000.0
ALEPI-328,2026,202631450146,Cancelada,Transferências com finalidade definida,SECRETARIA DE ESTADO DA CULTURA DO PIAUÍ - SECULT,TERESINA,"INCENTIVAR A PRODUÇÃO E DIFUSÃO DE BENS, SERVIÇOS E CONTEÚDOS CULTURAIS, BEM COMO A REALIZAÇÃO DAS ATIVIDADES DO CALENDÁRIO CULTURAL DO ESTADO.",400000.0
ALEPI-328,2026,202631450147,Cancelada,Transferências com finalidade definida,SECRETARIA DE ESTADO DA CULTURA DO PIAUÍ - SECULT,TERESINA,"INCENTIVAR A PRODUÇÃO E DIFUSÃO DE BENS, SERVIÇOS E CONTEÚDOS CULTURAIS, BEM COMO A REALIZAÇÃO DAS ATIVIDADES DO CALENDÁRIO CULTURAL DO ESTADO.",400000.0
ALEPI-328,2026,202631450148,Cancelada,Transferências com finalidade definida,SECRETARIA DE ESTADO DA CULTURA DO PIAUÍ - SECULT,TERESINA,"INCENTIVAR A PRODUÇÃO E DIFUSÃO DE BENS, SERVIÇOS E CONTEÚDOS CULTURAIS, BEM COMO A REALIZAÇÃO DAS ATIVIDADES DO CALENDÁRIO CULTURAL DO ESTADO.",500000.0
ALEPI-328,2026,202631450149,Cancelada,Transferências com finalidade definida,SECRETARIA DE ESTADO DA CULTURA DO PIAUÍ - SECULT,Teresina,"INCENTIVAR A PRODUÇÃO E DIFUSÃO DE BENS, SERVIÇOS E CONTEÚDOS CULTURAIS, BEM COMO A REALIZAÇÃO DAS ATIVIDADES DO CALENDÁRIO CULTURAL DO ESTADO.",600000.0
ALEPI-328,2026,202631450150,Cancelada,Transferências com finalidade definida,SECRETARIA DA IRRIGAÇÃO E INFRAESTRUTURA HÍDRICA - SEFIR,São Lourenço do Piauí,"FORTALECER E AMPLIAR AS CONDIÇÕES DA POPULAÇÃO NO ENFRENTAMENTO À SECA, MELHORANDO ASSIM A QUALIDADE DE VIDA POR MEIO DO ABASTECIMENTO. ",2000000.0
ALEPI-328,2026,202631450198,Cancelada,Transferências com finalidade definida,SECRETARIA DE ESTADO DA CULTURA DO PIAUÍ - SECULT,TERESINA,"INCENTIVAR A PRODUÇÃO E DIFUSÃO DE BENS, SERVIÇOS E CONTEÚDOS CULTURAIS, BEM COMO A REALIZAÇÃO DAS ATIVIDADES DO CALENDÁRIO CULTURAL DO ESTADO.",50000.0
ALEPI-328,2026,202631450320,Cancelada,Transferências com finalidade definida,SECRETARIA DE ESTADO DA SAÚDE DO PIAUÍ - SESAPI,PARNAIBA - PI,FORTALECER E AMPLIAR A FROTA DE VEICULOS DA SESAPI.,200000.0
ALEPI-328,2026,202631450339,Aprovada,Transferências com finalidade definida,SECRETARIA DE ESTADO DA CULTURA DO PIAUÍ - SECULT,PAES LANDIM ,"INCENTIVAR A PRODUÇÃO E DIFUSÃO DE BENS, SERVIÇOS E CONTEÚDOS CULTURAIS, BEM COMO A REALIZAÇÃO DAS ATIVIDADES DO CALENDÁRIO CULTURAL DO ESTADO.",100000.0
ALEPI-328,2026,202631450340,Cancelada,Transferências com finalidade definida,SECRETARIA DE ESTADO DA CULTURA DO PIAUÍ - SECULT,SÃO JOSÉ DO PEIXE,"INCENTIVAR A PRODUÇÃO E DIFUSÃO DE BENS, SERVIÇOS E CONTEÚDOS CULTURAIS, BEM COMO A REALIZAÇÃO DAS ATIVIDADES DO CALENDÁRIO CULTURAL DO ESTADO.",75000.0
ALEPI-328,2026,202631450342,Cancelada,Transferências com finalidade definida,SECRETARIA DE ESTADO DA CULTURA DO PIAUÍ - SECULT,JOSÉ DE FREITAS,"INCENTIVAR A PRODUÇÃO E DIFUSÃO DE BENS, SERVIÇOS E CONTEÚDOS CULTURAIS, BEM COMO A REALIZAÇÃO DAS ATIVIDADES DO CALENDÁRIO CULTURAL DO ESTADO.",200000.0
ALEPI-328,2026,202631450343,Cancelada,Transferências com finalidade definida,SECRETARIA DE ESTADO DA CULTURA DO PIAUÍ - SECULT,JOSÉ DE FREITAS,"INCENTIVAR A PRODUÇÃO E DIFUSÃO DE BENS, SERVIÇOS E CONTEÚDOS CULTURAIS, BEM COMO A REALIZAÇÃO DAS ATIVIDADES DO CALENDÁRIO CULTURAL DO ESTADO.",150000.0
ALEPI-328,2026,202631450344,Aprovada,Transferências com finalidade definida,SECRETARIA DE ESTADO DA CULTURA DO PIAUÍ - SECULT,JOSÉ DE FREITAS,"INCENTIVAR A PRODUÇÃO E DIFUSÃO DE BENS, SERVIÇOS E CONTEÚDOS CULTURAIS, BEM COMO A REALIZAÇÃO DAS ATIVIDADES DO CALENDÁRIO CULTURAL DO ESTADO.",100000.0
ALEPI-328,2026,202631450345,Aprovada,Transferências com finalidade definida,SECRETARIA DE ESTADO DA CULTURA DO PIAUÍ - SECULT,JOSÉ DE FREITAS,"INCENTIVAR A PRODUÇÃO E DIFUSÃO DE BENS, SERVIÇOS E CONTEÚDOS CULTURAIS, BEM COMO A REALIZAÇÃO DAS ATIVIDADES DO CALENDÁRIO CULTURAL DO ESTADO.",150000.0
ALEPI-328,2026,202631450346,Aprovada,Transferências com finalidade definida,SECRETARIA DE ESTADO DA CULTURA DO PIAUÍ - SECULT,JOSÉ DE FREITAS,"INCENTIVAR A PRODUÇÃO E DIFUSÃO DE BENS, SERVIÇOS E CONTEÚDOS CULTURAIS, BEM COMO A REALIZAÇÃO DAS ATIVIDADES DO CALENDÁRIO CULTURAL DO ESTADO.",100000.0
ALEPI-328,2026,202631450347,Aprovada,Transferências com finalidade definida,SECRETARIA DE ESTADO DA CULTURA DO PIAUÍ - SECULT,TERESINA,"INCENTIVAR A PRODUÇÃO E DIFUSÃO DE BENS, SERVIÇOS E CONTEÚDOS CULTURAIS, BEM COMO A REALIZAÇÃO DAS ATIVIDADES DO CALENDÁRIO CULTURAL DO ESTADO.",200000.0
ALEPI-328,2026,202631450348,Aprovada,Transferências com finalidade definida,SECRETARIA DE ESTADO DA CULTURA DO PIAUÍ - SECULT,TERESINA,"INCENTIVAR A PRODUÇÃO E DIFUSÃO DE BENS, SERVIÇOS E CONTEÚDOS CULTURAIS, BEM COMO A REALIZAÇÃO DAS ATIVIDADES DO CALENDÁRIO CULTURAL DO ESTADO.",100000.0
ALEPI-328,2026,202631450349,Aprovada,Transferências com finalidade definida,SECRETARIA DE ESTADO DA CULTURA DO PIAUÍ - SECULT,TERESINA,"INCENTIVAR A PRODUÇÃO E DIFUSÃO DE BENS, SERVIÇOS E CONTEÚDOS CULTURAIS, BEM COMO A REALIZAÇÃO DAS ATIVIDADES DO CALENDÁRIO CULTURAL DO ESTADO.",200000.0
ALEPI-328,2026,202631450351,Cancelada,Transferências com finalidade definida,SECRETARIA DE ESTADO DA CULTURA DO PIAUÍ - SECULT,SÃO PEDRO DO PIAUÍ,"INCENTIVAR A PRODUÇÃO E DIFUSÃO DE BENS, SERVIÇOS E CONTEÚDOS CULTURAIS, BEM COMO A REALIZAÇÃO DAS ATIVIDADES DO CALENDÁRIO CULTURAL DO ESTADO.",250000.0
ALEPI-328,2026,202631450362,Cancelada,Transferências com finalidade definida,SECRETARIA DE ESTADO DA CULTURA DO PIAUÍ - SECULT,JOSÉ DE FREITAS,"INCENTIVAR A PRODUÇÃO E DIFUSÃO DE BENS, SERVIÇOS E CONTEÚDOS CULTURAIS, BEM COMO A REALIZAÇÃO DAS ATIVIDADES DO CALENDÁRIO CULTURAL DO ESTADO.",100000.0
ALEPI-328,2026,202631450363,Aprovada,Transferências com finalidade definida,SECRETARIA DE ESTADO DA CULTURA DO PIAUÍ - SECULT,BOM PRINCÍPIO DO PIAUÍ,"INCENTIVAR A PRODUÇÃO E DIFUSÃO DE BENS, SERVIÇOS E CONTEÚDOS CULTURAIS, BEM COMO A REALIZAÇÃO DAS ATIVIDADES DO CALENDÁRIO CULTURAL DO ESTADO.",250000.0
ALEPI-333,2026,202631470034,Cancelada,Transferências com finalidade definida,SECRETARIA DE ESTADO DA CULTURA DO PIAUÍ - SECULT,BAIFRRO PARQUE ITARARÉ TERESINA-PI,"INCENTIVAR A PRODUÇÃO E DIFUSÃO DE BENS, SERVIÇOS E CONTEÚDOS CULTURAIS, BEM COMO A REALIZAÇÃO DAS ATIVIDADES DO CALENDÁRIO CULTURAL DO ESTADO.",150000.0
ALEPI-333,2026,202631470035,Cancelada,Transferências com finalidade definida,SECRETARIA DE ESTADO DA CULTURA DO PIAUÍ - SECULT,BAIRRO PARQUE ITARARÉ TERESINA-PI,"INCENTIVAR A PRODUÇÃO E DIFUSÃO DE BENS, SERVIÇOS E CONTEÚDOS CULTURAIS, BEM COMO A REALIZAÇÃO DAS ATIVIDADES DO CALENDÁRIO CULTURAL DO ESTADO.",100000.0
ALEPI-333,2026,202631470036,Cancelada,Transferências com finalidade definida,SECRETARIA DE ESTADO DA CULTURA DO PIAUÍ - SECULT,BAIRRO NOVO HORIZONTE TERESINA-PI,"INCENTIVAR A PRODUÇÃO E DIFUSÃO DE BENS, SERVIÇOS E CONTEÚDOS CULTURAIS, BEM COMO A REALIZAÇÃO DAS ATIVIDADES DO CALENDÁRIO CULTURAL DO ESTADO.",150000.0
ALEPI-333,2026,202631470037,Cancelada,Transferências com finalidade definida,SECRETARIA DE ESTADO DA CULTURA DO PIAUÍ - SECULT,BAIRRO NOVO HORIZONTE TERESINA-PI,"INCENTIVAR A PRODUÇÃO E DIFUSÃO DE BENS, SERVIÇOS E CONTEÚDOS CULTURAIS, BEM COMO A REALIZAÇÃO DAS ATIVIDADES DO CALENDÁRIO CULTURAL DO ESTADO.",100000.0
ALEPI-333,2026,202631470038,Cancelada,Transferências com finalidade definida,SECRETARIA DE ESTADO DA CULTURA DO PIAUÍ - SECULT,MUNICIPIO DE CURRALINHOS-PI,"INCENTIVAR A PRODUÇÃO E DIFUSÃO DE BENS, SERVIÇOS E CONTEÚDOS CULTURAIS, BEM COMO A REALIZAÇÃO DAS ATIVIDADES DO CALENDÁRIO CULTURAL DO ESTADO.",150000.0
ALEPI-333,2026,202631470039,Cancelada,Transferências com finalidade definida,SECRETARIA DE ESTADO DA CULTURA DO PIAUÍ - SECULT,MUNICIPIO DE CURRALINHOS-PI,"INCENTIVAR A PRODUÇÃO E DIFUSÃO DE BENS, SERVIÇOS E CONTEÚDOS CULTURAIS, BEM COMO A REALIZAÇÃO DAS ATIVIDADES DO CALENDÁRIO CULTURAL DO ESTADO.",100000.0
ALEPI-333,2026,202631470040,Cancelada,Transferências com finalidade definida,SECRETARIA DE ESTADO DA CULTURA DO PIAUÍ - SECULT,MUNICIPIO DE MIGUEL LEÃO-PI,"INCENTIVAR A PRODUÇÃO E DIFUSÃO DE BENS, SERVIÇOS E CONTEÚDOS CULTURAIS, BEM COMO A REALIZAÇÃO DAS ATIVIDADES DO CALENDÁRIO CULTURAL DO ESTADO.",150000.0
ALEPI-333,2026,202631470041,Cancelada,Transferências com finalidade definida,SECRETARIA DE ESTADO DA CULTURA DO PIAUÍ - SECULT,MUNICIPIO DE MIGUEL LEÃO-PI,"INCENTIVAR A PRODUÇÃO E DIFUSÃO DE BENS, SERVIÇOS E CONTEÚDOS CULTURAIS, BEM COMO A REALIZAÇÃO DAS ATIVIDADES DO CALENDÁRIO CULTURAL DO ESTADO.",100000.0
ALEPI-333,2026,202631470042,Cancelada,Transferências com finalidade definida,SECRETARIA DE ESTADO DA CULTURA DO PIAUÍ - SECULT,MUNICIPIO DE BARRO DURO-PI,"INCENTIVAR A PRODUÇÃO E DIFUSÃO DE BENS, SERVIÇOS E CONTEÚDOS CULTURAIS, BEM COMO A REALIZAÇÃO DAS ATIVIDADES DO CALENDÁRIO CULTURAL DO ESTADO.",150000.0
ALEPI-333,2026,202631470043,Cancelada,Transferências com finalidade definida,SECRETARIA DE ESTADO DA CULTURA DO PIAUÍ - SECULT,MUNICIPIO DE BARRO DURO-PI,"INCENTIVAR A PRODUÇÃO E DIFUSÃO DE BENS, SERVIÇOS E CONTEÚDOS CULTURAIS, BEM COMO A REALIZAÇÃO DAS ATIVIDADES DO CALENDÁRIO CULTURAL DO ESTADO.",100000.0
ALEPI-333,2026,202631470044,Cancelada,Transferências com finalidade definida,SECRETARIA DE ESTADO DA CULTURA DO PIAUÍ - SECULT,MUNICIPIO DE LAGOA DO PIAUÍ-PI,"INCENTIVAR A PRODUÇÃO E DIFUSÃO DE BENS, SERVIÇOS E CONTEÚDOS CULTURAIS, BEM COMO A REALIZAÇÃO DAS ATIVIDADES DO CALENDÁRIO CULTURAL DO ESTADO.",150000.0
ALEPI-333,2026,202631470045,Cancelada,Transferências com finalidade definida,SECRETARIA DE ESTADO DA CULTURA DO PIAUÍ - SECULT,MUNICIPIO DE LAGOA DO PIAUÍ-PI,"INCENTIVAR A PRODUÇÃO E DIFUSÃO DE BENS, SERVIÇOS E CONTEÚDOS CULTURAIS, BEM COMO A REALIZAÇÃO DAS ATIVIDADES DO CALENDÁRIO CULTURAL DO ESTADO.",100000.0
ALEPI-333,2026,202631470046,Cancelada,Transferências com finalidade definida,SECRETARIA DE ESTADO DA CULTURA DO PIAUÍ - SECULT,BAIRRO CERAMICA CIL TERESINA-PI,"INCENTIVAR A PRODUÇÃO E DIFUSÃO DE BENS, SERVIÇOS E CONTEÚDOS CULTURAIS, BEM COMO A REALIZAÇÃO DAS ATIVIDADES DO CALENDÁRIO CULTURAL DO ESTADO.",150000.0
ALEPI-333,2026,202631470047,Cancelada,Transferências com finalidade definida,SECRETARIA DE ESTADO DA CULTURA DO PIAUÍ - SECULT,BAIRRO CERAMICA CIL TERESINA-PI,"INCENTIVAR A PRODUÇÃO E DIFUSÃO DE BENS, SERVIÇOS E CONTEÚDOS CULTURAIS, BEM COMO A REALIZAÇÃO DAS ATIVIDADES DO CALENDÁRIO CULTURAL DO ESTADO.",100000.0
ALEPI-333,2026,202631470048,Cancelada,Transferências com finalidade definida,SECRETARIA DE ESTADO DA CULTURA DO PIAUÍ - SECULT,BAIRRO SANT LUZIA TERESINA-PI,"INCENTIVAR A PRODUÇÃO E DIFUSÃO DE BENS, SERVIÇOS E CONTEÚDOS CULTURAIS, BEM COMO A REALIZAÇÃO DAS ATIVIDADES DO CALENDÁRIO CULTURAL DO ESTADO.",150000.0
ALEPI-333,2026,202631470049,Cancelada,Transferências com finalidade definida,SECRETARIA DE ESTADO DA CULTURA DO PIAUÍ - SECULT,BAIRRO SANTA LUZIA TERESINA-PI,"INCENTIVAR A PRODUÇÃO E DIFUSÃO DE BENS, SERVIÇOS E CONTEÚDOS CULTURAIS, BEM COMO A REALIZAÇÃO DAS ATIVIDADES DO CALENDÁRIO CULTURAL DO ESTADO.",100000.0
ALEPI-333,2026,202631470050,Cancelada,Transferências com finalidade definida,SECRETARIA DE ESTADO DA CULTURA DO PIAUÍ - SECULT,BAIRRO REAL COPAGRE TERESINA-PI,"INCENTIVAR A PRODUÇÃO E DIFUSÃO DE BENS, SERVIÇOS E CONTEÚDOS CULTURAIS, BEM COMO A REALIZAÇÃO DAS ATIVIDADES DO CALENDÁRIO CULTURAL DO ESTADO.",150000.0
ALEPI-333,2026,202631470051,Cancelada,Transferências com finalidade definida,SECRETARIA DE ESTADO DA CULTURA DO PIAUÍ - SECULT,BAIRRO REAL COPAGRE TERESINA-PI,"INCENTIVAR A PRODUÇÃO E DIFUSÃO DE BENS, SERVIÇOS E CONTEÚDOS CULTURAIS, BEM COMO A REALIZAÇÃO DAS ATIVIDADES DO CALENDÁRIO CULTURAL DO ESTADO.",100000.0
ALEPI-333,2026,202631470052,Cancelada,Transferências com finalidade definida,SECRETARIA DE ESTADO DA CULTURA DO PIAUÍ - SECULT,BAIRRO CONJUNTO SÃO JOAQUIM TERESINA-PI,"INCENTIVAR A PRODUÇÃO E DIFUSÃO DE BENS, SERVIÇOS E CONTEÚDOS CULTURAIS, BEM COMO A REALIZAÇÃO DAS ATIVIDADES DO CALENDÁRIO CULTURAL DO ESTADO.",150000.0
ALEPI-333,2026,202631470053,Cancelada,Transferências com finalidade definida,SECRETARIA DE ESTADO DA CULTURA DO PIAUÍ - SECULT,MUNICIPIO DE MIGUEL LEÃO-PI,"INCENTIVAR A PRODUÇÃO E DIFUSÃO DE BENS, SERVIÇOS E CONTEÚDOS CULTURAIS, BEM COMO A REALIZAÇÃO DAS ATIVIDADES DO CALENDÁRIO CULTURAL DO ESTADO.",150000.0
ALEPI-333,2026,202631470054,Cancelada,Transferências com finalidade definida,SECRETARIA DE ESTADO DA CULTURA DO PIAUÍ - SECULT,MUNICIPIO DE CURRALINHOS-PI,"INCENTIVAR A PRODUÇÃO E DIFUSÃO DE BENS, SERVIÇOS E CONTEÚDOS CULTURAIS, BEM COMO A REALIZAÇÃO DAS ATIVIDADES DO CALENDÁRIO CULTURAL DO ESTADO.",150000.0
ALEPI-333,2026,202631470056,Cancelada,Transferências com finalidade definida,SECRETARIA DE ESTADO DA CULTURA DO PIAUÍ - SECULT,MUNICIPIO DE BURITI DOS LOPES-PI,"INCENTIVAR A PRODUÇÃO E DIFUSÃO DE BENS, SERVIÇOS E CONTEÚDOS CULTURAIS, BEM COMO A REALIZAÇÃO DAS ATIVIDADES DO CALENDÁRIO CULTURAL DO ESTADO.",150000.0
ALEPI-333,2026,202631470057,Cancelada,Transferências com finalidade definida,SECRETARIA DE ESTADO DA CULTURA DO PIAUÍ - SECULT,MUNICIPIO DE LUIS CORREIA-PI,"INCENTIVAR A PRODUÇÃO E DIFUSÃO DE BENS, SERVIÇOS E CONTEÚDOS CULTURAIS, BEM COMO A REALIZAÇÃO DAS ATIVIDADES DO CALENDÁRIO CULTURAL DO ESTADO.",150000.0
ALEPI-333,2026,202631470058,Cancelada,Transferências com finalidade definida,SECRETARIA DE ESTADO DA CULTURA DO PIAUÍ - SECULT,MUNICIPIO DE CAMPO MAIOR-PI,"INCENTIVAR A PRODUÇÃO E DIFUSÃO DE BENS, SERVIÇOS E CONTEÚDOS CULTURAIS, BEM COMO A REALIZAÇÃO DAS ATIVIDADES DO CALENDÁRIO CULTURAL DO ESTADO.",150000.0
ALEPI-333,2026,202631470084,Cancelada,Transferências com finalidade definida,SECRETARIA DE ESTADO DA CULTURA DO PIAUÍ - SECULT,MUNICIPIO DE REGENERAÇÃO-PI,"INCENTIVAR A PRODUÇÃO E DIFUSÃO DE BENS, SERVIÇOS E CONTEÚDOS CULTURAIS, BEM COMO A REALIZAÇÃO DAS ATIVIDADES DO CALENDÁRIO CULTURAL DO ESTADO.",100000.0
ALEPI-333,2026,202631470132,Cancelada,Transferências com finalidade definida,COORDENADORIA  ESTADUAL DE ENFRENTAMENTO ÀS DROGAS E FOMENTO AO LAZER - CENDFOL,MUNICIPIO DE JOÃO COSTA-PI,"Fomentar ações de lazer comunitário como instrumento de inclusão social, bem-estar, convivência comunitária e melhoria da qualidade de vida da população.",250000.0
ALEPI-333,2026,202631470156,Cancelada,Transferências com finalidade definida,SECRETARIA DE ESTADO DA CULTURA DO PIAUÍ - SECULT,MUNICIPIO DE PARNAIBA-PI,"INCENTIVAR A PRODUÇÃO E DIFUSÃO DE BENS, SERVIÇOS E CONTEÚDOS CULTURAIS, BEM COMO A REALIZAÇÃO DAS ATIVIDADES DO CALENDÁRIO CULTURAL DO ESTADO.",500000.0
ALEPI-333,2026,202631470350,Aprovada,Transferências com finalidade definida,COORDENADORIA  ESTADUAL DE ENFRENTAMENTO ÀS DROGAS E FOMENTO AO LAZER - CENDFOL,MUNICIPIO DE ALTOS - PI,"PROMOVER O ACESSO AO LAZER, A INTEGRAÇAO SOCIAL E A DIVERSIDADE CULTURAL NOS TERRITÓRIOS DE DESENVOLVIMENTO DO ESTADO.",100000.0
ALEPI-312,2026,202631490095,Cancelada,Transferências com finalidade definida,SECRETARIA DE ESTADO DA CULTURA DO PIAUÍ - SECULT,MUNICÍPIO DE BURITI DOS LOPES,"INCENTIVAR A PRODUÇÃO E DIFUSÃO DE BENS, SERVIÇOS E CONTEÚDOS CULTURAIS, BEM COMO A REALIZAÇÃO DAS ATIVIDADES DO CALENDÁRIO CULTURAL DO ESTADO.",150000.0
ALEPI-312,2026,202631490096,Cancelada,Transferências com finalidade definida,SECRETARIA DE ESTADO DA CULTURA DO PIAUÍ - SECULT,MUNICÍPIIO DE LUÍS CORREIA,"INCENTIVAR A PRODUÇÃO E DIFUSÃO DE BENS, SERVIÇOS E CONTEÚDOS CULTURAIS, BEM COMO A REALIZAÇÃO DAS ATIVIDADES DO CALENDÁRIO CULTURAL DO ESTADO.",150000.0
ALEPI-312,2026,202631490097,Cancelada,Transferências com finalidade definida,SECRETARIA DE ESTADO DA CULTURA DO PIAUÍ - SECULT,MUNICÍPIO DE MONSENHOR GIL,"INCENTIVAR A PRODUÇÃO E DIFUSÃO DE BENS, SERVIÇOS E CONTEÚDOS CULTURAIS, BEM COMO A REALIZAÇÃO DAS ATIVIDADES DO CALENDÁRIO CULTURAL DO ESTADO.",300000.0
ALEPI-312,2026,202631490098,Aprovada,Transferências com finalidade definida,SECRETARIA DA IRRIGAÇÃO E INFRAESTRUTURA HÍDRICA - SEFIR,MUNICÍPIO DE DOM INICÊNCIO - PI,"FORTALECER E AMPLIAR AS CONDIÇÕES DA POPULAÇÃO NO ENFRENTAMENTO À SECA, MELHORANDO ASSIM A QUALIDADE DE VIDA POR MEIO DO ABASTECIMENTO. ",1550000.0
ALEPI-312,2026,202631490099,Cancelada,Transferências com finalidade definida,SECRETARIA DA IRRIGAÇÃO E INFRAESTRUTURA HÍDRICA - SEFIR,MUNICÍPIO DE SÃO LOURENÇO,"FORTALECER E AMPLIAR AS CONDIÇÕES DA POPULAÇÃO NO ENFRENTAMENTO À SECA, MELHORANDO ASSIM A QUALIDADE DE VIDA POR MEIO DO ABASTECIMENTO. ",2000000.0
ALEPI-312,2026,202631490215,Cancelada,Transferências com finalidade definida,SECRETARIA DE ESTADO DA CULTURA DO PIAUÍ - SECULT,MUNICÍPIO DE ALTO LONGÁ,"INCENTIVAR A PRODUÇÃO E DIFUSÃO DE BENS, SERVIÇOS E CONTEÚDOS CULTURAIS, BEM COMO A REALIZAÇÃO DAS ATIVIDADES DO CALENDÁRIO CULTURAL DO ESTADO.",150000.0
ALEPI-312,2026,202631490216,Cancelada,Transferências com finalidade definida,SECRETARIA DE ESTADO DA CULTURA DO PIAUÍ - SECULT,MUNICIPIO DE ALTO LONGÁ,"INCENTIVAR A PRODUÇÃO E DIFUSÃO DE BENS, SERVIÇOS E CONTEÚDOS CULTURAIS, BEM COMO A REALIZAÇÃO DAS ATIVIDADES DO CALENDÁRIO CULTURAL DO ESTADO.",150000.0
ALEPI-312,2026,202631490274,Cancelada,Transferências com finalidade definida,SECRETARIA  DE ESTADO PARA INCLUSÃO DA PESSOA  COM DEFICIÊNCIA - SEID,12 (DOZE) MUNICIPIOS DIVIDIDOS EM TODO O ESTADO,"FORTALECER AS ENTIDADES QUE ATENDEM PESSOA OM DEFICIÊNCIA, CAPACITANDO GESTORES E MEMBROS E DOTANDO-AS COM EQUIPAMENTOS TECNOLÓGICOS E MOBILIÁRIOS NECESSÁRIOS PARA O DESENVOLVIMENTO DE SUAS AÇÕES.",1000000.0
ALEPI-312,2026,202631490275,Cancelada,Transferências com finalidade definida,SECRETARIA  DE ESTADO PARA INCLUSÃO DA PESSOA  COM DEFICIÊNCIA - SEID,MUNICIPIO DE TERESINA - PI,"FORTALECER AS ENTIDADES QUE ATENDEM PESSOA OM DEFICIÊNCIA, CAPACITANDO GESTORES E MEMBROS E DOTANDO-AS COM EQUIPAMENTOS TECNOLÓGICOS E MOBILIÁRIOS NECESSÁRIOS PARA O DESENVOLVIMENTO DE SUAS AÇÕES.",100000.0
ALEPI-312,2026,202631490276,Aprovada,Transferências com finalidade definida,SECRETARIA DE ESTADO DA CULTURA DO PIAUÍ - SECULT,MUNICÍPIO DE TAMBORIL  DO PIAUÍ,"INCENTIVAR A PRODUÇÃO E DIFUSÃO DE BENS, SERVIÇOS E CONTEÚDOS CULTURAIS, BEM COMO A REALIZAÇÃO DAS ATIVIDADES DO CALENDÁRIO CULTURAL DO ESTADO.",300000.0
ALEPI-312,2026,202631490277,Cancelada,Transferências com finalidade definida,SECRETARIA DE ESTADO  DOS ESPORTES - SECEPI,MUNICÍPIO DE TERESINA - PI,REALIZAÇÃO DE EVENTOS ESPORTIVOS E ESCOLARES NA MAIS DIVERSAS MODALIDADES.,1000000.0
ALEPI-312,2026,202631490280,Cancelada,Transferências com finalidade definida,SECRETARIA DE ESTADO DA CULTURA DO PIAUÍ - SECULT,MUNICÍPIO DE SANTA CRUZ DOS MILAGRES,"INCENTIVAR A PRODUÇÃO E DIFUSÃO DE BENS, SERVIÇOS E CONTEÚDOS CULTURAIS, BEM COMO A REALIZAÇÃO DAS ATIVIDADES DO CALENDÁRIO CULTURAL DO ESTADO.",150000.0
ALEPI-312,2026,202631490284,Aprovada,Transferências com finalidade definida,SECRETARIA DE ESTADO DA CULTURA DO PIAUÍ - SECULT,MUNICÍPIO DE MONSENHOR GIL - PI,"INCENTIVAR A PRODUÇÃO E DIFUSÃO DE BENS, SERVIÇOS E CONTEÚDOS CULTURAIS, BEM COMO A REALIZAÇÃO DAS ATIVIDADES DO CALENDÁRIO CULTURAL DO ESTADO.",300000.0
ALEPI-312,2026,202631490286,Aprovada,Transferências com finalidade definida,SECRETARIA DE ESTADO DA CULTURA DO PIAUÍ - SECULT,MUNICÍPIIO DE TERESINA,"INCENTIVAR A PRODUÇÃO E DIFUSÃO DE BENS, SERVIÇOS E CONTEÚDOS CULTURAIS, BEM COMO A REALIZAÇÃO DAS ATIVIDADES DO CALENDÁRIO CULTURAL DO ESTADO.",150000.0
ALEPI-312,2026,202631490302,Cancelada,Transferências com finalidade definida,SECRETARIA DE ESTADO DA CULTURA DO PIAUÍ - SECULT,MUNICÍPIO DE RIBEIRO GONÇALVES - PI,"INCENTIVAR A PRODUÇÃO E DIFUSÃO DE BENS, SERVIÇOS E CONTEÚDOS CULTURAIS, BEM COMO A REALIZAÇÃO DAS ATIVIDADES DO CALENDÁRIO CULTURAL DO ESTADO.",150000.0
ALEPI-312,2026,202631490311,Aprovada,Transferências com finalidade definida,COORDENADORIA  ESTADUAL DE ENFRENTAMENTO ÀS DROGAS E FOMENTO AO LAZER - CENDFOL,MUNICIPIO DE JOSÉ DE FREITAS,"PROMOVER O ACESSO AO LAZER, A INTEGRAÇAO SOCIAL E A DIVERSIDADE CULTURAL NOS TERRITÓRIOS DE DESENVOLVIMENTO DO ESTADO.",100000.0
ALEPI-312,2026,202631490312,Aprovada,Transferências com finalidade definida,COORDENADORIA  ESTADUAL DE ENFRENTAMENTO ÀS DROGAS E FOMENTO AO LAZER - CENDFOL,MUNICÍPIO DE JOSÉ DE FREITAS,"PROMOVER O ACESSO AO LAZER, A INTEGRAÇAO SOCIAL E A DIVERSIDADE CULTURAL NOS TERRITÓRIOS DE DESENVOLVIMENTO DO ESTADO.",178960.0
ALEPI-312,2026,202631490352,Cancelada,Transferências com finalidade definida,SECRETARIA DE ESTADO DA CULTURA DO PIAUÍ - SECULT,SANTO ANTONIO DOS MILAGRE - PI,"INCENTIVAR A PRODUÇÃO E DIFUSÃO DE BENS, SERVIÇOS E CONTEÚDOS CULTURAIS, BEM COMO A REALIZAÇÃO DAS ATIVIDADES DO CALENDÁRIO CULTURAL DO ESTADO.",250000.0
ALEPI-312,2026,202631490353,Aprovada,Transferências com finalidade definida,SECRETARIA DE ESTADO DA CULTURA DO PIAUÍ - SECULT,MUNICÍPIO DE SÃO GONÇALO DO PIAUÍ - PI,"INCENTIVAR A PRODUÇÃO E DIFUSÃO DE BENS, SERVIÇOS E CONTEÚDOS CULTURAIS, BEM COMO A REALIZAÇÃO DAS ATIVIDADES DO CALENDÁRIO CULTURAL DO ESTADO.",250000.0
ALEPI-312,2026,202631490354,Aprovada,Transferências com finalidade definida,SECRETARIA DE ESTADO DA CULTURA DO PIAUÍ - SECULT,MUNICÍPIO DE MORRO DO CHAPÉU - PI ,"INCENTIVAR A PRODUÇÃO E DIFUSÃO DE BENS, SERVIÇOS E CONTEÚDOS CULTURAIS, BEM COMO A REALIZAÇÃO DAS ATIVIDADES DO CALENDÁRIO CULTURAL DO ESTADO.",250000.0
ALEPI-312,2026,202631490355,Cancelada,Transferências com finalidade definida,SECRETARIA DE ESTADO DA CULTURA DO PIAUÍ - SECULT,MUNICIPIO DE MATIAS OLIMPIO - PI,"INCENTIVAR A PRODUÇÃO E DIFUSÃO DE BENS, SERVIÇOS E CONTEÚDOS CULTURAIS, BEM COMO A REALIZAÇÃO DAS ATIVIDADES DO CALENDÁRIO CULTURAL DO ESTADO.",250000.0
ALEPI-312,2026,202631490356,Aprovada,Transferências com finalidade definida,SECRETARIA DE ESTADO DA CULTURA DO PIAUÍ - SECULT,MUNICIPIO DE SÃO GONÇALO DO PIAUÍ - PI,"INCENTIVAR A PRODUÇÃO E DIFUSÃO DE BENS, SERVIÇOS E CONTEÚDOS CULTURAIS, BEM COMO A REALIZAÇÃO DAS ATIVIDADES DO CALENDÁRIO CULTURAL DO ESTADO.",250000.0
ALEPI-312,2026,202631490357,Aprovada,Transferências com finalidade definida,SECRETARIA DE ESTADO DA CULTURA DO PIAUÍ - SECULT,MUNICIPIO DE CARAÚBAS - PI,"INCENTIVAR A PRODUÇÃO E DIFUSÃO DE BENS, SERVIÇOS E CONTEÚDOS CULTURAIS, BEM COMO A REALIZAÇÃO DAS ATIVIDADES DO CALENDÁRIO CULTURAL DO ESTADO.",250000.0
ALEPI-281,2026,202631500015,Cancelada,Transferências com finalidade definida,SECRETARIA DE ESTADO DA CULTURA DO PIAUÍ - SECULT,CONJUNTO SÃO JOAQUIM EM TERESINA-PI,"INCENTIVAR A PRODUÇÃO E DIFUSÃO DE BENS, SERVIÇOS E CONTEÚDOS CULTURAIS, BEM COMO A REALIZAÇÃO DAS ATIVIDADES DO CALENDÁRIO CULTURAL DO ESTADO.",100000.0
ALEPI-281,2026,202631500016,Cancelada,Transferências com finalidade definida,SECRETARIA DE ESTADO DA CULTURA DO PIAUÍ - SECULT,"BAIRRO SANTA LUZIA, EM TERESINA-PI","INCENTIVAR A PRODUÇÃO E DIFUSÃO DE BENS, SERVIÇOS E CONTEÚDOS CULTURAIS, BEM COMO A REALIZAÇÃO DAS ATIVIDADES DO CALENDÁRIO CULTURAL DO ESTADO.",100000.0
ALEPI-281,2026,202631500018,Cancelada,Transferências com finalidade definida,SECRETARIA DE ESTADO DA CULTURA DO PIAUÍ - SECULT,MUNICÍPIO DE TERESINA-PI,"INCENTIVAR A PRODUÇÃO E DIFUSÃO DE BENS, SERVIÇOS E CONTEÚDOS CULTURAIS, BEM COMO A REALIZAÇÃO DAS ATIVIDADES DO CALENDÁRIO CULTURAL DO ESTADO.",100000.0
ALEPI-281,2026,202631500019,Cancelada,Transferências com finalidade definida,SECRETARIA DE ESTADO DA CULTURA DO PIAUÍ - SECULT,MUNICÍPIO DE TERESINA-PI,"INCENTIVAR A PRODUÇÃO E DIFUSÃO DE BENS, SERVIÇOS E CONTEÚDOS CULTURAIS, BEM COMO A REALIZAÇÃO DAS ATIVIDADES DO CALENDÁRIO CULTURAL DO ESTADO.",150000.0
ALEPI-281,2026,202631500020,Cancelada,Transferências com finalidade definida,SECRETARIA DE ESTADO DA CULTURA DO PIAUÍ - SECULT,"CONJUNTO SÃO JOAQUIM, EM TERESINA-PI","INCENTIVAR A PRODUÇÃO E DIFUSÃO DE BENS, SERVIÇOS E CONTEÚDOS CULTURAIS, BEM COMO A REALIZAÇÃO DAS ATIVIDADES DO CALENDÁRIO CULTURAL DO ESTADO.",100000.0
ALEPI-281,2026,202631500060,Cancelada,Transferências com finalidade definida,SECRETARIA DE ESTADO DA CULTURA DO PIAUÍ - SECULT,MUNICÍPIO DE GUADALUPE-PI,"INCENTIVAR A PRODUÇÃO E DIFUSÃO DE BENS, SERVIÇOS E CONTEÚDOS CULTURAIS, BEM COMO A REALIZAÇÃO DAS ATIVIDADES DO CALENDÁRIO CULTURAL DO ESTADO.",550000.0
ALEPI-281,2026,202631500064,Cancelada,Transferências com finalidade definida,SECRETARIA DE ESTADO DA CULTURA DO PIAUÍ - SECULT,MUNICÍPIO DE REGENERAÇÃO-PI,"INCENTIVAR A PRODUÇÃO E DIFUSÃO DE BENS, SERVIÇOS E CONTEÚDOS CULTURAIS, BEM COMO A REALIZAÇÃO DAS ATIVIDADES DO CALENDÁRIO CULTURAL DO ESTADO.",250000.0
ALEPI-281,2026,202631500065,Cancelada,Transferências com finalidade definida,SECRETARIA DE ESTADO DA CULTURA DO PIAUÍ - SECULT,MUNICÍPIO DE CARACOL-PI,"INCENTIVAR A PRODUÇÃO E DIFUSÃO DE BENS, SERVIÇOS E CONTEÚDOS CULTURAIS, BEM COMO A REALIZAÇÃO DAS ATIVIDADES DO CALENDÁRIO CULTURAL DO ESTADO.",250000.0
ALEPI-281,2026,202631500066,Cancelada,Transferências com finalidade definida,SECRETARIA DE ESTADO DA CULTURA DO PIAUÍ - SECULT,MUNICÍPIO DE SÃO RAIMUNDO NONATO - PI,"INCENTIVAR A PRODUÇÃO E DIFUSÃO DE BENS, SERVIÇOS E CONTEÚDOS CULTURAIS, BEM COMO A REALIZAÇÃO DAS ATIVIDADES DO CALENDÁRIO CULTURAL DO ESTADO.",250000.0
ALEPI-281,2026,202631500069,Cancelada,Transferências com finalidade definida,SECRETARIA DE ESTADO DA CULTURA DO PIAUÍ - SECULT,MUNICÍPIO DE ANGICAL-PI,"INCENTIVAR A PRODUÇÃO E DIFUSÃO DE BENS, SERVIÇOS E CONTEÚDOS CULTURAIS, BEM COMO A REALIZAÇÃO DAS ATIVIDADES DO CALENDÁRIO CULTURAL DO ESTADO.",250000.0
ALEPI-281,2026,202631500127,Cancelada,Transferências com finalidade definida,SECRETARIA DE ESTADO DA CULTURA DO PIAUÍ - SECULT,MUNICÍPIO DE ÁGUA BRANCA,"INCENTIVAR A PRODUÇÃO E DIFUSÃO DE BENS, SERVIÇOS E CONTEÚDOS CULTURAIS, BEM COMO A REALIZAÇÃO DAS ATIVIDADES DO CALENDÁRIO CULTURAL DO ESTADO.",400000.0
ALEPI-281,2026,202631500128,Cancelada,Transferências com finalidade definida,SECRETARIA DE ESTADO DA CULTURA DO PIAUÍ - SECULT,PLANÍCIE LITORÂNEA,"INCENTIVAR A PRODUÇÃO E DIFUSÃO DE BENS, SERVIÇOS E CONTEÚDOS CULTURAIS, BEM COMO A REALIZAÇÃO DAS ATIVIDADES DO CALENDÁRIO CULTURAL DO ESTADO.",500000.0
ALEPI-37,2026,202631530134,Aprovada,Transferências com finalidade definida,SECRETARIA DE ESTADO DA CULTURA DO PIAUÍ - SECULT,TERESINA,"INCENTIVAR A PRODUÇÃO E DIFUSÃO DE BENS, SERVIÇOS E CONTEÚDOS CULTURAIS, BEM COMO A REALIZAÇÃO DAS ATIVIDADES DO CALENDÁRIO CULTURAL DO ESTADO.",50000.0
ALEPI-317,2026,202631540103,Aprovada,Transferências com finalidade definida,SECRETARIA DE ESTADO DA CULTURA DO PIAUÍ - SECULT,Município de Alto Longá e regiões adjacentes,"INCENTIVAR A PRODUÇÃO E DIFUSÃO DE BENS, SERVIÇOS E CONTEÚDOS CULTURAIS, BEM COMO A REALIZAÇÃO DAS ATIVIDADES DO CALENDÁRIO CULTURAL DO ESTADO.",300000.0
ALEPI-317,2026,202631540179,Cancelada,Transferências com finalidade definida,SECRETARIA DE ESTADO  DOS ESPORTES - SECEPI,Município de Oeiras - PI,REALIZAÇÃO DE EVENTOS ESPORTIVOS E ESCOLARES NA MAIS DIVERSAS MODALIDADES.,350000.0
ALEPI-317,2026,202631540180,Cancelada,Transferências com finalidade definida,SECRETARIA DE ESTADO DA CULTURA DO PIAUÍ - SECULT,Município de Teresina (PI) e regiões adjacentes,"INCENTIVAR A PRODUÇÃO E DIFUSÃO DE BENS, SERVIÇOS E CONTEÚDOS CULTURAIS, BEM COMO A REALIZAÇÃO DAS ATIVIDADES DO CALENDÁRIO CULTURAL DO ESTADO.",200000.0
ALEPI-317,2026,202631540181,Aprovada,Transferências com finalidade definida,SECRETARIA DE ESTADO  DOS ESPORTES - SECEPI, Teresina (PI) e regiões adjacentes,REALIZAÇÃO DE EVENTOS ESPORTIVOS E ESCOLARES NA MAIS DIVERSAS MODALIDADES.,200000.0
ALEPI-317,2026,202631540182,Aprovada,Transferências com finalidade definida,SECRETARIA DE ESTADO  DOS ESPORTES - SECEPI,Teresina (PI) e regiões adjacentes,REALIZAÇÃO DE EVENTOS ESPORTIVOS E ESCOLARES NA MAIS DIVERSAS MODALIDADES.,200000.0
ALEPI-317,2026,202631540194,Aprovada,Transferências com finalidade definida,SECRETARIA DE ESTADO  DOS ESPORTES - SECEPI,ESTADO DO PIAUÍ,REALIZAÇÃO DE EVENTOS ESPORTIVOS E ESCOLARES NA MAIS DIVERSAS MODALIDADES.,300000.0
ALEPI-317,2026,202631540281,Cancelada,Transferências com finalidade definida,SECRETARIA DE ESTADO DA CULTURA DO PIAUÍ - SECULT,MUNICIPÍO DE CARAÚBAS DO PIAUÍ,"INCENTIVAR A PRODUÇÃO E DIFUSÃO DE BENS, SERVIÇOS E CONTEÚDOS CULTURAIS, BEM COMO A REALIZAÇÃO DAS ATIVIDADES DO CALENDÁRIO CULTURAL DO ESTADO.",250000.0
ALEPI-317,2026,202631540288,Aprovada,Transferências com finalidade definida,SECRETARIA DE ESTADO DA CULTURA DO PIAUÍ - SECULT,MUNICÍPIO DE JOSÉ DE FREITAS E REGIÕES ADJASCENTES,"INCENTIVAR A PRODUÇÃO E DIFUSÃO DE BENS, SERVIÇOS E CONTEÚDOS CULTURAIS, BEM COMO A REALIZAÇÃO DAS ATIVIDADES DO CALENDÁRIO CULTURAL DO ESTADO.",250000.0
ALEPI-317,2026,202631540304,Cancelada,Fundo a Fundo (Município),FUNDO ESTADUAL DE SAÚDE - FUNSAUDE,"POVOADO SÃO FRANCISCO, ZONA RURAL DO MUNICÍPIO DE PALMEIRA DO PIAUÍ",MELHORAR A QUALIDADE EM SAÚDE DO ESTADO DO PIAUÍ EM TODAS AS REGIÕES DE SAÚDE.,500000.0
ALEPI-14,2026,202631550278,Cancelada,Transferências com finalidade definida,SECRETARIA DE ESTADO DA CULTURA DO PIAUÍ - SECULT,SÃO RAIMUNDO NONATO ,"INCENTIVAR A PRODUÇÃO E DIFUSÃO DE BENS, SERVIÇOS E CONTEÚDOS CULTURAIS, BEM COMO A REALIZAÇÃO DAS ATIVIDADES DO CALENDÁRIO CULTURAL DO ESTADO.",420000.0
ALEPI-332,2026,202631560129,Cancelada,Transferências com finalidade definida,SECRETARIA DE ESTADO DA CULTURA DO PIAUÍ - SECULT,Teresina-PI,"INCENTIVAR A PRODUÇÃO E DIFUSÃO DE BENS, SERVIÇOS E CONTEÚDOS CULTURAIS, BEM COMO A REALIZAÇÃO DAS ATIVIDADES DO CALENDÁRIO CULTURAL DO ESTADO.",500000.0
ALEPI-332,2026,202631560130,Cancelada,Transferências com finalidade definida,SECRETARIA DE ESTADO DA CULTURA DO PIAUÍ - SECULT,MUNICIPIO DE PIMENTEIRAS,"INCENTIVAR A PRODUÇÃO E DIFUSÃO DE BENS, SERVIÇOS E CONTEÚDOS CULTURAIS, BEM COMO A REALIZAÇÃO DAS ATIVIDADES DO CALENDÁRIO CULTURAL DO ESTADO.",150000.0
ALEPI-332,2026,202631560131,Cancelada,Transferências com finalidade definida,SECRETARIA DE ESTADO DA CULTURA DO PIAUÍ - SECULT,Municipio de Barras-PI,"INCENTIVAR A PRODUÇÃO E DIFUSÃO DE BENS, SERVIÇOS E CONTEÚDOS CULTURAIS, BEM COMO A REALIZAÇÃO DAS ATIVIDADES DO CALENDÁRIO CULTURAL DO ESTADO.",200000.0
ALEPI-332,2026,202631560289,Cancelada,Transferências com finalidade definida,COORDENADORIA DA JUVENTUDE DO ESTADO DO PIAUÍ - COJUV,Teresina-PI,PROMOVER A REALIZAÇÃO DE ATIVIDADES DE INCLUSÃO DO JOVEM URBANO E RURAL NAS DIVERSAS POLÍTICAS PÚBLICAS E NAS GARANTIAS DE DIREITO DO ESTATUTO DA JUVENTUDE.,400000.0
ALEPI-313,2026,202631570017,Cancelada,Transferências com finalidade definida,SECRETARIA DE ESTADO DA CULTURA DO PIAUÍ - SECULT,Município  de Campinas do Piauí,"INCENTIVAR A PRODUÇÃO E DIFUSÃO DE BENS, SERVIÇOS E CONTEÚDOS CULTURAIS, BEM COMO A REALIZAÇÃO DAS ATIVIDADES DO CALENDÁRIO CULTURAL DO ESTADO.",85000.0
ALEPI-313,2026,202631570021,Cancelada,Transferências com finalidade definida,SECRETARIA DE ESTADO DA CULTURA DO PIAUÍ - SECULT,CANTO DO BURITI,"INCENTIVAR A PRODUÇÃO E DIFUSÃO DE BENS, SERVIÇOS E CONTEÚDOS CULTURAIS, BEM COMO A REALIZAÇÃO DAS ATIVIDADES DO CALENDÁRIO CULTURAL DO ESTADO.",85000.0
ALEPI-313,2026,202631570022,Cancelada,Transferências com finalidade definida,SECRETARIA DE ESTADO DA CULTURA DO PIAUÍ - SECULT,BAIRRO PLANALTO ININGA TERESINA-PI,"INCENTIVAR A PRODUÇÃO E DIFUSÃO DE BENS, SERVIÇOS E CONTEÚDOS CULTURAIS, BEM COMO A REALIZAÇÃO DAS ATIVIDADES DO CALENDÁRIO CULTURAL DO ESTADO.",165000.0
ALEPI-313,2026,202631570023,Cancelada,Transferências com finalidade definida,SECRETARIA DE ESTADO DA CULTURA DO PIAUÍ - SECULT,BAIRRO HORTO FLORESTAL TERESINA-PI,"INCENTIVAR A PRODUÇÃO E DIFUSÃO DE BENS, SERVIÇOS E CONTEÚDOS CULTURAIS, BEM COMO A REALIZAÇÃO DAS ATIVIDADES DO CALENDÁRIO CULTURAL DO ESTADO.",135000.0
ALEPI-313,2026,202631570106,Cancelada,Transferências com finalidade definida,SECRETARIA DE ESTADO DA CULTURA DO PIAUÍ - SECULT,JUREMA DO PIAUÍ,"INCENTIVAR A PRODUÇÃO E DIFUSÃO DE BENS, SERVIÇOS E CONTEÚDOS CULTURAIS, BEM COMO A REALIZAÇÃO DAS ATIVIDADES DO CALENDÁRIO CULTURAL DO ESTADO.",85000.0
ALEPI-313,2026,202631570110,Cancelada,Transferências com finalidade definida,SECRETARIA DE ESTADO DA CULTURA DO PIAUÍ - SECULT,SÃO RAIMUNDO NONATO,"INCENTIVAR A PRODUÇÃO E DIFUSÃO DE BENS, SERVIÇOS E CONTEÚDOS CULTURAIS, BEM COMO A REALIZAÇÃO DAS ATIVIDADES DO CALENDÁRIO CULTURAL DO ESTADO.",85000.0
ALEPI-313,2026,202631570111,Cancelada,Transferências com finalidade definida,SECRETARIA DE ESTADO DA CULTURA DO PIAUÍ - SECULT,FLORIANO,"INCENTIVAR A PRODUÇÃO E DIFUSÃO DE BENS, SERVIÇOS E CONTEÚDOS CULTURAIS, BEM COMO A REALIZAÇÃO DAS ATIVIDADES DO CALENDÁRIO CULTURAL DO ESTADO.",85000.0
ALEPI-313,2026,202631570125,Cancelada,Transferências com finalidade definida,SECRETARIA DE ESTADO DA CULTURA DO PIAUÍ - SECULT,REGENERAÇÃO,"INCENTIVAR A PRODUÇÃO E DIFUSÃO DE BENS, SERVIÇOS E CONTEÚDOS CULTURAIS, BEM COMO A REALIZAÇÃO DAS ATIVIDADES DO CALENDÁRIO CULTURAL DO ESTADO.",85000.0
ALEPI-313,2026,202631570157,Cancelada,Transferências com finalidade definida,SECRETARIA DE ESTADO DA CULTURA DO PIAUÍ - SECULT,LUÍS CORREIA,"INCENTIVAR A PRODUÇÃO E DIFUSÃO DE BENS, SERVIÇOS E CONTEÚDOS CULTURAIS, BEM COMO A REALIZAÇÃO DAS ATIVIDADES DO CALENDÁRIO CULTURAL DO ESTADO.",85000.0
ALEPI-313,2026,202631570178,Cancelada,Transferências com finalidade definida,SECRETARIA DE ESTADO DA CULTURA DO PIAUÍ - SECULT,CARACOL-PI,"INCENTIVAR A PRODUÇÃO E DIFUSÃO DE BENS, SERVIÇOS E CONTEÚDOS CULTURAIS, BEM COMO A REALIZAÇÃO DAS ATIVIDADES DO CALENDÁRIO CULTURAL DO ESTADO.",85000.0
ALEPI-313,2026,202631570202,Cancelada,Transferências com finalidade definida,SECRETARIA DE ESTADO DO TURISMO DO PIAUI - SETUR,TERESINA ,"AÇÃO QUE ENVOLVE A EXECUÇÃO DAS SEGUINTES ATIVIDADES:ACOMPANHAMENTO TÉCNICO AOS MUNICÍPIOS, PROMOÇÃO E DIVULGAÇÃO, REALIZAÇÃO DE PESQUISAS, PARTICIPAÇÃO DE FEIRAS E EVENTOS, APOIO À REALIZAÇÃO DE EVENTOS, INVENTARIO DA OFERTA TURÍSTICA, ELABORAÇÃO E EXECUÇÃO DO PLANO DE MARKETING.",175000.0
ALEPI-313,2026,202631570204,Cancelada,Transferências com finalidade definida,SECRETARIA DE ESTADO DO TURISMO DO PIAUI - SETUR,CAMPINAS DO PIAUÍ,"AÇÃO QUE ENVOLVE A EXECUÇÃO DAS SEGUINTES ATIVIDADES:ACOMPANHAMENTO TÉCNICO AOS MUNICÍPIOS, PROMOÇÃO E DIVULGAÇÃO, REALIZAÇÃO DE PESQUISAS, PARTICIPAÇÃO DE FEIRAS E EVENTOS, APOIO À REALIZAÇÃO DE EVENTOS, INVENTARIO DA OFERTA TURÍSTICA, ELABORAÇÃO E EXECUÇÃO DO PLANO DE MARKETING.",85000.0
ALEPI-313,2026,202631570205,Cancelada,Transferências com finalidade definida,SECRETARIA DE ESTADO DO TURISMO DO PIAUI - SETUR,CANTO DO BURITI,"AÇÃO QUE ENVOLVE A EXECUÇÃO DAS SEGUINTES ATIVIDADES:ACOMPANHAMENTO TÉCNICO AOS MUNICÍPIOS, PROMOÇÃO E DIVULGAÇÃO, REALIZAÇÃO DE PESQUISAS, PARTICIPAÇÃO DE FEIRAS E EVENTOS, APOIO À REALIZAÇÃO DE EVENTOS, INVENTARIO DA OFERTA TURÍSTICA, ELABORAÇÃO E EXECUÇÃO DO PLANO DE MARKETING.",85000.0
ALEPI-313,2026,202631570206,Cancelada,Transferências com finalidade definida,SECRETARIA DE ESTADO DO TURISMO DO PIAUI - SETUR,TERESINA,"AÇÃO QUE ENVOLVE A EXECUÇÃO DAS SEGUINTES ATIVIDADES:ACOMPANHAMENTO TÉCNICO AOS MUNICÍPIOS, PROMOÇÃO E DIVULGAÇÃO, REALIZAÇÃO DE PESQUISAS, PARTICIPAÇÃO DE FEIRAS E EVENTOS, APOIO À REALIZAÇÃO DE EVENTOS, INVENTARIO DA OFERTA TURÍSTICA, ELABORAÇÃO E EXECUÇÃO DO PLANO DE MARKETING.",165000.0
ALEPI-313,2026,202631570207,Cancelada,Transferências com finalidade definida,SECRETARIA DE ESTADO DO TURISMO DO PIAUI - SETUR,SÃO RAIMUNDO NONATO,"AÇÃO QUE ENVOLVE A EXECUÇÃO DAS SEGUINTES ATIVIDADES:ACOMPANHAMENTO TÉCNICO AOS MUNICÍPIOS, PROMOÇÃO E DIVULGAÇÃO, REALIZAÇÃO DE PESQUISAS, PARTICIPAÇÃO DE FEIRAS E EVENTOS, APOIO À REALIZAÇÃO DE EVENTOS, INVENTARIO DA OFERTA TURÍSTICA, ELABORAÇÃO E EXECUÇÃO DO PLANO DE MARKETING.",185000.0
ALEPI-313,2026,202631570208,Cancelada,Transferências com finalidade definida,SECRETARIA DE ESTADO DO TURISMO DO PIAUI - SETUR,FLORIANO,"AÇÃO QUE ENVOLVE A EXECUÇÃO DAS SEGUINTES ATIVIDADES:ACOMPANHAMENTO TÉCNICO AOS MUNICÍPIOS, PROMOÇÃO E DIVULGAÇÃO, REALIZAÇÃO DE PESQUISAS, PARTICIPAÇÃO DE FEIRAS E EVENTOS, APOIO À REALIZAÇÃO DE EVENTOS, INVENTARIO DA OFERTA TURÍSTICA, ELABORAÇÃO E EXECUÇÃO DO PLANO DE MARKETING.",85000.0
ALEPI-313,2026,202631570209,Cancelada,Transferências com finalidade definida,SECRETARIA DE ESTADO DO TURISMO DO PIAUI - SETUR,REGENERAÇÃO,"AÇÃO QUE ENVOLVE A EXECUÇÃO DAS SEGUINTES ATIVIDADES:ACOMPANHAMENTO TÉCNICO AOS MUNICÍPIOS, PROMOÇÃO E DIVULGAÇÃO, REALIZAÇÃO DE PESQUISAS, PARTICIPAÇÃO DE FEIRAS E EVENTOS, APOIO À REALIZAÇÃO DE EVENTOS, INVENTARIO DA OFERTA TURÍSTICA, ELABORAÇÃO E EXECUÇÃO DO PLANO DE MARKETING.",85000.0
ALEPI-313,2026,202631570210,Cancelada,Transferências com finalidade definida,SECRETARIA DE ESTADO DO TURISMO DO PIAUI - SETUR,LUÍS CORREIA,"AÇÃO QUE ENVOLVE A EXECUÇÃO DAS SEGUINTES ATIVIDADES:ACOMPANHAMENTO TÉCNICO AOS MUNICÍPIOS, PROMOÇÃO E DIVULGAÇÃO, REALIZAÇÃO DE PESQUISAS, PARTICIPAÇÃO DE FEIRAS E EVENTOS, APOIO À REALIZAÇÃO DE EVENTOS, INVENTARIO DA OFERTA TURÍSTICA, ELABORAÇÃO E EXECUÇÃO DO PLANO DE MARKETING.",85000.0
ALEPI-313,2026,202631570211,Cancelada,Transferências com finalidade definida,SECRETARIA DE ESTADO DO TURISMO DO PIAUI - SETUR,CARACOL,"AÇÃO QUE ENVOLVE A EXECUÇÃO DAS SEGUINTES ATIVIDADES:ACOMPANHAMENTO TÉCNICO AOS MUNICÍPIOS, PROMOÇÃO E DIVULGAÇÃO, REALIZAÇÃO DE PESQUISAS, PARTICIPAÇÃO DE FEIRAS E EVENTOS, APOIO À REALIZAÇÃO DE EVENTOS, INVENTARIO DA OFERTA TURÍSTICA, ELABORAÇÃO E EXECUÇÃO DO PLANO DE MARKETING.",85000.0
ALEPI-313,2026,202631570212,Cancelada,Transferências com finalidade definida,SECRETARIA DE ESTADO DO TURISMO DO PIAUI - SETUR,FLORIANO,"AÇÃO QUE ENVOLVE A EXECUÇÃO DAS SEGUINTES ATIVIDADES:ACOMPANHAMENTO TÉCNICO AOS MUNICÍPIOS, PROMOÇÃO E DIVULGAÇÃO, REALIZAÇÃO DE PESQUISAS, PARTICIPAÇÃO DE FEIRAS E EVENTOS, APOIO À REALIZAÇÃO DE EVENTOS, INVENTARIO DA OFERTA TURÍSTICA, ELABORAÇÃO E EXECUÇÃO DO PLANO DE MARKETING.",100000.0
ALEPI-313,2026,202631570213,Cancelada,Transferências com finalidade definida,SECRETARIA DE ESTADO DO TURISMO DO PIAUI - SETUR,MANOEL EMÍDIO,"AÇÃO QUE ENVOLVE A EXECUÇÃO DAS SEGUINTES ATIVIDADES:ACOMPANHAMENTO TÉCNICO AOS MUNICÍPIOS, PROMOÇÃO E DIVULGAÇÃO, REALIZAÇÃO DE PESQUISAS, PARTICIPAÇÃO DE FEIRAS E EVENTOS, APOIO À REALIZAÇÃO DE EVENTOS, INVENTARIO DA OFERTA TURÍSTICA, ELABORAÇÃO E EXECUÇÃO DO PLANO DE MARKETING.",100000.0
ALEPI-313,2026,202631570272,Cancelada,Transferências com finalidade definida,SECRETARIA DE ESTADO DA CULTURA DO PIAUÍ - SECULT,REGENERAÇÃO,"INCENTIVAR A PRODUÇÃO E DIFUSÃO DE BENS, SERVIÇOS E CONTEÚDOS CULTURAIS, BEM COMO A REALIZAÇÃO DAS ATIVIDADES DO CALENDÁRIO CULTURAL DO ESTADO.",100000.0
ALEPI-313,2026,202631570298,Aprovada,Transferências com finalidade definida,SECRETARIA DE ESTADO DO TURISMO DO PIAUI - SETUR,LOCALIDADE PAJEU DE FLORES,"AÇÃO QUE ENVOLVE A EXECUÇÃO DAS SEGUINTES ATIVIDADES:ACOMPANHAMENTO TÉCNICO AOS MUNICÍPIOS, PROMOÇÃO E DIVULGAÇÃO, REALIZAÇÃO DE PESQUISAS, PARTICIPAÇÃO DE FEIRAS E EVENTOS, APOIO À REALIZAÇÃO DE EVENTOS, INVENTARIO DA OFERTA TURÍSTICA, ELABORAÇÃO E EXECUÇÃO DO PLANO DE MARKETING.",85000.0
ALEPI-313,2026,202631570299,Aprovada,Transferências com finalidade definida,SECRETARIA DE ESTADO DO TURISMO DO PIAUI - SETUR,SÃO BRÁS DO PIAUÍ,"AÇÃO QUE ENVOLVE A EXECUÇÃO DAS SEGUINTES ATIVIDADES:ACOMPANHAMENTO TÉCNICO AOS MUNICÍPIOS, PROMOÇÃO E DIVULGAÇÃO, REALIZAÇÃO DE PESQUISAS, PARTICIPAÇÃO DE FEIRAS E EVENTOS, APOIO À REALIZAÇÃO DE EVENTOS, INVENTARIO DA OFERTA TURÍSTICA, ELABORAÇÃO E EXECUÇÃO DO PLANO DE MARKETING.",85000.0
ALEPI-15,2026,202631580105,Cancelada,Transferências com finalidade definida,SECRETARIA DE ESTADO DA CULTURA DO PIAUÍ - SECULT,União,"INCENTIVAR A PRODUÇÃO E DIFUSÃO DE BENS, SERVIÇOS E CONTEÚDOS CULTURAIS, BEM COMO A REALIZAÇÃO DAS ATIVIDADES DO CALENDÁRIO CULTURAL DO ESTADO.",500000.0
ALEPI-15,2026,202631580107,Cancelada,Transferências com finalidade definida,FUNDO ESTADUAL DE SAÚDE - FUNSAUDE,Município de Floriano,MELHORAR A QUALIDADE EM SAÚDE DO ESTADO DO PIAUÍ EM TODAS AS REGIÕES DE SAÚDE.,500000.0
ALEPI-278,2026,202631590024,Cancelada,Transferências especiais (Município),ENCARGOS GERAIS DO ESTADO,SÃO JOÃO DA CANABRAVA,REGISTRO DAS EMENDAS PARLAMENTARES PREVISTAS NA EC 58/2021.,350000.0
ALEPI-278,2026,202631590025,Aprovada,Transferências com finalidade definida,SECRETARIA DE ESTADO DA CULTURA DO PIAUÍ - SECULT,DOM EXPEDITO LOPES,"INCENTIVAR A PRODUÇÃO E DIFUSÃO DE BENS, SERVIÇOS E CONTEÚDOS CULTURAIS, BEM COMO A REALIZAÇÃO DAS ATIVIDADES DO CALENDÁRIO CULTURAL DO ESTADO.",200000.0
ALEPI-278,2026,202631590027,Aprovada,Transferências especiais (Município),ENCARGOS GERAIS DO ESTADO,CAPITÃO DE CAMPOS,REGISTRO DAS EMENDAS PARLAMENTARES PREVISTAS NA EC 58/2021.,200000.0
ALEPI-278,2026,202631590185,Cancelada,Transferências com finalidade definida,SECRETARIA DE ESTADO DA CULTURA DO PIAUÍ - SECULT,Município de União,"INCENTIVAR A PRODUÇÃO E DIFUSÃO DE BENS, SERVIÇOS E CONTEÚDOS CULTURAIS, BEM COMO A REALIZAÇÃO DAS ATIVIDADES DO CALENDÁRIO CULTURAL DO ESTADO.",100000.0
ALEPI-278,2026,202631590273,Cancelada,Transferências com finalidade definida,SECRETARIA DE ESTADO DA CULTURA DO PIAUÍ - SECULT,Município de Floriano,"INCENTIVAR A PRODUÇÃO E DIFUSÃO DE BENS, SERVIÇOS E CONTEÚDOS CULTURAIS, BEM COMO A REALIZAÇÃO DAS ATIVIDADES DO CALENDÁRIO CULTURAL DO ESTADO.",50000.0
ALEPI-278,2026,202631590279,Cancelada,Transferências com finalidade definida,FUNDO ESTADUAL DE SAÚDE - FUNSAUDE,Município de Tanque,MELHORAR A QUALIDADE EM SAÚDE DO ESTADO DO PIAUÍ EM TODAS AS REGIÕES DE SAÚDE.,100000.0
ALEPI-278,2026,202631590328,Cancelada,Transferências com finalidade definida,FUNDO ESTADUAL DE SAÚDE - FUNSAUDE,IPIRANGA DO PIAUÍ,FORTALECER A REDE DE ATENÇAO À SAÚDE.,100000.0
ALEPI-20,2026,202631600077,Cancelada,Transferências com finalidade definida,SECRETARIA DE ESTADO DA CULTURA DO PIAUÍ - SECULT,TERESINA,"INCENTIVAR A PRODUÇÃO E DIFUSÃO DE BENS, SERVIÇOS E CONTEÚDOS CULTURAIS, BEM COMO A REALIZAÇÃO DAS ATIVIDADES DO CALENDÁRIO CULTURAL DO ESTADO.",90000.0
ALEPI-20,2026,202631600079,Cancelada,Transferências com finalidade definida,SECRETARIA DE ESTADO DA CULTURA DO PIAUÍ - SECULT,AGRICOLANDIA,"INCENTIVAR A PRODUÇÃO E DIFUSÃO DE BENS, SERVIÇOS E CONTEÚDOS CULTURAIS, BEM COMO A REALIZAÇÃO DAS ATIVIDADES DO CALENDÁRIO CULTURAL DO ESTADO.",50000.0
ALEPI-20,2026,202631600080,Cancelada,Transferências com finalidade definida,SECRETARIA DE ESTADO DA CULTURA DO PIAUÍ - SECULT,MIGUEL LEÃO,"INCENTIVAR A PRODUÇÃO E DIFUSÃO DE BENS, SERVIÇOS E CONTEÚDOS CULTURAIS, BEM COMO A REALIZAÇÃO DAS ATIVIDADES DO CALENDÁRIO CULTURAL DO ESTADO.",100000.0
ALEPI-20,2026,202631600081,Cancelada,Transferências com finalidade definida,SECRETARIA DE ESTADO DA CULTURA DO PIAUÍ - SECULT,TERESINA,"INCENTIVAR A PRODUÇÃO E DIFUSÃO DE BENS, SERVIÇOS E CONTEÚDOS CULTURAIS, BEM COMO A REALIZAÇÃO DAS ATIVIDADES DO CALENDÁRIO CULTURAL DO ESTADO.",50000.0
ALEPI-20,2026,202631600082,Cancelada,Transferências com finalidade definida,SECRETARIA DE ESTADO DA CULTURA DO PIAUÍ - SECULT,TERESINA,"INCENTIVAR A PRODUÇÃO E DIFUSÃO DE BENS, SERVIÇOS E CONTEÚDOS CULTURAIS, BEM COMO A REALIZAÇÃO DAS ATIVIDADES DO CALENDÁRIO CULTURAL DO ESTADO.",100000.0
ALEPI-20,2026,202631600083,Cancelada,Transferências com finalidade definida,SECRETARIA DE ESTADO DA CULTURA DO PIAUÍ - SECULT,JOSÉ DE FREITAS,"INCENTIVAR A PRODUÇÃO E DIFUSÃO DE BENS, SERVIÇOS E CONTEÚDOS CULTURAIS, BEM COMO A REALIZAÇÃO DAS ATIVIDADES DO CALENDÁRIO CULTURAL DO ESTADO.",100000.0
ALEPI-20,2026,202631600085,Cancelada,Transferências com finalidade definida,SECRETARIA DE ESTADO DA CULTURA DO PIAUÍ - SECULT,ÁGUA BRANCA,"INCENTIVAR A PRODUÇÃO E DIFUSÃO DE BENS, SERVIÇOS E CONTEÚDOS CULTURAIS, BEM COMO A REALIZAÇÃO DAS ATIVIDADES DO CALENDÁRIO CULTURAL DO ESTADO.",51000.0
ALEPI-20,2026,202631600086,Cancelada,Transferências com finalidade definida,SECRETARIA DE ESTADO DA CULTURA DO PIAUÍ - SECULT,DEMERVAL LOBÃO,"INCENTIVAR A PRODUÇÃO E DIFUSÃO DE BENS, SERVIÇOS E CONTEÚDOS CULTURAIS, BEM COMO A REALIZAÇÃO DAS ATIVIDADES DO CALENDÁRIO CULTURAL DO ESTADO.",51000.0
ALEPI-20,2026,202631600088,Cancelada,Transferências com finalidade definida,SECRETARIA DE ESTADO DA CULTURA DO PIAUÍ - SECULT,MONSENHOR GIL,"INCENTIVAR A PRODUÇÃO E DIFUSÃO DE BENS, SERVIÇOS E CONTEÚDOS CULTURAIS, BEM COMO A REALIZAÇÃO DAS ATIVIDADES DO CALENDÁRIO CULTURAL DO ESTADO.",51000.0
ALEPI-20,2026,202631600090,Cancelada,Transferências com finalidade definida,SECRETARIA DE ESTADO DA CULTURA DO PIAUÍ - SECULT,TERESINA,"INCENTIVAR A PRODUÇÃO E DIFUSÃO DE BENS, SERVIÇOS E CONTEÚDOS CULTURAIS, BEM COMO A REALIZAÇÃO DAS ATIVIDADES DO CALENDÁRIO CULTURAL DO ESTADO.",51000.0
ALEPI-20,2026,202631600091,Cancelada,Transferências com finalidade definida,SECRETARIA DE ESTADO DA CULTURA DO PIAUÍ - SECULT,LAGOA DO PIAUÍ,"INCENTIVAR A PRODUÇÃO E DIFUSÃO DE BENS, SERVIÇOS E CONTEÚDOS CULTURAIS, BEM COMO A REALIZAÇÃO DAS ATIVIDADES DO CALENDÁRIO CULTURAL DO ESTADO.",51000.0
ALEPI-20,2026,202631600092,Cancelada,Transferências com finalidade definida,SECRETARIA DE ESTADO DA CULTURA DO PIAUÍ - SECULT,CURRALINHOS,"INCENTIVAR A PRODUÇÃO E DIFUSÃO DE BENS, SERVIÇOS E CONTEÚDOS CULTURAIS, BEM COMO A REALIZAÇÃO DAS ATIVIDADES DO CALENDÁRIO CULTURAL DO ESTADO.",51000.0
ALEPI-20,2026,202631600093,Cancelada,Transferências com finalidade definida,SECRETARIA DE ESTADO DA CULTURA DO PIAUÍ - SECULT,JOAQUIM PIRES ,"INCENTIVAR A PRODUÇÃO E DIFUSÃO DE BENS, SERVIÇOS E CONTEÚDOS CULTURAIS, BEM COMO A REALIZAÇÃO DAS ATIVIDADES DO CALENDÁRIO CULTURAL DO ESTADO.",53000.0
ALEPI-20,2026,202631600094,Cancelada,Transferências com finalidade definida,SECRETARIA DE ESTADO DA CULTURA DO PIAUÍ - SECULT,ANGICAL DO PIAUÍ,"INCENTIVAR A PRODUÇÃO E DIFUSÃO DE BENS, SERVIÇOS E CONTEÚDOS CULTURAIS, BEM COMO A REALIZAÇÃO DAS ATIVIDADES DO CALENDÁRIO CULTURAL DO ESTADO.",51000.0
ALEPI-20,2026,202631600135,Cancelada,Transferências com finalidade definida,SECRETARIA DE ESTADO DA CULTURA DO PIAUÍ - SECULT,TERESINA,"INCENTIVAR A PRODUÇÃO E DIFUSÃO DE BENS, SERVIÇOS E CONTEÚDOS CULTURAIS, BEM COMO A REALIZAÇÃO DAS ATIVIDADES DO CALENDÁRIO CULTURAL DO ESTADO.",200000.0
ALEPI-20,2026,202631600136,Cancelada,Transferências com finalidade definida,SECRETARIA DE ESTADO DA CULTURA DO PIAUÍ - SECULT,TERESINA,"INCENTIVAR A PRODUÇÃO E DIFUSÃO DE BENS, SERVIÇOS E CONTEÚDOS CULTURAIS, BEM COMO A REALIZAÇÃO DAS ATIVIDADES DO CALENDÁRIO CULTURAL DO ESTADO.",220000.0
ALEPI-20,2026,202631600137,Cancelada,Transferências com finalidade definida,SECRETARIA DE ESTADO DA CULTURA DO PIAUÍ - SECULT,TERESINA,"INCENTIVAR A PRODUÇÃO E DIFUSÃO DE BENS, SERVIÇOS E CONTEÚDOS CULTURAIS, BEM COMO A REALIZAÇÃO DAS ATIVIDADES DO CALENDÁRIO CULTURAL DO ESTADO.",300000.0
ALEPI-20,2026,202631600138,Cancelada,Transferências com finalidade definida,SECRETARIA DE ESTADO DA CULTURA DO PIAUÍ - SECULT,TERESINA,"INCENTIVAR A PRODUÇÃO E DIFUSÃO DE BENS, SERVIÇOS E CONTEÚDOS CULTURAIS, BEM COMO A REALIZAÇÃO DAS ATIVIDADES DO CALENDÁRIO CULTURAL DO ESTADO.",200000.0
ALEPI-20,2026,202631600139,Cancelada,Transferências com finalidade definida,SECRETARIA DE ESTADO DA CULTURA DO PIAUÍ - SECULT,TERESINA,"INCENTIVAR A PRODUÇÃO E DIFUSÃO DE BENS, SERVIÇOS E CONTEÚDOS CULTURAIS, BEM COMO A REALIZAÇÃO DAS ATIVIDADES DO CALENDÁRIO CULTURAL DO ESTADO.",180000.0
ALEPI-20,2026,202631600140,Cancelada,Transferências com finalidade definida,SECRETARIA DE ESTADO DA CULTURA DO PIAUÍ - SECULT,TERESINA,"INCENTIVAR A PRODUÇÃO E DIFUSÃO DE BENS, SERVIÇOS E CONTEÚDOS CULTURAIS, BEM COMO A REALIZAÇÃO DAS ATIVIDADES DO CALENDÁRIO CULTURAL DO ESTADO.",200000.0
ALEPI-20,2026,202631600141,Cancelada,Transferências com finalidade definida,SECRETARIA DE ESTADO DA CULTURA DO PIAUÍ - SECULT,Teresina,"INCENTIVAR A PRODUÇÃO E DIFUSÃO DE BENS, SERVIÇOS E CONTEÚDOS CULTURAIS, BEM COMO A REALIZAÇÃO DAS ATIVIDADES DO CALENDÁRIO CULTURAL DO ESTADO.",200000.0
ALEPI-20,2026,202631600142,Cancelada,Transferências com finalidade definida,SECRETARIA DE ESTADO DA CULTURA DO PIAUÍ - SECULT,Teresina,"INCENTIVAR A PRODUÇÃO E DIFUSÃO DE BENS, SERVIÇOS E CONTEÚDOS CULTURAIS, BEM COMO A REALIZAÇÃO DAS ATIVIDADES DO CALENDÁRIO CULTURAL DO ESTADO.",500000.0
ALEPI-20,2026,202631600183,Cancelada,Transferências com finalidade definida,SECRETARIA DE ESTADO DA CULTURA DO PIAUÍ - SECULT,BURITI DOS MONTES,"INCENTIVAR A PRODUÇÃO E DIFUSÃO DE BENS, SERVIÇOS E CONTEÚDOS CULTURAIS, BEM COMO A REALIZAÇÃO DAS ATIVIDADES DO CALENDÁRIO CULTURAL DO ESTADO.",90000.0
ALEPI-20,2026,202631600184,Cancelada,Transferências com finalidade definida,SECRETARIA DE ESTADO DA CULTURA DO PIAUÍ - SECULT,Aroazes,"INCENTIVAR A PRODUÇÃO E DIFUSÃO DE BENS, SERVIÇOS E CONTEÚDOS CULTURAIS, BEM COMO A REALIZAÇÃO DAS ATIVIDADES DO CALENDÁRIO CULTURAL DO ESTADO.",53000.0
ALEPI-20,2026,202631600250,Cancelada,Transferências com finalidade definida,COORDENADORIA DA JUVENTUDE DO ESTADO DO PIAUÍ - COJUV,AGRICOLÂNDIA,PROMOVER A REALIZAÇÃO DE ATIVIDADES DE INCLUSÃO DO JOVEM URBANO E RURAL NAS DIVERSAS POLÍTICAS PÚBLICAS E NAS GARANTIAS DE DIREITO DO ESTATUTO DA JUVENTUDE.,50000.0
ALEPI-20,2026,202631600251,Cancelada,Transferências com finalidade definida,COORDENADORIA DA JUVENTUDE DO ESTADO DO PIAUÍ - COJUV,MIGUEL LEÃO,PROMOVER A REALIZAÇÃO DE ATIVIDADES DE INCLUSÃO DO JOVEM URBANO E RURAL NAS DIVERSAS POLÍTICAS PÚBLICAS E NAS GARANTIAS DE DIREITO DO ESTATUTO DA JUVENTUDE.,100000.0
ALEPI-20,2026,202631600252,Cancelada,Transferências com finalidade definida,COORDENADORIA DA JUVENTUDE DO ESTADO DO PIAUÍ - COJUV,TERESINA,PROMOVER A REALIZAÇÃO DE ATIVIDADES DE INCLUSÃO DO JOVEM URBANO E RURAL NAS DIVERSAS POLÍTICAS PÚBLICAS E NAS GARANTIAS DE DIREITO DO ESTATUTO DA JUVENTUDE.,50000.0
ALEPI-20,2026,202631600253,Cancelada,Transferências com finalidade definida,COORDENADORIA DA JUVENTUDE DO ESTADO DO PIAUÍ - COJUV,TERESINA,PROMOVER A REALIZAÇÃO DE ATIVIDADES DE INCLUSÃO DO JOVEM URBANO E RURAL NAS DIVERSAS POLÍTICAS PÚBLICAS E NAS GARANTIAS DE DIREITO DO ESTATUTO DA JUVENTUDE.,100000.0
ALEPI-20,2026,202631600254,Cancelada,Transferências com finalidade definida,COORDENADORIA DA JUVENTUDE DO ESTADO DO PIAUÍ - COJUV,JOSÉ DE FREITAS,PROMOVER A REALIZAÇÃO DE ATIVIDADES DE INCLUSÃO DO JOVEM URBANO E RURAL NAS DIVERSAS POLÍTICAS PÚBLICAS E NAS GARANTIAS DE DIREITO DO ESTATUTO DA JUVENTUDE.,100000.0
ALEPI-20,2026,202631600290,Cancelada,Transferências com finalidade definida,COORDENADORIA DA JUVENTUDE DO ESTADO DO PIAUÍ - COJUV,AROAZES,"INCENTIVAR A PRODUÇÃO E DIFUSÃO DE BENS, SERVIÇOS E CONTEÚDOS CULTURAIS, BEM COMO A REALIZAÇÃO DAS ATIVIDADES DO CALENDÁRIO CULTURAL DO ESTADO.",53000.0
ALEPI-20,2026,202631600337,Aprovada,Transferências com finalidade definida,SECRETARIA DE ESTADO DA CULTURA DO PIAUÍ - SECULT,PAES LANDIM ,"INCENTIVAR A PRODUÇÃO E DIFUSÃO DE BENS, SERVIÇOS E CONTEÚDOS CULTURAIS, BEM COMO A REALIZAÇÃO DAS ATIVIDADES DO CALENDÁRIO CULTURAL DO ESTADO.",100000.0
ALEPI-331,2026,202631620030,Cancelada,Transferências com finalidade definida,SECRETARIA DE ESTADO DA CULTURA DO PIAUÍ - SECULT,TERESINA - PI ,"INCENTIVAR A PRODUÇÃO E DIFUSÃO DE BENS, SERVIÇOS E CONTEÚDOS CULTURAIS, BEM COMO A REALIZAÇÃO DAS ATIVIDADES DO CALENDÁRIO CULTURAL DO ESTADO.",250000.0
ALEPI-331,2026,202631620031,Cancelada,Transferências com finalidade definida,SECRETARIA DE ESTADO DA CULTURA DO PIAUÍ - SECULT,TERESINA - PI,"INCENTIVAR A PRODUÇÃO E DIFUSÃO DE BENS, SERVIÇOS E CONTEÚDOS CULTURAIS, BEM COMO A REALIZAÇÃO DAS ATIVIDADES DO CALENDÁRIO CULTURAL DO ESTADO.",400000.0
ALEPI-331,2026,202631620032,Cancelada,Transferências com finalidade definida,SECRETARIA DE ESTADO DA CULTURA DO PIAUÍ - SECULT,CAMPO MAIOR - PI ,"INCENTIVAR A PRODUÇÃO E DIFUSÃO DE BENS, SERVIÇOS E CONTEÚDOS CULTURAIS, BEM COMO A REALIZAÇÃO DAS ATIVIDADES DO CALENDÁRIO CULTURAL DO ESTADO.",350000.0
ALEPI-331,2026,202631620260,Cancelada,Transferências com finalidade definida,SECRETARIA DE ESTADO DA CULTURA DO PIAUÍ - SECULT,Teresina - Pi,"INCENTIVAR A PRODUÇÃO E DIFUSÃO DE BENS, SERVIÇOS E CONTEÚDOS CULTURAIS, BEM COMO A REALIZAÇÃO DAS ATIVIDADES DO CALENDÁRIO CULTURAL DO ESTADO.",250000.0
ALEPI-331,2026,202631620262,Cancelada,Transferências com finalidade definida,SECRETARIA DE ESTADO DA CULTURA DO PIAUÍ - SECULT,TERESINA - PI,"INCENTIVAR A PRODUÇÃO E DIFUSÃO DE BENS, SERVIÇOS E CONTEÚDOS CULTURAIS, BEM COMO A REALIZAÇÃO DAS ATIVIDADES DO CALENDÁRIO CULTURAL DO ESTADO.",400000.0
ALEPI-331,2026,202631620263,Cancelada,Transferências com finalidade definida,SECRETARIA DE ESTADO DA CULTURA DO PIAUÍ - SECULT,CAMPO MAIOR - PI ,"INCENTIVAR A PRODUÇÃO E DIFUSÃO DE BENS, SERVIÇOS E CONTEÚDOS CULTURAIS, BEM COMO A REALIZAÇÃO DAS ATIVIDADES DO CALENDÁRIO CULTURAL DO ESTADO.",350000.0
ALEPI-331,2026,202631620313,Cancelada,Fundo a Fundo (Município),SECRETARIA DE ESTADO DA SAÚDE DO PIAUÍ - SESAPI,PAQUETA - PI ,MELHORAR A QUALIDADE EM SAÚDE DO ESTADO DO PIAUÍ EM TODAS AS REGIÕES DE SAÚDE.,100000.0
ALEPI-331,2026,202631620314,Aprovada,Transferências com finalidade definida,SECRETARIA DE ESTADO DA CULTURA DO PIAUÍ - SECULT,Pau D'arco do Piauí = PI,"INCENTIVAR A PRODUÇÃO E DIFUSÃO DE BENS, SERVIÇOS E CONTEÚDOS CULTURAIS, BEM COMO A REALIZAÇÃO DAS ATIVIDADES DO CALENDÁRIO CULTURAL DO ESTADO.",100000.0
ALEPI-326,2026,202631630154,Cancelada,Transferências com finalidade definida,SECRETARIA DE ESTADO DA CULTURA DO PIAUÍ - SECULT,MONSENHOR GIL,"INCENTIVAR A PRODUÇÃO E DIFUSÃO DE BENS, SERVIÇOS E CONTEÚDOS CULTURAIS, BEM COMO A REALIZAÇÃO DAS ATIVIDADES DO CALENDÁRIO CULTURAL DO ESTADO.",400000.0
ALEPI-326,2026,202631630199,Cancelada,Transferências com finalidade definida,SECRETARIA DE ESTADO DA CULTURA DO PIAUÍ - SECULT,MONSENHOR GIL,"INCENTIVAR A PRODUÇÃO E DIFUSÃO DE BENS, SERVIÇOS E CONTEÚDOS CULTURAIS, BEM COMO A REALIZAÇÃO DAS ATIVIDADES DO CALENDÁRIO CULTURAL DO ESTADO.",400000.0
ALEPI-326,2026,202631630214,Cancelada,Transferências com finalidade definida,SECRETARIA DE ESTADO DA EDUCAÇÃO -SEDUC,ESPERANTINA,"PROMOVER A GESTÃO EDUCACIONAL DEMOCRÁTICA, INOVADORA E COLABORATIVA, ATRAVÉS DE PROJETOS, PALESTRAS, OFICINAS E OUTRAS ATIVIDADES.",350000.0
ALEPI-18,2026,202631640112,Cancelada,Transferências com finalidade definida,SECRETARIA DE ESTADO DA CULTURA DO PIAUÍ - SECULT,CURRALINHOS -PI,"INCENTIVAR A PRODUÇÃO E DIFUSÃO DE BENS, SERVIÇOS E CONTEÚDOS CULTURAIS, BEM COMO A REALIZAÇÃO DAS ATIVIDADES DO CALENDÁRIO CULTURAL DO ESTADO.",250000.0
ALEPI-18,2026,202631640113,Cancelada,Transferências com finalidade definida,SECRETARIA DE ESTADO DA CULTURA DO PIAUÍ - SECULT,BAIRRO USINA SANTANA - TERESINA -PI,"INCENTIVAR A PRODUÇÃO E DIFUSÃO DE BENS, SERVIÇOS E CONTEÚDOS CULTURAIS, BEM COMO A REALIZAÇÃO DAS ATIVIDADES DO CALENDÁRIO CULTURAL DO ESTADO.",150000.0
ALEPI-18,2026,202631640114,Cancelada,Transferências com finalidade definida,SECRETARIA DE ESTADO DA CULTURA DO PIAUÍ - SECULT,MUNICIPIO DE UNIÃO PIAUI,"INCENTIVAR A PRODUÇÃO E DIFUSÃO DE BENS, SERVIÇOS E CONTEÚDOS CULTURAIS, BEM COMO A REALIZAÇÃO DAS ATIVIDADES DO CALENDÁRIO CULTURAL DO ESTADO.",150000.0
ALEPI-18,2026,202631640115,Cancelada,Transferências com finalidade definida,SECRETARIA DE ESTADO DA CULTURA DO PIAUÍ - SECULT,MUNICIPIO BARRO DURO -PI,"INCENTIVAR A PRODUÇÃO E DIFUSÃO DE BENS, SERVIÇOS E CONTEÚDOS CULTURAIS, BEM COMO A REALIZAÇÃO DAS ATIVIDADES DO CALENDÁRIO CULTURAL DO ESTADO.",150000.0
ALEPI-18,2026,202631640117,Cancelada,Transferências com finalidade definida,SECRETARIA DE ESTADO DA CULTURA DO PIAUÍ - SECULT,BAIRRO VILA MARIA EM TERESINA PIAUÍ,"INCENTIVAR A PRODUÇÃO E DIFUSÃO DE BENS, SERVIÇOS E CONTEÚDOS CULTURAIS, BEM COMO A REALIZAÇÃO DAS ATIVIDADES DO CALENDÁRIO CULTURAL DO ESTADO.",300000.0
ALEPI-18,2026,202631640118,Cancelada,Transferências com finalidade definida,SECRETARIA DE ESTADO DA CULTURA DO PIAUÍ - SECULT,BAIRRO MARQUES EM TERESINA PIAUI,"INCENTIVAR A PRODUÇÃO E DIFUSÃO DE BENS, SERVIÇOS E CONTEÚDOS CULTURAIS, BEM COMO A REALIZAÇÃO DAS ATIVIDADES DO CALENDÁRIO CULTURAL DO ESTADO.",250000.0
ALEPI-18,2026,202631640119,Cancelada,Transferências com finalidade definida,SECRETARIA DE ESTADO DA CULTURA DO PIAUÍ - SECULT,BAIRRO PLANALTO ININGA EM TERESINA PIAUI,"INCENTIVAR A PRODUÇÃO E DIFUSÃO DE BENS, SERVIÇOS E CONTEÚDOS CULTURAIS, BEM COMO A REALIZAÇÃO DAS ATIVIDADES DO CALENDÁRIO CULTURAL DO ESTADO.",150000.0
ALEPI-18,2026,202631640120,Cancelada,Transferências com finalidade definida,SECRETARIA DE ESTADO DA CULTURA DO PIAUÍ - SECULT,BAIRRO PARQUE ITARARÉ EM TERSINA PIAUI,"INCENTIVAR A PRODUÇÃO E DIFUSÃO DE BENS, SERVIÇOS E CONTEÚDOS CULTURAIS, BEM COMO A REALIZAÇÃO DAS ATIVIDADES DO CALENDÁRIO CULTURAL DO ESTADO.",100000.0
ALEPI-18,2026,202631640300,Aprovada,Transferências com finalidade definida,SECRETARIA DE ESTADO DA CULTURA DO PIAUÍ - SECULT,MUNICIPIO CAPITÃO DE CAMPOS - PIAUI,"INCENTIVAR A PRODUÇÃO E DIFUSÃO DE BENS, SERVIÇOS E CONTEÚDOS CULTURAIS, BEM COMO A REALIZAÇÃO DAS ATIVIDADES DO CALENDÁRIO CULTURAL DO ESTADO.",100000.0
ALEPI-18,2026,202631640301,Aprovada,Transferências com finalidade definida,SECRETARIA DE ESTADO DA CULTURA DO PIAUÍ - SECULT,MUNICIPIO DE AROAZES - PIAUI,"INCENTIVAR A PRODUÇÃO E DIFUSÃO DE BENS, SERVIÇOS E CONTEÚDOS CULTURAIS, BEM COMO A REALIZAÇÃO DAS ATIVIDADES DO CALENDÁRIO CULTURAL DO ESTADO.",100000.0
ALEPI-289,2026,202631650070,Cancelada,Transferências com finalidade definida,SECRETARIA DE ESTADO DA CULTURA DO PIAUÍ - SECULT,SAO BRAZ DO PIAUI,"INCENTIVAR A PRODUÇÃO E DIFUSÃO DE BENS, SERVIÇOS E CONTEÚDOS CULTURAIS, BEM COMO A REALIZAÇÃO DAS ATIVIDADES DO CALENDÁRIO CULTURAL DO ESTADO.",160000.0
ALEPI-289,2026,202631650071,Cancelada,Transferências com finalidade definida,SECRETARIA DE ESTADO DA CULTURA DO PIAUÍ - SECULT,MUNICIPIO DE SAO BRAZ DO PIAUI,"INCENTIVAR A PRODUÇÃO E DIFUSÃO DE BENS, SERVIÇOS E CONTEÚDOS CULTURAIS, BEM COMO A REALIZAÇÃO DAS ATIVIDADES DO CALENDÁRIO CULTURAL DO ESTADO.",100700.0
ALEPI-289,2026,202631650072,Aprovada,Transferências com finalidade definida,SECRETARIA DE ESTADO DA CULTURA DO PIAUÍ - SECULT,SAO BRAZ DO PIAUI,"INCENTIVAR A PRODUÇÃO E DIFUSÃO DE BENS, SERVIÇOS E CONTEÚDOS CULTURAIS, BEM COMO A REALIZAÇÃO DAS ATIVIDADES DO CALENDÁRIO CULTURAL DO ESTADO.",150000.0
ALEPI-289,2026,202631650073,Cancelada,Transferências com finalidade definida,SECRETARIA DE ESTADO DA CULTURA DO PIAUÍ - SECULT,JULIO BORGES,"INCENTIVAR A PRODUÇÃO E DIFUSÃO DE BENS, SERVIÇOS E CONTEÚDOS CULTURAIS, BEM COMO A REALIZAÇÃO DAS ATIVIDADES DO CALENDÁRIO CULTURAL DO ESTADO.",149193.4
ALEPI-289,2026,202631650074,Cancelada,Transferências com finalidade definida,SECRETARIA DE ESTADO DA CULTURA DO PIAUÍ - SECULT,JULIO BORGES,"INCENTIVAR A PRODUÇÃO E DIFUSÃO DE BENS, SERVIÇOS E CONTEÚDOS CULTURAIS, BEM COMO A REALIZAÇÃO DAS ATIVIDADES DO CALENDÁRIO CULTURAL DO ESTADO.",240000.0
ALEPI-289,2026,202631650075,Cancelada,Transferências com finalidade definida,SECRETARIA DE ESTADO DA CULTURA DO PIAUÍ - SECULT,BELA VISTA DO PIAUI,"INCENTIVAR A PRODUÇÃO E DIFUSÃO DE BENS, SERVIÇOS E CONTEÚDOS CULTURAIS, BEM COMO A REALIZAÇÃO DAS ATIVIDADES DO CALENDÁRIO CULTURAL DO ESTADO.",170000.0
ALEPI-289,2026,202631650076,Pendente de análise,Transferências com finalidade definida,SECRETARIA DE ESTADO DA SAÚDE DO PIAUÍ - SESAPI,SECRETARIA DE SAUDE DO ESTADO DO PIAUI,MELHORAR A QUALIDADE EM SAÚDE DO ESTADO DO PIAUÍ EM TODAS AS REGIÕES DE SAÚDE.,600000.0
ALEPI-289,2026,202631650100,Cancelada,Transferências com finalidade definida,SECRETARIA DE ESTADO DA CULTURA DO PIAUÍ - SECULT,SAO BRAZ DO PIAUI,"INCENTIVAR A PRODUÇÃO E DIFUSÃO DE BENS, SERVIÇOS E CONTEÚDOS CULTURAIS, BEM COMO A REALIZAÇÃO DAS ATIVIDADES DO CALENDÁRIO CULTURAL DO ESTADO.",250000.0
ALEPI-289,2026,202631650133,Cancelada,Transferências com finalidade definida,SECRETARIA DE ESTADO DA CULTURA DO PIAUÍ - SECULT,Municipio de Parnaiba,"INCENTIVAR A PRODUÇÃO E DIFUSÃO DE BENS, SERVIÇOS E CONTEÚDOS CULTURAIS, BEM COMO A REALIZAÇÃO DAS ATIVIDADES DO CALENDÁRIO CULTURAL DO ESTADO.",500000.0
ALEPI-289,2026,202631650186,Cancelada,Transferências com finalidade definida,SECRETARIA DE ESTADO DA CULTURA DO PIAUÍ - SECULT,FLORIANO-PI,"INCENTIVAR A PRODUÇÃO E DIFUSÃO DE BENS, SERVIÇOS E CONTEÚDOS CULTURAIS, BEM COMO A REALIZAÇÃO DAS ATIVIDADES DO CALENDÁRIO CULTURAL DO ESTADO.",80000.0
ALEPI-289,2026,202631650187,Cancelada,Transferências com finalidade definida,SECRETARIA DE ESTADO DA CULTURA DO PIAUÍ - SECULT,REGENERAÇÃO - PI,"INCENTIVAR A PRODUÇÃO E DIFUSÃO DE BENS, SERVIÇOS E CONTEÚDOS CULTURAIS, BEM COMO A REALIZAÇÃO DAS ATIVIDADES DO CALENDÁRIO CULTURAL DO ESTADO.",80000.0
ALEPI-289,2026,202631650188,Cancelada,Transferências com finalidade definida,SECRETARIA DE ESTADO DA CULTURA DO PIAUÍ - SECULT,CARACOL-PI,"INCENTIVAR A PRODUÇÃO E DIFUSÃO DE BENS, SERVIÇOS E CONTEÚDOS CULTURAIS, BEM COMO A REALIZAÇÃO DAS ATIVIDADES DO CALENDÁRIO CULTURAL DO ESTADO.",80000.0
ALEPI-289,2026,202631650189,Cancelada,Transferências com finalidade definida,SECRETARIA DE ESTADO DA CULTURA DO PIAUÍ - SECULT,SAO RAIMUNDO NONATO - PI,"INCENTIVAR A PRODUÇÃO E DIFUSÃO DE BENS, SERVIÇOS E CONTEÚDOS CULTURAIS, BEM COMO A REALIZAÇÃO DAS ATIVIDADES DO CALENDÁRIO CULTURAL DO ESTADO.",80000.0
ALEPI-289,2026,202631650190,Cancelada,Transferências com finalidade definida,SECRETARIA DE ESTADO DA CULTURA DO PIAUÍ - SECULT,LUIS CORREIA - PI,"INCENTIVAR A PRODUÇÃO E DIFUSÃO DE BENS, SERVIÇOS E CONTEÚDOS CULTURAIS, BEM COMO A REALIZAÇÃO DAS ATIVIDADES DO CALENDÁRIO CULTURAL DO ESTADO.",80000.0
ALEPI-289,2026,202631650191,Cancelada,Transferências com finalidade definida,SECRETARIA DE ESTADO DA CULTURA DO PIAUÍ - SECULT,BURITI DOS LOPES - PI,"INCENTIVAR A PRODUÇÃO E DIFUSÃO DE BENS, SERVIÇOS E CONTEÚDOS CULTURAIS, BEM COMO A REALIZAÇÃO DAS ATIVIDADES DO CALENDÁRIO CULTURAL DO ESTADO.",80000.0
ALEPI-289,2026,202631650192,Cancelada,Transferências com finalidade definida,SECRETARIA DE ESTADO DA CULTURA DO PIAUÍ - SECULT,INHUMA -PI,"INCENTIVAR A PRODUÇÃO E DIFUSÃO DE BENS, SERVIÇOS E CONTEÚDOS CULTURAIS, BEM COMO A REALIZAÇÃO DAS ATIVIDADES DO CALENDÁRIO CULTURAL DO ESTADO.",80000.0
ALEPI-289,2026,202631650193,Cancelada,Transferências com finalidade definida,SECRETARIA DE ESTADO DA CULTURA DO PIAUÍ - SECULT,BURITI DOS LOPES - PI,"INCENTIVAR A PRODUÇÃO E DIFUSÃO DE BENS, SERVIÇOS E CONTEÚDOS CULTURAIS, BEM COMO A REALIZAÇÃO DAS ATIVIDADES DO CALENDÁRIO CULTURAL DO ESTADO.",85000.0
ALEPI-289,2026,202631650248,Cancelada,Transferências com finalidade definida,SECRETARIA DE ESTADO DA CULTURA DO PIAUÍ - SECULT,OEIRAS - PI,"INCENTIVAR A PRODUÇÃO E DIFUSÃO DE BENS, SERVIÇOS E CONTEÚDOS CULTURAIS, BEM COMO A REALIZAÇÃO DAS ATIVIDADES DO CALENDÁRIO CULTURAL DO ESTADO.",100000.0
ALEPI-289,2026,202631650249,Cancelada,Transferências com finalidade definida,SECRETARIA DE ESTADO DA CULTURA DO PIAUÍ - SECULT,BOCAINA - PI,"INCENTIVAR A PRODUÇÃO E DIFUSÃO DE BENS, SERVIÇOS E CONTEÚDOS CULTURAIS, BEM COMO A REALIZAÇÃO DAS ATIVIDADES DO CALENDÁRIO CULTURAL DO ESTADO.",150000.0
ALEPI-289,2026,202631650285,Cancelada,Transferências com finalidade definida,SECRETARIA DE ESTADO DA SAÚDE DO PIAUÍ - SESAPI,SANTA CASA DE MISERICORDIA DE PARNAIBA,MELHORAR A QUALIDADE EM SAÚDE DO ESTADO DO PIAUÍ EM TODAS AS REGIÕES DE SAÚDE.,500000.0
ALEPI-289,2026,202631650297,Aprovada,Transferências com finalidade definida,SECRETARIA DE ESTADO DO TURISMO DO PIAUI - SETUR,Buriti dos Lopes - PI,"AÇÃO QUE ENVOLVE A EXECUÇÃO DAS SEGUINTES ATIVIDADES:ACOMPANHAMENTO TÉCNICO AOS MUNICÍPIOS, PROMOÇÃO E DIVULGAÇÃO, REALIZAÇÃO DE PESQUISAS, PARTICIPAÇÃO DE FEIRAS E EVENTOS, APOIO À REALIZAÇÃO DE EVENTOS, INVENTARIO DA OFERTA TURÍSTICA, ELABORAÇÃO E EXECUÇÃO DO PLANO DE MARKETING.",240000.0
ALEPI-289,2026,202631650341,Aprovada,Transferências com finalidade definida,SECRETARIA DE ESTADO DO TURISMO DO PIAUI - SETUR,BREJO DO PIAUÍ,"AÇÃO QUE ENVOLVE A EXECUÇÃO DAS SEGUINTES ATIVIDADES:ACOMPANHAMENTO TÉCNICO AOS MUNICÍPIOS, PROMOÇÃO E DIVULGAÇÃO, REALIZAÇÃO DE PESQUISAS, PARTICIPAÇÃO DE FEIRAS E EVENTOS, APOIO À REALIZAÇÃO DE EVENTOS, INVENTARIO DA OFERTA TURÍSTICA, ELABORAÇÃO E EXECUÇÃO DO PLANO DE MARKETING.",100400.0
ALEPI-289,2026,202631650358,Aprovada,Transferências com finalidade definida,COORDENADORIA DA JUVENTUDE DO ESTADO DO PIAUÍ - COJUV,PAES LANDIM - PI,PROMOVER A REALIZAÇÃO DE ATIVIDADES DE INCLUSÃO DO JOVEM URBANO E RURAL NAS DIVERSAS POLÍTICAS PÚBLICAS E NAS GARANTIAS DE DIREITO DO ESTATUTO DA JUVENTUDE.,120000.0
ALEPI-32,2026,202631660158,Cancelada,Transferências com finalidade definida,SECRETARIA DE ESTADO DA CULTURA DO PIAUÍ - SECULT,INHUMA-PI,"INCENTIVAR A PRODUÇÃO E DIFUSÃO DE BENS, SERVIÇOS E CONTEÚDOS CULTURAIS, BEM COMO A REALIZAÇÃO DAS ATIVIDADES DO CALENDÁRIO CULTURAL DO ESTADO.",200000.0
ALEPI-32,2026,202631660159,Cancelada,Transferências com finalidade definida,SECRETARIA DE ESTADO DA CULTURA DO PIAUÍ - SECULT,SANTO INÁCIO DO PIAUÍ-PI,"INCENTIVAR A PRODUÇÃO E DIFUSÃO DE BENS, SERVIÇOS E CONTEÚDOS CULTURAIS, BEM COMO A REALIZAÇÃO DAS ATIVIDADES DO CALENDÁRIO CULTURAL DO ESTADO.",200000.0
ALEPI-32,2026,202631660160,Cancelada,Transferências com finalidade definida,SECRETARIA DE ESTADO DA CULTURA DO PIAUÍ - SECULT,SÃO JOSÉ DO PIAUÍ - PI,"INCENTIVAR A PRODUÇÃO E DIFUSÃO DE BENS, SERVIÇOS E CONTEÚDOS CULTURAIS, BEM COMO A REALIZAÇÃO DAS ATIVIDADES DO CALENDÁRIO CULTURAL DO ESTADO.",200000.0
ALEPI-32,2026,202631660161,Cancelada,Transferências com finalidade definida,SECRETARIA DE ESTADO DA CULTURA DO PIAUÍ - SECULT,SANTO ANTÔNIO DE LISBOA - PI,"INCENTIVAR A PRODUÇÃO E DIFUSÃO DE BENS, SERVIÇOS E CONTEÚDOS CULTURAIS, BEM COMO A REALIZAÇÃO DAS ATIVIDADES DO CALENDÁRIO CULTURAL DO ESTADO.",200000.0
ALEPI-32,2026,202631660162,Cancelada,Transferências com finalidade definida,SECRETARIA DE ESTADO DA CULTURA DO PIAUÍ - SECULT,AROAZES - PI,"INCENTIVAR A PRODUÇÃO E DIFUSÃO DE BENS, SERVIÇOS E CONTEÚDOS CULTURAIS, BEM COMO A REALIZAÇÃO DAS ATIVIDADES DO CALENDÁRIO CULTURAL DO ESTADO.",200000.0
ALEPI-32,2026,202631660163,Aprovada,Transferências com finalidade definida,SECRETARIA DE ESTADO DA CULTURA DO PIAUÍ - SECULT,TERESINA-PI,"INCENTIVAR A PRODUÇÃO E DIFUSÃO DE BENS, SERVIÇOS E CONTEÚDOS CULTURAIS, BEM COMO A REALIZAÇÃO DAS ATIVIDADES DO CALENDÁRIO CULTURAL DO ESTADO.",150000.0
ALEPI-32,2026,202631660164,Aprovada,Transferências com finalidade definida,SECRETARIA DE ESTADO DA CULTURA DO PIAUÍ - SECULT,TERESINA-PI,"INCENTIVAR A PRODUÇÃO E DIFUSÃO DE BENS, SERVIÇOS E CONTEÚDOS CULTURAIS, BEM COMO A REALIZAÇÃO DAS ATIVIDADES DO CALENDÁRIO CULTURAL DO ESTADO.",150000.0
ALEPI-32,2026,202631660165,Cancelada,Transferências com finalidade definida,SECRETARIA DE ESTADO DA CULTURA DO PIAUÍ - SECULT,MONSENHOR GIL-PI,"INCENTIVAR A PRODUÇÃO E DIFUSÃO DE BENS, SERVIÇOS E CONTEÚDOS CULTURAIS, BEM COMO A REALIZAÇÃO DAS ATIVIDADES DO CALENDÁRIO CULTURAL DO ESTADO.",250000.0
ALEPI-32,2026,202631660166,Aprovada,Transferências com finalidade definida,SECRETARIA DE ESTADO DA CULTURA DO PIAUÍ - SECULT,UNIÃO-PI,"INCENTIVAR A PRODUÇÃO E DIFUSÃO DE BENS, SERVIÇOS E CONTEÚDOS CULTURAIS, BEM COMO A REALIZAÇÃO DAS ATIVIDADES DO CALENDÁRIO CULTURAL DO ESTADO.",250000.0
ALEPI-32,2026,202631660167,Aprovada,Transferências com finalidade definida,SECRETARIA DE ESTADO DA CULTURA DO PIAUÍ - SECULT,ESPERANTINA-PI,"INCENTIVAR A PRODUÇÃO E DIFUSÃO DE BENS, SERVIÇOS E CONTEÚDOS CULTURAIS, BEM COMO A REALIZAÇÃO DAS ATIVIDADES DO CALENDÁRIO CULTURAL DO ESTADO.",250000.0
ALEPI-32,2026,202631660168,Aprovada,Transferências com finalidade definida,SECRETARIA DE ESTADO DA CULTURA DO PIAUÍ - SECULT,MORRO DO CHAPÉU-PI,"INCENTIVAR A PRODUÇÃO E DIFUSÃO DE BENS, SERVIÇOS E CONTEÚDOS CULTURAIS, BEM COMO A REALIZAÇÃO DAS ATIVIDADES DO CALENDÁRIO CULTURAL DO ESTADO.",250000.0
ALEPI-32,2026,202631660169,Cancelada,Transferências com finalidade definida,SECRETARIA DE ESTADO DA CULTURA DO PIAUÍ - SECULT,COLÔNIA DO PIAUÍ - PI,"INCENTIVAR A PRODUÇÃO E DIFUSÃO DE BENS, SERVIÇOS E CONTEÚDOS CULTURAIS, BEM COMO A REALIZAÇÃO DAS ATIVIDADES DO CALENDÁRIO CULTURAL DO ESTADO.",200000.0
ALEPI-32,2026,202631660170,Cancelada,Transferências com finalidade definida,SECRETARIA DE ESTADO DA CULTURA DO PIAUÍ - SECULT,JARDIM DO MULATO - PI,"INCENTIVAR A PRODUÇÃO E DIFUSÃO DE BENS, SERVIÇOS E CONTEÚDOS CULTURAIS, BEM COMO A REALIZAÇÃO DAS ATIVIDADES DO CALENDÁRIO CULTURAL DO ESTADO.",200000.0
ALEPI-32,2026,202631660171,Cancelada,Transferências com finalidade definida,SECRETARIA DE ESTADO DA CULTURA DO PIAUÍ - SECULT,SANTANA DO PIAUÍ - PI,"INCENTIVAR A PRODUÇÃO E DIFUSÃO DE BENS, SERVIÇOS E CONTEÚDOS CULTURAIS, BEM COMO A REALIZAÇÃO DAS ATIVIDADES DO CALENDÁRIO CULTURAL DO ESTADO.",200000.0
ALEPI-32,2026,202631660172,Cancelada,Transferências com finalidade definida,SECRETARIA DE ESTADO DA CULTURA DO PIAUÍ - SECULT,SUSSUAPARA - PI,"INCENTIVAR A PRODUÇÃO E DIFUSÃO DE BENS, SERVIÇOS E CONTEÚDOS CULTURAIS, BEM COMO A REALIZAÇÃO DAS ATIVIDADES DO CALENDÁRIO CULTURAL DO ESTADO.",200000.0
ALEPI-32,2026,202631660173,Aprovada,Transferências com finalidade definida,SECRETARIA DE ESTADO DA CULTURA DO PIAUÍ - SECULT,TERESINA - PI,"INCENTIVAR A PRODUÇÃO E DIFUSÃO DE BENS, SERVIÇOS E CONTEÚDOS CULTURAIS, BEM COMO A REALIZAÇÃO DAS ATIVIDADES DO CALENDÁRIO CULTURAL DO ESTADO.",250000.0
ALEPI-32,2026,202631660174,Aprovada,Transferências com finalidade definida,SECRETARIA DE ESTADO DA CULTURA DO PIAUÍ - SECULT,ALTO LONGÁ - PI,"INCENTIVAR A PRODUÇÃO E DIFUSÃO DE BENS, SERVIÇOS E CONTEÚDOS CULTURAIS, BEM COMO A REALIZAÇÃO DAS ATIVIDADES DO CALENDÁRIO CULTURAL DO ESTADO.",250000.0
ALEPI-32,2026,202631660175,Cancelada,Transferências com finalidade definida,SECRETARIA DE ESTADO DA CULTURA DO PIAUÍ - SECULT,BERTOLÍNIA - PI,"INCENTIVAR A PRODUÇÃO E DIFUSÃO DE BENS, SERVIÇOS E CONTEÚDOS CULTURAIS, BEM COMO A REALIZAÇÃO DAS ATIVIDADES DO CALENDÁRIO CULTURAL DO ESTADO.",200000.0
ALEPI-32,2026,202631660176,Cancelada,Transferências com finalidade definida,COORDENADORIA  ESTADUAL DE ENFRENTAMENTO ÀS DROGAS E FOMENTO AO LAZER - CENDFOL,MONSENHOR GIL - PI,"PROMOVER O ACESSO AO LAZER, A INTEGRAÇAO SOCIAL E A DIVERSIDADE CULTURAL NOS TERRITÓRIOS DE DESENVOLVIMENTO DO ESTADO.",100000.0
ALEPI-32,2026,202631660195,Cancelada,Transferências com finalidade definida,SECRETARIA DE ESTADO DA CULTURA DO PIAUÍ - SECULT,BERTOLÍNIA - PI,"INCENTIVAR A PRODUÇÃO E DIFUSÃO DE BENS, SERVIÇOS E CONTEÚDOS CULTURAIS, BEM COMO A REALIZAÇÃO DAS ATIVIDADES DO CALENDÁRIO CULTURAL DO ESTADO.",200000.0
ALEPI-32,2026,202631660282,Cancelada,Transferências com finalidade definida,COORDENADORIA  ESTADUAL DE ENFRENTAMENTO ÀS DROGAS E FOMENTO AO LAZER - CENDFOL,SÃO GONÇALO DO PIAUÍ - PI,"PROMOVER O ACESSO AO LAZER, A INTEGRAÇAO SOCIAL E A DIVERSIDADE CULTURAL NOS TERRITÓRIOS DE DESENVOLVIMENTO DO ESTADO.",300000.0
ALEPI-32,2026,202631660283,Aprovada,Transferências com finalidade definida,COORDENADORIA  ESTADUAL DE ENFRENTAMENTO ÀS DROGAS E FOMENTO AO LAZER - CENDFOL,PALMEIRAIS - PI,"PROMOVER O ACESSO AO LAZER, A INTEGRAÇAO SOCIAL E A DIVERSIDADE CULTURAL NOS TERRITÓRIOS DE DESENVOLVIMENTO DO ESTADO.",150000.0
ALEPI-32,2026,202631660287,Aprovada,Transferências com finalidade definida,COORDENADORIA  ESTADUAL DE ENFRENTAMENTO ÀS DROGAS E FOMENTO AO LAZER - CENDFOL, CAMPO LARGO - PI,"PROMOVER O ACESSO AO LAZER, A INTEGRAÇAO SOCIAL E A DIVERSIDADE CULTURAL NOS TERRITÓRIOS DE DESENVOLVIMENTO DO ESTADO.",250000.0
ALEPI-32,2026,202631660319,Aprovada,Transferências com finalidade definida,COORDENADORIA  ESTADUAL DE ENFRENTAMENTO ÀS DROGAS E FOMENTO AO LAZER - CENDFOL,MIGUEL LEÃO - PI,"PROMOVER O ACESSO AO LAZER, A INTEGRAÇAO SOCIAL E A DIVERSIDADE CULTURAL NOS TERRITÓRIOS DE DESENVOLVIMENTO DO ESTADO.",300000.0
ALEPI-32,2026,202631660360,Aprovada,Transferências com finalidade definida,SECRETARIA DE ESTADO DA CULTURA DO PIAUÍ - SECULT,INHUMA-PI,"INCENTIVAR A PRODUÇÃO E DIFUSÃO DE BENS, SERVIÇOS E CONTEÚDOS CULTURAIS, BEM COMO A REALIZAÇÃO DAS ATIVIDADES DO CALENDÁRIO CULTURAL DO ESTADO.",150000.0
ALEPI-32,2026,202631660361,Aprovada,Transferências com finalidade definida,SECRETARIA DE ESTADO DA CULTURA DO PIAUÍ - SECULT,INHUMA-PI,"INCENTIVAR A PRODUÇÃO E DIFUSÃO DE BENS, SERVIÇOS E CONTEÚDOS CULTURAIS, BEM COMO A REALIZAÇÃO DAS ATIVIDADES DO CALENDÁRIO CULTURAL DO ESTADO.",50000.0
ALEPI-325,2026,202631670116,Cancelada,Transferências com finalidade definida,SECRETARIA DE ESTADO DA CULTURA DO PIAUÍ - SECULT,bairro Parque Sul,"INCENTIVAR A PRODUÇÃO E DIFUSÃO DE BENS, SERVIÇOS E CONTEÚDOS CULTURAIS, BEM COMO A REALIZAÇÃO DAS ATIVIDADES DO CALENDÁRIO CULTURAL DO ESTADO.",100000.0
ALEPI-325,2026,202631670126,Cancelada,Transferências com finalidade definida,SECRETARIA DE ESTADO DA CULTURA DO PIAUÍ - SECULT,Teresina,"INCENTIVAR A PRODUÇÃO E DIFUSÃO DE BENS, SERVIÇOS E CONTEÚDOS CULTURAIS, BEM COMO A REALIZAÇÃO DAS ATIVIDADES DO CALENDÁRIO CULTURAL DO ESTADO.",300000.0
ALEPI-325,2026,202631670177,Cancelada,Transferências com finalidade definida,SECRETARIA DE ESTADO DA CULTURA DO PIAUÍ - SECULT,"União, Piauí","INCENTIVAR A PRODUÇÃO E DIFUSÃO DE BENS, SERVIÇOS E CONTEÚDOS CULTURAIS, BEM COMO A REALIZAÇÃO DAS ATIVIDADES DO CALENDÁRIO CULTURAL DO ESTADO.",160000.0
ALEPI-325,2026,202631670256,Cancelada,Transferências com finalidade definida,SECRETARIA DE ESTADO DA CULTURA DO PIAUÍ - SECULT,Teresina-PI,"INCENTIVAR A PRODUÇÃO E DIFUSÃO DE BENS, SERVIÇOS E CONTEÚDOS CULTURAIS, BEM COMO A REALIZAÇÃO DAS ATIVIDADES DO CALENDÁRIO CULTURAL DO ESTADO.",120000.0
ALEPI-325,2026,202631670322,Cancelada,Transferências com finalidade definida,SECRETARIA DE ESTADO DO TURISMO DO PIAUI - SETUR,Município de Buriti dos Lopes,"AÇÃO QUE ENVOLVE A EXECUÇÃO DAS SEGUINTES ATIVIDADES:ACOMPANHAMENTO TÉCNICO AOS MUNICÍPIOS, PROMOÇÃO E DIVULGAÇÃO, REALIZAÇÃO DE PESQUISAS, PARTICIPAÇÃO DE FEIRAS E EVENTOS, APOIO À REALIZAÇÃO DE EVENTOS, INVENTARIO DA OFERTA TURÍSTICA, ELABORAÇÃO E EXECUÇÃO DO PLANO DE MARKETING.",170000.0
ALEPI-325,2026,202631670323,Aprovada,Transferências com finalidade definida,SECRETARIA DE ESTADO DO TURISMO DO PIAUI - SETUR,Município de Flores/PI,"AÇÃO QUE ENVOLVE A EXECUÇÃO DAS SEGUINTES ATIVIDADES:ACOMPANHAMENTO TÉCNICO AOS MUNICÍPIOS, PROMOÇÃO E DIVULGAÇÃO, REALIZAÇÃO DE PESQUISAS, PARTICIPAÇÃO DE FEIRAS E EVENTOS, APOIO À REALIZAÇÃO DE EVENTOS, INVENTARIO DA OFERTA TURÍSTICA, ELABORAÇÃO E EXECUÇÃO DO PLANO DE MARKETING.",90000.0
ALEPI-325,2026,202631670324,Aprovada,Transferências com finalidade definida,SECRETARIA DE ESTADO DO TURISMO DO PIAUI - SETUR,município de Inhuma,"AÇÃO QUE ENVOLVE A EXECUÇÃO DAS SEGUINTES ATIVIDADES:ACOMPANHAMENTO TÉCNICO AOS MUNICÍPIOS, PROMOÇÃO E DIVULGAÇÃO, REALIZAÇÃO DE PESQUISAS, PARTICIPAÇÃO DE FEIRAS E EVENTOS, APOIO À REALIZAÇÃO DE EVENTOS, INVENTARIO DA OFERTA TURÍSTICA, ELABORAÇÃO E EXECUÇÃO DO PLANO DE MARKETING.",175000.0
ALEPI-325,2026,202631670325,Aprovada,Transferências com finalidade definida,SECRETARIA DE ESTADO DO TURISMO DO PIAUI - SETUR,Município Dom Expedito Lopes,"AÇÃO QUE ENVOLVE A EXECUÇÃO DAS SEGUINTES ATIVIDADES:ACOMPANHAMENTO TÉCNICO AOS MUNICÍPIOS, PROMOÇÃO E DIVULGAÇÃO, REALIZAÇÃO DE PESQUISAS, PARTICIPAÇÃO DE FEIRAS E EVENTOS, APOIO À REALIZAÇÃO DE EVENTOS, INVENTARIO DA OFERTA TURÍSTICA, ELABORAÇÃO E EXECUÇÃO DO PLANO DE MARKETING.",90000.0
ALEPI-325,2026,202631670327,Cancelada,Transferências com finalidade definida,COORDENADORIA  ESTADUAL DE ENFRENTAMENTO ÀS DROGAS E FOMENTO AO LAZER - CENDFOL,município de Teresina,"PROMOVER O ACESSO AO LAZER, A INTEGRAÇAO SOCIAL E A DIVERSIDADE CULTURAL NOS TERRITÓRIOS DE DESENVOLVIMENTO DO ESTADO.",230000.0
ALEPI-325,2026,202631670329,Cancelada,Transferências com finalidade definida,COORDENADORIA  ESTADUAL DE ENFRENTAMENTO ÀS DROGAS E FOMENTO AO LAZER - CENDFOL,município de Teresina,"PROMOVER O ACESSO AO LAZER, A INTEGRAÇAO SOCIAL E A DIVERSIDADE CULTURAL NOS TERRITÓRIOS DE DESENVOLVIMENTO DO ESTADO.",270000.0
ALEPI-325,2026,202631670330,Cancelada,Transferências com finalidade definida,COORDENADORIA  ESTADUAL DE ENFRENTAMENTO ÀS DROGAS E FOMENTO AO LAZER - CENDFOL,"Usina Santana, município de Teresina/PI","PROMOVER O ACESSO AO LAZER, A INTEGRAÇAO SOCIAL E A DIVERSIDADE CULTURAL NOS TERRITÓRIOS DE DESENVOLVIMENTO DO ESTADO.",250000.0
ALEPI-325,2026,202631670331,Cancelada,Transferências com finalidade definida,COORDENADORIA  ESTADUAL DE ENFRENTAMENTO ÀS DROGAS E FOMENTO AO LAZER - CENDFOL,município de Teresina,"PROMOVER O ACESSO AO LAZER, A INTEGRAÇAO SOCIAL E A DIVERSIDADE CULTURAL NOS TERRITÓRIOS DE DESENVOLVIMENTO DO ESTADO.",250000.0
ALEPI-325,2026,202631670332,Cancelada,Transferências com finalidade definida,COORDENADORIA  ESTADUAL DE ENFRENTAMENTO ÀS DROGAS E FOMENTO AO LAZER - CENDFOL,"bairro Poty Velho, zona norte do município de Teresina/PI","PROMOVER O ACESSO AO LAZER, A INTEGRAÇAO SOCIAL E A DIVERSIDADE CULTURAL NOS TERRITÓRIOS DE DESENVOLVIMENTO DO ESTADO.",230000.0
ALEPI-325,2026,202631670333,Cancelada,Transferências com finalidade definida,COORDENADORIA  ESTADUAL DE ENFRENTAMENTO ÀS DROGAS E FOMENTO AO LAZER - CENDFOL,município de Teresina,"PROMOVER O ACESSO AO LAZER, A INTEGRAÇAO SOCIAL E A DIVERSIDADE CULTURAL NOS TERRITÓRIOS DE DESENVOLVIMENTO DO ESTADO.",270000.0
ALEPI-325,2026,202631670334,Cancelada,Transferências com finalidade definida,COORDENADORIA  ESTADUAL DE ENFRENTAMENTO ÀS DROGAS E FOMENTO AO LAZER - CENDFOL, municipio de Teresina,"PROMOVER O ACESSO AO LAZER, A INTEGRAÇAO SOCIAL E A DIVERSIDADE CULTURAL NOS TERRITÓRIOS DE DESENVOLVIMENTO DO ESTADO.",230000.0
ALEPI-325,2026,202631670335,Cancelada,Transferências com finalidade definida,COORDENADORIA  ESTADUAL DE ENFRENTAMENTO ÀS DROGAS E FOMENTO AO LAZER - CENDFOL,município de Teresina,"PROMOVER O ACESSO AO LAZER, A INTEGRAÇAO SOCIAL E A DIVERSIDADE CULTURAL NOS TERRITÓRIOS DE DESENVOLVIMENTO DO ESTADO.",270000.0
ALEPI-287,2026,202631690143,Aprovada,Transferências com finalidade definida,"SECRETARIA DE ESTADO DA ASSISTÊNCIA SOCIAL, TRABALHO E DIREITOS HUMANOS - SASC",Município de Teresina-PI,APOIAR  PROJETOS SOCIAIS EM PARCERIA COM ORGANIZAÇÕES DA SOCIEDADE CIVIL,100000.0
ALEPI-287,2026,202631690144,Aprovada,Transferências com finalidade definida,SECRETARIA DE ESTADO DA EDUCAÇÃO -SEDUC,Município de Teresina-PI,"ESTA AÇÃO É DESTINADA AO DESENVOLVIMENTO DA MELHORIA DA APRENDIZAGEM NA EDUCAÇÃO BÁSICA COM VISTAS A PROMOVER AVANÇOS SIGNIFICATIVOS, ELEVANDO ASSIM O NÍVEL DE PROFICIÊNCIA DOS ESTUDANTES DA REDE. ",100000.0
ALEPI-330,2026,202631710026,Cancelada,Transferências com finalidade definida,SECRETARIA DE ESTADO DA CULTURA DO PIAUÍ - SECULT,Município de  Luís Correia – PI,"INCENTIVAR A PRODUÇÃO E DIFUSÃO DE BENS, SERVIÇOS E CONTEÚDOS CULTURAIS, BEM COMO A REALIZAÇÃO DAS ATIVIDADES DO CALENDÁRIO CULTURAL DO ESTADO.",100000.0
ALEPI-330,2026,202631710151,Cancelada,Transferências com finalidade definida,SECRETARIA DE ESTADO DA CULTURA DO PIAUÍ - SECULT,POVOADO DAVID CALDAS - UNIÃO-PI,"INCENTIVAR A PRODUÇÃO E DIFUSÃO DE BENS, SERVIÇOS E CONTEÚDOS CULTURAIS, BEM COMO A REALIZAÇÃO DAS ATIVIDADES DO CALENDÁRIO CULTURAL DO ESTADO.",25000.0
ALEPI-330,2026,202631710152,Cancelada,Transferências com finalidade definida,SECRETARIA DE ESTADO DA CULTURA DO PIAUÍ - SECULT,MUNICÍPIO DE FLORIANO,"INCENTIVAR A PRODUÇÃO E DIFUSÃO DE BENS, SERVIÇOS E CONTEÚDOS CULTURAIS, BEM COMO A REALIZAÇÃO DAS ATIVIDADES DO CALENDÁRIO CULTURAL DO ESTADO.",25000.0
ALEPI-330,2026,202631710153,Cancelada,Transferências com finalidade definida,SECRETARIA DE ESTADO DA CULTURA DO PIAUÍ - SECULT,MUNICÍPIO DE PICOS,"INCENTIVAR A PRODUÇÃO E DIFUSÃO DE BENS, SERVIÇOS E CONTEÚDOS CULTURAIS, BEM COMO A REALIZAÇÃO DAS ATIVIDADES DO CALENDÁRIO CULTURAL DO ESTADO.",25000.0
ALEPI-330,2026,202631710155,Cancelada,Transferências com finalidade definida,SECRETARIA DE ESTADO DA CULTURA DO PIAUÍ - SECULT,Município de União,"INCENTIVAR A PRODUÇÃO E DIFUSÃO DE BENS, SERVIÇOS E CONTEÚDOS CULTURAIS, BEM COMO A REALIZAÇÃO DAS ATIVIDADES DO CALENDÁRIO CULTURAL DO ESTADO.",75000.0
ALEPI-330,2026,202631710306,Aprovada,Transferências com finalidade definida,COORDENADORIA ESTADUAL DE DESENVOLVIMENTO DOS TERRITÓRIOS - CDTER,Cidade de Capitão de Campos,PROMOÇÃO E DESENVOLVIMENTO DAS POTENCIALIDADES DOS TERRITÓRIOS.,80000.0
ALEPI-330,2026,202631710307,Aprovada,Transferências com finalidade definida,COORDENADORIA ESTADUAL DE DESENVOLVIMENTO DOS TERRITÓRIOS - CDTER,POVOADO SÃO JOSÉ (ISCA) ,PROMOÇÃO E DESENVOLVIMENTO DAS POTENCIALIDADES DOS TERRITÓRIOS.,80000.0
ALEPI-330,2026,202631710308,Aprovada,Transferências com finalidade definida,COORDENADORIA ESTADUAL DE DESENVOLVIMENTO DOS TERRITÓRIOS - CDTER,MUNICÍPIO DE ALTOS,PROMOÇÃO E DESENVOLVIMENTO DAS POTENCIALIDADES DOS TERRITÓRIOS.,80000.0
ALEPI-330,2026,202631710309,Aprovada,Transferências com finalidade definida,COORDENADORIA ESTADUAL DE DESENVOLVIMENTO DOS TERRITÓRIOS - CDTER,MUNICÍPIO DE INHUMA ,PROMOÇÃO E DESENVOLVIMENTO DAS POTENCIALIDADES DOS TERRITÓRIOS.,80000.0
ALEPI-330,2026,202631710310,Aprovada,Transferências com finalidade definida,COORDENADORIA ESTADUAL DE DESENVOLVIMENTO DOS TERRITÓRIOS - CDTER,MUNICÍPIO DE TERESINA,PROMOÇÃO E DESENVOLVIMENTO DAS POTENCIALIDADES DOS TERRITÓRIOS.,80000.0
ALEPI-283,2026,202631730104,Aprovada,Transferências com finalidade definida,"SECRETARIA DE ESTADO DA ASSISTÊNCIA SOCIAL, TRABALHO E DIREITOS HUMANOS - SASC",CAMPO MAIOR,PROMOVER A MELHORIA DAS CONDIÇÕES DE INFRAESTRUTURA DA SEDE E UNIDADES.,200000.0
ALEPI-283,2026,202631730200,Aprovada,Transferências com finalidade definida,SECRETARIA DE ESTADO DA AGRICULTURA FAMILIAR - SAF,Porto,FORTALECER OS ARRANJOS PRODUTIVOS LOCAIS COM DESENVOLVIMENTO DAS ATIVIDADES AGROPECUÁRIAS DE FORMA SUSTENTÁVEL E RESPEITANDO A SOCIOBIODIVERSIDADE.,65000.0
ALEPI-283,2026,202631730203,Aprovada,Transferências com finalidade definida,FUNDAÇÃO DE AMPARO A PESQUISA DO ESTADO DO PIAUÍ - FAPEPI,VALE DO ITAIM,"FOMENTAR LINHAS DE PESQUISA COM FOCO NAS ÁREAS ESTRATÉGICAS DE INTERESSE DO GOVERNO DO ESTADO ATRAVÉS DA CONCESSÃO DE AUXÍLIOS FINANCEIROS DESTINADOS À PESQUISA CIENTÍFICA, TECNOLÓGICA E DE INOVAÇÃO, CUJO RESULTADO APRESENTE POTENCIAL DE APLICABILIDADE NO DESENVOLVIMENTO CIENTÍFICO, TECNOLÓGICO E SOCIOECONÔMICO DO ESTADO DO PIAUÍ.",75000.0
ALEPI-283,2026,202631730291,Aprovada,Transferências com finalidade definida,SECRETARIA DE ESTADO DA AGRICULTURA FAMILIAR - SAF,MILTON BRANDÃO,FORTALECER OS ARRANJOS PRODUTIVOS LOCAIS COM DESENVOLVIMENTO DAS ATIVIDADES AGROPECUÁRIAS DE FORMA SUSTENTÁVEL E RESPEITANDO A SOCIOBIODIVERSIDADE.,30000.0
ALEPI-283,2026,202631730292,Aprovada,Transferências com finalidade definida,SECRETARIA DE ESTADO DA AGRICULTURA FAMILIAR - SAF,MUNICÍPIOS DO ENTRE RIOS E COCAIS,"FOMENTAR O DESENVOLVIMENTO DOS DIVERSOS SISTEMA DE PRODUÇÃO DA AGRICULTURA FAMILIAR DISPONIBILIZANDO ESTRUTURAS PRODUTIVAS QUE VENHAM PROPORCIONAR O AUMENTO DA PRODUÇÃO, PRODUTIVIDADE E DIVERSIDADE DE PRODUTOS.",100000.0
ALEPI-283,2026,202631730293,Cancelada,Transferências com finalidade definida,"SECRETARIA DE ESTADO DA ASSISTÊNCIA SOCIAL, TRABALHO E DIREITOS HUMANOS - SASC",TERESINA,APOIAR  PROJETOS SOCIAIS EM PARCERIA COM ORGANIZAÇÕES DA SOCIEDADE CIVIL,50000.0
ALEPI-283,2026,202631730294,Aprovada,Transferências com finalidade definida,FUNDAÇÃO DE AMPARO A PESQUISA DO ESTADO DO PIAUÍ - FAPEPI,SÃO JOÃO DO ARRAIAL,"APOIAR PROJETOS COM CONTEÚDO TECNOLÓGICO E INOVADOR NO ÂMBITO DE ICTS, INSTITUIÇÕES PÚBLICAS, EMPRESAS E STARTUPS DE BASE TECNOLÓGICA, SOLUÇÕES TECNOLÓGICAS E DE INOVAÇÃO.",400000.0
ALEPI-283,2026,202631730295,Aprovada,Transferências com finalidade definida,SECRETARIA  DE ASSISTÊNCIA TÉCNICA E DEFESA AGROPECUÁRIA - SADA,PATOS DO PIAUÍ,"VIABILIZAR AS AÇÕES DE ATER VOLTADAS PARA O DESENVOLVIMENTO RURAL SUSTENTÁVEL E ORGANIZAÇÃO DAS UNIDADES PRODUTIVAS FAMILIARES COM FOCO NA REDUÇÃO DA POBREZA, GERAÇÃO DE EMPREGO E RENDA, APOIO ÀS AGROINDÚSTRIAS COMUNITÁRIAS, ACESSO Á ÁGUA E À TERRA, AO CRÉDITO RURAL ORIENTADO, AOS MERCADOS, À PROMOÇÃO DE FEIRAS E EVENTOS DA AGRICULTURA FAMILIAR, NO MELHORAMENTO GENÉTICO DOS REBANHOS, NA PRESERVAÇÃO DO MEIO AMBIENTE E NA QUALIFICAÇÃO E DESENVOLVIMENTO DE CAPACIDADES.",100000.0
ALEPI-283,2026,202631730296,Aprovada,Transferências com finalidade definida,SECRETARIA DE ESTADO DA EDUCAÇÃO -SEDUC,TERESINA,PROMOÇÃO DA EDUCAÇÃO PROFISSIONAL E TECNOLÓGICA.,100000.0
ALEPI-287,2026,202631760484,Aprovada,Transferências com finalidade definida,SECRETARIA DE ESTADO DA CULTURA DO PIAUÍ - SECULT,Flores do Piauí-PI,"INCENTIVAR A PRODUÇÃO E DIFUSÃO DE BENS, SERVIÇOS E CONTEÚDOS CULTURAIS, BEM COMO A REALIZAÇÃO DAS ATIVIDADES DO CALENDÁRIO CULTURAL DO ESTADO.",350000.0
ALEPI-287,2026,202631760485,Aprovada,Transferências com finalidade definida,SECRETARIA DE ESTADO DA CULTURA DO PIAUÍ - SECULT,Bomfim do Piauí-PI,"INCENTIVAR A PRODUÇÃO E DIFUSÃO DE BENS, SERVIÇOS E CONTEÚDOS CULTURAIS, BEM COMO A REALIZAÇÃO DAS ATIVIDADES DO CALENDÁRIO CULTURAL DO ESTADO.",300000.0
ALEPI-287,2026,202631760486,Aprovada,Transferências com finalidade definida,SECRETARIA DE ESTADO DA CULTURA DO PIAUÍ - SECULT,Várzea Branca-PI,"INCENTIVAR A PRODUÇÃO E DIFUSÃO DE BENS, SERVIÇOS E CONTEÚDOS CULTURAIS, BEM COMO A REALIZAÇÃO DAS ATIVIDADES DO CALENDÁRIO CULTURAL DO ESTADO.",300000.0
ALEPI-287,2026,202631760532,Aprovada,Transferências com finalidade definida,SECRETARIA DE ESTADO DA CULTURA DO PIAUÍ - SECULT,Buriti dos Montes-PI,"INCENTIVAR A PRODUÇÃO E DIFUSÃO DE BENS, SERVIÇOS E CONTEÚDOS CULTURAIS, BEM COMO A REALIZAÇÃO DAS ATIVIDADES DO CALENDÁRIO CULTURAL DO ESTADO.",170000.0
ALEPI-287,2026,202631760533,Aprovada,Transferências com finalidade definida,SECRETARIA DE ESTADO DA CULTURA DO PIAUÍ - SECULT,Ribeira do Piauí-PI,"INCENTIVAR A PRODUÇÃO E DIFUSÃO DE BENS, SERVIÇOS E CONTEÚDOS CULTURAIS, BEM COMO A REALIZAÇÃO DAS ATIVIDADES DO CALENDÁRIO CULTURAL DO ESTADO.",250000.0
ALEPI-287,2026,202631760597,Cancelada,Transferências com finalidade definida,SECRETARIA DE ESTADO DA CULTURA DO PIAUÍ - SECULT,Sigefredo Pacheco-PI,"INCENTIVAR A PRODUÇÃO E DIFUSÃO DE BENS, SERVIÇOS E CONTEÚDOS CULTURAIS, BEM COMO A REALIZAÇÃO DAS ATIVIDADES DO CALENDÁRIO CULTURAL DO ESTADO.",200000.0
ALEPI-287,2026,202631760598,Aprovada,Transferências com finalidade definida,SECRETARIA DE ESTADO DA CULTURA DO PIAUÍ - SECULT,Bom Jesus-PI,"INCENTIVAR A PRODUÇÃO E DIFUSÃO DE BENS, SERVIÇOS E CONTEÚDOS CULTURAIS, BEM COMO A REALIZAÇÃO DAS ATIVIDADES DO CALENDÁRIO CULTURAL DO ESTADO.",500000.0
ALEPI-287,2026,202631760599,Aprovada,Transferências com finalidade definida,SECRETARIA DE ESTADO DA CULTURA DO PIAUÍ - SECULT,Jatobá do Piauí-PI,"INCENTIVAR A PRODUÇÃO E DIFUSÃO DE BENS, SERVIÇOS E CONTEÚDOS CULTURAIS, BEM COMO A REALIZAÇÃO DAS ATIVIDADES DO CALENDÁRIO CULTURAL DO ESTADO.",300000.0
ALEPI-287,2026,202631760621,Aprovada,Transferências com finalidade definida,SECRETARIA DE ESTADO DA CULTURA DO PIAUÍ - SECULT,Campinas do Piauí-PI,"INCENTIVAR A PRODUÇÃO E DIFUSÃO DE BENS, SERVIÇOS E CONTEÚDOS CULTURAIS, BEM COMO A REALIZAÇÃO DAS ATIVIDADES DO CALENDÁRIO CULTURAL DO ESTADO.",100000.0
ALEPI-287,2026,202631760622,Aprovada,Transferências com finalidade definida,SECRETARIA DE ESTADO DA CULTURA DO PIAUÍ - SECULT,Coivaras-PI,"INCENTIVAR A PRODUÇÃO E DIFUSÃO DE BENS, SERVIÇOS E CONTEÚDOS CULTURAIS, BEM COMO A REALIZAÇÃO DAS ATIVIDADES DO CALENDÁRIO CULTURAL DO ESTADO.",100000.0
ALEPI-287,2026,202631760653,Aprovada,Transferências com finalidade definida,SECRETARIA DE ESTADO DA CULTURA DO PIAUÍ - SECULT,Dirceu Arcoverde-PI,"INCENTIVAR A PRODUÇÃO E DIFUSÃO DE BENS, SERVIÇOS E CONTEÚDOS CULTURAIS, BEM COMO A REALIZAÇÃO DAS ATIVIDADES DO CALENDÁRIO CULTURAL DO ESTADO.",200000.0
ALEPI-287,2026,202631760654,Aprovada,Transferências com finalidade definida,SECRETARIA DE ESTADO DA CULTURA DO PIAUÍ - SECULT,Dirceu Arcoverde-PI,"INCENTIVAR A PRODUÇÃO E DIFUSÃO DE BENS, SERVIÇOS E CONTEÚDOS CULTURAIS, BEM COMO A REALIZAÇÃO DAS ATIVIDADES DO CALENDÁRIO CULTURAL DO ESTADO.",150000.0
ALEPI-287,2026,202631760669,Aprovada,Transferências com finalidade definida,SECRETARIA DE ESTADO DA CULTURA DO PIAUÍ - SECULT,Santa Cruz dos Milagres-PI,"INCENTIVAR A PRODUÇÃO E DIFUSÃO DE BENS, SERVIÇOS E CONTEÚDOS CULTURAIS, BEM COMO A REALIZAÇÃO DAS ATIVIDADES DO CALENDÁRIO CULTURAL DO ESTADO.",100000.0
ALEPI-287,2026,202631760754,Aprovada,Transferências com finalidade definida,SECRETARIA DE ESTADO DA CULTURA DO PIAUÍ - SECULT,Caxingó-PI,"INCENTIVAR A PRODUÇÃO E DIFUSÃO DE BENS, SERVIÇOS E CONTEÚDOS CULTURAIS, BEM COMO A REALIZAÇÃO DAS ATIVIDADES DO CALENDÁRIO CULTURAL DO ESTADO.",200000.0
ALEPI-287,2026,202631760755,Aprovada,Transferências com finalidade definida,SECRETARIA DE ESTADO DA CULTURA DO PIAUÍ - SECULT,Guaribas-PI,"INCENTIVAR A PRODUÇÃO E DIFUSÃO DE BENS, SERVIÇOS E CONTEÚDOS CULTURAIS, BEM COMO A REALIZAÇÃO DAS ATIVIDADES DO CALENDÁRIO CULTURAL DO ESTADO.",200000.0
ALEPI-287,2026,202631760756,Aprovada,Transferências com finalidade definida,SECRETARIA DE ESTADO DA CULTURA DO PIAUÍ - SECULT,Guaribas-PI,"INCENTIVAR A PRODUÇÃO E DIFUSÃO DE BENS, SERVIÇOS E CONTEÚDOS CULTURAIS, BEM COMO A REALIZAÇÃO DAS ATIVIDADES DO CALENDÁRIO CULTURAL DO ESTADO.",100000.0
ALEPI-287,2026,202631760757,Aprovada,Transferências com finalidade definida,SECRETARIA DE ESTADO DA CULTURA DO PIAUÍ - SECULT,São Lourenço do Piauí-PI,"INCENTIVAR A PRODUÇÃO E DIFUSÃO DE BENS, SERVIÇOS E CONTEÚDOS CULTURAIS, BEM COMO A REALIZAÇÃO DAS ATIVIDADES DO CALENDÁRIO CULTURAL DO ESTADO.",150000.0
ALEPI-287,2026,202631760793,Aprovada,Transferências especiais (Município),ENCARGOS GERAIS DO ESTADO,Itaueira-PI,REGISTRO DAS EMENDAS PARLAMENTARES PREVISTAS NA EC 58/2021.,200000.0
ALEPI-287,2026,202631760794,Aprovada,Transferências especiais (Município),ENCARGOS GERAIS DO ESTADO,Itaueira-PI,REGISTRO DAS EMENDAS PARLAMENTARES PREVISTAS NA EC 58/2021.,300000.0
ALEPI-287,2026,202631761009,Aprovada,Transferências com finalidade definida,SECRETARIA DA IRRIGAÇÃO E INFRAESTRUTURA HÍDRICA - SEFIR,Vários municípios no Estado do Piauí,"FORTALECER E AMPLIAR AS CONDIÇÕES DA POPULAÇÃO NO ENFRENTAMENTO À SECA, MELHORANDO ASSIM A QUALIDADE DE VIDA POR MEIO DO ABASTECIMENTO. ",2598000.0
ALEPI-287,2026,202631761228,Aprovada,Transferências com finalidade definida,SECRETARIA DA IRRIGAÇÃO E INFRAESTRUTURA HÍDRICA - SEFIR,Cristino Castro-PI,AMPLIAR A INFRAESTRUTURA URBANA E RURAL PARA FORTALECIMENTO DA AGRICULTURA FAMILIAR IRRIGADA NO ESTADO.,89934.0
ALEPI-13,2026,202631770542,Aprovada,Transferências com finalidade definida,SECRETARIA DE ESTADO DA INFRAESTRUTURA - SEINFRA,MUNICÍPIOS DO TERRITÓRIO DESENVOLVIMENTO 08,"GARANTIR A MOBILIDADE POR MEIO DA IMPLANTAÇÃO DE PAVIMENTAÇÃO, MANUTENÇÃO E RECUPERAÇÃO DE ESTRADAS VICINAIS E RODOVIAS NO ESTADO DO PIAUÍ.",3828967.0
ALEPI-13,2026,202631770639,Aprovada,Transferências com finalidade definida,SECRETARIA DE ESTADO DA CULTURA DO PIAUÍ - SECULT,COIVARAS-PI,"INCENTIVAR A PRODUÇÃO E DIFUSÃO DE BENS, SERVIÇOS E CONTEÚDOS CULTURAIS, BEM COMO A REALIZAÇÃO DAS ATIVIDADES DO CALENDÁRIO CULTURAL DO ESTADO.",160350.0
ALEPI-13,2026,202631770640,Aprovada,Transferências com finalidade definida,SECRETARIA DE ESTADO DA CULTURA DO PIAUÍ - SECULT,COLÔNIA DO PIAUÍ,"INCENTIVAR A PRODUÇÃO E DIFUSÃO DE BENS, SERVIÇOS E CONTEÚDOS CULTURAIS, BEM COMO A REALIZAÇÃO DAS ATIVIDADES DO CALENDÁRIO CULTURAL DO ESTADO.",250000.0
ALEPI-13,2026,202631770641,Aprovada,Transferências com finalidade definida,SECRETARIA DE ESTADO DA CULTURA DO PIAUÍ - SECULT,COLÔNIA DO PIAUÍ,"INCENTIVAR A PRODUÇÃO E DIFUSÃO DE BENS, SERVIÇOS E CONTEÚDOS CULTURAIS, BEM COMO A REALIZAÇÃO DAS ATIVIDADES DO CALENDÁRIO CULTURAL DO ESTADO.",300000.0
ALEPI-13,2026,202631770642,Aprovada,Transferências com finalidade definida,SECRETARIA DE ESTADO DA CULTURA DO PIAUÍ - SECULT,SANTA CRUZ DOS MILAGRES,"INCENTIVAR A PRODUÇÃO E DIFUSÃO DE BENS, SERVIÇOS E CONTEÚDOS CULTURAIS, BEM COMO A REALIZAÇÃO DAS ATIVIDADES DO CALENDÁRIO CULTURAL DO ESTADO.",100300.0
ALEPI-13,2026,202631770643,Aprovada,Transferências com finalidade definida,SECRETARIA DE ESTADO DA CULTURA DO PIAUÍ - SECULT,SANTA CRUZ DOS MILAGRES,"INCENTIVAR A PRODUÇÃO E DIFUSÃO DE BENS, SERVIÇOS E CONTEÚDOS CULTURAIS, BEM COMO A REALIZAÇÃO DAS ATIVIDADES DO CALENDÁRIO CULTURAL DO ESTADO.",150000.0
ALEPI-13,2026,202631770644,Aprovada,Transferências com finalidade definida,SECRETARIA DE ESTADO DA CULTURA DO PIAUÍ - SECULT,São Braz do Piauí,"INCENTIVAR A PRODUÇÃO E DIFUSÃO DE BENS, SERVIÇOS E CONTEÚDOS CULTURAIS, BEM COMO A REALIZAÇÃO DAS ATIVIDADES DO CALENDÁRIO CULTURAL DO ESTADO.",150000.0
ALEPI-13,2026,202631770645,Aprovada,Transferências com finalidade definida,SECRETARIA DE ESTADO DA CULTURA DO PIAUÍ - SECULT,MARCOLÂNDIA,"INCENTIVAR A PRODUÇÃO E DIFUSÃO DE BENS, SERVIÇOS E CONTEÚDOS CULTURAIS, BEM COMO A REALIZAÇÃO DAS ATIVIDADES DO CALENDÁRIO CULTURAL DO ESTADO.",160350.0
ALEPI-13,2026,202631770646,Aprovada,Transferências com finalidade definida,SECRETARIA DE ESTADO DA CULTURA DO PIAUÍ - SECULT,MARCOLÂNDIA,"INCENTIVAR A PRODUÇÃO E DIFUSÃO DE BENS, SERVIÇOS E CONTEÚDOS CULTURAIS, BEM COMO A REALIZAÇÃO DAS ATIVIDADES DO CALENDÁRIO CULTURAL DO ESTADO.",160000.0
ALEPI-13,2026,202631770647,Cancelada,Transferências com finalidade definida,SECRETARIA DE ESTADO DA CULTURA DO PIAUÍ - SECULT,FRANCINOPOLIS,"INCENTIVAR A PRODUÇÃO E DIFUSÃO DE BENS, SERVIÇOS E CONTEÚDOS CULTURAIS, BEM COMO A REALIZAÇÃO DAS ATIVIDADES DO CALENDÁRIO CULTURAL DO ESTADO.",160300.0
ALEPI-13,2026,202631770648,Cancelada,Transferências com finalidade definida,SECRETARIA DE ESTADO DA CULTURA DO PIAUÍ - SECULT,FRANCINOPOLIS,"INCENTIVAR A PRODUÇÃO E DIFUSÃO DE BENS, SERVIÇOS E CONTEÚDOS CULTURAIS, BEM COMO A REALIZAÇÃO DAS ATIVIDADES DO CALENDÁRIO CULTURAL DO ESTADO.",120000.0
ALEPI-13,2026,202631770649,Aprovada,Transferências com finalidade definida,SECRETARIA DE ESTADO DA CULTURA DO PIAUÍ - SECULT,"QUEIMADA NOVA, PI","INCENTIVAR A PRODUÇÃO E DIFUSÃO DE BENS, SERVIÇOS E CONTEÚDOS CULTURAIS, BEM COMO A REALIZAÇÃO DAS ATIVIDADES DO CALENDÁRIO CULTURAL DO ESTADO.",250000.0
ALEPI-13,2026,202631770678,Aprovada,Transferências com finalidade definida,SECRETARIA DE ESTADO DA CULTURA DO PIAUÍ - SECULT,PAU D'ARCO DO PIAUÍ,"INCENTIVAR A PRODUÇÃO E DIFUSÃO DE BENS, SERVIÇOS E CONTEÚDOS CULTURAIS, BEM COMO A REALIZAÇÃO DAS ATIVIDADES DO CALENDÁRIO CULTURAL DO ESTADO.",150000.0
ALEPI-13,2026,202631770679,Aprovada,Transferências com finalidade definida,SECRETARIA DE ESTADO DA CULTURA DO PIAUÍ - SECULT,PAU D'ARCO,"INCENTIVAR A PRODUÇÃO E DIFUSÃO DE BENS, SERVIÇOS E CONTEÚDOS CULTURAIS, BEM COMO A REALIZAÇÃO DAS ATIVIDADES DO CALENDÁRIO CULTURAL DO ESTADO.",150000.0
ALEPI-13,2026,202631770680,Cancelada,Transferências com finalidade definida,SECRETARIA DE ESTADO DA CULTURA DO PIAUÍ - SECULT,DIRCEU ARCOVERDE,"INCENTIVAR A PRODUÇÃO E DIFUSÃO DE BENS, SERVIÇOS E CONTEÚDOS CULTURAIS, BEM COMO A REALIZAÇÃO DAS ATIVIDADES DO CALENDÁRIO CULTURAL DO ESTADO.",100000.0
ALEPI-13,2026,202631770681,Cancelada,Transferências com finalidade definida,SECRETARIA DE ESTADO DA CULTURA DO PIAUÍ - SECULT,DIRCEU ARCOVERDE,"INCENTIVAR A PRODUÇÃO E DIFUSÃO DE BENS, SERVIÇOS E CONTEÚDOS CULTURAIS, BEM COMO A REALIZAÇÃO DAS ATIVIDADES DO CALENDÁRIO CULTURAL DO ESTADO.",150000.0
ALEPI-13,2026,202631770682,Cancelada,Transferências com finalidade definida,SECRETARIA DE ESTADO DA CULTURA DO PIAUÍ - SECULT,PAVUSSU,"INCENTIVAR A PRODUÇÃO E DIFUSÃO DE BENS, SERVIÇOS E CONTEÚDOS CULTURAIS, BEM COMO A REALIZAÇÃO DAS ATIVIDADES DO CALENDÁRIO CULTURAL DO ESTADO.",100000.0
ALEPI-13,2026,202631770683,Cancelada,Transferências com finalidade definida,SECRETARIA DE ESTADO DA CULTURA DO PIAUÍ - SECULT,MONTE ALEGRE,"INCENTIVAR A PRODUÇÃO E DIFUSÃO DE BENS, SERVIÇOS E CONTEÚDOS CULTURAIS, BEM COMO A REALIZAÇÃO DAS ATIVIDADES DO CALENDÁRIO CULTURAL DO ESTADO.",150000.0
ALEPI-13,2026,202631770684,Cancelada,Transferências com finalidade definida,SECRETARIA DE ESTADO DA CULTURA DO PIAUÍ - SECULT,MONTE ALEGRE,"INCENTIVAR A PRODUÇÃO E DIFUSÃO DE BENS, SERVIÇOS E CONTEÚDOS CULTURAIS, BEM COMO A REALIZAÇÃO DAS ATIVIDADES DO CALENDÁRIO CULTURAL DO ESTADO.",100000.0
ALEPI-13,2026,202631770685,Aprovada,Transferências com finalidade definida,SECRETARIA DE ESTADO DA CULTURA DO PIAUÍ - SECULT,CAMPO ALEGRE DO FIDALGO,"INCENTIVAR A PRODUÇÃO E DIFUSÃO DE BENS, SERVIÇOS E CONTEÚDOS CULTURAIS, BEM COMO A REALIZAÇÃO DAS ATIVIDADES DO CALENDÁRIO CULTURAL DO ESTADO.",100000.0
ALEPI-13,2026,202631770686,Aprovada,Transferências com finalidade definida,SECRETARIA DE ESTADO DA CULTURA DO PIAUÍ - SECULT,JUREMA ,"INCENTIVAR A PRODUÇÃO E DIFUSÃO DE BENS, SERVIÇOS E CONTEÚDOS CULTURAIS, BEM COMO A REALIZAÇÃO DAS ATIVIDADES DO CALENDÁRIO CULTURAL DO ESTADO.",150000.0
ALEPI-13,2026,202631770687,Cancelada,Transferências com finalidade definida,SECRETARIA DE ESTADO DA CULTURA DO PIAUÍ - SECULT,JUREMA,"INCENTIVAR A PRODUÇÃO E DIFUSÃO DE BENS, SERVIÇOS E CONTEÚDOS CULTURAIS, BEM COMO A REALIZAÇÃO DAS ATIVIDADES DO CALENDÁRIO CULTURAL DO ESTADO.",100000.0
ALEPI-13,2026,202631770688,Cancelada,Transferências com finalidade definida,SECRETARIA DE ESTADO DA CULTURA DO PIAUÍ - SECULT,CAMPO ALEGRE DO FIDALGO,"INCENTIVAR A PRODUÇÃO E DIFUSÃO DE BENS, SERVIÇOS E CONTEÚDOS CULTURAIS, BEM COMO A REALIZAÇÃO DAS ATIVIDADES DO CALENDÁRIO CULTURAL DO ESTADO.",150000.0
ALEPI-13,2026,202631770824,Aprovada,Transferências com finalidade definida,SECRETARIA DE ESTADO DA CULTURA DO PIAUÍ - SECULT,Jurema,"INCENTIVAR A PRODUÇÃO E DIFUSÃO DE BENS, SERVIÇOS E CONTEÚDOS CULTURAIS, BEM COMO A REALIZAÇÃO DAS ATIVIDADES DO CALENDÁRIO CULTURAL DO ESTADO.",100000.0
ALEPI-13,2026,202631770962,Aprovada,Transferências com finalidade definida,SECRETARIA DE ESTADO DA CULTURA DO PIAUÍ - SECULT,SÃO JULIÃO,"INCENTIVAR A PRODUÇÃO E DIFUSÃO DE BENS, SERVIÇOS E CONTEÚDOS CULTURAIS, BEM COMO A REALIZAÇÃO DAS ATIVIDADES DO CALENDÁRIO CULTURAL DO ESTADO.",50000.0
ALEPI-13,2026,202631770963,Aprovada,Transferências com finalidade definida,SECRETARIA DE ESTADO DA CULTURA DO PIAUÍ - SECULT,SÃO JULIÃO,"INCENTIVAR A PRODUÇÃO E DIFUSÃO DE BENS, SERVIÇOS E CONTEÚDOS CULTURAIS, BEM COMO A REALIZAÇÃO DAS ATIVIDADES DO CALENDÁRIO CULTURAL DO ESTADO.",170000.0
ALEPI-13,2026,202631770964,Aprovada,Transferências com finalidade definida,SECRETARIA DE ESTADO DA CULTURA DO PIAUÍ - SECULT,CONCEIÇÃO DO CANINDÉ,"INCENTIVAR A PRODUÇÃO E DIFUSÃO DE BENS, SERVIÇOS E CONTEÚDOS CULTURAIS, BEM COMO A REALIZAÇÃO DAS ATIVIDADES DO CALENDÁRIO CULTURAL DO ESTADO.",170000.0
ALEPI-13,2026,202631770965,Aprovada,Transferências com finalidade definida,SECRETARIA DE ESTADO DA CULTURA DO PIAUÍ - SECULT,FLORIANO,"INCENTIVAR A PRODUÇÃO E DIFUSÃO DE BENS, SERVIÇOS E CONTEÚDOS CULTURAIS, BEM COMO A REALIZAÇÃO DAS ATIVIDADES DO CALENDÁRIO CULTURAL DO ESTADO.",100000.0
ALEPI-13,2026,202631770966,Aprovada,Transferências com finalidade definida,SECRETARIA DE ESTADO DA CULTURA DO PIAUÍ - SECULT,DOM INOCÊNCIO,"INCENTIVAR A PRODUÇÃO E DIFUSÃO DE BENS, SERVIÇOS E CONTEÚDOS CULTURAIS, BEM COMO A REALIZAÇÃO DAS ATIVIDADES DO CALENDÁRIO CULTURAL DO ESTADO.",100000.0
ALEPI-13,2026,202631770967,Aprovada,Transferências com finalidade definida,SECRETARIA DE ESTADO DA CULTURA DO PIAUÍ - SECULT,DO INOCÊNCIO,"INCENTIVAR A PRODUÇÃO E DIFUSÃO DE BENS, SERVIÇOS E CONTEÚDOS CULTURAIS, BEM COMO A REALIZAÇÃO DAS ATIVIDADES DO CALENDÁRIO CULTURAL DO ESTADO.",150000.0
ALEPI-13,2026,202631770968,Aprovada,Transferências com finalidade definida,SECRETARIA DE ESTADO DA CULTURA DO PIAUÍ - SECULT,ANÍSIO DE ABREU,"INCENTIVAR A PRODUÇÃO E DIFUSÃO DE BENS, SERVIÇOS E CONTEÚDOS CULTURAIS, BEM COMO A REALIZAÇÃO DAS ATIVIDADES DO CALENDÁRIO CULTURAL DO ESTADO.",100000.0
ALEPI-13,2026,202631770969,Aprovada,Transferências com finalidade definida,SECRETARIA DE ESTADO DA CULTURA DO PIAUÍ - SECULT,Santo Inácio do Piauí,"INCENTIVAR A PRODUÇÃO E DIFUSÃO DE BENS, SERVIÇOS E CONTEÚDOS CULTURAIS, BEM COMO A REALIZAÇÃO DAS ATIVIDADES DO CALENDÁRIO CULTURAL DO ESTADO.",250000.0
ALEPI-13,2026,202631770970,Aprovada,Transferências com finalidade definida,SECRETARIA DE ESTADO DA CULTURA DO PIAUÍ - SECULT,ALTO LONGÁ,"INCENTIVAR A PRODUÇÃO E DIFUSÃO DE BENS, SERVIÇOS E CONTEÚDOS CULTURAIS, BEM COMO A REALIZAÇÃO DAS ATIVIDADES DO CALENDÁRIO CULTURAL DO ESTADO.",150000.0
ALEPI-13,2026,202631770971,Aprovada,Transferências com finalidade definida,SECRETARIA DE ESTADO DA CULTURA DO PIAUÍ - SECULT,ALTO LONGÁ,"INCENTIVAR A PRODUÇÃO E DIFUSÃO DE BENS, SERVIÇOS E CONTEÚDOS CULTURAIS, BEM COMO A REALIZAÇÃO DAS ATIVIDADES DO CALENDÁRIO CULTURAL DO ESTADO.",100000.0
ALEPI-333,2026,202631810397,Aprovada,Transferências com finalidade definida,COORDENADORIA  ESTADUAL DE ENFRENTAMENTO ÀS DROGAS E FOMENTO AO LAZER - CENDFOL,MUNICIPIO DE ALAGOINHA-PI,"PROMOVER O ACESSO AO LAZER, A INTEGRAÇAO SOCIAL E A DIVERSIDADE CULTURAL NOS TERRITÓRIOS DE DESENVOLVIMENTO DO ESTADO.",150000.0
ALEPI-333,2026,202631810398,Aprovada,Transferências com finalidade definida,COORDENADORIA  ESTADUAL DE ENFRENTAMENTO ÀS DROGAS E FOMENTO AO LAZER - CENDFOL,MUNICIPIO DE PAU D'ARCO-PI,"PROMOVER O ACESSO AO LAZER, A INTEGRAÇAO SOCIAL E A DIVERSIDADE CULTURAL NOS TERRITÓRIOS DE DESENVOLVIMENTO DO ESTADO.",150000.0
ALEPI-333,2026,202631810399,Aprovada,Transferências com finalidade definida,COORDENADORIA  ESTADUAL DE ENFRENTAMENTO ÀS DROGAS E FOMENTO AO LAZER - CENDFOL,MUNICIPIO DE PAU D'ARCO-PI,"PROMOVER O ACESSO AO LAZER, A INTEGRAÇAO SOCIAL E A DIVERSIDADE CULTURAL NOS TERRITÓRIOS DE DESENVOLVIMENTO DO ESTADO.",150000.0
ALEPI-333,2026,202631810400,Aprovada,Transferências com finalidade definida,COORDENADORIA  ESTADUAL DE ENFRENTAMENTO ÀS DROGAS E FOMENTO AO LAZER - CENDFOL,MUNICIPIO DE AROAZES-PI,"PROMOVER O ACESSO AO LAZER, A INTEGRAÇAO SOCIAL E A DIVERSIDADE CULTURAL NOS TERRITÓRIOS DE DESENVOLVIMENTO DO ESTADO.",250000.0
ALEPI-333,2026,202631810401,Aprovada,Transferências com finalidade definida,COORDENADORIA  ESTADUAL DE ENFRENTAMENTO ÀS DROGAS E FOMENTO AO LAZER - CENDFOL,BAIRRO ANGELIM / TERESINA-PI,"PROMOVER O ACESSO AO LAZER, A INTEGRAÇAO SOCIAL E A DIVERSIDADE CULTURAL NOS TERRITÓRIOS DE DESENVOLVIMENTO DO ESTADO.",150000.0
ALEPI-333,2026,202631810412,Aprovada,Transferências com finalidade definida,COORDENADORIA  ESTADUAL DE ENFRENTAMENTO ÀS DROGAS E FOMENTO AO LAZER - CENDFOL,MUNICIPIO DE GUADALUPE-PI,"PROMOVER O ACESSO AO LAZER, A INTEGRAÇAO SOCIAL E A DIVERSIDADE CULTURAL NOS TERRITÓRIOS DE DESENVOLVIMENTO DO ESTADO.",150000.0
ALEPI-333,2026,202631810430,Aprovada,Transferências com finalidade definida,COORDENADORIA  ESTADUAL DE ENFRENTAMENTO ÀS DROGAS E FOMENTO AO LAZER - CENDFOL,MUNICIPIO DE GUADALUPE-PI,"PROMOVER O ACESSO AO LAZER, A INTEGRAÇAO SOCIAL E A DIVERSIDADE CULTURAL NOS TERRITÓRIOS DE DESENVOLVIMENTO DO ESTADO.",100000.0
ALEPI-333,2026,202631810566,Aprovada,Transferências com finalidade definida,COORDENADORIA  ESTADUAL DE ENFRENTAMENTO ÀS DROGAS E FOMENTO AO LAZER - CENDFOL,Teresina-PI,"PROMOVER A SENSIBILIZAÇÃO E ORIENTAÇÃO DA SOCIEDADE EM RELAÇÃO A PREVENÇÃO DE USO DE DROGAS LÍCITAS E ILÍCITAS, BEM COMO RECONHECER COMPORTAMENTOS DE RISCOS.",150000.0
ALEPI-333,2026,202631810598,Aprovada,Transferências com finalidade definida,COORDENADORIA  ESTADUAL DE ENFRENTAMENTO ÀS DROGAS E FOMENTO AO LAZER - CENDFOL,Municipio de São Luis PI,"PROMOVER O ACESSO AO LAZER, A INTEGRAÇAO SOCIAL E A DIVERSIDADE CULTURAL NOS TERRITÓRIOS DE DESENVOLVIMENTO DO ESTADO.",50000.0
ALEPI-333,2026,202631810602,Aprovada,Transferências com finalidade definida,COORDENADORIA  ESTADUAL DE ENFRENTAMENTO ÀS DROGAS E FOMENTO AO LAZER - CENDFOL,Municipio de São Luis-PI,"PROMOVER O ACESSO AO LAZER, A INTEGRAÇAO SOCIAL E A DIVERSIDADE CULTURAL NOS TERRITÓRIOS DE DESENVOLVIMENTO DO ESTADO.",50000.0
ALEPI-333,2026,202631810610,Aprovada,Transferências com finalidade definida,COORDENADORIA  ESTADUAL DE ENFRENTAMENTO ÀS DROGAS E FOMENTO AO LAZER - CENDFOL,MUNINIPIO DE NAZARÉ DO PIAUÍ-PI,"PROMOVER O ACESSO AO LAZER, A INTEGRAÇAO SOCIAL E A DIVERSIDADE CULTURAL NOS TERRITÓRIOS DE DESENVOLVIMENTO DO ESTADO.",60000.0
ALEPI-333,2026,202631810634,Aprovada,Transferências com finalidade definida,COORDENADORIA  ESTADUAL DE ENFRENTAMENTO ÀS DROGAS E FOMENTO AO LAZER - CENDFOL,Municiío de Alto Longá-PI,"PROMOVER O ACESSO AO LAZER, A INTEGRAÇAO SOCIAL E A DIVERSIDADE CULTURAL NOS TERRITÓRIOS DE DESENVOLVIMENTO DO ESTADO.",200000.0
ALEPI-333,2026,202631810650,Aprovada,Transferências com finalidade definida,COORDENADORIA  ESTADUAL DE ENFRENTAMENTO ÀS DROGAS E FOMENTO AO LAZER - CENDFOL,Municiío de Fartura-PI,"PROMOVER O ACESSO AO LAZER, A INTEGRAÇAO SOCIAL E A DIVERSIDADE CULTURAL NOS TERRITÓRIOS DE DESENVOLVIMENTO DO ESTADO.",490000.0
ALEPI-333,2026,202631810731,Aprovada,Transferências com finalidade definida,COORDENADORIA  ESTADUAL DE ENFRENTAMENTO ÀS DROGAS E FOMENTO AO LAZER - CENDFOL,PICOS-PI,"PROMOVER O ACESSO AO LAZER, A INTEGRAÇAO SOCIAL E A DIVERSIDADE CULTURAL NOS TERRITÓRIOS DE DESENVOLVIMENTO DO ESTADO.",100000.0
ALEPI-333,2026,202631810732,Aprovada,Transferências com finalidade definida,COORDENADORIA  ESTADUAL DE ENFRENTAMENTO ÀS DROGAS E FOMENTO AO LAZER - CENDFOL,INHUMA-PI,"PROMOVER O ACESSO AO LAZER, A INTEGRAÇAO SOCIAL E A DIVERSIDADE CULTURAL NOS TERRITÓRIOS DE DESENVOLVIMENTO DO ESTADO.",100000.0
ALEPI-333,2026,202631810744,Aprovada,Transferências com finalidade definida,FUNDO ESTADUAL DE SAÚDE - FUNSAUDE,Estado do Piauí,MELHORAR A QUALIDADE EM SAÚDE DO ESTADO DO PIAUÍ EM TODAS AS REGIÕES DE SAÚDE.,3900000.0
ALEPI-333,2026,202631810805,Aprovada,Transferências com finalidade definida,COORDENADORIA  ESTADUAL DE ENFRENTAMENTO ÀS DROGAS E FOMENTO AO LAZER - CENDFOL,Teresina-PI,"PROMOVER O ACESSO AO LAZER, A INTEGRAÇAO SOCIAL E A DIVERSIDADE CULTURAL NOS TERRITÓRIOS DE DESENVOLVIMENTO DO ESTADO.",100000.0
ALEPI-333,2026,202631810831,Aprovada,Transferências com finalidade definida,COORDENADORIA  ESTADUAL DE ENFRENTAMENTO ÀS DROGAS E FOMENTO AO LAZER - CENDFOL,Município de Esperantina-PI,"PROMOVER O ACESSO AO LAZER, A INTEGRAÇAO SOCIAL E A DIVERSIDADE CULTURAL NOS TERRITÓRIOS DE DESENVOLVIMENTO DO ESTADO.",200000.0
ALEPI-333,2026,202631810832,Aprovada,Transferências com finalidade definida,COORDENADORIA  ESTADUAL DE ENFRENTAMENTO ÀS DROGAS E FOMENTO AO LAZER - CENDFOL,TERESINA-PI,"PROMOVER O ACESSO AO LAZER, A INTEGRAÇAO SOCIAL E A DIVERSIDADE CULTURAL NOS TERRITÓRIOS DE DESENVOLVIMENTO DO ESTADO.",200000.0
ALEPI-333,2026,202631810834,Cancelada,Transferências com finalidade definida,COORDENADORIA  ESTADUAL DE ENFRENTAMENTO ÀS DROGAS E FOMENTO AO LAZER - CENDFOL,TERESINA-PI,"PROMOVER O ACESSO AO LAZER, A INTEGRAÇAO SOCIAL E A DIVERSIDADE CULTURAL NOS TERRITÓRIOS DE DESENVOLVIMENTO DO ESTADO.",100000.0
ALEPI-333,2026,202631810911,Aprovada,Transferências especiais (Município),ENCARGOS GERAIS DO ESTADO,MUNICIÍO DE MANOEL EMIDIO - PI,REGISTRO DAS EMENDAS PARLAMENTARES PREVISTAS NA EC 58/2021.,180000.0
ALEPI-333,2026,202631810912,Aprovada,Transferências especiais (Município),ENCARGOS GERAIS DO ESTADO,MUNICIPIO DE MANOEL EMIDIO-PI,REGISTRO DAS EMENDAS PARLAMENTARES PREVISTAS NA EC 58/2021.,120000.0
ALEPI-333,2026,202631810916,Aprovada,Transferências com finalidade definida,COORDENADORIA  ESTADUAL DE ENFRENTAMENTO ÀS DROGAS E FOMENTO AO LAZER - CENDFOL,MUNICIPIO DE SÃO JOÃO DA SERRA - PI,"PROMOVER O ACESSO AO LAZER, A INTEGRAÇAO SOCIAL E A DIVERSIDADE CULTURAL NOS TERRITÓRIOS DE DESENVOLVIMENTO DO ESTADO.",13000.0
ALEPI-333,2026,202631810917,Aprovada,Transferências com finalidade definida,COORDENADORIA  ESTADUAL DE ENFRENTAMENTO ÀS DROGAS E FOMENTO AO LAZER - CENDFOL,MUNICIPIO DE JARDIM DO MULATO-PI,"PROMOVER O ACESSO AO LAZER, A INTEGRAÇAO SOCIAL E A DIVERSIDADE CULTURAL NOS TERRITÓRIOS DE DESENVOLVIMENTO DO ESTADO.",15000.0
ALEPI-333,2026,202631811128,Aprovada,Transferências com finalidade definida,COORDENADORIA  ESTADUAL DE ENFRENTAMENTO ÀS DROGAS E FOMENTO AO LAZER - CENDFOL,Municipio de Juazeiro do Piauí,"PROMOVER O ACESSO AO LAZER, A INTEGRAÇAO SOCIAL E A DIVERSIDADE CULTURAL NOS TERRITÓRIOS DE DESENVOLVIMENTO DO ESTADO.",100000.0
ALEPI-333,2026,202631811138,Aprovada,Transferências com finalidade definida,COORDENADORIA  ESTADUAL DE ENFRENTAMENTO ÀS DROGAS E FOMENTO AO LAZER - CENDFOL,Teresina-PI,"PROMOVER O ACESSO AO LAZER, A INTEGRAÇAO SOCIAL E A DIVERSIDADE CULTURAL NOS TERRITÓRIOS DE DESENVOLVIMENTO DO ESTADO.",200000.0
ALEPI-333,2026,202631811241,Aprovada,Transferências com finalidade definida,COORDENADORIA  ESTADUAL DE ENFRENTAMENTO ÀS DROGAS E FOMENTO AO LAZER - CENDFOL,TERESINA-PI,"PROMOVER O ACESSO AO LAZER, A INTEGRAÇAO SOCIAL E A DIVERSIDADE CULTURAL NOS TERRITÓRIOS DE DESENVOLVIMENTO DO ESTADO.",100000.0
ALEPI-333,2026,202631811242,Aprovada,Transferências com finalidade definida,COORDENADORIA  ESTADUAL DE ENFRENTAMENTO ÀS DROGAS E FOMENTO AO LAZER - CENDFOL,MONSENHOR GIL-PI,"PROMOVER O ACESSO AO LAZER, A INTEGRAÇAO SOCIAL E A DIVERSIDADE CULTURAL NOS TERRITÓRIOS DE DESENVOLVIMENTO DO ESTADO.",129000.0
ALEPI-25,2026,202631970121,Cancelada,Transferências com finalidade definida,SECRETARIA DE ESTADO DA CULTURA DO PIAUÍ - SECULT,TERESINA,"INCENTIVAR A PRODUÇÃO E DIFUSÃO DE BENS, SERVIÇOS E CONTEÚDOS CULTURAIS, BEM COMO A REALIZAÇÃO DAS ATIVIDADES DO CALENDÁRIO CULTURAL DO ESTADO.",150000.0
ALEPI-25,2026,202631970122,Cancelada,Transferências com finalidade definida,SECRETARIA DE ESTADO DA CULTURA DO PIAUÍ - SECULT,MONSENHOR GIL,"INCENTIVAR A PRODUÇÃO E DIFUSÃO DE BENS, SERVIÇOS E CONTEÚDOS CULTURAIS, BEM COMO A REALIZAÇÃO DAS ATIVIDADES DO CALENDÁRIO CULTURAL DO ESTADO.",110000.0
ALEPI-25,2026,202631970123,Cancelada,Transferências com finalidade definida,SECRETARIA DE ESTADO DA CULTURA DO PIAUÍ - SECULT,TERESINA,"INCENTIVAR A PRODUÇÃO E DIFUSÃO DE BENS, SERVIÇOS E CONTEÚDOS CULTURAIS, BEM COMO A REALIZAÇÃO DAS ATIVIDADES DO CALENDÁRIO CULTURAL DO ESTADO.",170000.0
ALEPI-25,2026,202631970124,Cancelada,Transferências com finalidade definida,SECRETARIA DE ESTADO DA CULTURA DO PIAUÍ - SECULT,"CURRALINHOS, PI","INCENTIVAR A PRODUÇÃO E DIFUSÃO DE BENS, SERVIÇOS E CONTEÚDOS CULTURAIS, BEM COMO A REALIZAÇÃO DAS ATIVIDADES DO CALENDÁRIO CULTURAL DO ESTADO.",110000.0
ALEPI-25,2026,202631970196,Cancelada,Transferências com finalidade definida,SECRETARIA DE ESTADO DA CULTURA DO PIAUÍ - SECULT,Floriano,"INCENTIVAR A PRODUÇÃO E DIFUSÃO DE BENS, SERVIÇOS E CONTEÚDOS CULTURAIS, BEM COMO A REALIZAÇÃO DAS ATIVIDADES DO CALENDÁRIO CULTURAL DO ESTADO.",230000.0
ALEPI-25,2026,202631970321,Aprovada,Transferências com finalidade definida,COORDENADORIA DA JUVENTUDE DO ESTADO DO PIAUÍ - COJUV,Teresina,PROMOVER A REALIZAÇÃO DE ATIVIDADES DE INCLUSÃO DO JOVEM URBANO E RURAL NAS DIVERSAS POLÍTICAS PÚBLICAS E NAS GARANTIAS DE DIREITO DO ESTATUTO DA JUVENTUDE.,150000.0
