parlamentar_id,ano,numero_ano,nome_proponente,nome_concedente,valor_total,objeto,situacao,tipo_termo
PI-EXEC-GOVERNADOR,2023,159/2023,"ASSOCIAÇÃO AMOR E FÉ ""ASAFE""","SECRETARIA DE ESTADO DA ASSISTÊNCIA SOCIAL, TRABALHO E DIREITOS HUMANOS - SASC",96882.0,"Capacitar 50 (cinquenta) egressos da escola de música da Associação Amor e Fé (ASAFE) para atuação profissionalizada no ramo da música com foco nos instrumentos de percussão, corda e teclado, enquanto estratégia de ampliação das oportunidades de geração de renda e da continuidade da oferta de ensino musical na cidade de Oeiras (PI).",,Colaboração
PI-EXEC-GOVERNADOR,2023,158/2023,FEDERAÇÃO DE ESPORTE CULTURA E ASSISTÊNCIA SOCIAL DO PIAUÍ - FECASP,SECRETARIA DE ESTADO  DOS ESPORTES - SECEPI,238000.0,"PROMOVER EVENTO ESPORTIVO QUE ENGLOBE AS MODALIDADES DE CAIAQUE, CORRIDA EM TRILHA E NATAÇÃO .",Termo em elaboração,Fomento
PI-EXEC-GOVERNADOR,2023,157/2023,AÇÃO SOCIAL ARQUIDIOCESANA - ASA,"SECRETARIA DE ESTADO DA ASSISTÊNCIA SOCIAL, TRABALHO E DIREITOS HUMANOS - SASC",100000.0,"Ajuda de custo para despesas permanentes como água, gás, telefone e alimentação, aquisição de eletrodomésticos e equipamentos para uso de pacientes/equipe e pagamento de serviços de terceiros durante um período de 09 meses.",,Fomento
PI-EXEC-GOVERNADOR,2023,156/2023,ASSOCIAÇÃO DE PEQUENOS PRODUTORES APP DA COMUNIDADE LAGOA DO JUÁ,SECRETARIA DE ESTADO DA AGRICULTURA FAMILIAR - SAF,150000.0,"Apoio financeiro para aquisição de uma mini usina móvel para processamento mínimo de algodão (descaroçar e pensar) para fortalecer a agricultura familiar na comunidade Lagoa do Juá, município de São Francisco de Assis - PI.",,Fomento
PI-EXEC-GOVERNADOR,2023,118/2023,INSTITUTO COMRADIO DO BRASIL - UBIQUA,SECRETARIA DE ESTADO DA CULTURA DO PIAUÍ - SECULT,200000.0,"Realizar o PUNARÉ FESTIVAL ENTRE RIOS DE ARTE E CULTURA DA ZONA NORTE DE TERESINA, com 06 (seis) edições do projeto em escolas, praças e espaços comunitários de bairros da zona norte de Teresina, mobilizando famílias, escolas e toda a comunidade em geral.",,Fomento
PI-EXEC-GOVERNADOR,2023,117/2023,INSTITUTO AVANTE DE JUVENTUDE - INSTITUTO AVANTE ,SECRETARIA DE ESTADO DA CULTURA DO PIAUÍ - SECULT,250000.0,"1.1. O presente Termo de Fomento tem por objeto a realização do PROJETO NEW HIP HOP CULTURA EM MOVIMENTO no município de Teresina – PI, de acordo com o Plano de Trabalho devidamente aprovado e condições fixadas neste instrumento e seus anexos.",,Fomento
PI-EXEC-GOVERNADOR,2023,191/2023,AÇÃO SOCIAL ARQUIDIOCESANA - ASA,"SECRETARIA DE ESTADO DA ASSISTÊNCIA SOCIAL, TRABALHO E DIREITOS HUMANOS - SASC",199989.3,aquisição de alimentação para todos os serviços executados pela ASA,,Fomento
PI-EXEC-GOVERNADOR,2023,190/2023,ASSOCIAÇÃO JUVENTUDE SOLIDÁRIA,"SECRETARIA DE ESTADO DA ASSISTÊNCIA SOCIAL, TRABALHO E DIREITOS HUMANOS - SASC",200000.0,aquisição de alimentação para todos os serviços executados pela ASA,Termo em elaboração,Fomento
PI-EXEC-GOVERNADOR,2023,189/2023,CENTRO DE FORMAÇÃO MANDACARU DE PEDRO II ,SECRETARIA DE ESTADO DA AGRICULTURA FAMILIAR - SAF,767168.58,Implementação de tecnologia social de acesso à água para consumo humano por meio da construção de 136 cisternas calçadão de 16 mil litros para os municípios dos Territórios dos Carnaubais e Planície Litorânea (Lote 2).,Termo em elaboração,Colaboração
PI-EXEC-GOVERNADOR,2023,188/2023,CENTRO DE EDUCAÇÃO AMBIENTAL E ASSESSORIA - CEAA,SECRETARIA DE ESTADO DA AGRICULTURA FAMILIAR - SAF,767168.58,Implementação de tecnologia social de acesso à água para consumo humano por meio da construção de 136 cisternas calçadão de 16 mil litros para os municípios do Território dos Cocais (Lote 4).,,Colaboração
PI-EXEC-GOVERNADOR,2023,103/2023,PREFEITURA MUNICIPAL DE NAZARÉ DO PIAUÍ,SECRETARIA DE ESTADO DA DEFESA CIVIL - SEDEC,120000.0,CONVÊNIO ENTRE A SECRETARIA ESTADUAL DE DEFESA CIVIL E A PREFEITURA DE NAZARÉ DO PIAUÍ PARA RECUPERAÇÃO DE ESTRADA VICINAL NAS LOCALIDADES RURAIS DO MUNICÍPIO DE NAZARÉ DO PIAUÍ,Termo em elaboração,
PI-EXEC-GOVERNADOR,2023,187/2023,OBRA KOLPING ESTADUAL DO PIAUÍ - OKE  - PI,SECRETARIA DE ESTADO DA AGRICULTURA FAMILIAR - SAF,746848.78,"Implementação de tecnologia social de acesso à água para consumo humano por meio da construção de 136 cisternas de 16 mil litros nos municípios de Campinas do Piauí, Campo Alegre do Fidalgo e Conceição do Canindé, no território do Vale do Canindé e Serra da Capivara.",,Colaboração
PI-EXEC-GOVERNADOR,2023,186/2023,INSTITUTO PRESENTE (IP),SECRETARIA DE ESTADO DA EDUCAÇÃO -SEDUC,50000.0,"Solicitando celebração de Termo de Fomento com esta Secretaria, objetivando ""informar e sensibilizar as administrações municipais para a importância e as condições de implementação de escolas em tempo integral"".",,Fomento
PI-EXEC-GOVERNADOR,2023,185/2023,ASSOCIAÇÃO JUVENTUDE SOLIDÁRIA,"SECRETARIA DE ESTADO DA ASSISTÊNCIA SOCIAL, TRABALHO E DIREITOS HUMANOS - SASC",49872.0,"Oferecer formação profissional gratuita em panificação, biscoito e confeitaria para jovens de 15 a 29 anos de idade em situação de vulnerabilidade, que residem em bairros marginalizados, não estão matriculados em instituições de Ensino Superior e estão desempregados na cidade de Campo Maior",Termo em elaboração,Fomento
PI-EXEC-GOVERNADOR,2023,184/2023,ASSOCIAÇÃO MADRE CABRINI DAS IRMÃS MISSIONÁRIAS DO SAGRADO CORAÇÃO DE JESUS - CENTRO DA JUVENTUDE SANTA CABRINI,"SECRETARIA DE ESTADO DA ASSISTÊNCIA SOCIAL, TRABALHO E DIREITOS HUMANOS - SASC",100000.0,"Implementação do Projeto Cabrini nas Ruas com contratação de pessoal e aquisição de materiais pedagógicos e esportivos para realização de atividades lúdicas, recreativas, esportivas e culturais com 800 crianças e suas famílias nos espaços públicos da região da Vila Irmã Dulce e adjacências, fortalecendo as relações familiares e comunitárias, devolvendo a rua como espaço de lazer",,Fomento
PI-EXEC-GOVERNADOR,2023,183/2023,COOPERATIVA DE TRABALHO DE PRESTAÇÃO DE SERVIÇOS PARA O DESENVOLVIMENTO RURAL SUSTENTÁVEL DA AGRICULTURA FAMILIAR - COOTAPI,SECRETARIA DE ESTADO DA AGRICULTURA FAMILIAR - SAF,116823.0,Apoio financeiro para estruturação de um auditório e espaço de comercialização da Casa da Agricultura Familiar e Economia Solidária (Casa dos Movimentos Sociais do Campo).,Termo em elaboração,Fomento
PI-EXEC-GOVERNADOR,2023,182/2023,ACADEMIA PIAUIENSE DE LETRAS,SECRETARIA DE ESTADO DA CULTURA DO PIAUÍ - SECULT,95000.0,APL EM AÇÃO 2023.​,Termo em elaboração,Fomento
PI-EXEC-GOVERNADOR,2023,181/2023,ASSOCIAÇÃO INSTITUTO NOVA SEMENTE - INSTITUTO NOVA SEMENTE,COORDENADORIA  ESTADUAL DE ENFRENTAMENTO ÀS DROGAS E FOMENTO AO LAZER - CENDFOL ,50000.0,"Aquisição de equipamentos, mobiliários e utensílios para viabilizar melhor organização e qualificar as ações na Associação Instituto Nova Semente.",Termo em elaboração,Fomento
PI-EXEC-GOVERNADOR,2023,180/2023,INSTITUTO PRESENTE (IP),SECRETARIA DE ESTADO DA CULTURA DO PIAUÍ - SECULT,84000.0,Projeto Apoio e Promoção das Obras de Autores Piauienses junto as Escolas Públicas (Leitura PRESENTE: Valorização da Leitura através dos Autores Piauienses),Termo em elaboração,Fomento
PI-EXEC-GOVERNADOR,2023,112/2023,PREFEITURA MUNICIPAL DE DOMINGOS MOURÃO,SECRETARIA DE ESTADO DA AGRICULTURA FAMILIAR - SAF,253323.06,"Apoio financeiro para recuperação de 19,93 km de estradas vicinais na zona rural do município de Domingos Mourão - PI.",Termo em elaboração,
PI-EXEC-GOVERNADOR,2023,179/2023,AMIGOS E PROTETORES DOS ANIMAIS DE PICOS - APAPI ,SECRETARIA DE ESTADO DO  MEIO AMBIENTE E RECURSOS HÍDRICOS - SEMARH,20000.0,"Aquisição de ração para os animais resgatados, abrigados e alimentados pela APAPI. Compra de ração dos animais (cães e gatos) mantidos pela associação, assim com os animais alimentados nas ruas, por estarem nessa condição. (média de 800 animais). Fornecimento de alimento para os animais; Resgate, guarda e tratamento de animais; Controle de natalidade dos animais no município; Alimentar os animais de rua e os abrigados por esta entidade.",,Fomento
PI-EXEC-GOVERNADOR,2023,104/2023,ARTICULAÇÃO PIAUIENSE DE TRAVESTIS E TRANSEXUAIS - APTTRA,SECRETARIA DE ESTADO DA CULTURA DO PIAUÍ - SECULT,30000.0,ENCONTRO NORDESTE CULTURAL LGBT,,Fomento
PI-EXEC-GOVERNADOR,2023,103/2023,ASSOCIAÇÃO CULTURAL JUNINA TERESINA SHOW,SECRETARIA DE ESTADO DA CULTURA DO PIAUÍ - SECULT,150000.0,"REALIZAÇÃO E PRODUÇÃO DO GRUPO JUNINO LUAR DO SÃO JOÃO COM EMENDA DO DEPUTADOR FABIO NOVO, NO VALOR DE R$150.000,00.",,Fomento
PI-EXEC-GOVERNADOR,2023,178/2023,INSTITUTO TROCANDO IDEIA DE TECNOLOGIA SOCIAL INTEGRADA - INST.TR.I,SECRETARIA DE ESTADO DA CULTURA DO PIAUÍ - SECULT,1500000.0,"Celebração de Termo de Cooperação com 01 (uma) Organização da Sociedade Civil com atuação técnico e cultural comprovada, para operacionalização das ações de execução da lei 195/22 (Lei Paulo Gustavo).",,Colaboração
PI-EXEC-GOVERNADOR,2023,177/2023,AMIGOS E PROTETORES DOS ANIMAIS DE PICOS - APAPI ,SECRETARIA DE ESTADO DO  MEIO AMBIENTE E RECURSOS HÍDRICOS - SEMARH,27120.0,"Aquisição de ração para os animais resgatados, abrigados e alimentados pela APAPI. Compra de ração dos animais (cães e gatos) mantidos pela associação, assim com os animais alimentados nas ruas, por estarem nessa condição. (média de 800 animais). Fornecimento de alimento para os animais; Resgate, guarda e tratamento de animais; Controle de natalidade dos animais no município;",,Fomento
PI-EXEC-GOVERNADOR,2023,102/2023,ASSOCIAÇÃO CULTURAL JUNINA TERESINA SHOW,SECRETARIA DE ESTADO DA CULTURA DO PIAUÍ - SECULT,150000.0,PROJETO CULTURAL QUE TEM COMO OBJETIVO A CIRCULAÇÃO DE ESPETÁCULOS DE ARTES CÊNICAS RELACIONADOS A CULTURA,Termo em elaboração,Fomento
PI-EXEC-GOVERNADOR,2023,176/2023,ASSOCIAÇÃO TERESINENSE DE TÊNIS DE MESA,SECRETARIA DE ESTADO DA EDUCAÇÃO -SEDUC,1303800.0,"A consecução de finalidades de interesse público e recíproco, propostas pela Associação Teresinense de Tênis de Mesa, visando fomentar ações sócio educativas e esportivas por meio da inclusão e disseminação da prática esportiva do Tênis de Mesa, com aulas teóricas e práticas em escolas estaduais de tempo integral localizadas em Teresina/PI, beneficiando crianças e adolescentes regularmente matriculados na rede de ensino estadual.",,Fomento
PI-EXEC-GOVERNADOR,2023,175/2023,ASSOCIAÇÃO JUVENTUDE SOLIDÁRIA,"SECRETARIA DE ESTADO DA ASSISTÊNCIA SOCIAL, TRABALHO E DIREITOS HUMANOS - SASC",99987.0,"O projeto ""Casa do Pão Casa da Palavra"" propõe, oferecer formação profissional gratuita em panificação, biscoito e confeitaria para jovens de 15 a 29 anos de idade em situação de vulnerabilidade, que residem em bairros marginalizados, não estão matriculados em instituições de Ensino Superior e estão desempregados na cidade de Campo Maior. Por meio de cursos de panificação, biscoitos e confeitaria, com carga horária de 40h semanais, totalizando 200h mensais, durante dois meses cada curso. O projeto terá duração total de 12 meses (Janeiro a dezembro de 2024). Através de aulas práticas e teóricas, busca capacitar os jovens para o mercado de trabalho e possibilitar oportunidades de empreendimento na área, contribuindo para o desenvolvimento pessoal, a cidadania e a inclusão social desses jovens.",Termo em elaboração,Fomento
PI-EXEC-GOVERNADOR,2023,174/2023,ASSOCIAÇÃO JUVENTUDE SOLIDÁRIA,"SECRETARIA DE ESTADO DA ASSISTÊNCIA SOCIAL, TRABALHO E DIREITOS HUMANOS - SASC",99987.0,"O projeto ""Casa do Pão Casa da Palavra"" propõe, oferecer formação profissional gratuita em panificação, biscoito e confeitaria para jovens de 15 a 29 anos de idade em situação de vulnerabilidade, que residem em bairros marginalizados, não estão matriculados em instituições de Ensino Superior e estão desempregados na cidade de Campo Maior. Por meio de cursos de panificação, biscoitos e confeitaria, com carga horária de 40h semanais, totalizando 200h mensais, durante dois meses cada curso. O projeto terá duração total de 12 meses (Janeiro a dezembro de 2024). Através de aulas práticas e teóricas, busca capacitar os jovens para o mercado de trabalho e possibilitar oportunidades de empreendimento na área, contribuindo para o desenvolvimento pessoal, a cidadania e a inclusão social desses jovens.",Termo em elaboração,Fomento
PI-EXEC-GOVERNADOR,2023,173/2023,ASSOCIAÇÃO DOS CRIADORES E PRODUTORES RURAIS DE BELÉM DO PIAUÍ – ACPRBPI,SECRETARIA DE ESTADO DA AGRICULTURA FAMILIAR - SAF,74860.07,"Apoio financeiro para estruturação de uma unidade de beneficiamento de mandioca na comunidade Carqueijo, zona rural de Belém do Piauí - PI.",Termo em elaboração,Fomento
PI-EXEC-GOVERNADOR,2023,172/2023,INSTITUTO DE DESENVOLVIMENTO ECONÔMICO E INCENTIVO A EDUCAÇÃO E CULTURA - INSTITUTO AVANCE,SECRETARIA DE ESTADO DA AGRICULTURA FAMILIAR - SAF,300000.0,"Apoio Financeiro para Gestão Social, Inclusão Produtiva e Dinamização Econômica de Empreendimentos Coletivos da Agricultura Familiar e Economia Solidária.",,Fomento
PI-EXEC-GOVERNADOR,2023,171/2023,CENTRO DE FORMAÇÃO EDUCACIONAL PARA CONVIVÊNCIA COM O SEMIÁRIDO - CEFESA,SECRETARIA DE ESTADO DA AGRICULTURA FAMILIAR - SAF,148429.02,"EDITAL DE CHAMAMENTO PÚBLICO N° 001/2023: ​​A Secretaria de Estado da Agricultura Familiar - SAF, no uso de suas atribuições legais e considerando o disposto na Lei Federal n° 13.019/2014 e Decreto Estadual 17.083/2014, por meio da comissão permanente de chamamento público conforme portaria n° 12/2023 GAB/SAF-PI de 31 de janeiro de 2023, publicada no DOE de 10 de fevereiro de 2023, ed 32, pg 27, torna público as organizações da sociedade civil - OSCs interessadas, que através deste edital, esta procedendo o chamamento público, visando a seleção de entidades sem fins lucrativos para firmar parceria por meio de termo de colaboração para a execução do programa de desenvolvimento da caprinocultura Leitera na Comunidade Alto Sereno.",,Colaboração
PI-EXEC-GOVERNADOR,2023,170/2023,INSTITUTO DE DESENVOLVIMENTO ECONÔMICO E INCENTIVO A EDUCAÇÃO E CULTURA - INSTITUTO AVANCE,SECRETARIA DE ESTADO DA AGRICULTURA FAMILIAR - SAF,50000.0,Apoio financeiro para realização de projeto de geração de emprego e renda na Agricultura Familiar: da qualificação à assistência técnica e extensão rural.,,Fomento
PI-EXEC-GOVERNADOR,2023,169/2023,ASSOCIAÇÃO DAS PESSOAS COM DEFICIENCIA DE PAULISTANA E REGIÃO,SECRETARIA  DE ESTADO PARA INCLUSÃO DA PESSOA  COM DEFICIÊNCIA - SEID,150000.0,Construção e compra de materiais para uma Panificadora.,,Fomento
PI-EXEC-GOVERNADOR,2023,168/2023,"ASSOCIAÇÃO JORNADA DE EDUCAÇÃO, ESPORTE E FOMENTO SOCIAL - AJEF",SECRETARIA DE ESTADO DA EDUCAÇÃO -SEDUC,1442990.0,"A consecução de finalidades de interesse público e recíproco, propostas pela Associação de Judô Expedito Falcão, visando fomentar ações sócio educativas e esportivas por meio da inclusão e disseminação da prática esportiva das modalidades de luta Judô, Capoeira, Jiu Jitsu e Boxe, com aulas teóricas e práticas, nas escolas estaduais de tempo integral, sendo 32 (trinta e duas) em Teresina/PI e 01 (uma) em Picos/PI, bem como o Centro de Artes Marciais Sarah Menezes (Comunidade), beneficiando crianças e adolescents regularmente matriculados na rede de ensino estadual, beneficiando a comunidade geral de Teresina/PI, principalmente crianças e adolescentes.",,Fomento
PI-EXEC-GOVERNADOR,2023,167/2023,CARITAS ARQUIDIOCESANA DE TERESINA,"SECRETARIA DE ESTADO DA ASSISTÊNCIA SOCIAL, TRABALHO E DIREITOS HUMANOS - SASC",200000.0,"Realização de atividades formativa, integrativa e comunitária através de acompanhamento de 50 famílias em situação de vulnerabilidade e pessoas em situação de ruas, por meio de realizações de atividades acompanhamento multidisciplinar e capacitações, bem como a integração e a troca de experiências entre os participantes, a fim de favorecer o desenvolvimento comunitário e relação os rede socioassistencial.",,Fomento
PI-EXEC-GOVERNADOR,2023,166/2023,INSTITUTO DA MULHER NEGRA DO PIAUÍ  - AYABAS,SECRETARIA DE ESTADO DAS MULHERES - SEMPI,300000.0,"Realização do projeto ""Resistência Negra: FIOS DA ANCESTRALIDADE"", através do programa ""Elas Empreendem"", como meio de capacitação profissional de mulheres e valorização da diversidade cultural piauiense. Os cursos de capacitação serão realizados dentro de comunidades quilombolas em 06 municípios do estado do Piauí e em 04 (quatro) bairros escolhidos, dentro da capital do Piauí.O projeto pretende fazer uma integração entre a cidade e o quilombo de forma a trazer o conhecimento da realidade e historicidade que rodeiam o quilombo, dessa forma contemplando no roteiro histórico do município e gerando emprego e renda para a comunidade.",,Fomento
PI-EXEC-GOVERNADOR,2023,111/2023,FUNDAÇÃO WALL FERRAZ,SECRETARIA DE ESTADO DA EDUCAÇÃO -SEDUC,3312282.4,"ESTABELECIMENTO DE RELAÇÕES CONJUNTAS E APOIO MÚTUO E A SEDUC, DENTRO DE SUAS ESFERAS DE COMPETÊNCIA E ESPECIALIZAÇÃO, PARA IMPLEMENTAR E DESENVOLVER O PROJETO COM O OBJETIVO DE PROMOVER A INTEGRAÇÃO AO MUNDO DO TRABALHO DA PESSOA ALFABETIZADA NOS PROGRAMAS DE ALFABETIZAÇÃO DE JOVENS E ADULTOS DO ENSINO MÉDIO DA SEDUC, ATRAVÉS DOS CURSOS DE CAPACITAÇÃO E QUALIFICAÇÃO PROFISSIONAL DA FWF, VISANDO A INTEGRAÇÃO DESTES NO MERCADO DE TRABALHO POSSIBILITANDO A GERAÇÃO DE EMPREGO E RENDA.",Termo em elaboração,
PI-EXEC-GOVERNADOR,2023,110/2023,PREFEITURA MUNICIPAL DE VILA NOVA DO PIAUÍ,SECRETARIA DE ESTADO DA DEFESA CIVIL - SEDEC,100000.0,"CONVÉNIO FIRMADO ENTRA A SECRETARIA ESTADUAL DE DEFESA CIVIL-SEDEC E A PREFEITURA MUNICIPAL DE VILA NOVA DO PIAUÍ, PARA RECUPERAÇÃO DE ESTRADAS VICINAIS NO MUNICÍPIO DE VILA NOVA DO PIAUÍ.",Termo em elaboração,
PI-EXEC-GOVERNADOR,2023,109/2023,PREFEITURA MUNICIPAL DE FLORESTA DO PIAUÍ,SECRETARIA DE ESTADO DA DEFESA CIVIL - SEDEC,270000.0,"CONVÉNIO FIRMADO ENTRA A SECRETARIA ESTADUAL DE DEFESA CIVIL-SEDEC E A PREFEITURA MUNICIPAL DE FLORESTA DO PIAUÍ, PARA RECUPERAÇÃO DE ESTRADAS VICINAIS NO MUNICÍPIO DE FLORESTA DO PIAUÍ.",Termo em elaboração,
PI-EXEC-GOVERNADOR,2023,108/2023,PREFEITURA MUNICIPAL DE CARIDADE DO PIAUÍ,SECRETARIA DE ESTADO DA DEFESA CIVIL - SEDEC,150007.05,"CONVÉNIO FIRMADO ENTRA A SECRETARIA ESTADUAL DE DEFESA CIVIL-SEDEC E A PREFEITURA MUNICIPAL DE CARIDADE DO PIAUÍ, PARA RECUPERAÇÃO DE ESTRADAS VICINAIS NO MUNICÍPIO DE CARIDADE DO PIAUÍ.",Termo em elaboração,
PI-EXEC-GOVERNADOR,2023,107/2023,PREFEITURA MUNICIPAL DE AROEIRAS DO ITAIM,SECRETARIA DE ESTADO DA DEFESA CIVIL - SEDEC,250000.0,"CONVÊNIO FIRMADO ENTRE A SECRETARIA ESTADUAL DE DEFESA CIVIL E A PREFEITURA DE AROEIRAS DO ITAIM, PARA RECUPERAÇÃO DE ESTRADAS VICINAIS DO MUNICÍPIO DE AROEIRAS DO ITAIM.",Termo em elaboração,
PI-EXEC-GOVERNADOR,2023,106/2023,PREFEITURA MUNICIPAL DE AROAZES,SECRETARIA DE ESTADO DA DEFESA CIVIL - SEDEC,250000.0,"CONVÉNIO FIRMADO ENTRE A SECRETARIA ESTADUAL DE DEFESA CIVIL E A PREFEITURA DE AROAZES, PARA A RECUPERAÇÃO DE ESTRADAS VICINAIS NAS LOCALIDADES RURAIS DO MUNICÍPIO DE AROAZES.",Termo em elaboração,
PI-EXEC-GOVERNADOR,2023,105/2023,PREFEITURA MUNICIPAL DE ITAINÓPOLIS,SECRETARIA DE ESTADO DA DEFESA CIVIL - SEDEC,250000.0,RECUPERAÇÃO DE ESTRADAS VICINAIS NO MUNICÍPIO DE ITAINÓPOLIS.,Termo em elaboração,
PI-EXEC-GOVERNADOR,2023,165/2023,FUNDAÇÃO EDUCACIONAL MANDACARU – FEMAN,SECRETARIA DE ESTADO DA EDUCAÇÃO -SEDUC,291833.0,"Enfrentamento da vulnerabilidade social de crianças e jovens no município de Teresina contribuindo para a inserção e o acompanhamento no sistema educacional, assistência psicossocial, objetivando o fortalecimento dos laços familiares e educacionais. Realização de um Projeto de Interveção Social, para melhorias da aprendizagem e da autoestima das crianças e jovens de baixa renda, com o intuito de inseri-los no contexto socioeconômico, combater a violência doméstica/familiar e a desigualdade social, para que seja possível o exercício pleno da cidadania, com bem preceitua a constituição de 1988, determinada de ""Cidadã.""",,Fomento
PI-EXEC-GOVERNADOR,2023,164/2023,INSTITUTO DE GESTÃO E DESENVOLVIMENTO SOCIAL - IGDS,SECRETARIA DE ESTADO DA CULTURA DO PIAUÍ - SECULT,100000.0,"O presente projeto tem como objetivo principal a inclusão sociocultural e produtiva, a formação de gestores culturais e empreendedores fortalecendo a cultura piauiense através de ações artísticas, culturais e educativas.",,Fomento
PI-EXEC-GOVERNADOR,2023,163/2023,COOPERATIVA DE TRABALHO DE PRESTAÇÃO DE SERVIÇOS PARA O DESENVOLVIMENTO RURAL SUSTENTÁVEL DA AGRICULTURA FAMILIAR - COOTAPI,SECRETARIA DE ESTADO DA AGRICULTURA FAMILIAR - SAF,180000.0,"Apoio financeiro para a realização de feiras e eventos nos territórios dos Cocais, Carnaubais e Chapa do Vale do Itaim, para o fortalecimento da Agricultura Familiar no estado do Piauí.",,Colaboração
PI-EXEC-GOVERNADOR,2023,104/2023,PREFEITURA MUNICIPAL DE ESPERANTINA,SECRETARIA DE INTEGRAÇÃO E DESENVOLVIMENTO REGIONAL - SIDERPI,2525000.0,"EXECUÇÃO DE 31.249,99M² EM PAVIMENTAÇÃO ASFÁLTICA NA ZONA URBANA DO MUNICÍPIO DE ESPERANTINA-PI",Termo em elaboração,
PI-EXEC-GOVERNADOR,2023,162/2023,FUNDAÇÃO TAQUARI ,SECRETARIA DE ESTADO DA EDUCAÇÃO -SEDUC,2300000.0,"Trabalhar o Projeto O ESPORTE, com a Secretaria da Educação para realização do Projeto Acelerar e Esporte é Vida, cujo objeto Cooperação Financeira em forma de subvenção social, para o custeio para trabalhar o Projeto Esporte, através de atividades físicas, buscando potencializar as ações dos jovens, através de aulas de Zumba 500 alunos, escolinhas de futebol 1.000 alunos, Handebol 500 alunos, vôlei 500 alunos e Futsal 1.000 alunos da Fundação Taquari. O projeto "" ESPORTE É VIDA"" é um programa sócio esportivo, que apresenta uma proposta educativa baseada no conceito de esporte para o desenvolvimento, potencializando as ações de ensino e aprendizagem, complementando as ações e o desenvolvimento de políticas de enfrentamento da vulnerabilidade social, fortalecendo os vínculos sociais e familiares, driblando desigualdades. As atividades acontecem durante a semana e nos fins de semana, distribuindo as turmas nos três turnos, manhã, tarde e noite, na quadra poliesportiva da Fundação Taquari e no Campo de futebol do residencial Taquari e nas demais localidades de Teresina. O Projeto pretende atender 3.500 alunos",,Fomento
PI-EXEC-GOVERNADOR,2023,161/2023,AÇÃO SOCIAL ARQUIDIOCESANA - ASA,"SECRETARIA DE ESTADO DA ASSISTÊNCIA SOCIAL, TRABALHO E DIREITOS HUMANOS - SASC",95726.0,"Aquisição de veículo utilitário, tipo pick-up, para viabilizar e suprir a necessidade de transporte das demandas dos serviços executados pela ASA.",,Fomento
PI-EXEC-GOVERNADOR,2023,160/2023,AÇÃO SOCIAL ARQUIDIOCESANA - ASA,"SECRETARIA DE ESTADO DA ASSISTÊNCIA SOCIAL, TRABALHO E DIREITOS HUMANOS - SASC",54273.0,"Fomento para compra de alimentação para atender às necessidades de 04 Serviços da ASA, que são: Casa de Zabelê, SCFV lntegrar, SCFV Nov@s Menin@s e ILP Lar de Santana.",,Fomento
PI-EXEC-GOVERNADOR,2023,155/2023,FUNDAÇÃO DR. ROOSEVELT BASTOS,"SECRETARIA DE ESTADO DA ASSISTÊNCIA SOCIAL, TRABALHO E DIREITOS HUMANOS - SASC",399664.7,"O projeto propõe a realização de 05 (cinco) seminários regionais, com o intuito de Construir os Planos de Proteção, Promoção e Defesa dos Direitos da Criança e do Adolescente a Convivência Familiar e Comunitária e o Plano da Primeira Infância, definindo as diretrizes, ações, metas,com indicadores de monitoramento das políticas públicas direcionadas ao cumprimento dos direitos das crianças e adolescentes. O supracitado seminários serão realizados por meio de aquisição de materiais de consumo e equipamentos, contratação de serviço de terceiro – pessoa jurídica, contratação de serviços de terceiro-pessoa física e pagamento de diárias necessários para sua execução do projeto, no período de 6 (seis) meses.",,Colaboração
PI-EXEC-GOVERNADOR,2023,154/2023,ASSOCIAÇÃO SOLIDÁRIA DE DESENVOLVIMENTO HUMANO -  ASDH ,"SECRETARIA DE ESTADO DA ASSISTÊNCIA SOCIAL, TRABALHO E DIREITOS HUMANOS - SASC",199993.0,"Realização de mobilização das lideranças locais e organizações sociais para a criação e implementação dos Fóruns DCA s municipais em 24 munícipios do Piauí, bem como os seminários nos municípios para orientar as organizações sociais na criação dos fóruns DCA s municipais.",,Colaboração
PI-EXEC-GOVERNADOR,2023,153/2023, ASSOCIAÇÃO DOS MORADORES DA COMUNIDADE VALPARAISO MUNICIPIO DE PICOS - PI,"SECRETARIA DE ESTADO DA ASSISTÊNCIA SOCIAL, TRABALHO E DIREITOS HUMANOS - SASC",97643.6,"O projeto propõe a implantação de 20 aviários para criação de galinha caipira, na Comunidade Valparaíso, em Picos - PI, para atender 20 (vinte) produtores e seus familiares, por meio de aquisição de material de consumo e contratação de serviços pessoa física, no período de 6 (seis) meses, com enfoque na apropriação, avaliação e adaptação de novas tecnologias de exploração e de desenvolvimento integrado das atividades de produção e comercialização de galinha caipira, que possibilite a geração de renda e a melhoria das condições de vida digna e o padrão alimentar das famílias.",,Colaboração
PI-EXEC-GOVERNADOR,2023,152/2023,ASSOCIAÇÃO DOS PEQUENOS PRODUTORES RURAIS DE EMPAREDADA BETÂNIA ,"SECRETARIA DE ESTADO DA ASSISTÊNCIA SOCIAL, TRABALHO E DIREITOS HUMANOS - SASC",99893.36,"Devido o ponto de colheita dos frutos chegarem de uma so vez , a falta de equipamentos acaba prejudicando o produtor, com a perda de frutas. Com o Projeto as aquisições dos equipamentos tem o beneficiamento e armazenamento das polpas minimizando as percas de frutas e maximizando a renda das familias.",Termo em elaboração,Colaboração
PI-EXEC-GOVERNADOR,2023,151/2023,ASSOCIAÇÃO DOS PEQUENOS PRODUTORES RURAIS DO POVOADO AVE VERDE - ASPROVERDE,"SECRETARIA DE ESTADO DA ASSISTÊNCIA SOCIAL, TRABALHO E DIREITOS HUMANOS - SASC",99995.0,"O projeto propõe a implantação de produção orgânica de hortaliças, na Comunidade Ave Verde, em Teresina - PI, para atender 30 (trinta) produtores e seus familiares, por meio de aquisição de material permanente, locação de máquina pesada retroescavadeira, locação de máquina tipo trator agrícola, montagem de sistemas de irrigação por gotejamento, numa área de 2.000 m², no período de 6 (seis) meses, com enfoque na apropriação, avaliação e adaptação de novas tecnologias de exploração e de desenvolvimento integrado das atividades de produção e comercialização de hortaliça, que possibilite a geração de renda e a melhoria das condições de vida digna e o padrão alimentar das famílias.",,Colaboração
PI-EXEC-GOVERNADOR,2023,150/2023,COOPERATIVA DE TRABALHO DE PRESTAÇÃO DE SERVIÇOS PARA O DESENVOLVIMENTO RURAL SUSTENTÁVEL DA AGRICULTURA FAMILIAR - COOTAPI,"SECRETARIA DE ESTADO DA ASSISTÊNCIA SOCIAL, TRABALHO E DIREITOS HUMANOS - SASC",99997.8,"A realidade da mulher rural se confronta cotidianamente na realização de atividades de cuidados com os filhos (a)s e companheiros, além das atividades que realizam ao redor de casa e na roça, podendo ser divididas em produtivas, reprodutivas e domésticas, se tornando naturalizadas como de responsabilidade estrita das mulheres, tornando seu trabalho (re) produtivo como ajuda das atividades realizadas pelos homens, obtendo uma menor remuneração, em comparação às atividades masculinas. Isso também acarreta num acúmulo de atividades e com uma dupla jornada de trabalho muitas mulheres rurais não conseguem participar de eventos ou dos espaços públicos e políticos como os sindicatos rurais, reuniões,sendo excluídas de espaços de participação política e dificultando o acesso a direitos sociais.",,Colaboração
PI-EXEC-GOVERNADOR,2023,149/2023,ASSOCIAÇÃO DE MORADORES DO POVOADO ÁRVORES VERDES E COMUNIDADES ADJACENTES,"SECRETARIA DE ESTADO DA ASSISTÊNCIA SOCIAL, TRABALHO E DIREITOS HUMANOS - SASC",99924.0,"Ofertar cursos profissionalizantes nas áreas da agricultura familiar, bombeira hidráulico, cuidadora de idoso e manicure e pedicure, destinados às mulheres do povoado Árvores Verdes e comunidades adjacentes, com o intuito de fomentar a geração de renda e o empoderamento feminino",,Colaboração
PI-EXEC-GOVERNADOR,2023,148/2023,"ASSOCIAÇÃO DE DESENVOLVIMENTO COMUNITÁRIO DOS MORADORES DAS COMUNIDADES CACHOEIRA, JENIPAPEIRO, CANTO DOS BOIS E JARDIM","SECRETARIA DE ESTADO DA ASSISTÊNCIA SOCIAL, TRABALHO E DIREITOS HUMANOS - SASC",99998.8,"A atividade de suinocultura praticada hoje pela comunidade é extensiva, com manejo minimo, o que faz com que tenham animais com baixo rendimento de carcaça e carne de baixa qualidade, fazendo com que a atividade não seja rentável. O objetivo dessa proposta é melhorar as instalações, que hoje são inadequadas. Capacitar os produtores e suas familias para que possam assim, melhorar o manejo dos animais.",,Colaboração
PI-EXEC-GOVERNADOR,2023,147/2023,INSTITUTO AVANTE DE JUVENTUDE - INSTITUTO AVANTE ,"SECRETARIA DE ESTADO DA ASSISTÊNCIA SOCIAL, TRABALHO E DIREITOS HUMANOS - SASC",99999.29,Realização de ações que possibilitem o acesso à arte e cultura como uma ferramenta educacional através da realização das oficinas de música e arte cênica (teatro e artes circenses) para 90 crianças e adolescentes do assentamento 8 de março a fim de promover a integração com meios culturais.,,Colaboração
PI-EXEC-GOVERNADOR,2023,146/2023,ASSOCIAÇÃO DE MULHERES ARTESÃS DE ESPERANTINA - AMAE,"SECRETARIA DE ESTADO DA ASSISTÊNCIA SOCIAL, TRABALHO E DIREITOS HUMANOS - SASC",78655.24,"Contribuir para a melhoria das condições de vida e aumento na renda, através de investimentos na capacitação, produção , comercialização, aquisição de insumos e criação de uma marca personalizada aos produtos de 30 mulheres beneficiárias da Associação de mulheres artesãs de Esperantina- AMAE/PI.",,Colaboração
PI-EXEC-GOVERNADOR,2023,145/2023,ASSOCIAÇÃO COMUNITÁRIA PARA O DESENVOLVIMENTO DO VALE DO GUARIBAS - FAMCC ,"SECRETARIA DE ESTADO DA ASSISTÊNCIA SOCIAL, TRABALHO E DIREITOS HUMANOS - SASC",94599.6,"O projeto pretende desenvolver técnicas de manejo para os pequenos prodtores rurais no sistema de criação de ovinos, pasto e de confinamento dos animais , estimulando a ovinocultura na localidade Cipauba, município de Picos PI, onde será distribuído 5 matrizes e 1 reprodutor, por família beneficiaria, em um total de quinze familias, abrangendo pelo menos 45 entes dessas familias beficiadas.",,Colaboração
PI-EXEC-GOVERNADOR,2023,144/2023,INSTITUTO DE DESENVOLVIMENTO ECONÔMICO E INCENTIVO A EDUCAÇÃO E CULTURA - INSTITUTO AVANCE,"SECRETARIA DE ESTADO DA ASSISTÊNCIA SOCIAL, TRABALHO E DIREITOS HUMANOS - SASC",77160.0,"A presente proposta traz como objeto o fomento às oportunidades produtivas para mulheres em situação de vulnerabilidade social, ocasionadas pela extrema pobreza. Aproveitando a forma de comércio que se mostrou viável nesse período de pandemia, o comércio virtual, este projeto desenvolverá com essas mulheres um trabalho de capacitação, através de oficinas para a confecção de produtos artesanais e a viabilidade de comercialização através de uma loja virtual que levará o nome do projeto, até posterior aquisição de espaço próprio para exposição dos produtos. As oficinas ofertadas serão: Oficina para produção de utilidades domésticas com chita (decorar panos de prato, confeccionar sousplat, jogos americanos, cases para notebookes).",,Colaboração
PI-EXEC-GOVERNADOR,2023,143/2023,ASSOCIAÇÃO DE PAIS E AMIGOS DOS EXCEPCIONAIS DE INHUMA - PI,"SECRETARIA DE ESTADO DA ASSISTÊNCIA SOCIAL, TRABALHO E DIREITOS HUMANOS - SASC",99139.0,"Proporcionar aos alunos da APAE de Inhuma um conhecimento sobre a arte popular a fim de mostrar seus valores e suas manifestações. Reconhecer que essa clientela e seus familiares também são produtores de cultura e podem manifestar seus costumes e crenças através da arte. Desenvolver a criatividade do aluno em um ambiente favorável ao fazer artístico comprometido com a contextualização e o manuseio de materiais diversos. Estabelecer um vínculo com as artes plásticas, reconhecendo que todos em uma comunidade são capazes de se manifestarem artisticamente, em âmbito municipal e estadual.",,Colaboração
PI-EXEC-GOVERNADOR,2023,142/2023,CENTRO DE ORGANIZAÇÃO COMUNITÁRIA E APOIO A INCLUSÃO SOCIAL - COCAIS ,"SECRETARIA DE ESTADO DA ASSISTÊNCIA SOCIAL, TRABALHO E DIREITOS HUMANOS - SASC",99989.3,"Apoio para o fortalecimento das organizações produtivas das mulheres urbanas e rurais, fomentando a participação nos espaços de gestão social, contribuindo para a consolidação da autonomia econômica e ampliação do protagonismo das mulheres do território dos cocais.",,Colaboração
PI-EXEC-GOVERNADOR,2023,141/2023,ASSOCIAÇÃO DOS REMANECENTES DE QUILOMBOLOS DA COMUNIDADE ANGICAL,"SECRETARIA DE ESTADO DA ASSISTÊNCIA SOCIAL, TRABALHO E DIREITOS HUMANOS - SASC",89800.0,"O projeto propõe a implantação de um sistema de produção de goma e farinha de mandioca, na Comunidade Angical, em Colônia do Piauí-PI, para atender 23 (vinte e très) produtores e seus familiares, por meio de aquisição de material permanente e capacitação para as famílias, no período de 12 (doze) meses, com enfoque na apropriação, avaliação e adaptação de novas tecnologias de exploração e de desenvolvimento integrado das atividades de produção e comercialização de goma e farinha, que possibilite a geração de renda e a melhoria das condições de vida digna e o padrão alimentar das famílias.",,Colaboração
PI-EXEC-GOVERNADOR,2023,140/2023,ASSOCIAÇÃO DOS AGRICULTORES E AGRICULTORAS FAMILIARES DA COMUNIDADE PARAGUAI,"SECRETARIA DE ESTADO DA ASSISTÊNCIA SOCIAL, TRABALHO E DIREITOS HUMANOS - SASC",99947.16,"O projeto propõe a implementação de tecnologias mínimas de produção, na Comunidade Paraguai, em Colônia do Piauí-PI, para atender 21 (vinte e um) produtores e seus familiares, por meio de aquisição de material permanente (aquisição de sistema fotovoltaico e sistema de irrigação) e capacitação para as famílias, no período de 12 (doze) meses, com enfoque na apropriação, avaliação e adaptação de novas tecnologias de exploração e de desenvolvimento integrado das atividades de produção e comercialização, que possibilite a geração de renda e a melhoria das condições de vida digna e o padrão alimentar das famílias.",,Colaboração
PI-EXEC-GOVERNADOR,2023,139/2023,COMUNIDADE TERAPÊUTICA DA FAZENDA ÁGAPE-MATRIZ,"SECRETARIA DE ESTADO DA ASSISTÊNCIA SOCIAL, TRABALHO E DIREITOS HUMANOS - SASC",99997.44,"Promover o acesso á Cultura através da música, aulas de violão e outros instrumentos musicais aos acolhidos na CT Fazenda Ágape.",,Colaboração
PI-EXEC-GOVERNADOR,2023,138/2023,ASSOCIAÇÃO DOS PEQUENOS PRODUTORES RURAIS DE MÃE D'AGUA,"SECRETARIA DE ESTADO DA ASSISTÊNCIA SOCIAL, TRABALHO E DIREITOS HUMANOS - SASC",99995.0,"O projeto propõe a implantação de roça comunitária orgânica de hortaliças e banana, no Povoado Mãe-D’água, em Novo Oriente - PI, para atender 13 (treze) produtores e seus familiares, por meio de aquisição de material permanente, locação de máquina pesada retroescavadeira, locação de máquina tipo trator agrícola, montagem de sistemas de irrigação por gotejamento, numa área de 2.000 m², no período de 6 (seis) meses, com enfoque na apropriação, avaliação e adaptação de novas tecnologias de exploração e de desenvolvimento integrado das atividades de produção e comercialização de hortaliça e banana, que possibilite a geração de renda e a melhoria das condições de vida digna e o padrão alimentar das famílias.",,Colaboração
PI-EXEC-GOVERNADOR,2023,137/2023,ASSOCIAÇÃO COMUNITÁRIA DOS MORADORES DAS LOCALIDADES CALDEIRÃO DO SACO CAATINGA DO SITIO ACEIRO E EMA,"SECRETARIA DE ESTADO DA ASSISTÊNCIA SOCIAL, TRABALHO E DIREITOS HUMANOS - SASC",99998.0,"Promover a inclusão produtiva de 30 (trinta) familias nas localidades Caldeirão do saco, Caatinga do Sitio, Aceiro e Ema, a partir da implantação da atividade de criação de galinhas caipiras da raça canela preta, para garantir uma alternativa de geração de renda e ocupação de mão-de-obra familiar nas comunidades. A grande dificuldade enfrentada pela maioria das famílias de agricultores familiares é a fragilidade nos meios de geração de renda, sobretudo no momento atual em que vivenciamos uma grave pandemia que afeta a todos, e de maneira mais severa, as familias mais vulneráveis economicamente. Para isso, o projeto vai atender a 30 (trinta) familias, sendo 18 (dezoito) mulheres e 12 (doze) homens das comunidades, através da aquisição 900 galinhas e 60 galos caipiras da raça.",,Colaboração
PI-EXEC-GOVERNADOR,2023,136/2023,ASSOCIAÇÃO CULTURAL ACORDES DO CAMPESTRE,"SECRETARIA DE ESTADO DA ASSISTÊNCIA SOCIAL, TRABALHO E DIREITOS HUMANOS - SASC",90858.68,"Despertar o interesse dos participantes pela música regional e através dessa arte desenvolver as potencialidades de cada um, com ações associadas a um suporte educacional a fim de minimizar as dificuldades no acompanhamento de aulas remotas e ainda complementar a alimentação dos participantes e das suas famílias, promovendo um alento em meio às dificuldades atuais.",,Colaboração
PI-EXEC-GOVERNADOR,2023,135/2023,ASSOCIAÇÃODO DESENVOLVIMENTOCOMUNITARIO DE SANTO ANTONIO,"SECRETARIA DE ESTADO DA ASSISTÊNCIA SOCIAL, TRABALHO E DIREITOS HUMANOS - SASC",95935.4,"O projeto é composto por uma aquisição de kits para apicultores e capacitação sobre temas específicos voltados a cadeia produtivas da Apicultura, integrado com a temática do empreededorismo. A capacitação visa a todos os membros da Associação e ainda será trabalhada de forma planejada temáticas específicas para os dois grupos de jovens e das mulheres. Pelo potencial de geração de trabalho e renda que a cadeia produtiva da apicultura possui, seu desenvolvimento de forma sustentável pode constituir importante mecanismo econômico e social de amplos segmentos da população rural, que formam a maior parcela entre os trabalhadores dessa atividade. Espera-se ainda que com a aquisição das colméias haja uma melhoria na qualidade dos processos de produção nas cadeias da Apicultura.",,Colaboração
PI-EXEC-GOVERNADOR,2023,134/2023,ASSOCIAÇÃO CAMPONESA DO ESTADO PIAUÍ E BAHIA,"SECRETARIA DE ESTADO DA ASSISTÊNCIA SOCIAL, TRABALHO E DIREITOS HUMANOS - SASC",100000.0,"A ACEPIBA vêm desenvolvendo o trabalho de resgate, produção, melhoramento e multiplicação de sementes e mudas crioulas, variedades e locais na região sul do Piauí desde 2005. O trabalho inicia com 30 famílias e atualmente, já possui mais de 60 famílias envolvidas no trabalho com as sementes na região, especialmente as sementes de milho, feijão, arroz e mudas de mandioca. Importante ressaltar que já foram produzidos e comercializados mais de 100 toneladas de sementes de milho e feijão através desse trabalho desenvolvido.",,Colaboração
PI-EXEC-GOVERNADOR,2023,133/2023,INSTITUTO DE REINSERÇÃO SOCIAL - IRES,"SECRETARIA DE ESTADO DA ASSISTÊNCIA SOCIAL, TRABALHO E DIREITOS HUMANOS - SASC",99999.82,"O projeto propõe a realização de 10 (dez) Oficinas de Práticas Esportivas e Socioeducativas, com o intuito de prevenir o consumo e o tráfico de drogas, para adolescentes e jovens em situação de vulnerabilidade de social, no Bairro Barro Vermelho, no município de São João do Piauí, no período de 10 (dez) meses.",,Colaboração
PI-EXEC-GOVERNADOR,2023,132/2023,GRUPO OFICINA DA VIDA - FUNDAÇÃO DO GRUPO OFICINA DA VIDA ,"SECRETARIA DE ESTADO DA ASSISTÊNCIA SOCIAL, TRABALHO E DIREITOS HUMANOS - SASC",98754.5,"Implantação de horta terapêutica, viveiro de plantas de pequenos porte e plantas aromáticas de forma integrada, na Comunidade Terapêutica Oficina da Vida, como instrumento de valorização do autocuidado, da geração de renda e oportunidades para os acolhidos.",,Colaboração
PI-EXEC-GOVERNADOR,2023,131/2023,ASSOCIAÇÃO COMUNITÁRIA DE RÁDIO DE SÃO JOÃO DO PIAUI,"SECRETARIA DE ESTADO DA ASSISTÊNCIA SOCIAL, TRABALHO E DIREITOS HUMANOS - SASC",96087.18,"A Cultura sanjoanense é rica em diversidade, com ênfase nas de matriz africana, porém, muitos elementos vêm desaparecendo, correndo o risco de total extinção. Isso ocorre devido a falta de apoio técnico e financeiro para consolidação da identidade cultural, obrigando os detentores destes bens a buscarem formas de sobrevivência em outras atividades. Especialmente as atividades de matriz africana são atacadas pelo preconceito, levando comunidades a mergulharem no isolamento, causando desinteresse de jovens, e afastamento entre gerações e enfraquecimento da vida cultural no município. Com a pandemia causada pela COVI -19 este cenário se agravou, causando a paralisação total de atividades, dificuldades de sobrevivência dos agentes culturais e imposição de outras forma",,Colaboração
PI-EXEC-GOVERNADOR,2023,130/2023,ASSOCIAÇÃO DE PAIS E AMIGOS DOS EXCEPCIONAIS - APAE DE ILHA GRANDE,"SECRETARIA DE ESTADO DA ASSISTÊNCIA SOCIAL, TRABALHO E DIREITOS HUMANOS - SASC",92687.02,"O projeto propõe a realização de atividades de qualificação as pessoas com deficiência e suas famílias através de capacitação voltadas para a produção do artesanato de utilitários, com o intuito de potencializar as habilidades das pessoas com deficiência e suas variações, como também de seus responsáveis, em situação de vulnerabilidades, atendidos(as) na APAE, visando o fomento da autonomia, o incremento da renda e do fortalecimento de vínculos, no município de Ilha Grande, no período de 4 (quatro) meses.",,Colaboração
PI-EXEC-GOVERNADOR,2023,129/2023,INSTITUTO PROJETANDO O RESGATE DA CIDADANIA DE CRIANÇAS E ADOLESCENTES-PREÇA,"SECRETARIA DE ESTADO DA ASSISTÊNCIA SOCIAL, TRABALHO E DIREITOS HUMANOS - SASC",99735.95,"Levar a comunidades carentes do Grande Promorar, Zona Sul de Teresina, oportunidades de acessibilidade, promoção social e acesso à cultura e a arte, a partir das necessidades apontadas pela juventude local, através das demandas dos jovens, criando e/ou fortalecendo suas redes socioassistenciais de apoio.",,Colaboração
PI-EXEC-GOVERNADOR,2023,128/2023,FUNDAÇÃO DR. ROOSEVELT BASTOS,"SECRETARIA DE ESTADO DA ASSISTÊNCIA SOCIAL, TRABALHO E DIREITOS HUMANOS - SASC",100000.0,"O projeto Empreender Social é destinado a pequenos empreendedores na cidade de Teresina, no sentido de promover atividades e palestras, além de exposições. Propõe-se a apresentar o que é empreendedorismo e como desenvolver e estimular habilidades empreendedoras, além de divulgar as pequenas produções de grupos e associações locais. Objetiva-se que os participantes incorporem novos conhecimentos, valores e habilidades capazes de contribuir para atitudes empreendedoras, estimulando a criatividade e o desenvolvimento dos grupos produtivos.",,Colaboração
PI-EXEC-GOVERNADOR,2023,127/2023,"FUNDAÇÃO CULTURAL E DE FOMENTO Á PESQUISA, ENSINO, EXTENSÃO E INOVAÇÃO - FADEX",SECRETARIA  DE ESTADO PARA INCLUSÃO DA PESSOA  COM DEFICIÊNCIA - SEID,563138.0,Realizar detecção de déficits visuais em crianças e adolescentes para promover a saúde visual por meio de consultas e exames para identificação de erros refrativos,,Colaboração
PI-EXEC-GOVERNADOR,2023,126/2023,ASSOCIAÇÃO BENEFICENTE GIULIANO ESPORTE CLUBE - ABGEC,SECRETARIA DE ESTADO DA EDUCAÇÃO -SEDUC,109966.68,"O presente Termo de Fomento tem por objeto a cooperação financeira, em forma de Subvenção Social, utilizando o handebol e prática esportiva na academia como instrumento de inclusão social e educacional, promovendo saúde com vistas a melhoria da qualidade de vida entre 60 (sessenta) adolescentes assistidos pela entidade, conforme detalhado no Plano de Trabalho devidamente aprovado e nas condições fixadas neste instrumento e seus anexos.",,Fomento
PI-EXEC-GOVERNADOR,2023,125/2023,"ASSOCIAÇÃO JORNADA DE EDUCAÇÃO, ESPORTE E FOMENTO SOCIAL - AJEF",SECRETARIA DE ESTADO DA EDUCAÇÃO -SEDUC,500000.0,"A consecução de finalidades de interesse público e recíproco, propostas pela Associação de Judô Expedito Falcão, visando fomentar ações sócio educativas e esportivas por meio da inclusão e disseminação da prática esportiva das modalidades de luta Judô, Capoeira, Jiu Jitsu, Boxe, Aikidô e Karatê, além do Treinamento Físico e da Dança, com aulas teóricas e práticas, na unidade Escolar Monsenhor Raimundo Nonato Melo, beneficiando a comunidade geral de Teresina/PI, principalmente crianças e adolescentes.",,Fomento
PI-EXEC-GOVERNADOR,2023,124/2023,"ASSOCIAÇÃO DE ASSISTÊNCIA A EDUCAÇÃO, A SOCIEDADE E A CULTURA - AAESC",SECRETARIA DE ESTADO DA EDUCAÇÃO -SEDUC,100000.0,"O presente Termo de Fomento tem por objeto a cooperação financeira, visando garantir a manutenção dos serviços educacionais prestados pela AAESC através do oferecimento de cursos de redação e compreensão de textos com Base no Fortalecimento das competências e das habilidades da Matriz Curricular de Língua Portuguesa.",,Fomento
PI-EXEC-GOVERNADOR,2023,123/2023,ASSOCIAÇÃO PARA O BEM-ESTAR DO MENOR CARENTE DE ESPERANTINA-PI (AMARE),SECRETARIA DE ESTADO DA EDUCAÇÃO -SEDUC,500000.0,"O presente Termo de Fomento tem como objeto contribuir no custeio das ações de enfrentamento da vulnerabilidade social da AMARE para garantir o pleno acesso à Escola e Educação Integral de 400 crianças e adolescentes no município de Esperantina-PI, visando a inserção e permanência do assistido no sistema educacional, sustentando seu desempenho escolar e o desenvolvimento de suas habilidades socioemocionais, alimentação adequada e acompanhamento psicossocial, fortalecendo os laços familiares e educacionais.",,Fomento
PI-EXEC-GOVERNADOR,2023,122/2023,ASSOCIAÇÃO DOS CEGOS DO PIAUI - ACEP ,SECRETARIA DE ESTADO DA EDUCAÇÃO -SEDUC,197387.95,"O presente Termo de Fomento 001/2023 tem como objeto tem como objeto dotar a entidade dos meios para que os educandos com deficiência visual tenham melhor aproveitamento nas atividades escolares, como: equipar o laboratório de informática com 20 computadores, 02 impressoras, climatizar o auditório da entidade para atividades coletivas, instalar em cada sala de aula 01 ventilador de teto, no total de 35 para melhorar a climatização ambiente, dispor aos educandos 01 bebedor do tipo industrial e apoiar os educandos com material didático e de expediente especializado.",,Fomento
PI-EXEC-GOVERNADOR,2023,121/2023,FUNDAÇÃO NOSSA SENHORA DA PAZ ,SECRETARIA DE ESTADO DA EDUCAÇÃO -SEDUC,679418.16,"O presente Termo de Fomento tem como objeto a Cooperação técnica e financeira para o desenvolvimento de ações voltadas a garantir a oferta de educação de nível médio para toda comunidade da Vila da Paz e bairros adjacentes. Garantido assim, a efetividade e a qualidade do ensino oferecido pela Unidade Escolar Nossa Senhora da Paz, beneficiando cerca 600 alunos do Ensino Médio, mediante a contratação e manutenção de mão de obra técnico administrativa, compreendendo a Vila da Paz e demais áreas vizinhas na zona sul de Teresina.",Termo em elaboração,Fomento
PI-EXEC-GOVERNADOR,2023,120/2023,ASSOCIAÇÃO CULTURAL DOS AMIGOS DA MÚSICA EFICIENTE - ACAME,SECRETARIA DE ESTADO DA EDUCAÇÃO -SEDUC,599397.04,"O presente Termo de Fomento 005/2023 tem como objeto a realização de ações que proporcione o acesso à educação e a cultura, de forma significativa e complementar, através do uso da musicoterapia, e aula de instrumentação e música, voltada ao desenvolvimento de habilidades e potencialidades, visando a inclusão social, bem-estar e exercício da cidadania das pessoas com e sem deficiências, bem como um atendimento individualizado por equipe multidisciplinar e o encaminhamento para a rede de proteção, a fim de dar continuidade ao atendimento e melhorar o desenvolvimento das ações pelo projeto.",,Fomento
PI-EXEC-GOVERNADOR,2023,119/2023,ACADEMIA PIAUIENSE DE LETRAS,SECRETARIA DE ESTADO DA CULTURA DO PIAUÍ - SECULT,100000.0,"Visando à melhoria do espaço atual do Auditório Wilson de Andrade Brandão, da Academia Piauiense de Letras, propõe-se a realização de serviços nas suas dependências, para abrigar em melhores condições eventos culturais e outras atividades e, com isso: - Desenvolver ações culturais do Estado, especialmente às da Academia Piauiense de Letras; - Conservar e valorizar o patrimônio cultural e histórico da Academia Piauiense de Letras; - Dar amplo acesso ao auditório para sociedade piauiense; - Realizar oficinas de leituras, semináros, palestras, lançamentos de livros e outros eventos para alunos de escolas pública e universitários; - Requalificar o espaço para a apresentação de peças de teatral, espetáculos musicais e audiovisuais",,Fomento
PI-EXEC-GOVERNADOR,2023,116/2023,CONSELHO COMUNITÁRIO DE DESENVOLVIMENTO DA VILA ALTO DA RESSURREIÇÃO ,SECRETARIA DE ESTADO DA CULTURA DO PIAUÍ - SECULT,20000.0,"1.1. O presente Termo de Fomento tem por objeto a realização da produção e circulação do espetáculo “CASO DO VESTIDO” de Carlos Drummond de Andrade, de acordo com o Plano de Trabalho devidamente aprovado e condições fixadas neste instrumento e seus anexos.1.2. Integram e completam o presente Termo de Fomento, para todos os fins de direito, obrigando as partes em todos os seus termos, as condições expressas na justificativa de dispensa de chamamento público, assinada na data 19 de Junho de 2023, seus anexos e a proposta da ORGANIZAÇÃO DA SOCIEDADE CIVIL.1.3. As partes reconhecem que, caso haja necessidade de contingenciamento orçamentário e a ocorrência de cancelamento de restos a pagar, exigível ao cumprimento de metas segundo a Lei de Responsabilidade Fiscal, o quantitativo deste objeto poderá ser reduzido até a etapa que apresente funcionalidade.",,Fomento
PI-EXEC-GOVERNADOR,2023,115/2023,FEDERAÇÃO DE ESPORTE CULTURA E ASSISTÊNCIA SOCIAL DO PIAUÍ - FECASP,SECRETARIA DE ESTADO  DOS ESPORTES - SECEPI,600000.0,"Promover e realizar um evento esportivo de corrida de rua no Vale do Canindé, Piauí, envolvendo as cidades de Oeiras, Santa Rosa e Colônia do Piauí, com o intuito de incentivar a prática esportiva, promover a saúde e o bem-estar, além de fortalecer o turismo na região.",Termo em elaboração,Fomento
PI-EXEC-GOVERNADOR,2023,114/2023,FEDERAÇÃO DE ESPORTE CULTURA E ASSISTÊNCIA SOCIAL DO PIAUÍ - FECASP,SECRETARIA DE ESTADO  DOS ESPORTES - SECEPI,600000.0,"O Desafio Cânion do Rio Poty é um evento esportivo que tem como objetivo promover a prática de atividades físicas, conscientização ambiental, e o turismo sustentável na região do Piauí. O evento consiste em (4) quatro modalidades: • Mountain Bike (50km), • Natação, • Corrida em trilha e • Corrida de Caiaque.",Termo em elaboração,Fomento
PI-EXEC-GOVERNADOR,2023,113/2023,INSTITUTO DE DESENVOLVIMENTO SOCIAL BATGOL - IDESBA,"SECRETARIA DE ESTADO DA ASSISTÊNCIA SOCIAL, TRABALHO E DIREITOS HUMANOS - SASC",5000.0,jhjhjhj,Termo em elaboração,Fomento
PI-EXEC-GOVERNADOR,2023,112/2023,GRUPO CULTURAL JUNINA LUA DE PRATA,SECRETARIA DE ESTADO DA CULTURA DO PIAUÍ - SECULT,47315.0,PROJETO CULTURAL PARA A AQUISIÇÃO DE IDUMENTÁRIAS JUNINAS DO GURPO CULTURAL JUNINA LUA DE PRATA 2023.,,Fomento
PI-EXEC-GOVERNADOR,2023,102/2023,PREFEITURA MUNICIPAL DE COIVARAS,SECRETARIA  DE ESTADO PARA INCLUSÃO DA PESSOA  COM DEFICIÊNCIA - SEID,299976.4,IMPLANTAÇÃO DO NÚCLEO DE ATENDIMENTO MULTIDISCIPLINAR DE COIVARAS (NAMC),Termo em elaboração,
PI-EXEC-GOVERNADOR,2023,101/2023,PREFEITURA MUNICIPAL DE ESPERANTINA,SECRETARIA DE INTEGRAÇÃO E DESENVOLVIMENTO REGIONAL - SIDERPI,1124546.71,"A Prefeitura Municipal de Esperantina vem através deste projeto, propor a Reforma de Prédio Público no município de Esperantina, com o intuito de oferecer os serviços as sociedades, com o objetivo de fortalecer a convivência com a família e com a comunidade.",Termo em elaboração,
PI-EXEC-GOVERNADOR,2023,111/2023,"ASSOCIAÇÃO JORNADA DE EDUCAÇÃO, ESPORTE E FOMENTO SOCIAL - AJEF",SECRETARIA DE ESTADO  DOS ESPORTES - SECEPI,75000.0,"Fomentar ações sócio educativas e esportivas por meio da inclusão e disseminação da prática esportiva do judô, com aulas teóricas e práticas, beneficiando crianças, adolescentes e/ou adultos do sexo feminino no município de Teresina/PI.",,Fomento
PI-EXEC-GOVERNADOR,2023,110/2023,INSTITUTO DE GESTÃO E DESENVOLVIMENTO SOCIAL - IGDS,SECRETARIA DE ESTADO  DOS ESPORTES - SECEPI,1751357.73,"Formalização de Parceria, por meio de Termo de Colaboração, com organizações da sociedade civil - OSC para execução dos Jogos Escolares Piauiense em regime de mútua cooperação com a administração pública estadual no exercício de 2023",,Colaboração
PI-EXEC-GOVERNADOR,2023,109/2023,ASSOCIAÇÃO BRASILEIRA DE PESQUISA E TRATAMENTO MULTIDISCIPLINARES DA PARALISIA CEREBRAL - INSTITUTO RIZO MOVEMENT,SECRETARIA  DE ESTADO PARA INCLUSÃO DA PESSOA  COM DEFICIÊNCIA - SEID,112000.0,Aquisição de equipamentos do centro de estimulação precoce.,,Fomento
PI-EXEC-GOVERNADOR,2023,108/2023,"INSTITUTO NACIONAL DE CIÊNCIA, TECNOLOGIA E INOVAÇÃO CO2 ZERO",SECRETARIA DE SANEAMENTO BÁSICO - SESB,712659.0,"O objeto do presente PLANO DE TRABALHO é o desenvolvimento dos estudos e diagnósticos paraelaboração do PRAD – Plano de Recuperação de Áreas Degradadas para eliminação dos lixões a céuaberto dos territórios dos Cocais e Carnaubais e que norteará o primeiro serviço do TERMO DECOLABORAÇÃO que abrange uma BIBLIOTECA DE PROJETOS/SERVIÇOS E ATIVIDADESPARAMETRIZADAS que fortalecerá a gestão estadual do Saneamento Básico com foco nos ResíduosSólidos Urbanos - RSU, visando a implantação do programa “ENCERRAMENTO DOS LIXÕES EATERROS IRREGULARES NO ESTADO DO PIAUÍ”, utilizando tecnologias inovativas de baixo carbono,capazes de minimizar os impactos ao meio físico, biótico e antrópico causados pela disposição elançamento de resíduos sólidos a céu aberto e aterros irregulares.",,Colaboração
PI-EXEC-GOVERNADOR,2023,107/2023,ASSOCIAÇÃO PIAUIENSE DOS PRODUTORES DE ALHO,SECRETARIA DE ESTADO DA AGRICULTURA FAMILIAR - SAF,120000.0,Apoio financeiro para aquisição de 3000 Kg de sementes de alho da variedade Cateto Roxo.,,Fomento
PI-EXEC-GOVERNADOR,2023,106/2023, COOPERATIVA MEL DO SERTÃO - MEL DO SERTÃO -  SÃO RAIMUNDO NONATO,SECRETARIA DE ESTADO DA AGRICULTURA FAMILIAR - SAF,399830.74,Estruturação do Arranjo Produtivo Local de Apicultura no Município de São Raimundo Nonato - PI.,,Fomento
PI-EXEC-GOVERNADOR,2023,105/2023,ASSOCIAÇÃO PIAUIENSE DOS PRODUTORES DE ALHO,SECRETARIA DE ESTADO DA AGRICULTURA FAMILIAR - SAF,120000.0,Apoio financeiro para aquisição de 3.000 Kg de sementes de alho da variedade Cateto Roxo livre de vírus.,Termo em elaboração,Fomento
PI-EXEC-GOVERNADOR,2023,101/2023,"PROJETO: Execução do Projeto Jogos Escolares Piauienses 2022, etapa Estadual e Nacional",FUNDAÇÃO DE ESPORTES DO PIAUÍ - FUNDESPI,1211872.91,"Os Jogos Escolares Piauiense 2022 tem por finalidade, promover ampla mobilização do segmento escolar, incentivando o esporte como forma de inclusão social estimulando a participação do aluno em atividades esportivas dentro da escola além de identificar e desenvolver novos talentos esportivos. Os Jogos Escolares Piauiense acontecem anualmente, proporcionando aos alunos das escolas piauiense oportunidade de vivenciarem a paz, a amizade e o bom relacionamento através de competições esportivas nas modalidades: Modalidades Coletivas: basquete, handebol, voleibol e futsal. Modalidades Individuais: atletismo, badminton, ciclismo, ginástica rítmica, ginástica artística, judô, karatê, natação, taekwondo, tênis de mesa, vôlei de praia, xadrez e wrestling",Termo em elaboração,Colaboração
PI-EXEC-GOVERNADOR,2024,6/2024,ASSOCIAÇÃO FILADELFIA,COORDENADORIA  ESTADUAL DE ENFRENTAMENTO ÀS DROGAS E FOMENTO AO LAZER - CENDFOL ,405000.0,"O presente termo de fomento tem por objeto manter em funcionamento regular programa para tratamento através de acolhimento exclusivamente voluntário, em regime residencial transitório, de pessoas com transtornos decorrentes do uso, abuso ou dependência de substâncias psicoativas. Os serviços de acolhimento, de que trata este termo, serão destinados para 15 (Quinze) vagas adultos (masculino), observados a lei federal n. 13.840/19, e a resolução Conad nº. 03/2020).",,Fomento
PI-EXEC-GOVERNADOR,2024,5/2024,ORGANIZAÇÃO ASSISTENCIAL PENIEL - CASA DE RECUPERAÇÃO PENIEL,COORDENADORIA  ESTADUAL DE ENFRENTAMENTO ÀS DROGAS E FOMENTO AO LAZER - CENDFOL ,600000.0,"O presente termo de fomento tem por objeto manter em funcionamento regular programa para tratamento através de acolhimento exclusivamente voluntário, em regime residencial transitório, de pessoas com transtornos decorrentes do uso, abuso ou dependência de substâncias psicoativas. Os serviços de acolhimento, de que trata este termo, serão destinados para 50 (Cinquenta) vagas adultos (masculino), observados a lei federal n. 13.840/19, e a resolução Conad nº. 03/2020).",Termo em elaboração,Fomento
PI-EXEC-GOVERNADOR,2024,4/2024,ORGANIZAÇÃO ASSISTENCIAL PENIEL - CASA DE RECUPERAÇÃO PENIEL,COORDENADORIA  ESTADUAL DE ENFRENTAMENTO ÀS DROGAS E FOMENTO AO LAZER - CENDFOL ,945000.0,"O presente termo de fomento tem por objeto manter em funcionamento regular programa para tratamento através de acolhimento exclusivamente voluntário, em regime residencial transitório, de pessoas com transtornos decorrentes do uso, abuso ou dependência de substâncias psicoativas. Os serviços de acolhimento, de que trata este termo, serão destinados para 35 (trinta e cinco) vagas adultos (masculino), observados a lei federal n. 13.840/19, e a resolução Conad nº. 03/2020).",,Fomento
PI-EXEC-GOVERNADOR,2024,3/2024,ASSOCIAÇÃO BENEFICENTE O BOM SAMARITANO - NOS BRAÇOS DO PAI,COORDENADORIA  ESTADUAL DE ENFRENTAMENTO ÀS DROGAS E FOMENTO AO LAZER - CENDFOL ,945000.0,"- O presente termo de fomento tem por objeto manter em funcionamento regular programa para tratamento através de acolhimento exclusivamente voluntário, em regime residencial transitório, de pessoas com transtornos decorrentes do uso, abuso ou dependência de substâncias psicoativas. Os serviços de acolhimento, de que trata este termo, serão destinados para 35 (trinta e cinco) vagas adultos (masculino), observados a lei federal n. 13.840/19, e a resolução Conad nº. 03/2020).",,Fomento
PI-EXEC-GOVERNADOR,2024,2/2024,ASSOCIAÇÃO BENEFICENTE MANANCIAL DA VIDA - ABEMV,COORDENADORIA  ESTADUAL DE ENFRENTAMENTO ÀS DROGAS E FOMENTO AO LAZER - CENDFOL ,1380000.0,"O presente termo de fomento tem por objeto manter em funcionamento regular programa para tratamento através de acolhimento exclusivamente voluntário, em regime residencial transitório, de pessoas com transtornos decorrentes do uso, abuso ou dependência de substâncias psicoativas. Os serviços de acolhimento, de que trata este termo, serão destinados para 40 (quarenta) vagas adultos (masculino), observados a lei federal n. 13.840/19, e a resolução Conad no. 03/2020)",,Fomento
PI-EXEC-GOVERNADOR,2024,1/2024,CARITAS ARQUIDIOCESANA DE TERESINA,"SECRETARIA DE ESTADO DA ASSISTÊNCIA SOCIAL, TRABALHO E DIREITOS HUMANOS - SASC",100000.0,"Realização de atividades formativa, integrativa e comunitária através de formação para o exercício da cidadania, através de atividades esportivas e culturais, a fim de promover o desenvolvimento cidadão e fortalecimentos dos vínculos comunitário de 60 pessoas especialmente adolescentes e jovens, projeto da Cáritas Arquidiocesana de Teresina",,Fomento
PI-EXEC-GOVERNADOR,2024,200/2024,CENTRO DE REINTEGRAÇÃO FAMILIAR E INCENTIVO À ADOÇÃO - CRIA ,"SECRETARIA DE ESTADO DA ASSISTÊNCIA SOCIAL, TRABALHO E DIREITOS HUMANOS - SASC",300000.0,"Aquisição de veículo utilitário – tipo pick-up e material permanente e equipamentos para as equipes e sedes da Regionalização do Serviço de Acolhimento em Famílias Acolhedoras, bem como contratação de serviço terceiro pessoa jurídica, com intuito de aprimorar as condições de atendimento às crianças e adolescentes acompanhados pelo CRIA",,Fomento
PI-EXEC-GOVERNADOR,2024,186/2024,INSTITUTO TROCANDO IDEIA DE TECNOLOGIA SOCIAL INTEGRADA - INST.TR.I,SECRETARIA DE ESTADO DA CULTURA DO PIAUÍ - SECULT,1658000.0,"Operacionalização das Ações da POLÍTICA NACIONAL ALDIR BLANC, promulgada através da LEI Nº 14.399, DE 8 DE JULHO DE 2022, com o objetivo de garantir mais qualidade, eficiência, eficácia e efetividade na execução dos recursos recebidos pelo ente estadual, conforme cláusulas e condições constantes no presente instrumento.",,Colaboração
PI-EXEC-GOVERNADOR,2024,180/2024,EMAÚS TRAPEIRO DE TERESINA,SECRETARIA DE ESTADO DO  MEIO AMBIENTE E RECURSOS HÍDRICOS - SEMARH,50000.0,APOIO FINANCEIRO PARA ESTRUTURAÇÃO DO ESPAÇO FÍSICO PARA FORTALECIMENTO DA GESTÃO DE RESÍDUOS SÓLIDOS NA ASSOCIAÇÃO EMAÚS.,,Fomento
PI-EXEC-GOVERNADOR,2024,179/2024,INSTITUTO MANGA ROSA INFLOR - I'M ROSIM,SECRETARIA DE ESTADO DA CULTURA DO PIAUÍ - SECULT,300000.0,Operacionalização do Edital de Chamamento - Fazedores de Cultura- para Salas Públicas de cinema.,,Colaboração
PI-EXEC-GOVERNADOR,2024,178/2024,FUNDAÇÃO NOGUEIRA TAPETY,SECRETARIA DE ESTADO DA CULTURA DO PIAUÍ - SECULT,300000.0,Operacionalização Edital de Chamamento - Fazedores de Cultura- para Salas Públicas de cinema.,,Colaboração
PI-EXEC-GOVERNADOR,2024,176/2024,ASSOCIACAO DOS ARTISTAS EMPREENDEDORES DO LITORAL PIAUIENSE,SECRETARIA DE ESTADO DA CULTURA DO PIAUÍ - SECULT,300000.0,"Operacionalização Execução da Lei Paulo Gustavo (Lei Complementar nº 192/2022) no Estado do Piauí, Chamamento Público.",,Colaboração
PI-EXEC-GOVERNADOR,2024,174/2024,FUNDAÇÃO DIÓGENES QUARESMA ,SECRETARIA DE ESTADO DA CULTURA DO PIAUÍ - SECULT,300000.0,Operacionalização da Execução da Lei Paulo Gustavo (Lei Complementar nº 192/2022) no Estado do Piauí e considerando a possibilidade legal do Edital de Chamamento Público,,Colaboração
PI-EXEC-GOVERNADOR,2024,166/2024,"ASSOCIAÇÃO DE APOIO ASSISTENCIAL, CULTURAL E EDUCACIONAL MARIA DO AMPARO - AACEMA",SECRETARIA DE ESTADO DA SAÚDE DO PIAUÍ - SESAPI,1179464.3,Implementar a Linha de Cuidado do Transtorno do Espectro Autista (TEA) no âmbito da atenção primária à saúde e atenção ambulatorial com capacitação e qualificação dos profissionais de saúde da Rede dos pontos de referências do diagnóstico e tratamento: Qualificar profissionais da atenção primária à Saúde; Qualificar profissionais da atenção ambulatorial; Capacitar cuidadores/pais/responsáveis por pessoas com TEA; Informar a população geral a respeito do TEA; Promover integração entre Saúde e Educação para um melhor acompanhamento da pessoa com TEA; Promover ação de acesso ao Diagnóstico precoce do TEA.,,Fomento
PI-EXEC-GOVERNADOR,2024,154/2024,GRUPO CULTURA DE RUA,SECRETARIA DE ESTADO DA CULTURA DO PIAUÍ - SECULT,300000.0,"Considerando que o foco da deliberação dos recursos é a destinação para os fazedores de cultura, sobretudo para o setor do Audiovisual, entre as possibilidades a estruturação de Salas Públicas de Cinema;",,Colaboração
PI-EXEC-GOVERNADOR,2024,153/2024,ASSOCIAÇÃO DOS PORTADORES DE DEFICIÊNCIA DE MIGUEL ALVES - PI,"SECRETARIA DE ESTADO DA ASSISTÊNCIA SOCIAL, TRABALHO E DIREITOS HUMANOS - SASC",50000.0,"O Projeto Sopão Solidário será realizado na cidade de Miguel Alves – PI, por meio de aquisição de material permanente e de consumo, contratação de serviços terceira pessoa jurídica e pessoa física; e atenderá aproximadamente 200 pessoas semanalmente, com intuito de incrementar a segurança alimentar das famílias onde as mesmas poderão receber refeições para fazer no próprio local ou em domicílio",Termo em elaboração,Fomento
PI-EXEC-GOVERNADOR,2024,152/2024,ASSOCIACAO ANTONIO VIEIRA - ASAV,"SECRETARIA DE ESTADO DA ASSISTÊNCIA SOCIAL, TRABALHO E DIREITOS HUMANOS - SASC",60000.0,"aquisição dos insumos necessários para o preparo de lanches, materiais de higiene e limpeza, matérias de expediente e camisas personalizadas, com intuito de proporcionar ao Serviço de Convivência e Fortalecimento de Vínculos para Pessoa idosa Centro Social Padre Arrupe",Termo em elaboração,Fomento
PI-EXEC-GOVERNADOR,2024,148/2024,"INSTITUTO MOVIMENTA PIAUI - APOIO A CULTURA, CIDADANIA, ESPORTE, PESQUISA, INOVACAO E GAMES - IACCEPI",SECRETARIA DE ESTADO DA CULTURA DO PIAUÍ - SECULT,300000.0,A Apresentação de Propostas de OSC para REQUALIFICAÇÃO/MANUTENÇÃO DE ESPAÇO E PROGRAMAÇÃO PARA SALAS PÚBLICAS DE CINEMA DO PIAUI.,,Colaboração
PI-EXEC-GOVERNADOR,2024,147/2024,FUNDAÇÃO RECICLAR DO PIAUÍ,SECRETARIA DE ESTADO DA EDUCAÇÃO -SEDUC,999870.0,Estruturar e Fortalecer a Educação Profissional Técnica de Nível Médio Através da Qualificação e Implementação de Módulos Produtivos nos Centros Estaduais de educação Profissional - CEEPRU no Estado do Piauí.,,Fomento
PI-EXEC-GOVERNADOR,2024,142/2024,INSTITUTO DE DESENVOLVIMENTO ECONÔMICO E INCENTIVO A EDUCAÇÃO E CULTURA - INSTITUTO AVANCE,SECRETARIA DE ESTADO DA AGRICULTURA FAMILIAR - SAF,66823.0,Apoio financeiro para viabilidade de atividades de Formação Continuada e Comercialização de produtos da Agricultura Familiar e Economia Solidária.,,Fomento
PI-EXEC-GOVERNADOR,2024,128/2024,ASSOCIAÇÃO DE DESENVOLVIMENTO E PRODUÇÃO CASA DE COMPADRE - CASA DE COMPADRE ,SECRETARIA DE ESTADO DA CULTURA DO PIAUÍ - SECULT,300000.0,"Operacionalização do Edital 07, da Lei Paulo Gustavo que versa sobre a seleção das Salas Públicas de Cinema no âmbito do ESTADO DO PIAUÍ.",,Colaboração
PI-EXEC-GOVERNADOR,2024,127/2024,INSTITUTO AVANTE DE JUVENTUDE - INSTITUTO AVANTE ,SECRETARIA DE ESTADO DA CULTURA DO PIAUÍ - SECULT,30000.0,Realização de ações que possibilitem o acesso à arte e cultura como uma ferramenta educacional através da realização das oficinas de música e dança arte cênica para 150 pessoas na cidade de Teresina.,Termo em elaboração,Fomento
PI-EXEC-GOVERNADOR,2024,126/2024,INSTITUTO COMRADIO DO BRASIL - UBIQUA,SECRETARIA DE ESTADO DA AGRICULTURA FAMILIAR - SAF,125720.76,"Seleção e contratação de organização social que preste serviço especializado, através da modalidade chamada pública via Termo de Colaboração, nos termos da legislação em vigor, após parecer da existência de recursos orçamentários, para execução do projeto de realização da I MOSTRA DE ARTESANATO DA AGRICULTURA FAMILIAR, POVOS ORIGINÁRIOS E COMUNIDADES TRADICIONAIS DO PIAUI - I TRANÇA.",,Colaboração
PI-EXEC-GOVERNADOR,2024,125/2024,ASSOCIAÇÃO DE JUVENTUDE DO MUNICÍPIO DE TERESINA,SECRETARIA DE ESTADO DA CULTURA DO PIAUÍ - SECULT,300000.0,"Operacionalização do Edital 07 da Lei Paulo Gustavo, que versa sobre as Salas de Cinema no Estado do Piauí.",,Colaboração
PI-EXEC-GOVERNADOR,2024,124/2024,ASSOCIAÇÃO  DOS PEQUENOS AGRICULTORES DO ESTADO DO PIAUÍ - APAESPI,SECRETARIA DE ESTADO DA AGRICULTURA FAMILIAR - SAF,50000.0,"Apoio financeiro para a aquisição de equipamentos, referente as ações do Projeto Raízes do Brasil.",,Colaboração
PI-EXEC-GOVERNADOR,2024,123/2024,AÇÃO SOCIAL ARQUIDIOCESANA - ASA,SECRETARIA DE ESTADO DA SAÚDE DO PIAUÍ - SESAPI,300000.0,"Fomento para investimento quê ajudará a atender as necessidades dos Serviços (Jovem Aprendiz, Levanta-te e Vem para o Meio, Integrar, Novos Meninos, Casa de Zabelê, Centro Maria lmaculada, Lar de Santana e Lar de Misericórdia), executados pela Ação Social Arquidiocesana - ASA",,Fomento
PI-EXEC-GOVERNADOR,2024,122/2024,INSTITUTO DE PREVIDÊNCIA E ASSISTÊNCIA HUMANA - IPAH,SECRETARIA DE ESTADO DA SAÚDE DO PIAUÍ - SESAPI,524500.0,"aquisição de mais equipamentos necessários para promover a saúde visual, contribuindo assim com o desenvolvimento físico, neuropsicomotor, educacional, econômico e, consequentemente, diminuindo a evasão escolar, melhorando a qualidade de vida e minimizando a desigualdade social",,Fomento
PI-EXEC-GOVERNADOR,2024,121/2024,ASSOCIAÇÃO CASA DO OLEIRO - MATRIZ TERESINA,SECRETARIA DE ESTADO DA JUSTIÇA - SEJUS ,1211434.35,"Promoção do atendimento e acompanhamento aos cumpridores de alternativas penais, por meio de equipe multidisciplinar, no âmbito da Central Integrada de Alternativas Penais de Teresina - CIAP",,Colaboração
PI-EXEC-GOVERNADOR,2024,120/2024,ASSOCIACAO BENEFICIENTE DA COMUNIDADE LUZILANDENSE,SECRETARIA DE ESTADO DA SAÚDE DO PIAUÍ - SESAPI,1179464.3,"- Linha de cuidado do Transtorno do Espectro Autista (TEA) na Região de Saúde Cocais, Piauí - Implementar a Linha de Cuidado do Transtorno do Espectro Autista (TEA) no âmbito da atenção primária à saúde e atenção ambulatorial com capacitação e qualificação dos profissionais de saúde da Rede dos pontos de referências do diagnóstico e tratamento.",Termo em elaboração,Fomento
PI-EXEC-GOVERNADOR,2024,119/2024,INSTITUTO PIAUI DE AÇÃO SOCIAL,SECRETARIA DE ESTADO DA CULTURA DO PIAUÍ - SECULT,100000.0,"Promover e desenvolver ações socioeducativas, esportivas e culturais por meio do estudo e prática da capoeira, junto as comunidades atendidas.",,Fomento
PI-EXEC-GOVERNADOR,2024,118/2024,INSTITUTO DE PREVIDÊNCIA E ASSISTÊNCIA HUMANA - IPAH,SECRETARIA DE ESTADO DA SAÚDE DO PIAUÍ - SESAPI,450000.0,"aquisição de mais equipamentos necessários para promover a saúde visual, contribuindo assim com o desenvolvimento físico, neuropsicomotor, educacional, econômico e, consequentemente, diminuindo a evasão escolar, melhorando a qualidade de vida e minimizando a desigualdade social",Termo em elaboração,Fomento
PI-EXEC-GOVERNADOR,2024,117/2024,ASSOCIAÇÃO DE MULHERES AGENTES DE VALORIZAÇÃO DE RECICLÁVEIS - AMAVARE,SECRETARIA DE ESTADO DO  MEIO AMBIENTE E RECURSOS HÍDRICOS - SEMARH,50000.0,ESTRUTURAÇÃO DO ESPAÇO DE TRIAGEM DE MATERIAIS DA AMAVARE.,,Fomento
PI-EXEC-GOVERNADOR,2024,116/2024,INSTITUTO PRESENTE (IP),SECRETARIA DE ESTADO DO  MEIO AMBIENTE E RECURSOS HÍDRICOS - SEMARH,250000.0,FORTALECER E CONSOLIDAR A INFRAESTRUTURA DO INSTITUTO PRESENTE PARA MELHOR DESEMPENHO DE SUAS ATIVIDADES.,,Fomento
PI-EXEC-GOVERNADOR,2024,115/2024,INSTITUTO PRESENTE (IP),SECRETARIA DE ESTADO DO  MEIO AMBIENTE E RECURSOS HÍDRICOS - SEMARH,50000.0,FORTALECIMENTO DE ENTIDADES DE CATADORES E RECICLADORES DE RESÍDUOS SÓLIDOS DE EXPANSÃO DA COLETA SELETIVA SOLIDÁRIA,,Fomento
PI-EXEC-GOVERNADOR,2024,8/2024,PREFEITURA MUNICIPAL DE SÃO JOÃO DO PIAUÍ,INSTITUTO DO DESENVOLVIMENTO DO PIAUI - IDEPI,495335.36,PAVIMENTAÇÃO EM PARALELEPIPEDO DE RUAS E CONSTRUÇÃO DE DUAS PRAÇAS NO POVOADO GRAJAÚ NO MUNICIPIO DE SÃO JOÃO DO PIAUIÍ.,Termo em elaboração,
PI-EXEC-GOVERNADOR,2024,113/2024,ASSOCIAÇÃO BENEFICENTE O BOM SAMARITANO - NOS BRAÇOS DO PAI,SECRETARIA DE ESTADO DA JUSTIÇA - SEJUS ,689871.36,"Composição, através de organização da sociedade civil, de equipe técnica multidisciplinar para atuar no Escritório Social de Teresina",,Colaboração
PI-EXEC-GOVERNADOR,2024,112/2024,ASSOCIAÇÃO BENEFICENTE O BOM SAMARITANO - NOS BRAÇOS DO PAI,SECRETARIA DE ESTADO DA JUSTIÇA - SEJUS ,1562387.32,"composição, através de Organização da Sociedade Civil, de equipe técnica multidisciplinar para o atendimento aos cumpridores de medida de monitoração eletrônica, no âmbito da Central de Monitoramento Eletrônica de Pessoas do Piauí",,Colaboração
PI-EXEC-GOVERNADOR,2024,111/2024,ASSOCIAÇÃO BENEFICENTE O BOM SAMARITANO - NOS BRAÇOS DO PAI,SECRETARIA DE ESTADO DA JUSTIÇA - SEJUS ,1737414.29,"Composição de equipe técnica multidisciplinar, por meio de Organização da Sociedade Civil, para atuar na Central de Monitoramento Eletrônico de Pessoas do Piauí.",Termo em elaboração,Colaboração
PI-EXEC-GOVERNADOR,2024,110/2024,ASSOCIAÇÃO DOS AGRICULTORES E AGRICULTORAS FAMILIARES DA COMUNIDADE PARAGUAI,SECRETARIA DE ESTADO DA AGRICULTURA FAMILIAR - SAF,60000.0,"Apoio financeiro para fomentar o beneficiamento de poupa de frutas na comunidade Paraguai, zona rural de Colônia do Piauí - PI.",,Fomento
PI-EXEC-GOVERNADOR,2024,109/2024,AÇÃO SOCIAL ARQUIDIOCESANA - ASA,"SECRETARIA DE ESTADO DA ASSISTÊNCIA SOCIAL, TRABALHO E DIREITOS HUMANOS - SASC",100000.0,"Custeio de despesas com água, gás, alimentaçâo, produtos de limpeza, combustível, pagamento de motorista e de serviços de terceiros durante um período de 09 meses",,Fomento
PI-EXEC-GOVERNADOR,2024,108/2024,INSTITUTO PRESENTE (IP),SECRETARIA DE ESTADO DA EDUCAÇÃO -SEDUC,50000.0,"O presente Projeto será implementado junto às Redes Municipais de Ensino de Municípios dos Territórios Serra da Capivara e Vale e Chapada do Itaim. São duas atividades complementares: a primeira é voltada para os gestores municipais (secretárias(os) e técnicos que atuam junto a escolas de tempo integral) e a segunda é voltada para coordenadores pedagógicos e professores dos componentes curriculares da parte diversificada dos currículos do ensino fundamental – anos iniciais e anos finais. Trata-se de um curso de 20 (vinte) horas sobre a matriz curricular e de três oficinas concomitantes também de 20 (vinte) horas para professores das áreas de práticas esportivas, artes e formação ética e cidadã. Evidentemente, essas atividades se inserem da Política de Escolas em Tempo Integral que cada município está apresentando ao MEC, e ajuda a cumprira meta 6 de Plano Nacional de Educação.",,Fomento
PI-EXEC-GOVERNADOR,2024,107/2024,INSTITUTO PRESENTE (IP),SECRETARIA DE ESTADO DA EDUCAÇÃO -SEDUC,75000.0,"O presente Projeto será implementado junto às Redes Municipais de Ensino de Municípios dos Territórios dos Cocais, Vale do Sambito/Vale do Guariba e Entrerios. Considerando que os cursos sobre Matriz Curricular foram voltados para os gestores municipais - secretárias(os) e técnicos das SEMECs que atuam junto às escolas de tempo integral - esta segunda etapa está mais voltada para coordenadores pedagógicos e professores dos componentes curriculares da parte diversificada dos currículos do Ensino Fundamental – Anos Iniciais e Anos Finais, com atuação efetivas nas escolas. Trata-se de oficinas metodológicas, realizadas de forma concomitante, cada uma com duração de 20 (vinte) horas, centradas nas seguintes temáticas: PRÁTICAS ESPORTIVAS, ARTES e CIDADANIA/DIVERSIDADE.",,Fomento
PI-EXEC-GOVERNADOR,2024,106/2024,AMIGOS E PROTETORES DOS ANIMAIS DE PICOS - APAPI ,SECRETARIA DE ESTADO DO  MEIO AMBIENTE E RECURSOS HÍDRICOS - SEMARH,100000.0,"Apoio financeiro para garantir a vida e saúde dos animais resgatados e abrigados pela APAPI, no valor de R$ 100.000,00 (CEM MIL REAIS).",,Fomento
PI-EXEC-GOVERNADOR,2024,105/2024,COOPERATIVA DOS PRODUTORES E PRODUTORAS DA CHAPADA DO VALE DO RIO ITAIM-  COOVITA,SECRETARIA DE ESTADO DA AGRICULTURA FAMILIAR - SAF,90000.0,Apoio financeiro para o fortalecimento da cadeia da ovinocaprinocultura de corte no semiárido piauiense.,Termo em elaboração,Fomento
PI-EXEC-GOVERNADOR,2024,104/2024,MOVIMENTO PELA PAZ NA PERIFERIA -  MP3,SECRETARIA DE ESTADO DA EDUCAÇÃO -SEDUC,299958.56,"O presente Termo de Fomento tem como objeto a inclusão de atividades complementares ao sistema formal de ensino regular do Centro Estadual de Educação Profissional Residencial Esplanada, situado à Rua Carapicuíba (Antiga rua 09), Nº 6950, Loteamento Sete Estrela, sede do Movimento Pela Paz na Periferia, com ofertas de cursos profissionalizantes (informática básica, montagem e manutenção de computadores, robótica e eletrônica de reparos), oficinas (acesso à internet, metareciclagem, agricultura, música, grafite e criação de projetos de fabricação digital) e atividades esportivas, visando a aproximação com a comunidade, a redução da evasão escolar e episódios de violência. As ações serão voltadas para os jovens e seus familiares, incluindo novas tecnologias nas vivências dos mesmos, todas fomentando o despertar de um senso crítico voltado para a valorização do ambiente escolar e a cultura de paz. Temos como meta a realização de 560 atendimentos, entre alunos, pais e escolas circunvizinhas.",Termo em elaboração,Fomento
PI-EXEC-GOVERNADOR,2024,103/2024,ASSOCIAÇÃO DOS PEQUENOS PRODUTORES DA COMUNIDADE CATAREN,SECRETARIA DE ESTADO DA AGRICULTURA FAMILIAR - SAF,318197.26,"Apoio financeiro para implantação de uma Unidade de Beneficiamento de Mandioca na comunidade Catarem, zona rural do município de Nazaré do Piauí - PI.",Termo em elaboração,Fomento
PI-EXEC-GOVERNADOR,2024,7/2024,PREFEITURA MUNICIPAL DE SÃO JOÃO DA SERRA,INSTITUTO DO DESENVOLVIMENTO DO PIAUI - IDEPI,149029.73,CONSTRUÇÃO DE PRACA PUBLICA NA SEDE DE SÃO JOÃO DA SERRA - PI,Termo em elaboração,
PI-EXEC-GOVERNADOR,2024,6/2024,PREFEITURA MUNICIPAL DE SÃO JOÃO DA SERRA,INSTITUTO DO DESENVOLVIMENTO DO PIAUI - IDEPI,149029.73,CONSTRUÇÃO DE PRACA PUBLICA NA SEDE DO MUNICIPIO DE SÃO JOÃO DA SERRA - PI,Termo em elaboração,
PI-EXEC-GOVERNADOR,2024,5/2024,PREFEITURA MUNICIPAL DE SANTA LUZ,INSTITUTO DO DESENVOLVIMENTO DO PIAUI - IDEPI,358919.06,CONSTRUÇÃO DE UMA PISTA DE COOPER NA SEDE DO MUNICIPIO DE SANTA LUZ - PI.,Termo em elaboração,
PI-EXEC-GOVERNADOR,2024,102/2024,INSTITUTO COMRADIO DO BRASIL - UBIQUA,SECRETARIA DE ESTADO DA EDUCAÇÃO -SEDUC,300000.0,": Realizar o FESTIVAL PUNARÊ, com cilona co edições do projeto em praças e/ou espaços públicos de eventos nos bairros da norte de Teresina, através de eventos compostos por shows musicais, dança, teatro, manifestações populares, feira de gastronomia e artesanato e festival de itérpretes, mobilizando artistas, artesãos, comerciantes de comida e bebida, p4dutores da agricultura familiar, escolas e toda a comunidade em geral.",,Fomento
PI-EXEC-GOVERNADOR,2024,4/2024,PREFEITURA MUNICIPAL DE REGENERAÇÃO,INSTITUTO DO DESENVOLVIMENTO DO PIAUI - IDEPI,0.0,"CONSTRUÇÃO, URBANIZAÇÃO E ILUMINAÇÃO PUBLICA DA PRAÇA DE EVENTOS NA SEDE DO MUNICIPIO DE REGENERAÇÃO.",Termo em elaboração,
PI-EXEC-GOVERNADOR,2024,101/2024,ASSOCIAÇÃO PIAUIENSE DOS PRODUTORES DE SEMENTES E MUDAS - APSEM,SECRETARIA DE ESTADO DA AGRICULTURA FAMILIAR - SAF,699213.84,Apoio financeiro para o fomento a cadeia produtiva do caju no Estado do Piauí.,,Colaboração
PI-EXEC-GOVERNADOR,2024,100/2024,ASSOCIAÇÃO DE PAIS E AMIGOS DOS EXCEPCIONAIS DE ESPERANTINA - APAE ,SECRETARIA  DE ESTADO PARA INCLUSÃO DA PESSOA  COM DEFICIÊNCIA - SEID,100000.0,EXECUÇÃO DO PROJETO SORRISO INCLUSIVO: promovendo Saúde Bucal e Equipando Sala de Fisioterapia na APAE de Esperantina-PI,,Fomento
PI-EXEC-GOVERNADOR,2024,99/2024,ASSOCIAÇÃO DE FAMILIARES E AMIGOS DE PESSOAS COM SÍNDROME DE DOWN TERESINA - PI  (ASSOCIAÇÃO DOWN THE AMO),SECRETARIA  DE ESTADO PARA INCLUSÃO DA PESSOA  COM DEFICIÊNCIA - SEID,100000.0,"Execução do Projeto Inclusão Down: ""Projeto Incluir Down: Apoio Integral para o Desenvolvimento"".",,Fomento
PI-EXEC-GOVERNADOR,2024,98/2024,ASSOCIAÇÃO BRASILEIRA DE PESQUISA E TRATAMENTO MULTIDISCIPLINARES DA PARALISIA CEREBRAL - INSTITUTO RIZO MOVEMENT,SECRETARIA  DE ESTADO PARA INCLUSÃO DA PESSOA  COM DEFICIÊNCIA - SEID,200000.0,"Execução do Projeto Autocuidado e as Interfaces Protetivas, cujo objetivo é proporcionar às mulheres/cuidadoras experiência e compreensão de como enfrentar os desafios cotidianos , através de rodas de conversas e oficinas estratégias.",,Fomento
PI-EXEC-GOVERNADOR,2024,97/2024,CENTRO DE FORMAÇÃO EDUCACIONAL PARA CONVIVÊNCIA COM O SEMIÁRIDO - CEFESA,SECRETARIA  DE ASSISTÊNCIA TÉCNICA E DEFESA AGROPECUÁRIA - SADA,385205.31,"TEM POR OBJETO A CELEBRAÇÃO EM REGIGME DE MÚTUA COLABORAÇÃO, PARA A CONSECUÇÃO DE FINALIDADES DE INTERESSE PÚBLICO E RECÍPROCO, MEDIANTE A EXECUÇÃO DE SERVIÇOS TÉCNICOS ESPECIALIZADOS PREVISTOS NO CONVÊNIO MDR/EMATER Nº 7805/2012 - PROGRAMA ÁGUA DOCE, NO QUE TANGE A ANÁLISE DE ÁGUA E SOLOS, ATIVIDADES GERAIS DE ESCRITÓRIO E CAPACITAÇÃO DE OPERADORES DOS SISTEMAS DE DESSANILIZAÇÃO, CONFORME CONDIÇÕES FIXADAS NO TERMO E NO PLANO DE TRABALHO.",,Colaboração
PI-EXEC-GOVERNADOR,2024,96/2024,ASSOCIAÇÃO PIAUIENSE DE PROTEÇÃO E AMOR AOS ANIMAIS - APIPA ,SECRETARIA DE ESTADO DO  MEIO AMBIENTE E RECURSOS HÍDRICOS - SEMARH,200000.0,"Apoio financeiro para aquisição de equipamentos, medicamentos e recursos para serviços veterinários abrigados e alimentados pela APIPA - Associação Piauiense de Proteção e Amor aos Animais.",,Fomento
PI-EXEC-GOVERNADOR,2024,95/2024,UNIAO BRASILEIRA DE MULHERES - UBM - SECAO PIAUI,"SECRETARIA DE ESTADO DA ASSISTÊNCIA SOCIAL, TRABALHO E DIREITOS HUMANOS - SASC",76888.0,"Formar e capacitar 50 mulheres, oriundas de diversas regiões da cidade de Teresina, oferecendo a elas conhecimentos técnicos para a confecção e comercialização de calcinhas absorventes e absorventes ecológicos, além de doar parte da produção para mulheres e meninas em situação de vulnerabilidade a serem identificadas pelas entidades parceiras e pela SASC.",,Colaboração
PI-EXEC-GOVERNADOR,2024,94/2024,INSTITUTO DE DESENVOLVIMENTO DO NORDESTE (IDENE),SECRETARIA DE ESTADO DA SAÚDE DO PIAUÍ - SESAPI,326000.0,"Realizar atendimento pediátrico para crianças de 1 a 12 anos no município de Campo Maior, Estado do Piauí.",,Fomento
PI-EXEC-GOVERNADOR,2024,93/2024,FUNDAÇÃO DR. ROOSEVELT BASTOS,"SECRETARIA DE ESTADO DA ASSISTÊNCIA SOCIAL, TRABALHO E DIREITOS HUMANOS - SASC",80000.0,"O projeto propõe a realização de desenvolvimento e estimulo das habilidades de 200 (duzentas) mulheres empreendedoras, além de divulgar as pequenas produções de grupos e associações locais. O supracitado projeto será realizado por meio de aquisição de materiais de consumo, contratação de serviços de terceirospessoa jurídica, bem como a contratação de serviços de terceiro-pessoa física,",,Fomento
PI-EXEC-GOVERNADOR,2024,92/2024,COOPERATIVA MISTA DOS APICULTORES DA MICRORREGIÃO DE SIMPLÍCIO MENDES - COMAPI,SECRETARIA DE ESTADO DA AGRICULTURA FAMILIAR - SAF,101000.0,Apoio financeiro para ampliação de capacidade de processamento de mel na microrregião de Simplício Mendes - PI.,,Fomento
PI-EXEC-GOVERNADOR,2024,3/2024,PREFEITURA MUNICIPAL DE LAGOINHA DO PIAUÍ,SECRETARIA DE ESTADO DA EDUCAÇÃO -SEDUC,896842.05,"O presente Convênio tem por objeto CONSTRUÇÃO DE RESIDUAL DE UMA QUADRA COBERTA COM VESTUÁRIO NA ZONA URBANA DO MUNICÍPIO, de acordo com o Plano de Trabalho devidamente aprovado.",Termo em elaboração,
PI-EXEC-GOVERNADOR,2024,91/2024,INSTITUTO DE GESTÃO E DESENVOLVIMENTO SOCIAL - IGDS,SECRETARIA DE ESTADO  DOS ESPORTES - SECEPI,2255606.0,Execução dos Jogos escolares 2024,,Colaboração
PI-EXEC-GOVERNADOR,2024,90/2024,CENTRO DE REINTEGRAÇÃO FAMILIAR E INCENTIVO À ADOÇÃO - CRIA ,"SECRETARIA DE ESTADO DA ASSISTÊNCIA SOCIAL, TRABALHO E DIREITOS HUMANOS - SASC",456000.0,"Implantação do serviço de acolhimento familiar no Território de Desenvolvimento (TD) Carnaubais, durante o período de 12 meses, prevendo o pagamento de pessoal, o pagamento das Bolsas-Auxílio por criança/adolescente para cada Família Acolhedora e a aquisição dos materiais de consumo e de serviços de pessoa jurídica necessários à realização das metas previstas",,Colaboração
PI-EXEC-GOVERNADOR,2024,89/2024,CENTRO DE REINTEGRAÇÃO FAMILIAR E INCENTIVO À ADOÇÃO - CRIA ,"SECRETARIA DE ESTADO DA ASSISTÊNCIA SOCIAL, TRABALHO E DIREITOS HUMANOS - SASC",1088066.34,"Implantação do serviço de acolhimento familiar no Território de Desenvolvimento(TD) Entre Rios, durante o período de 12 meses, prevendo o pagamento de pessoal, o pagamento das Bolsas-Auxílio por criança/adolescente para cada Família Acolhedora e a aquisição dos materiais de consumo e de serviços de pessoa jurídica necessários à realização das metas previstas",,Colaboração
PI-EXEC-GOVERNADOR,2024,88/2024,FUNDAÇÃO EDUCACIONAL MANDACARU – FEMAN,SECRETARIA DE ESTADO DA EDUCAÇÃO -SEDUC,406183.71,"A proposta tem por mérito o enfrentamento da vulnerabilidade social de crianças e jovens no município de Teresina contribuindo para a inserção e o acompanhamento no sistema educacional, assistência psicossocial, objetivando o fortalecimento dos laços familiares e educacionais. Realização de um Projeto de Interveção Social, para melhorias da aprendizagem e da autoestima das crianças e jovens de baixa renda, com o intuito de inseri-los no contexto socioeconômico, combater a violência doméstica/familiar e a desigualdade social, para que seja possível o exercício pleno da cidadania, com bem preceitua a constituição de 1988, determinada de ""Cidadã.""",,Fomento
PI-EXEC-GOVERNADOR,2024,87/2024,ASSOCIAÇÃO DE PAIS E AMIGOS DOS EXCEPCIONAIS DE JOSÉ DE FREITAS-PI (APAE DE JOSÉ DE FREITAS),SECRETARIA  DE ESTADO PARA INCLUSÃO DA PESSOA  COM DEFICIÊNCIA - SEID,25000.0,PROJETO ESPORTE INCLUSIVO: Manutenção e aquisição de equipamentos esportivos e de lazer.,,Fomento
PI-EXEC-GOVERNADOR,2024,2/2024,PREFEITURA MUNICIPAL DE ALAGOINHA DO PIAUI,SECRETARIA DE ESTADO DA DEFESA CIVIL - SEDEC,322551.76,APOIO RECUPERAÇÃO DE ESTRADAS VICINAIS NA ZONA RURAL NO MUNICÍPIO DE ALAGOINHA DO PIAUI.,Termo em elaboração,
PI-EXEC-GOVERNADOR,2024,86/2024,ASSOCIACAO DE PAIS E AMIGOS DOS EXCEPCIONAIS DE ANISIO DE ABREU,SECRETARIA  DE ESTADO PARA INCLUSÃO DA PESSOA  COM DEFICIÊNCIA - SEID,50000.0,Construção de uma Sala de Integração Sensorial e aquisição de materiais e equipamentos necessários ao funcionamento da mesma.,,Fomento
PI-EXEC-GOVERNADOR,2024,85/2024,ASSOCIAÇÃO PARA O BEM-ESTAR DO MENOR CARENTE DE ESPERANTINA-PI (AMARE),SECRETARIA DE ESTADO DA EDUCAÇÃO -SEDUC,600000.0,"O presente Termo de Fomento tem como objeto contribuir no custeio das ações de enfrentamento da vulnerabilidade social da AMARE para garantir o pleno acesso à Escola e Educação Integral de 350 crianças e adolescentes no município de Esperantina-PI, visando a inserção e permanência do assistido no sistema educacional, sustentando seu desempenho escolar e o desenvolvimento de suas habilidades socioemocionais, alimentação adequada e acompanhamento psicossocial, fortalecendo os laços familiares e educacionais.",,Fomento
PI-EXEC-GOVERNADOR,2024,84/2024,ASSOCIAÇÃO DE FAMILIARES E AMIGOS DE PESSOAS COM SÍNDROME DE DOWN TERESINA - PI  (ASSOCIAÇÃO DOWN THE AMO),SECRETARIA  DE ESTADO PARA INCLUSÃO DA PESSOA  COM DEFICIÊNCIA - SEID,50000.0,"Execução do Projeto Inclusão Down: Um caminho de Conexão"".",,Fomento
PI-EXEC-GOVERNADOR,2024,83/2024,AMIGOS E PROTETORES DOS ANIMAIS DE PICOS - APAPI ,SECRETARIA DE ESTADO DO  MEIO AMBIENTE E RECURSOS HÍDRICOS - SEMARH,70000.0,"Apoio financeiro para garantir a vida e saúde dos animais resgatados e abrigados pela APAPI, contribuindo para o seu bem-estar e aumentando as chances de adoção.",,Fomento
PI-EXEC-GOVERNADOR,2024,82/2024,INSTITUTO DE GESTÃO E DESENVOLVIMENTO SOCIAL - IGDS,"SECRETARIA DE ESTADO DA ASSISTÊNCIA SOCIAL, TRABALHO E DIREITOS HUMANOS - SASC",29725410.0,"Ofertar refeições diárias a preços populares em 05 (cinco) novos Restaurantes Populares, sendo 04 (quatro) em Teresina e 01 (um) em Parnaíba, voltados a atender prioritariamente, a população em situação de vulnerabilidade social, fortalecendo assim o Direito Humano à Alimentação Adequada – DHAA",,Fomento
PI-EXEC-GOVERNADOR,2024,81/2024,"ASSOCIAÇÃO DE ASSISTÊNCIA A EDUCAÇÃO, A SOCIEDADE E A CULTURA - AAESC",SECRETARIA DE ESTADO DA EDUCAÇÃO -SEDUC,100000.0,"O presente Termo de Fomento tem por objeto a cooperação financeira, visando garantir a manutenção dos serviços educacionais prestados pela AAESC através do oferecimento de cursos de redação e compreensão de textos com Base no Fortalecimento das competências e das habilidades da Matriz Curricular de Língua Portuguesa.",,Fomento
PI-EXEC-GOVERNADOR,2024,80/2024,FUNDAÇÃO TAQUARI ,SECRETARIA DE ESTADO DA EDUCAÇÃO -SEDUC,617309.3,"Realização de Cursos nas modalidades presencial e de preparação pare a ingresso de jovens e adultos de baixa renda no ingresso na universidade. A ação propõe a inclusão de atividades complementares ao sistema formal de ensino regular, com oferta para o Pré-Enem, visando a aproximação com a comunidade, a redução da evasão escolar e episódios de violência nas comunidades. As ações serão voltadas para os jovens e adultos, incluindo novas tecnologias nas vivências dos mesmos. temos como meta atender 2.000(dois mil) alunos entre jovens e adultos carentes e em situação de vulnerabilidade social, compreendendo a Grande Teresina e demais cidades do Estado do Piauí.",,Fomento
PI-EXEC-GOVERNADOR,2024,79/2024,ASSOCIAÇÃO DOS PEQUENOS AGRICULTORES DE INHUMA- PIAUÍ  - APAPI,SECRETARIA DE ESTADO DO  MEIO AMBIENTE E RECURSOS HÍDRICOS - SEMARH,70000.0,"Apoio financeiro para garantir a vida e saúde dos animais resgatados e abrigados pela APAPI, contribuindo para o seu bem-estar e aumentando as chances de adoção.",Termo em elaboração,Fomento
PI-EXEC-GOVERNADOR,2024,78/2024,entidade, CONTROLADORIA GERAL DO ESTADO - CGE,10000.0,teste,Termo em elaboração,Fomento
PI-EXEC-GOVERNADOR,2024,77/2024,INSTITUTO DE DESENVOLVIMENTO DO NORDESTE (IDENE),SECRETARIA DE ESTADO DA SAÚDE DO PIAUÍ - SESAPI,1620143.2,"Implementar o programa AMEI (Atendimento Médico Especializado Itinerante) nos municípios de Amarante, Nazaré, São Miguel do Fidalgo, São José do Peixe, Santa Rosa, Ipiranga, São Pedro, Simplício Mendes e Colônia do Piauí, todos no estado do Piauí. Realizar consultas e exames para prevenção e diagnósticos de doenças com as seguintes especialidades médicas: urologista, vascular, ginecologista, cardiologista e dermatologista; • Desenvolver estratégias de conscientização sobre a importância da prevenção e diagnóstico precoce de doenças; • Estimular a realização de exames preventivos e consultas periódicas entre a população atendida. • Proporcionar acesso facilitado a informações relevantes sobre hábitos saudáveis e práticas de autocuidado.",,Fomento
PI-EXEC-GOVERNADOR,2024,1/2024,PREFEITURA MUNICIPAL DE SANTA LUZ,SECRETARIA DE ESTADO DA EDUCAÇÃO -SEDUC,231000.0,"O presente Convênio tem por objeto REFORMA DE ESCOLA MUNICIPAL NA ZONA URBANA DO MUNICÍPIO DE SANTA LUZ-PI, de acordo com o Plano de Trabalho devidamente aprovado.",Termo em elaboração,
PI-EXEC-GOVERNADOR,2024,76/2024,INSTITUTO PRESENTE (IP),SECRETARIA DE ESTADO DA CULTURA DO PIAUÍ - SECULT,84000.0,Realização da Promoção das Obras de Autores Piauienses junto as Escolas Públicas (Leitura PRESENTE: Valorização da Leitura através dos Autores Piauienses),,Fomento
PI-EXEC-GOVERNADOR,2024,75/2024,ASSOCIAÇÃO COMUNITARIA SAGRADO CORAÇÃO DE JESUS ,SECRETARIA DE ESTADO DA AGRICULTURA FAMILIAR - SAF,100777.58,"Apoio financeiro para realização da feira ""Jovens que se Importam, Conexão Jovem de Milton Brandão-PI"", visando a integração entre o campo e a cidade.",,Colaboração
PI-EXEC-GOVERNADOR,2024,74/2024,ASSOCIAÇÃO CULTURAL JUNINA TERESINA SHOW,SECRETARIA DE ESTADO DA CULTURA DO PIAUÍ - SECULT,150000.0,"O Projeto Grupo Cultural Junino Luar do São João consiste na criação, produção, formação, intercâmbio, circulação e divulgação de espetáculos juninos de artes cênicas, com o objetivo de democratizar o acesso aos espetáculos de danças, músicas e encenações típicas das quadrilhas juninas por intermédio do Grupo Cultural Junino Luar do São João.",,Fomento
PI-EXEC-GOVERNADOR,2024,73/2024,FUNDAÇÃO NOSSA SENHORA DA PAZ ,SECRETARIA DE ESTADO DA EDUCAÇÃO -SEDUC,1074375.36,"O presente Termo de Fomento tem como objeto a Cooperação técnica e financeira para o desenvolvimento de ações voltadas a garantir a oferta de educação de nível médio para toda comunidade da Vila da Paz e bairros adjacentes. Garantido assim, a efetividade e a qualidade do ensino oferecido pela Unidade Escolar Nossa Senhora da Paz, beneficiando cerca 600 alunos do Ensino Médio, mediante a contratação e manutenção de mão de obra técnico administrativa, compreendendo a Vila da Paz e demais áreas vizinhas na zona sul de Teresina.",,Fomento
PI-EXEC-GOVERNADOR,2024,72/2024,ASSOCIAÇÃO DOS PEQUENOS PRODUTORES RURAIS DA COMUNIDADE CASA NOVA ,SECRETARIA DE ESTADO DA AGRICULTURA FAMILIAR - SAF,328663.0,Apoio financeiro para a estruturação da cadeia produtiva de mandioca no município de Padre Marcos - PI.,Termo em elaboração,Fomento
PI-EXEC-GOVERNADOR,2024,71/2024,SOCIEDADE BENEFICENTE SÃO CAMILO - HOSPITAL SANTA CRUZ,SECRETARIA DE ESTADO DA SAÚDE DO PIAUÍ - SESAPI,450000.0,"Operacionalização de recursos para a aquisição de insumos e medicamentos essenciais, garantindo o custeio de itens utilizados na assistência hospitalar.",,Fomento
PI-EXEC-GOVERNADOR,2024,70/2024,ASSOCIAÇÃO  DOS PEQUENOS AGRICULTORES DO ESTADO DO PIAUÍ - APAESPI,SECRETARIA DE ESTADO DA AGRICULTURA FAMILIAR - SAF,300745.0,Apoio financeiro para a realização de feiras e eventos para o fortalecimento da agricultura familiar no Território Entre Rios.,,Colaboração
PI-EXEC-GOVERNADOR,2024,69/2024,CENTRO DE ORGANIZAÇÃO COMUNITÁRIA E APOIO A INCLUSÃO SOCIAL - COCAIS ,SECRETARIA DE ESTADO DA AGRICULTURA FAMILIAR - SAF,200000.0,"Apoio financeiro para o fortalecimento da piscicultura e segurança alimentar no Território dos Cocais, Estado do Piauí.",,Colaboração
PI-EXEC-GOVERNADOR,2024,68/2024,ASSOCIAÇÃO  DOS PEQUENOS AGRICULTORES DO ESTADO DO PIAUÍ - APAESPI,SECRETARIA DE ESTADO DA AGRICULTURA FAMILIAR - SAF,1190233.2,Apoio financeiro para a realização de feiras e eventos para o fortalecimento da agricultura familiar no estado do Piauí.,Termo em elaboração,Colaboração
PI-EXEC-GOVERNADOR,2024,67/2024,FUNDAÇÃO CULTURAL MARIA LUIZA ROCHA,"SECRETARIA DE ESTADO DA ASSISTÊNCIA SOCIAL, TRABALHO E DIREITOS HUMANOS - SASC",79500.0,"Instalar uma mini unidade de produção de sandálias de borracha na cidade de Campo Maior/PI, oportunizando a geração de emprego, renda e cidadania",,Colaboração
PI-EXEC-GOVERNADOR,2024,66/2024,ASSOCIAÇÃO CASA DO OLEIRO - MATRIZ TERESINA,COORDENADORIA  ESTADUAL DE ENFRENTAMENTO ÀS DROGAS E FOMENTO AO LAZER - CENDFOL ,1560000.0,"O presente termo de fomento tem por objeto manter em funcionamento regular programa para tratamento através de acolhimento exclusivamente voluntário, em regime residencial transitório, de pessoas com transtornos decorrentes do uso, abuso ou dependência de substâncias psicoativas. Os serviços de acolhimento, de que trata este termo, serão destinados para 60 (Sessenta) vagas adultos (masculino), observados a lei federal n. 13.840/19, e a resolução Conad nº. 03/2020).",,Fomento
PI-EXEC-GOVERNADOR,2024,65/2024,ASSOCIAÇÃO CASA DO OLEIRO - MATRIZ TERESINA,COORDENADORIA  ESTADUAL DE ENFRENTAMENTO ÀS DROGAS E FOMENTO AO LAZER - CENDFOL ,234000.0,"O presente termo de fomento tem por objeto manter em funcionamento regular programa para tratamento através de acolhimento exclusivamente voluntário, em regime residencial transitório, de pessoas com transtornos decorrentes do uso, abuso ou dependência de substâncias psicoativas. Os serviços de acolhimento, de que trata este termo, serão destinados para 15 (Quinze) vagas adolescentes (masculino), observados a lei federal n. 13.840/19, e a resolução Conad no. 03/2020).",,Fomento
PI-EXEC-GOVERNADOR,2024,64/2024,ASSOCIAÇÃO CASA DO OLEIRO - MATRIZ TERESINA,COORDENADORIA  ESTADUAL DE ENFRENTAMENTO ÀS DROGAS E FOMENTO AO LAZER - CENDFOL ,180000.0,"O presente termo de fomento tem por objeto manter em funcionamento regular programa para tratamento através de acolhimento exclusivamente voluntário, em regime residencial transitório, de pessoas com transtornos decorrentes do uso, abuso ou dependência de substâncias psicoativas. Os serviços de acolhimento, de que trata este termo, serão destinados para 15 (Quinze) vagas adolescentes (masculino), observados a lei federal n. 13.840/19, e a resolução Conad no. 03/2020).",,Fomento
PI-EXEC-GOVERNADOR,2024,63/2024,ASSOCIAÇÃO CASA DO OLEIRO - MATRIZ TERESINA,COORDENADORIA  ESTADUAL DE ENFRENTAMENTO ÀS DROGAS E FOMENTO AO LAZER - CENDFOL ,516000.0,"O presente termo de fomento tem por objeto manter em funcionamento regular programa para tratamento através de acolhimento exclusivamente voluntário, em regime residencial transitório, de pessoas com transtornos decorrentes do uso, abuso ou dependência de substâncias psicoativas. Os serviços de acolhimento, de que trata este termo, serão destinados para 18 (Dezoito) vagas adulto (feminino), observados a lei federal n. 13.840/19, e a resolução Conad no. 03/2020).",,Fomento
PI-EXEC-GOVERNADOR,2024,62/2024,ASSOCIAÇÃO REABILITAR COM AMOR,SECRETARIA DE ESTADO DA SAÚDE DO PIAUÍ - SESAPI,1499280.8,APORTE FINANCEIRO PARA CUSTEIO E INVESTIMENTO DAS AÇÕES DE SAÚDE PARA A ASSOCIAÇÃO REABILITAR COM AMOR,,Fomento
PI-EXEC-GOVERNADOR,2024,61/2024, ASSOCIAÇÃO DOS MORADORES DO BAIRRO PIÇARREIRA,SECRETARIA DE ESTADO DO AGRONEGÓCIO E EMPREENDEDORISMO RURAL - SEAGRO,100000.0,Aquisição de veículo automotor para associação de moradores do bairro de piçarreira - AMBP no município de Lagoa Alegre - PI,,Fomento
PI-EXEC-GOVERNADOR,2024,60/2024,ASSOCIAÇÃO DE DESENVOLVIMENTO E PRODUÇÃO CASA DE COMPADRE - CASA DE COMPADRE ,COORDENADORIA  ESTADUAL DE ENFRENTAMENTO ÀS DROGAS E FOMENTO AO LAZER - CENDFOL ,312000.0,"O presente termo de fomento tem por objeto manter em funcionamento regular do programa de prevenção, exclusivamente voluntário, de pessoas vulneráveis ao uso, abuso ou dependência de substâncias psicoativas, observados a lei federal n. 13.840/19, e a resolução Conad n°. 03/2020).",,Fomento
PI-EXEC-GOVERNADOR,2024,59/2024,INSTITUTO DE GESTÃO E DESENVOLVIMENTO SOCIAL - IGDS,"SECRETARIA DE ESTADO DA ASSISTÊNCIA SOCIAL, TRABALHO E DIREITOS HUMANOS - SASC",12000000.0,"A implementação de 05 (cinco) novos Restaurantes Populares,",Termo em elaboração,Colaboração
PI-EXEC-GOVERNADOR,2024,58/2024,FUNDAÇÃO TERAPÊUTICA MONTE TABOR,COORDENADORIA  ESTADUAL DE ENFRENTAMENTO ÀS DROGAS E FOMENTO AO LAZER - CENDFOL ,540000.0,"O presente termo de fomento tem por objeto manter em funcionamento regular programa para tratamento através de acolhimento exclusivamente voluntário, em regime residencial transitório, de pessoas com transtornos decorrentes do uso, abuso ou dependência de substâncias psicoativas. Os serviços de acolhimento, de que trata este termo, serão destinados para 20 (Vinte ) vagas adulto (masculino), observados a Lei Federal n. 13.840/19, e a resolução Conad nº. 03/2020).",,Fomento
PI-EXEC-GOVERNADOR,2024,56/2024,FAZENDA DA PAZ - FILIAL,COORDENADORIA  ESTADUAL DE ENFRENTAMENTO ÀS DROGAS E FOMENTO AO LAZER - CENDFOL ,540000.0,"O presente termo de fomento tem por objeto manter em funcionamento regular programa para tratamento através de acolhimento exclusivamente voluntário, em regime residencial transitório, de pessoas com transtornos decorrentes do uso, abuso ou dependência de substâncias psicoativas. Os serviços de acolhimento, de que trata este termo, serão destinados para 20 (Vinte) vagas adultos (feminino), observados a lei federal n. 13.840/19, e a resolução Conad n°. 03/2020).",,Fomento
PI-EXEC-GOVERNADOR,2024,55/2024,ASSOCIAÇÃO DOS PEQUENOS PRODUTORES RURAIS DA COMUNIDADE CASA NOVA ,SECRETARIA DE ESTADO DA AGRICULTURA FAMILIAR - SAF,217224.2,Apoio financeiro para o projeto de estruturação da cadeia produtiva de mandioca no município de Padre Marcos - PI.,Termo em elaboração,Fomento
PI-EXEC-GOVERNADOR,2024,54/2024,GRUPO DE AMIGOS DA VIDA - GAV,COORDENADORIA  ESTADUAL DE ENFRENTAMENTO ÀS DROGAS E FOMENTO AO LAZER - CENDFOL ,510000.0,"0 presente termo de fomento tem por objeto manterem funcionamento regular programa para tratamento através de acolhimento exclusivamente voluntário, em regime residencial transitório, de pessoas com transtornos decorrentes do uso, abuso ou dependência de substâncias psicoativas. Os serviços de acolhimento, de que trata este termo, serão destinados para 20 (Vinte) vagas adultos (feminino), observados a lei federal n. 13.840/19, e a resolução Conad n°. 03/2020).",,Fomento
PI-EXEC-GOVERNADOR,2024,53/2024,GRUPO DE AMIGOS DA VIDA - GAV,COORDENADORIA  ESTADUAL DE ENFRENTAMENTO ÀS DROGAS E FOMENTO AO LAZER - CENDFOL ,185250.0,"0 presente termo de fomento tem por objeto manter em funcionamento regular programa para tratamento através de acolhimento exclusivamente voluntário, em regime residencial transitório, de pessoas com transtornos decorrentes do uso, abuso ou dependência de substâncias psicoativas. Os serviços de acolhimento, de que trata este termo, serão destinados para 20 (Vinte) vagas adolescentes (feminino), observados a lei federal n. 13.840/19, e a resolução Conad n°. 03/2020).",,Fomento
PI-EXEC-GOVERNADOR,2024,52/2024,INSTITUTO PIAUIENSE CLÓVIS MOURA - IPCM ,SECRETARIA DE ESTADO DA AGRICULTURA FAMILIAR - SAF,390133.64,"Apoio financeiro para o projeto de aquisição de veículo e reforma do prédio para implementação do armazém do campo, com o propósito de fortalecer a comercialização de produtos provenientes da agricultura familiar, no município de Teresina - PI.",Termo em elaboração,Colaboração
PI-EXEC-GOVERNADOR,2024,51/2024,INSTITUTO PRESENTE (IP),SECRETARIA DE ESTADO DO  MEIO AMBIENTE E RECURSOS HÍDRICOS - SEMARH,195000.0,Apoio ao Fortalecimento Institucional das Entidades e Grupos de Catadores e Recicladores de Resíduos Sólidos.,,Fomento
PI-EXEC-GOVERNADOR,2024,50/2024,ASSOCIAÇÃO TERRA DA PROMESSA,COORDENADORIA  ESTADUAL DE ENFRENTAMENTO ÀS DROGAS E FOMENTO AO LAZER - CENDFOL ,540000.0,"O presente termo de fomento tem por objeto manter em funcionamento regular programa para tratamento através de acolhimento exclusivamente voluntário, em regime residencial transitório, de pessoas com transtornos decorrentes do uso, abuso ou dependência de substâncias psicoativas. Os serviços de acolhimento, de que trata este termo, serão destinados para 20 (Vinte) vagas adultos (masculino), observados a lei federal n. 13.840/19, e a resolução Conad nº. 03/2020).",,Fomento
PI-EXEC-GOVERNADOR,2024,49/2024,ASSOCIAÇÃO CULTURAL DOS AMIGOS DA MÚSICA EFICIENTE - ACAME,"SECRETARIA DE ESTADO DA ASSISTÊNCIA SOCIAL, TRABALHO E DIREITOS HUMANOS - SASC",149976.42,"O projeto propõe a realização de atividades culturais e artísticas, através da técnica de musicoterapia, e oficinas de instrumentalização e música, voltadas ao desenvolvimento de habilidades e potencialidades, visando a inclusão social de acolhidos da Casa de Acolhimento Lar da Criança “Maria João de Deus” e da Casa de Acolhimento Vila do Ancião da SASC-PI, no período de 4 (quatro) meses",,Fomento
PI-EXEC-GOVERNADOR,2024,48/2024,GRUPO DE AMIGOS DA VIDA - GAV,COORDENADORIA  ESTADUAL DE ENFRENTAMENTO ÀS DROGAS E FOMENTO AO LAZER - CENDFOL ,120900.0,"O presente termo de fomento tem por objeto manter em funcionamento regular programa para tratamento através de acolhimento exclusivamente voluntário, em regime residencial transitório, de pessoas com transtornos decorrentes do uso, abuso ou dependência de substâncias psicoativas. Os serviços de acolhimento, de que trata este termo, serão destinados para 2 (duas) vagas adultos (Mãe nutriz), observados a lei federal n. 13.840/19, e a resolução Conad nº. 03/2020).",,Fomento
PI-EXEC-GOVERNADOR,2024,47/2024,ASSOCIAÇÃO PALOTINA PARA EDUCAÇÃO E CIDADANIA - APEC,COORDENADORIA  ESTADUAL DE ENFRENTAMENTO ÀS DROGAS E FOMENTO AO LAZER - CENDFOL ,312000.0,"O presente termo de fomento tem por objeto manter em funcionamentoregular do programa de prevenção, exclusivamente voluntário, de pessoas vulneráveis ao uso, abuso ou dependência de substâncias psicoativas, observados a lei federal n. 13.840/19, e a resolução Conad nº. 03/2020).",,Fomento
PI-EXEC-GOVERNADOR,2024,46/2024,ASSOCIAÇÃO BENEFICENTE SÃO PAULO APÓSTOLO -  ABESPA ,COORDENADORIA  ESTADUAL DE ENFRENTAMENTO ÀS DROGAS E FOMENTO AO LAZER - CENDFOL ,312000.0,"O presente termo de fomento tem por objeto manter em funcionamentoregular do programa de prevenção, exclusivamente voluntário, de pessoas vulneráveis ao uso, abuso ou dependência de substâncias psicoativas, observados a lei federal n. 13.840/19, e a resolução Conad nº. 03/2020).",,Fomento
PI-EXEC-GOVERNADOR,2024,45/2024,OBRA SOCIAL NOSSA SENHORA DA GLORIA - FAZENDA DA ESPERANÇA BOM JESUS DOS PASSOS ,COORDENADORIA  ESTADUAL DE ENFRENTAMENTO ÀS DROGAS E FOMENTO AO LAZER - CENDFOL ,420000.0,"O presente termo de fomento tem por objeto manter em funcionamento regular programa para tratamento através de acolhimento exclusivamente voluntário, em regime residencial transitório, de pessoas com transtornos decorrentes do uso, abuso ou dependência de substâncias psicoativas. Os serviços de acolhimento, de que trata este termo, serão destinados para 10 (Dez) vagas adultos (masculino), observados a lei federal n. 13.840/19, e a resolução Conad nº. 03/2020).",,Fomento
PI-EXEC-GOVERNADOR,2024,44/2024,ASSOCIAÇÃO CASA DO OLEIRO - MATRIZ TERESINA,COORDENADORIA  ESTADUAL DE ENFRENTAMENTO ÀS DROGAS E FOMENTO AO LAZER - CENDFOL ,600000.0,"- O presente termo de fomento tem por objeto manter em funcionamento regular programa para tratamento através de acolhimento exclusivamente voluntário, em regime residencial transitório, de pessoas com transtornos decorrentes do uso, abuso ou dependência de substâncias psicoativas. Os serviços de acolhimento, de que trata este termo, serão destinados para 50 (Cinquenta) vagas adultos (masculino), observados a lei federal n. 13.840/19, e a resolução Conad nº. 03/2020).",,Fomento
PI-EXEC-GOVERNADOR,2024,43/2024,LIGA DE FUTEBOL DA CIDADE DE SÃO JOÃO DO PIAUÍ - LFS,COORDENADORIA  ESTADUAL DE ENFRENTAMENTO ÀS DROGAS E FOMENTO AO LAZER - CENDFOL ,312000.0,"O presente termo de fomento tem por objeto manter em funcionamentoregular do programa de prevenção, exclusivamente voluntário, de pessoas vulneráveis ao uso, abuso ou dependência de substâncias psicoativas, observados a lei federal n. 13.840/19, e a resolução Conad nº. 03/2020).",,Fomento
PI-EXEC-GOVERNADOR,2024,42/2024,ASSOCIAÇÃO JUDÔ QUEIROZ - AJQ,COORDENADORIA  ESTADUAL DE ENFRENTAMENTO ÀS DROGAS E FOMENTO AO LAZER - CENDFOL ,312000.0,"O presente termo de fomento tem por objeto manter em funcionamentoregular do programa de prevenção, exclusivamente voluntário, de pessoas vulneráveis ao uso, abuso ou dependência de substâncias psicoativas, observados a lei federal n. 13.840/19, e a resolução Conad nº. 03/2020).",,Fomento
PI-EXEC-GOVERNADOR,2024,41/2024,INSTITUTO DE DESENVOLVIMENTO E ASSISTÊNCIA SOCIAL DO PIAUÍ - IDASPI,COORDENADORIA  ESTADUAL DE ENFRENTAMENTO ÀS DROGAS E FOMENTO AO LAZER - CENDFOL ,312000.0,"O presente termo de fomento tem por objeto manter em funcionamentoregular do programa de prevenção, exclusivamente voluntário, de pessoas vulneráveis ao uso, abuso ou dependência de substâncias psicoativas, observados a lei federal n. 13.840/19, e a resolução Conad nº. 03/2020).",,Fomento
PI-EXEC-GOVERNADOR,2024,40/2024,INSTITUTO CAUSE MUDANÇAS - ICAM,COORDENADORIA  ESTADUAL DE ENFRENTAMENTO ÀS DROGAS E FOMENTO AO LAZER - CENDFOL ,312000.0,"O presente termo de fomento tem por objeto manter em funcionamentoregular do programa de prevenção, exclusivamente voluntário, de pessoas vulneráveis ao uso, abuso ou dependência de substâncias psicoativas, observados a lei federal n. 13.840/19, e a resolução Conad nº. 03/2020).",,Fomento
PI-EXEC-GOVERNADOR,2024,39/2024,ASSOCIAÇÃO BENEFICENTE GIULIANO ESPORTE CLUBE - ABGEC,COORDENADORIA  ESTADUAL DE ENFRENTAMENTO ÀS DROGAS E FOMENTO AO LAZER - CENDFOL ,312000.0,"O presente termo de fomento tem por objeto manter em funcionamentoregular do programa de prevenção, exclusivamente voluntário, de pessoas vulneráveis ao uso, abuso ou dependência de substâncias psicoativas, observados a lei federal n. 13.840/19, e a resolução Conad nº. 03/2020).",,Fomento
PI-EXEC-GOVERNADOR,2024,38/2024,ORGANIZAÇÃO ASSISTENCIAL DE EX-COMBATENTES DO EXERCITO BRASILEIRO NO PIAUÍ  - OAECEBP,COORDENADORIA  ESTADUAL DE ENFRENTAMENTO ÀS DROGAS E FOMENTO AO LAZER - CENDFOL ,312000.0,"O presente termo de fomento tem por objeto manter em funcionamentoregular do programa de prevenção, exclusivamente voluntário, de pessoas vulneráveis ao uso, abuso ou dependência de substâncias psicoativas, observados a lei federal n. 13.840/19, e a resolução Conad nº. 03/2020).",,Fomento
PI-EXEC-GOVERNADOR,2024,37/2024,ASSOCIAÇÃO CASA DAS MARIAS - ACDM,COORDENADORIA  ESTADUAL DE ENFRENTAMENTO ÀS DROGAS E FOMENTO AO LAZER - CENDFOL ,312000.0,"O presente termo de fomento tem por objeto manter em funcionamentoregular do programa de prevenção, exclusivamente voluntário, de pessoas vulneráveis ao uso, abuso ou dependência de substâncias psicoativas, observados a lei federal n. 13.840/19, e a resolução Conad nº. 03/2020).",,Fomento
PI-EXEC-GOVERNADOR,2024,36/2024,ASSOCIAÇÃO PIAUIENSE DE OBRAS MISSIONÁRIAS  - ASPOM/PI,COORDENADORIA  ESTADUAL DE ENFRENTAMENTO ÀS DROGAS E FOMENTO AO LAZER - CENDFOL ,312000.0,"O presente termo de fomento tem por objeto manter em funcionamentoregular do programa de prevenção, exclusivamente voluntário, de pessoas vulneráveis ao uso, abuso ou dependência de substâncias psicoativas, observados a lei federal n. 13.840/19, e a resolução Conad nº. 03/2020).",,Fomento
PI-EXEC-GOVERNADOR,2024,35/2024,OBRA SOCIAL NOSSA SENHORA DA GLORIA - FAZENDA DA ESPERANÇA SANTA FAUSTINA,COORDENADORIA  ESTADUAL DE ENFRENTAMENTO ÀS DROGAS E FOMENTO AO LAZER - CENDFOL ,270000.0,"O presente termo de fomento tem por objeto manter em funcionamento regular programa para tratamento através de acolhimento exclusivamente voluntário, em regime residencial transitório, de pessoas com transtornos decorrentes do uso, abuso ou dependência de substâncias psicoativas. Os serviços de acolhimento, de que trata este termo, serão destinados para 10 (Dez) vagas adultos (masculino), observados a lei federal n. 13.840/19, e a resolução Conad nº. 03/2020).",,Fomento
PI-EXEC-GOVERNADOR,2024,34/2024,GRUPO OFICINA DA VIDA - FUNDAÇÃO DO GRUPO OFICINA DA VIDA ,COORDENADORIA  ESTADUAL DE ENFRENTAMENTO ÀS DROGAS E FOMENTO AO LAZER - CENDFOL ,480000.0,"O presente termo de fomento tem por objeto manter em funcionamento regular programa para tratamento através de acolhimento exclusivamente voluntário, em regime residencial transitório, de pessoas com transtornos decorrentes do uso, abuso ou dependência de substâncias psicoativas. Os serviços de acolhimento, de que trata este termo, serão destinados para 10 (Dez) vagas adultos (masculino), observados a lei federal n. 13.840/19, e a resolução Conad nº. 03/2020).",,Fomento
PI-EXEC-GOVERNADOR,2024,33/2024,FAZENDA DA PAZ - MATRIZ,COORDENADORIA  ESTADUAL DE ENFRENTAMENTO ÀS DROGAS E FOMENTO AO LAZER - CENDFOL ,1620000.0,"- O presente termo de fomento tem por objeto manter em funcionamento regular programa para tratamento através de acolhimento exclusivamente voluntário, em regime residencial transitório, de pessoas com transtornos decorrentes do uso, abuso ou dependência de substâncias psicoativas. Os serviços de acolhimento, de que trata este termo, serão destinados para 20 (Vinte) vagas adultos (masculino), observados a lei federal n. 13.840/19, e a resolução Conad nº. 03/2020).",,Fomento
PI-EXEC-GOVERNADOR,2024,32/2024,FAZENDA DA PAZ - FILIAL,COORDENADORIA  ESTADUAL DE ENFRENTAMENTO ÀS DROGAS E FOMENTO AO LAZER - CENDFOL ,336000.0,"- O presente termo de fomento tem por objeto manter em funcionamento regular programa para tratamento através de acolhimento exclusivamente voluntário, em regime residencial transitório, de pessoas com transtornos decorrentes do uso, abuso ou dependência de substâncias psicoativas. Os serviços de acolhimento, de que trata este termo, serão destinados para 28 (Vinte e oito) vagas adultos (feminino), observados a lei federal n. 13.840/19, e a resolução Conad nº. 03/2020).",,Fomento
PI-EXEC-GOVERNADOR,2024,31/2024,COMUNIDADE TERAPÊUTICA RESTITUI,COORDENADORIA  ESTADUAL DE ENFRENTAMENTO ÀS DROGAS E FOMENTO AO LAZER - CENDFOL ,945000.0,"O presente termo de fomento tem por objeto manter em funcionamento regular programa para tratamento através de acolhimento exclusivamente voluntário, em regime residencial transitório, de pessoas com transtornos decorrentes do uso, abuso ou dependência de substâncias psicoativas. Os serviços de acolhimento, de que trata este termo, serão destinados para 18 (Dezoito) vagas adultos (masculino), observados a lei federal n. 13.840/19, e a resolução Conad nº. 03/2020).",,Fomento
PI-EXEC-GOVERNADOR,2024,30/2024,OBRA SOCIAL NOSSA SENHORA DA GLÓRIA - FAZENDA DA ESPERANÇA NOSSA SENHORA DOS REMÉDIOS,COORDENADORIA  ESTADUAL DE ENFRENTAMENTO ÀS DROGAS E FOMENTO AO LAZER - CENDFOL ,324000.0,"O presente termo de fomento tem por objeto manter em funcionamento regular programa para tratamento através de acolhimento exclusivamente voluntário, em regime residencial transitório, de pessoas com transtornos decorrentes do uso, abuso ou dependência de substâncias psicoativas. Os serviços de acolhimento, de que trata este termo, serão destinados para 20 (Vinte) vagas adultos (Feminino), observados a lei federal n. 13.840/19, e a resolução Conad nº. 03/2020).",,Fomento
PI-EXEC-GOVERNADOR,2024,29/2024,GRUPO DE AMIGOS DA VIDA - FILIAL,COORDENADORIA  ESTADUAL DE ENFRENTAMENTO ÀS DROGAS E FOMENTO AO LAZER - CENDFOL ,240000.0,"O presente termo de fomento tem por objeto manter em funcionamento regular programa para tratamento através de acolhimento exclusivamente voluntário, em regime residencial transitório, de pessoas com transtornos decorrentes do uso, abuso ou dependência de substâncias psicoativas. Os serviços de acolhimento, de que trata este termo, serão destinados para 20 (Vinte) vagas adultos (feminino), observados a lei federal n. 13.840/19, e a resolução Conad nº. 03/2020).",Termo em elaboração,Fomento
PI-EXEC-GOVERNADOR,2024,28/2024,COMUNIDADE TERAPÊUTICA NOVA JERUSALÉM,COORDENADORIA  ESTADUAL DE ENFRENTAMENTO ÀS DROGAS E FOMENTO AO LAZER - CENDFOL ,720000.0,"O presente termo de fomento tem por objeto manter em funcionamento regular programa para tratamento através de acolhimento exclusivamente voluntário, em regime residencial transitório, de pessoas com transtornos decorrentes do uso, abuso ou dependência de substâncias psicoativas. Os serviços de acolhimento, de que trata este termo, serão destinados para 27 (Vinte e sete) vagas adultos (masculino), observados a lei federal n. 13.840/19, e a resolução Conad nº. 03/2020).",,Fomento
PI-EXEC-GOVERNADOR,2024,27/2024,GRUPO DE AMIGOS DA VIDA - GAV,COORDENADORIA  ESTADUAL DE ENFRENTAMENTO ÀS DROGAS E FOMENTO AO LAZER - CENDFOL ,240000.0,"O presente termo de fomento tem por objeto manter em funcionamento regular programa para tratamento através de acolhimento exclusivamente voluntário, em regime residencial transitório, de pessoas com transtornos decorrentes do uso, abuso ou dependência de substâncias psicoativas. Os serviços de acolhimento, de que trata este termo, serão destinados para 20 (Vinte) vagas adultos (feminino), observados a lei federal n. 13.840/19, e a resolução Conad nº. 03/2020).",Termo em elaboração,Fomento
PI-EXEC-GOVERNADOR,2024,26/2024,ASSOCIAÇÃO MONTE MORIÁ ,COORDENADORIA  ESTADUAL DE ENFRENTAMENTO ÀS DROGAS E FOMENTO AO LAZER - CENDFOL ,675000.0,"- O presente termo de fomento tem por objeto manter em funcionamento regular programa para tratamento através de acolhimento exclusivamente voluntário, em regime residencial transitório, de pessoas com transtornos decorrentes do uso, abuso ou dependência de substâncias psicoativas. Os serviços de acolhimento, de que trata este termo, serão destinados para 25 (vinte e cinco) vagas adultos (masculino), observados a lei federal n. 13.840/19, e a resolução Conad nº. 03/2020).",,Fomento
PI-EXEC-GOVERNADOR,2024,25/2024,FUNDAÇÃO TERAPÊUTICA MONTE TABOR,COORDENADORIA  ESTADUAL DE ENFRENTAMENTO ÀS DROGAS E FOMENTO AO LAZER - CENDFOL ,300000.0,"- O presente termo de fomento tem por objeto manter em funcionamento regular programa para tratamento através de acolhimento exclusivamente voluntário, em regime residencial transitório, de pessoas com transtornos decorrentes do uso, abuso ou dependência de substâncias psicoativas. Os serviços de acolhimento, de que trata este termo, serão destinados para 25 (Vinte e cinco) vagas adultos (masculino), observados a lei federal n. 13.840/19, e a resolução Conad nº. 03/2020).",Termo em elaboração,Fomento
PI-EXEC-GOVERNADOR,2024,24/2024,ASSOCIAÇÃO ACOLHEDORA MAANAIN ALFA ,COORDENADORIA  ESTADUAL DE ENFRENTAMENTO ÀS DROGAS E FOMENTO AO LAZER - CENDFOL ,405000.0,"O presente termo de fomento tem por objeto manter em funcionamento regular programa para tratamento através de acolhimento exclusivamente voluntário, em regime residencial transitório, de pessoas com transtornos decorrentes do uso, abuso ou dependência de substâncias psicoativas. Os serviços de acolhimento, de que trata este termo, serão destinados para 15 (Quinze) vagas adultos (masculino), observados a lei federal n. 13.840/19, e a resolução Conad nº. 03/2020).",,Fomento
PI-EXEC-GOVERNADOR,2024,23/2024,FUNDAÇÃO PADRE PIO -  CASA DE VIDA VERDADEIRA,COORDENADORIA  ESTADUAL DE ENFRENTAMENTO ÀS DROGAS E FOMENTO AO LAZER - CENDFOL ,240000.0,"O presente termo de fomento tem por objeto manter em funcionamento regular programa para tratamento através de acolhimento exclusivamente voluntário, em regime residencial transitório, de pessoas com transtornos decorrentes do uso, abuso ou dependência de substâncias psicoativas. Os serviços de acolhimento, de que trata este termo, serão destinados para 10 (Dez) vagas adultos (masculino), observados a lei federal n. 13.840/19, e a resolução Conad nº. 03/2020).",,Fomento
PI-EXEC-GOVERNADOR,2024,22/2024,COMUNIDADE TERAPÊUTICA BETESDA  - FILIAL,COORDENADORIA  ESTADUAL DE ENFRENTAMENTO ÀS DROGAS E FOMENTO AO LAZER - CENDFOL ,135000.0,"O presente termo de fomento tem por objeto manter em funcionamento regular programa para tratamento através de acolhimento exclusivamente voluntário, em regime residencial transitório, de pessoas com transtornos decorrentes do uso, abuso ou dependência de substâncias psicoativas. Os serviços de acolhimento, de que trata este termo, serão destinados para 05 (Cinco) vagas adultos (feminino), observados a lei federal n. 13.840/19, e a resolução Conad nº. 03/2020).",,Fomento
PI-EXEC-GOVERNADOR,2024,21/2024,ASSOCIAÇÃO DA COMUNIDADE TERAPÊUTICA NOVA VIDA - ACTNV,COORDENADORIA  ESTADUAL DE ENFRENTAMENTO ÀS DROGAS E FOMENTO AO LAZER - CENDFOL ,810000.0,"O presente termo de fomento tem por objeto manter em funcionamento regular programa para tratamento através de acolhimento exclusivamente voluntário, em regime residencial transitório, de pessoas com transtornos decorrentes do uso, abuso ou dependência de substâncias psicoativas. Os serviços de acolhimento, de que trata este termo, serão destinados para 30 (Trinta) vagas adultos (masculino), observados a lei federal n. 13.840/19, e a resolução Conad nº. 03/2020).",,Fomento
PI-EXEC-GOVERNADOR,2024,20/2024,COMUNIDADE TERAPÊUTICA BETESDA,COORDENADORIA  ESTADUAL DE ENFRENTAMENTO ÀS DROGAS E FOMENTO AO LAZER - CENDFOL ,540000.0,"- O presente termo de fomento tem por objeto manter em funcionamento regular programa para tratamento através de acolhimento exclusivamente voluntário, em regime residencial transitório, de pessoas com transtornos decorrentes do uso, abuso ou dependência de substâncias psicoativas. Os serviços de acolhimento, de que trata este termo, serão destinados para 20 (Vinte) vagas adultos (masculino), observados a lei federal n. 13.840/19, e a resolução Conad nº. 03/2020).",,Fomento
PI-EXEC-GOVERNADOR,2024,19/2024,ASSOCIAÇÃO MONTE MORIÁ ,COORDENADORIA  ESTADUAL DE ENFRENTAMENTO ÀS DROGAS E FOMENTO AO LAZER - CENDFOL ,240000.0,"O presente termo de fomento tem por objeto manter em funcionamento regular programa para tratamento através de acolhimento exclusivamente voluntário, em regime residencial transitório, de pessoas com transtornos decorrentes do uso, abuso ou dependência de substâncias psicoativas. Os serviços de acolhimento, de que trata este termo, serão destinados para 20 (Vinte) vagas adultos (masculino), observados a lei federal n. 13.840/19, e a resolução Conad nº. 03/2020).",Termo em elaboração,Fomento
PI-EXEC-GOVERNADOR,2024,18/2024,COMUNIDADE TERAPÊUTICA DA FAZENDA ÁGAPE-MATRIZ,COORDENADORIA  ESTADUAL DE ENFRENTAMENTO ÀS DROGAS E FOMENTO AO LAZER - CENDFOL ,810000.0,"- O presente termo de fomento tem por objeto manter em funcionamento regular programa para tratamento através de acolhimento exclusivamente voluntário, em regime residencial transitório, de pessoas com transtornos decorrentes do uso, abuso ou dependência de substâncias psicoativas. Os serviços de acolhimento, de que trata este termo, serão destinados para 30 (trinta) vagas adultos (masculino), observados a lei federal n. 13.840/19, e a resolução Conad nº. 03/2020).",,Fomento
PI-EXEC-GOVERNADOR,2024,17/2024,ASSOCIAÇÃO ELUZAI - ASSOCIAÇÃO FILANTROPICA ELUZAI,COORDENADORIA  ESTADUAL DE ENFRENTAMENTO ÀS DROGAS E FOMENTO AO LAZER - CENDFOL ,810000.0,"- O presente termo de fomento tem por objeto manter em funcionamento regular programa para tratamento através de acolhimento exclusivamente voluntário, em regime residencial transitório, de pessoas com transtornos decorrentes do uso, abuso ou dependência de substâncias psicoativas. Os serviços de acolhimento, de que trata este termo, serão destinados para 30 (trinta) vagas adultos (masculino), observados a lei federal n. 13.840/19, e a resolução Conad nº. 03/2020).",,Fomento
PI-EXEC-GOVERNADOR,2024,16/2024,CASA DAS SAMARITANAS ACOLHIMENTO FEMININO -  CASAF ,COORDENADORIA  ESTADUAL DE ENFRENTAMENTO ÀS DROGAS E FOMENTO AO LAZER - CENDFOL ,615000.0,"O presente termo de fomento tem por objeto manter em funcionamento regular programa para tratamento através de acolhimento exclusivamente voluntário, em regime residencial transitório, de pessoas com transtornos decorrentes do uso, abuso ou dependência de substâncias psicoativas. Os serviços de acolhimento, de que trata este termo, serão destinados para 20 (Vinte) vagas adultos (Feminino), observados a lei federal n. 13.840/19, e a resolução Conad nº. 03/2020).",,Fomento
PI-EXEC-GOVERNADOR,2024,15/2024,ASSOCIAÇÃO TERAPÊUTICA NOVA CRIATURA,COORDENADORIA  ESTADUAL DE ENFRENTAMENTO ÀS DROGAS E FOMENTO AO LAZER - CENDFOL ,501000.0,"O presente termo de fomento tem por objeto manter em funcionamento regular programa para tratamento através de acolhimento exclusivamente voluntário, em regime residencial transitório, de pessoas com transtornos decorrentes do uso, abuso ou dependência de substâncias psicoativas. Os serviços de acolhimento, de que trata este termo, serão destinados para 18 (Dezoito) vagas adultos (masculino), observados a lei federal n. 13.840/19, e a resolução Conad nº. 03/2020).",,Fomento
PI-EXEC-GOVERNADOR,2024,14/2024,ASSOCIAÇÃO DO GRUPO FÉ E AÇÃO - FAZENDA REVIVER,COORDENADORIA  ESTADUAL DE ENFRENTAMENTO ÀS DROGAS E FOMENTO AO LAZER - CENDFOL ,270000.0,"- O presente termo de fomento tem por objeto manter em funcionamento regular programa para tratamento através de acolhimento exclusivamente voluntário, em regime residencial transitório, de pessoas com transtornos decorrentes do uso, abuso ou dependência de substâncias psicoativas. Os serviços de acolhimento, de que trata este termo, serão destinados para 10 (Dez) vagas adultos (masculino), observados a lei federal n. 13.840/19, e a resolução Conad nº. 03/2020).",,Fomento
PI-EXEC-GOVERNADOR,2024,13/2024,ASSOCIAÇÃO PADRE PIO,COORDENADORIA  ESTADUAL DE ENFRENTAMENTO ÀS DROGAS E FOMENTO AO LAZER - CENDFOL ,1470000.0,"O presente termo de fomento tem por objeto manter em funcionamento regular programa para tratamento através de acolhimento exclusivamente voluntário, em regime residencial transitório, de pessoas com transtornos decorrentes do uso, abuso ou dependência de substâncias psicoativas. Os serviços de acolhimento, de que trata este termo, serão destinados para 60 (Sesssenta) vagas adultos (masculino), observados a lei federal n. 13.840/19, e a resolução Conad nº. 03/2020).",,Fomento
PI-EXEC-GOVERNADOR,2024,12/2024,ASSOCIAÇÃO CASA DORCAS - ASSOCIAÇÃO CASA DORCAS ,COORDENADORIA  ESTADUAL DE ENFRENTAMENTO ÀS DROGAS E FOMENTO AO LAZER - CENDFOL ,270000.0,"O presente termo de fomento tem por objeto manter em funcionamento regular programa para tratamento através de acolhimento exclusivamente voluntário, em regime residencial transitório, de pessoas com transtornos decorrentes do uso, abuso ou dependência de substâncias psicoativas. Os serviços de acolhimento, de que trata este termo, serão destinados para 10 (Dez) vagas adultos (feminino), observados a lei federal n. 13.840/19, e a resolução Conad nº. 03/2020).",,Fomento
PI-EXEC-GOVERNADOR,2024,11/2024,ASSOCIAÇÃO INSTITUTO NOVA SEMENTE - INSTITUTO NOVA SEMENTE,COORDENADORIA  ESTADUAL DE ENFRENTAMENTO ÀS DROGAS E FOMENTO AO LAZER - CENDFOL ,540000.0,"O presente termo de fomento tem por objeto manter em funcionamento regular programa para tratamento através de acolhimento exclusivamente voluntário, em regime residencial transitório, de pessoas com transtornos decorrentes do uso, abuso ou dependência de substâncias psicoativas. Os serviços de acolhimento, de que trata este termo, serão destinados para 20 (vinte ) vagas adultos (masculino), observados a lei federal n. 13.840/19, e a resolução Conad nº. 03/2020).",,Fomento
PI-EXEC-GOVERNADOR,2024,10/2024,ASSOCIAÇÃO FILANTRÓPICA SHALOM - MATRIZ FLORIANO,COORDENADORIA  ESTADUAL DE ENFRENTAMENTO ÀS DROGAS E FOMENTO AO LAZER - CENDFOL ,1620000.0,"O presente termo de fomento tem por objeto manter em funcionamento regular programa para tratamento através de acolhimento exclusivamente voluntário, em regime residencial transitório, de pessoas com transtornos decorrentes do uso, abuso ou dependência de substâncias psicoativas. Os serviços de acolhimento, de que trata este termo, serão destinados para 60 (Sessenta ) vagas adultos (masculino), observados a lei federal n. 13.840/19, e a resolução Conad nº. 03/2020).",,Fomento
PI-EXEC-GOVERNADOR,2024,9/2024,ASSOCIAÇÃO CASA DO OLEIRO -  FILIAL URUÇUÍ,COORDENADORIA  ESTADUAL DE ENFRENTAMENTO ÀS DROGAS E FOMENTO AO LAZER - CENDFOL ,600000.0,"- O presente termo de fomento tem por objeto manter em funcionamento regular programa para tratamento através de acolhimento exclusivamente voluntário, em regime residencial transitório, de pessoas com transtornos decorrentes do uso, abuso ou dependência de substâncias psicoativas. Os serviços de acolhimento, de que trata este termo, serão destinados para 25 (Vinte e cinco) vagas adultos (masculino), observados a lei federal n. 13.840/19, e a resolução Conad nº. 03/2020).",,Fomento
PI-EXEC-GOVERNADOR,2024,8/2024,ASSOCIAÇÃO FILANTROPICA SHALOM - FILIAL TERESINA,COORDENADORIA  ESTADUAL DE ENFRENTAMENTO ÀS DROGAS E FOMENTO AO LAZER - CENDFOL ,180000.0,"O presente termo de fomento tem por objeto manter em funcionamento regular programa para tratamento através de acolhimento exclusivamente voluntário, em regime residencial transitório, de pessoas com transtornos decorrentes do uso, abuso ou dependência de substâncias psicoativas. Os serviços de acolhimento, de que trata este termo, serão destinados para 15 (Quinze) vagas adultos (feminino), observados a lei federal n. 13.840/19, e a resolução Conad nº. 03/2020).",,Fomento
PI-EXEC-GOVERNADOR,2024,7/2024,ASSOCIAÇÃO CASA DO OLEIRO - FILIAL LUIZ CORREIA,COORDENADORIA  ESTADUAL DE ENFRENTAMENTO ÀS DROGAS E FOMENTO AO LAZER - CENDFOL ,660000.0,"Prestar serviço de acolhimento de forma voluntária em regime residencial transitório, para 20(vinte) pessoas adultas do sexo masculino a partir dos 18 anos de idade que desenvolveram problemas associados ao uso abusivo ou de pendência de substância psicoativa, por um período de 06 (seis) meses, através de um acolhimento baseado em ações que envolvam atividades como, terapia espiritual, palestras, roda de conversa, apresentação de vídeos, dinâmicas e acompanhamento com familiares.",,Fomento
PI-EXEC-GOVERNADOR,2025,298/2025,ASSOCIACAO DOS CADEIRANTES DO MUNICIPIO DE TERESINA-ASCAMTE,SECRETARIA  DE ESTADO PARA INCLUSÃO DA PESSOA  COM DEFICIÊNCIA - SEID,25000.0,"Este projeto visa criar uma Oficina de Manutenção de Cadeiras de rodas, de forma gratuita para os associados da ASCAMTE, permitindo que eles tenham acesso a um serviço de qualidade e, ao mesmo tempo, promovendo a autonomia e a segurança dos cadeirantes.",Termo em elaboração,Colaboração
PI-EXEC-GOVERNADOR,2025,297/2025,FUNDAÇÃO DESENBARGADOR VICENTE RIBEIRO GONÇALVES - FVRG,SECRETARIA DE ESTADO DA SAÚDE DO PIAUÍ - SESAPI,700000.0,"Ampliar a atenção materno-infantil no Território dos Carnaubais/PI e qualificar o cuidado por meio da realização de ultrassonografia morfológica no pré-natal e de consultas de puericultura, alinhadas às diretrizes da Rede Alyne e ao fortalecimento da resolutividade do SUS no Piauí.",,Fomento
PI-EXEC-GOVERNADOR,2025,296/2025,"ASSOCIAÇÃO DE APOIO ASSISTENCIAL, CULTURAL E EDUCACIONAL MARIA DO AMPARO - AACEMA",SECRETARIA DE ESTADO DA SAÚDE DO PIAUÍ - SESAPI,282600.0,Qualificar os profissionais que prestam assistência de Pré-Natal na Atenção Primária à Saúde e Assistência Ambulatorial visando à melhoria da qualidade da assistência e à redução da mortalidade materna na Região de Saúde Planície Litorânea.,,Fomento
PI-EXEC-GOVERNADOR,2025,295/2025,ASSOCIAÇÃO DE PAIS E AMIGOS DOS EXCEPCIONAIS -  APAE LUIZ CORREIA,SECRETARIA  DE ESTADO PARA INCLUSÃO DA PESSOA  COM DEFICIÊNCIA - SEID,25000.0,"A falta de recursos financeiros no orçamento da entidade faz com que se busque doações de órgãos públicos e privados para cumprir a sua missão. Será investido na ampliação na clinica de reabilitação, construção e aquisição de equipamentos para a sala Sensorial para Autismo. Este plano garante que a ampliação seja feita de forma estratégica, resultando não apenas em uma nova sala, mas em um poderoso instrumento de transformação na vida dos pacientes e em um grande diferencial para a clínica.",Termo em elaboração,Colaboração
PI-EXEC-GOVERNADOR,2025,294/2025,INSTITUTO DE DESENVOLVIMENTO DO NORDESTE (IDENE),SECRETARIA DE ESTADO DA SAÚDE DO PIAUÍ - SESAPI,3300000.0,"Consiste na execução de ações integradas de sensibilização e rastreamento populacional para detecção precoce do câncer Colorretal (CCR), abrangendo os territórios do Vale do Guaribas, Vale do Canindé e Vale dos Rios e Itaueira, no Estado do Piauí.",,Fomento
PI-EXEC-GOVERNADOR,2025,293/2025,CENTRO ESPIRITA CARIDADE E FÉ,"SECRETARIA DE ESTADO DA ASSISTÊNCIA SOCIAL, TRABALHO E DIREITOS HUMANOS - SASC",50000.0,"Aquisição de equipamentos e materiais permanentes para a estruturação física e funcional do Centro Espírita Caridade e Fé, com o objetivo de qualificar o atendimento às pessoas em situação de vulnerabilidade social e fortalecer a execução das ações socioassistenciais desenvolvidas pela instituição",,Colaboração
PI-EXEC-GOVERNADOR,2025,292/2025,ASSOCIAÇÃO SERVOS DE MARIA - FRATERNIDADE SERVOS DE MARIA,"SECRETARIA DE ESTADO DA ASSISTÊNCIA SOCIAL, TRABALHO E DIREITOS HUMANOS - SASC",50000.0,"Contribuir para a promoção da segurança alimentar e o fortalecimento das ações socioeducativas da Fraternidade Servos de Maria, por meio da oferta regular de alimentação nutritiva (lanches e refeições) às crianças e adolescentes atendidos em atividades de contraturno escolar, enfrentando a vulnerabilidade social e a insegurança alimentar que afetam os 344 assistidos da instituição.",,Colaboração
PI-EXEC-GOVERNADOR,2025,291/2025,OBRA KOLPING ESTADUAL DO PIAUÍ - OKE  - PI,SECRETARIA DE ESTADO DA AGRICULTURA FAMILIAR - SAF,64979.0,"Apoio financeiro para a implantação de Centro de Convivência de Agroecologia (CCA), nos municípios de Porto, Nossa Senhora dos Remédios, Campo Largo, Mathias Olímpio e São João do Arraial, no estado do Piauí.",Termo em elaboração,Colaboração
PI-EXEC-GOVERNADOR,2025,290/2025,ACADEMIA PIAUIENSE DE LETRAS,SECRETARIA DE ESTADO DA EDUCAÇÃO -SEDUC,50000.0,"O presente Termo de Fomento tem como objeto a cooperação técnica e financeira para custear despesas de manutenção da entidade, de reconhecida relevância cultural, literária e educacional para o Estado do Piauí.",,Fomento
PI-EXEC-GOVERNADOR,2025,289/2025,ASSOCIAÇAO AMIGOS UNIDOS POR ELISEU MARTINS - AUPEM,SECRETARIA DE ESTADO DA EDUCAÇÃO -SEDUC,50000.0,Execução dos projetos “MINICURSOS DE MOTIVAÇÃO PARA EXTENSÃO DAS ESCOLAS EM TEMPO INTEGRAL NAS REDES MUNICIPAIS DE BURITI DOS MONTES E SEU ENTORNO”.,,Fomento
PI-EXEC-GOVERNADOR,2025,287/2025,INSTITUTO COMRADIO DO BRASIL - UBIQUA,SECRETARIA DE ESTADO DA AGRICULTURA FAMILIAR - SAF,1071628.4,contratação de organização social para execução do Encontro da Agricultura Familiar e Povos e Comunidades Tradicionais do Semiárido e II Feira da Agricultura Familiar do Estado do Piauí,,Colaboração
PI-EXEC-GOVERNADOR,2025,286/2025,COMUNITAS : PARCERIAS PARA DESENVOLVIMENTO SOLIDÁRIO,SECRETARIA DE ESTADO DO  PLANEJAMENTO - SEPLAN,0.0,"O presente Acordo de Cooperação tem como objetivo estabelecer a cooperação mútua entre os Partícipes para a realização e implementação do Programa Juntos Pelo Desenvolvimento Sustentável, com foco na execução do Projeto “Apoio à Gestão da Saúde – Fase 2”. Este Projeto visa dar continuidade às propostas e recomendações da primeira fase, especialmente na avaliação do modelo de gestão das parcerias com Organizações Sociais no Piauí. Entre suas ações, destacam-se a estruturação do NTCSS, o fornecimento de suporte técnico especializado para aprimorar contratos e ferramentas, e a capacitação de profissionais, promovendo maior eficiência e padronização.",Termo em elaboração,Acordo de Cooperação
PI-EXEC-GOVERNADOR,2025,285/2025,COMUNIDADE TERAPÊUTICA BETESDA,SECRETARIA DE ESTADO DA JUSTIÇA - SEJUS ,649410.69,"Composição de Equipe Técnica Multidisciplinar para atendimento cumpridores de alternativas, no âmbito da Central Integrada de Alternativas Penais de Parnaíba-PI.",,Colaboração
PI-EXEC-GOVERNADOR,2025,284/2025,ASSOCIAÇÃO BENEFICENTE O BOM SAMARITANO - NOS BRAÇOS DO PAI,SECRETARIA DE ESTADO DA JUSTIÇA - SEJUS ,719634.82,"Composição de Equipe Técnica Multidisciplinar para atendimento às pessoas presas e apresentadas em audiência de custódia, no âmbito do Serviço de Acompanhamento à Pessoa Custodiada (APEC)",,Colaboração
PI-EXEC-GOVERNADOR,2025,283/2025,ASSOCIAÇÃO JUNTOS PARA AJUDAR IRMA DULCE-PI,SECRETARIA DE ESTADO DA CULTURA DO PIAUÍ - SECULT,50000.0,"Promover o bem-estar social, educação, inclusão e transformação social, através do acesso à cultura e do desenvolvimento de habilidades, bem como fortalecer o sentido de Pertencimento. Através da oferta de manifestações culturais como a capoeira, música, dança, arte visuais entre outros.",,Fomento
PI-EXEC-GOVERNADOR,2025,282/2025,ASSOCIAÇÃO PIAUIENSE DE PROTEÇÃO E AMOR AOS ANIMAIS - APIPA ,SECRETARIA DE ESTADO DO  MEIO AMBIENTE E RECURSOS HÍDRICOS - SEMARH,300000.0,"Aquisição de equipamentos, medicamentos e recursos para serviços veterinários.",,Fomento
PI-EXEC-GOVERNADOR,2025,280/2025,ASSISTÊNCIA SOCIAL DA ASSEMBLEIA DE DEUS - ASAD,SECRETARIA DE ESTADO DA JUSTIÇA - SEJUS ,813724.8,Composição de equipe técnica multidisciplinar para atuar no Núcleo de Atenção ao Servidor Penitenciário do Estado do Piauí- NASPP,Termo em elaboração,Colaboração
PI-EXEC-GOVERNADOR,2025,279/2025,INSTITUTO CAMPUS PARTY - ICP,"SECRETARIA DA INTELIGÊNCIA ARTIFICIAL, ECONOMIA DIGITAL, CIÊNCIA, TECNOLOGIA E INOVAÇÃO - SIA",3000000.0,"O projeto Campus Party Weekend Piauí – #CWPiauí2 consiste na realização de um festival de ciência, tecnologia, inovação, cultura digital e empreendedorismo, em formato presencial e 100% gratuito, a ser realizado no Centro de Convenções de Teresina, entre os dias 10 e 12 de outubro de 2025. A proposta busca fortalecer o ecossistema de inovação do Estado do Piauí, conectando juventudes, comunidades tecnológicas, instituições de ensino, coletivos locais, empresas e órgãos públicos em torno de uma agenda de formação de talentos, difusão científica, inclusão social e estímulo à economia criativa e digital. A #CWPiauí2 articula-se de maneira estratégica com as políticas estaduais de ciência, tecnologia, educação, desenvolvimento econômico e empreendedorismo, promovendo um espaço de convergência entre vocação cultural, potencial produtivo regional e tendências tecnológicas globais, gerando impacto positivo nas dimensões social, econômica e ambiental. A edição de 2025 tem como eixo inspirador a temática: “Inovação e Empreendedorismo na era da IA”, ressaltando a conexão entre identidade cultural e diversidade local com as agendas emergentes de inteligência artificial, robótica, economia circular, transformação digital e novas formas de empreender.",,Fomento
PI-EXEC-GOVERNADOR,2025,7/2025,"FUNDAÇÃO CULTURAL E DE FOMENTO Á PESQUISA, ENSINO, EXTENSÃO E INOVAÇÃO - FADEX",SECRETARIA DE ESTADO DA SAÚDE DO PIAUÍ - SESAPI,3000000.0,"A constituição de aliança estratégica entre o Estado do Piauí, através da Secretaria de Saúde do Estado do Piauí (SESAPI), da Secretaria de Segurança Pública do Estado do Piauí (SSP-PI), da SIA, Empresa de Tecnologia do Estado do Piauí (ETIPI) e a Fundação Cultural e de Fomento à Pesquisa, Ensino, Extensão e Inovação (FADEX), visando à criação e constituição de um ambiente promotor de inovação, pesquisa científica e tecnológica na área da saúde.",Termo em elaboração,
PI-EXEC-GOVERNADOR,2025,261/2025,INSTITUTO PRESENTE (IP),SECRETARIA DE ESTADO DA EDUCAÇÃO -SEDUC,75000.0,"Incentivo à participação das famílias junto às escolas em tempo integral, em diferentes bairros e zonas de Teresina, através do envolvimento das associações de moradores e comunitárias. Essa participação poderá se estender inclusive à presença nos Conselhos Escolares como representantes de pais e da comunidade. Além desse foco, como o Instituto PRESENTE trabalha no apoio à experiência-piloto da Associação IPÊ AMARELO –Catadoras de Materiais Recicláveis dos Bairros Pedra Mole, Cidade Jardim e Adjacências, reunindo mulheres para a coleta seletiva solidária de resíduos sólidos, pretende promover a articulação entre a Associação e as escolas da região, bem como de escolas de outros bairros que manifestarem interesse.",,Fomento
PI-EXEC-GOVERNADOR,2025,260/2025,ASSOCIAÇÃO COMUNITARIA DE TRABALHADORES RURAIS DO ASSENTAMENTO TABOCA,SECRETARIA DE ESTADO DA AGRICULTURA FAMILIAR - SAF,128881.24,"Apoio financeiro para construção de um galpão de secagem da mandioca no município de Pio IX, no estado do Piauí.",,Fomento
PI-EXEC-GOVERNADOR,2025,237/2025,INSTITUTO PRESENTE (IP),SECRETARIA DE ESTADO DA EDUCAÇÃO -SEDUC,100000.0,Projeto de capacitação de professores sobre propostas metodológicas para os componentese da parte diversificada do currículo de escolas em tempo integral nas redes municipais.,,Fomento
PI-EXEC-GOVERNADOR,2025,235/2025,ASSOCIACAO SOLIDARIA PELA VIDA - ASPVIDA ,SECRETARIA DE ESTADO DO  MEIO AMBIENTE E RECURSOS HÍDRICOS - SEMARH,20000.0,Educar os adolescentes sobre a importância da sustentabilidade e do cuidado com o meio ambiente. Desenvolver habilidades e competências para a prática da sustentabilidade no cotidiano. Fomentar a participação ativa dos adolescentes em ações de preservação ambiental.,Termo em elaboração,Fomento
PI-EXEC-GOVERNADOR,2025,218/2025,FUNDAÇÃO NOSSA SENHORA DA PAZ ,SECRETARIA DE ESTADO DA EDUCAÇÃO -SEDUC,1006027.52,"O presente Termo de Fomento tem como objeto a Cooperação técnica e financeira para Garantir a oferta de educação básica na modalidade ensino médio na comunidade Vila da Paz e áreas vizinhas, através da contratação de mão de obra técnico-administrativa, totalizando 25 profissionais manutenção de mão de obra técnico administrativa, compreendendo a Vila da Paz e demais áreas vizinhas na zona sul de Teresina.",,Fomento
PI-EXEC-GOVERNADOR,2025,217/2025,CENTRO DE FORMAÇÃO EDUCACIONAL PARA CONVIVÊNCIA COM O SEMIÁRIDO - CEFESA,SECRETARIA DE ESTADO DA AGRICULTURA FAMILIAR - SAF,738000.0,"T​ermo de Colaboração para a prestação de serviços no âmbito do Projeto Piauí Sustentável e Inclusivo relativos à implementação de tecnologias sociais de acesso à água através da construção de cisternas de 16 mil litros para os territórios Vale do Canindé, Vale dos Rios Piauí e Itaueiras, no semiárido do Estado do Piauí.",,Colaboração
PI-EXEC-GOVERNADOR,2025,216/2025,OBRA KOLPING ESTADUAL DO PIAUÍ - OKE  - PI,SECRETARIA DE ESTADO DA AGRICULTURA FAMILIAR - SAF,1394000.0,"​T​ermo de Colaboração para a prestação de serviços no âmbito do Projeto Piauí Sustentável e Inclusivo relativos à implementação de tecnologias sociais de acesso à água através da construção de cisternas de 16 mil litros para os territórios Vale do Canindé, Vale dos Rios Piauí e Itaueiras, no semiárido do Estado do Piauí.",Termo em elaboração,Colaboração
PI-EXEC-GOVERNADOR,2025,215/2025,INSTITUTO FLOR DO CAJUEIRO,SECRETARIA DE ESTADO DA AGRICULTURA FAMILIAR - SAF,1517000.0,CHAMAMENTO PÚBLICO DE ORGANIZAÇÃO SOCIAL PARA IMPLEMENTAÇÃO DE TECNOLOGIA SOCIAL DE ACESSO À ÁGUA PARA CONSUMO HUMANO POR MEIO DA CONSTRUÇÃO DE 500 CISTERNAS DE 16 MIL LITROS,Termo em elaboração,Colaboração
PI-EXEC-GOVERNADOR,2025,214/2025,INSTITUTO AVANTE DE JUVENTUDE - INSTITUTO AVANTE ,SECRETARIA DE ESTADO DA CULTURA DO PIAUÍ - SECULT,40000.0,Realização de ações que possibilitem o acesso à arte e cultura como uma ferramenta educacional através da realização das oficinas dança para 100 pessoas na cidade de Teresina.,,Fomento
PI-EXEC-GOVERNADOR,2025,201/2025,ASSISTÊNCIA SOCIAL DA ASSEMBLEIA DE DEUS - ASAD,SECRETARIA DE ESTADO DA CULTURA DO PIAUÍ - SECULT,40000.0,"Promover o desenvolvimento cultural, a valorização da identidade musical e o fortalecimento social de 25 crianças e adolescentes em situação de vulnerabilidade social, entre 12 e 17 anos, por meio de atividades de formação musical, práticas artísticas e ações culturais inclusivas, visando sua transformação pessoal, educacional e comunitária.",,Fomento
PI-EXEC-GOVERNADOR,2025,200/2025,MOVIMENTO PELA PAZ NA PERIFERIA -  MP3,SECRETARIA DE ESTADO DE SEGURANÇA PÚBLICA - SSP,64714.9,"O presente Termo de Fomento tem por objeto apoiar a Associação Movimento Pela Paz na Periferia-MP3, no projeto Escola Cozinha Solidária 20 de Novembro, que visa proporcionar alimentação de qualidade a egressos, familiares e pessoa em situação de rua, além de oferecer capacitação profissional na área da gastronomia, de acordo com o Plano de Trabalho devidamente aprovado e condições fixadas neste instrumento, no plano de trabalho ID 018053202 seus anexos",,Fomento
PI-EXEC-GOVERNADOR,2025,199/2025,AÇÃO SOCIAL ARQUIDIOCESANA - ASA,SECRETARIA DE ESTADO DA SAÚDE DO PIAUÍ - SESAPI,50000.0,"Custeio de despesas como alimentação, material de uso e consumo, compra de equipamentos durante um período de 04 meses.",,Fomento
PI-EXEC-GOVERNADOR,2025,198/2025,ASSOCIAÇÃO VIVA COM ESPERANÇA,SECRETARIA DE ESTADO DA CULTURA DO PIAUÍ - SECULT,150000.0,"Capacitar agentes culturais e lideranças comunitárias para atuação técnica qualificada na elaboração de projetos, captação de recursos e prestação de contas em iniciativas culturais.",,Fomento
PI-EXEC-GOVERNADOR,2025,183/2025,AMIGOS E PROTETORES DOS ANIMAIS DE PICOS - APAPI ,SECRETARIA DE ESTADO DO  MEIO AMBIENTE E RECURSOS HÍDRICOS - SEMARH,60000.0,"Dar apoio financeiro para garantir a vida e saúde dos animais resgatados e abrigados pela APAPI, contribuindo para o seu bem-estar e aumentando as chances de adoção.",Termo em elaboração,Fomento
PI-EXEC-GOVERNADOR,2025,182/2025,INSTITUTO DE DESENVOLVIMENTO SOCIAL BATGOL - IDESBA,SECRETARIA DE ESTADO  DOS ESPORTES - SECEPI,3218604.04,REALIZAÇÃO DOS JOGOS ESCOLARES PIAUIENSE - JEPI'S - 2025,,Colaboração
PI-EXEC-GOVERNADOR,2025,173/2025,"FUNDAÇÃO CULTURAL E DE FOMENTO Á PESQUISA, ENSINO, EXTENSÃO E INOVAÇÃO - FADEX",FUNDAÇÃO UNIVERSIDADE ESTADUAL DO PIAUÍ - FUESPI,457968.3,Aperfeiçoamento de cooperação administrativa e técnico-científica e manutenção da Rede Comunitária de Educação e Pesquisa da REDE POTI,,Acordo de Cooperação
PI-EXEC-GOVERNADOR,2025,172/2025,INSTITUTO DE PREVIDÊNCIA E ASSISTÊNCIA HUMANA - IPAH,SECRETARIA DE ESTADO DA SAÚDE DO PIAUÍ - SESAPI,600000.0,"O presente projeto visa aumentar a qualidade de vida, associada à oferta de ações educativas e preventivas relacionadas com o cuidado com a visão, promovendo as condições necessárias para o diagnóstico quanto a identificação de problemas de correções introduzindo um procedimento seguro e eficaz para restaurar a visão clara e transparente após a cirurgia de catarata.",Termo em elaboração,Fomento
PI-EXEC-GOVERNADOR,2025,6/2025,PREFEITURA MUNICIPAL DE SÃO MIGUEL DO FIDALGO,INSTITUTO DO DESENVOLVIMENTO DO PIAUI - IDEPI,292408.61,"Rede de Energia Rural no trecho: Riacho/ Égua Morta/ Volta/ Cumprida/ Inhuma/ Melancia/ Juá/ Cajueiro/ Perpetua, extensão de 15.762.",Termo em elaboração,
PI-EXEC-GOVERNADOR,2025,171/2025,INSTITUTO DE DESENVOLVIMENTO DO NORDESTE (IDENE),SECRETARIA DE ESTADO DA SAÚDE DO PIAUÍ - SESAPI,22928537.16,"Implementar ações itinerantes especializadas voltadas ao rastreamento e diagnóstico precoce dos cânceres de pele, próstata e colo do útero, em caráter complementar e articulado ao Sistema Único de Saúde (SUS), contemplando os 12 territórios de saúde do Estado do Piauí.",,Colaboração
PI-EXEC-GOVERNADOR,2025,170/2025,INSTITUTO COMRADIO DO BRASIL - UBIQUA,SECRETARIA DE ESTADO DO  PLANEJAMENTO - SEPLAN,300000.0,"Apoiar seis prefeituras municipais do Piauí no fortalecimento da governança pública, com foco na modernização do planejamento estratégico, elaboração de projetos e mobilização de recursos, utilizando Inteligência Artificial (Assistente Ciça) e capacitação técnica de servidores.",,Colaboração
PI-EXEC-GOVERNADOR,2025,156/2025,ASSOCIAÇÃO DE DESENVOLVIMENTO COMUNITÁRIO LAGOA DA ROÇA - ADCLAR,SECRETARIA DE ESTADO DA AGRICULTURA FAMILIAR - SAF,97416.53,"Apoio financeiro para a implantação de hortas nos quintais de famílias da comunidade Lagoa da Roça, zona rural do município de Batalha - PI.",,Fomento
PI-EXEC-GOVERNADOR,2025,119/2025,COOPERATIVA DE TRABALHO DE PRESTAÇÃO DE SERVIÇOS PARA O DESENVOLVIMENTO RURAL SUSTENTÁVEL DA AGRICULTURA FAMILIAR - COOTAPI,SECRETARIA DE ESTADO DA AGRICULTURA FAMILIAR - SAF,499349.5,"Apoio financeiro para a realização de feiras e eventos para o fortalecimento da Agricultura Familiar nos territórios de desenvolvimento Entre Rios, Cocais, Chapada das Mangabeiras e Vale do Sambito, do estado do Piauí.",,Colaboração
PI-EXEC-GOVERNADOR,2025,118/2025,INSTITUTO DE DESENVOLVIMENTO ECONÔMICO E INCENTIVO A EDUCAÇÃO E CULTURA - INSTITUTO AVANCE,SECRETARIA DE ESTADO DA AGRICULTURA FAMILIAR - SAF,199998.0,"Apoio financeiro para realização de feiras e eventos visando o fortalecimento da Agricultura Familiar nos Territórios de desenvolvimento Vale do Rio Guaribas, Vale do Canindé, Chapada Vale do Itaim, Entre Rios, Carnaubais e Cocais.",,Colaboração
PI-EXEC-GOVERNADOR,2025,117/2025,ASSOCIAÇÃO  DOS PEQUENOS AGRICULTORES DO ESTADO DO PIAUÍ - APAESPI,SECRETARIA DE ESTADO DA AGRICULTURA FAMILIAR - SAF,150000.0,Apoio financeiro para realização do Seminário Internacional de Agroecologia para promover o intercâmbio de conhecimentos entre diferentes contextos agroecológicos e fortalecer as bases para políticas públicas e práticas sustentáveis no âmbito da Agricultura Familiar.,,Colaboração
PI-EXEC-GOVERNADOR,2025,115/2025,ASSOCIAÇÃO CULTURAL JUNINA TERESINA SHOW,SECRETARIA DE ESTADO DA CULTURA DO PIAUÍ - SECULT,160000.0,"Objetivo Geral a criação, produção, formação, intercâmbio, circulação e divulgação de espetáculos juninos de artes cênicas, com o objetivo de democratizar o acesso aos espetáculos de danças, músicas e encenações típicas das quadrilhas juninas por intermédio do Grupo Cultural Junino Luar do São João.",,Fomento
PI-EXEC-GOVERNADOR,2025,114/2025,COOPERATIVA DOS PRODUTORES DE CAJUINA DO PIAUÍ - LTDA - CAJUESPI,"SECRETARIA DE ESTADO DA ASSISTÊNCIA SOCIAL, TRABALHO E DIREITOS HUMANOS - SASC",115020.0,"O projeto propõe a realização de 10 oficinas de capacitação no preparo de novos pratos, a partir da utilização de produtos e ingredientes existentes em cada comunidade, nos municípios de Teresina (02), José de Freitas (02), União (01) Campo Maior (01); Palmeirais (01); Altos (01); Monsenhor Gil (01); Demerval Lobão (01), no intuito de valorizar a agricultura familiar, buscando o empoderamento dos participantes, com foco na melhoria da alimentação das famílias e na geração de ocupação e renda",Termo em elaboração,Fomento
PI-EXEC-GOVERNADOR,2025,113/2025,ASSOCIAÇÃO PARA O BEM-ESTAR DO MENOR CARENTE DE ESPERANTINA-PI (AMARE),SECRETARIA DE ESTADO DA EDUCAÇÃO -SEDUC,700000.0,"O presente Termo de Fomento tem como objeto contribuir no custeio das ações de enfrentamento da vulnerabilidade social da AMARE para garantir o pleno acesso à Escola e Educação Integral de 400 crianças e adolescentes no município de Esperantina-PI, visando a inserção e permanência do assistido no sistema educacional, sustentando seu desempenho escolar e o desenvolvimento de suas habilidades socioemocionais, alimentação adequada e acompanhamento psicossocial, fortalecendo os laços familiares e educacionais.",,Fomento
PI-EXEC-GOVERNADOR,2025,111/2025,AÇÃO SOCIAL ARQUIDIOCESANA - ASA,"SECRETARIA DE ESTADO DA ASSISTÊNCIA SOCIAL, TRABALHO E DIREITOS HUMANOS - SASC",550000.0,"Custeio de despesas com Pessoal, água, gás de cozinha, alimentação, material de limpeza, combustível e serviços de terceiros durante um período de 12 meses.",,Fomento
PI-EXEC-GOVERNADOR,2025,108/2025,INSTITUTO DE PESCA E AQUICULTURA MULHERES DAS ÁGUAS - IPAMA,SECRETARIA DE ESTADO DA AGRICULTURA FAMILIAR - SAF,50000.0,Apoio financeiro para realização do encontro de aquicultores e piscicultores visando a potencialização da produção de peixe e estratégias de comercialização para os produtores e trabalhadores rurais da agricultura familiar do estado.,,Colaboração
PI-EXEC-GOVERNADOR,2025,107/2025,ASSOCIAÇÃO DOS FILHOS E AMIGOS DE MORRO CABEÇA NO TEMPO,SECRETARIA DE ESTADO DA AGRICULTURA FAMILIAR - SAF,99946.0,"Apoio financeiro para fomentar a produção familiar com a aquisição de alimentos, com doação simultânea para famílias em situação de vulnerabilidade alimentar e nutricional.",Termo em elaboração,Colaboração
PI-EXEC-GOVERNADOR,2025,105/2025,"INSTITUTO SÓCIO, CULTURAL E ESPORTIVO NOVA CONQUISTA - INSTITUTO NOVA CONQUISTA ",SECRETARIA  DE ASSISTÊNCIA TÉCNICA E DEFESA AGROPECUÁRIA - SADA,500000.0,"Projeto de Instalação de Tanques Suspensos para Agricultura Familiar prevê, disponibilizar Tanques Suspensos de Geomembranas para produção de peixes para pequenos agricultores nos municípios de Altos, Hugo Napoleão, São Raimundo Nonato, Teresina e União.",,Fomento
PI-EXEC-GOVERNADOR,2025,104/2025,FUNDAÇÃO EDUCACIONAL MANDACARU – FEMAN,SECRETARIA DE ESTADO DA EDUCAÇÃO -SEDUC,407093.68,"A proposta tem por mérito o enfrentamento da vulnerabilidade social de crianças e jovens no município de Teresina contribuindo para a inserção e o acompanhamento no sistema educacional, assistência psicossocial, objetivando o fortalecimento dos laços familiares e educacionais. Realização de um Projeto de Interveção Social, para melhorias da aprendizagem e da autoestima das crianças e jovens de baixa renda, com o intuito de inseri-los no contexto socioeconômico, combater a violência doméstica/familiar e a desigualdade social, para que seja possível o exercício pleno da cidadania, com bem preceitua a constituição de 1988, determinada de ""Cidadã.""",,Fomento
PI-EXEC-GOVERNADOR,2025,103/2025,FUNDAÇÃO PRIMEIRA POTENCIA,SECRETARIA DE ESTADO DA EDUCAÇÃO -SEDUC,200000.0,"Aprender, trabalhando com problemas reais sobre os fenômenos, buscando respostas por meio de pesquisa, observação, prototipação, experimentação, e investigação, a partir da integração do uso de tecnologia, robótica, programação e cultura maker como recursos para as soluções. Em um ambiente móvel, prático e que segue as normas e protocolos, conforme a lei. O projeto será realizado de forma experimental num período de 06 meses em 04 ESCOLAS DA REDE ESTADUAL",,Fomento
PI-EXEC-GOVERNADOR,2025,5/2025,PREFEITURA MUNICIPAL DE SÃO JOSÉ DO DIVINO,SECRETARIA DE ESTADO DA AGRICULTURA FAMILIAR - SAF,516354.4,"Construção de uma passagem molhada sobre o Rio Piracuruca, zona rural de São José do Divino - PI.",Termo em elaboração,
PI-EXEC-GOVERNADOR,2025,82/2025,"ASSOCIAÇÃO DE ASSISTÊNCIA A EDUCAÇÃO, A SOCIEDADE E A CULTURA - AAESC",SECRETARIA DE ESTADO DA EDUCAÇÃO -SEDUC,100000.0,"O presente Termo de Fomento tem por objeto a cooperação financeira, visando garantir a manutenção dos serviços educacionais prestados pela AAESC através do oferecimento de cursos de redação e compreensão de textos com Base no Fortalecimento das competências e das habilidades da Matriz Curricular de Língua Portuguesa.",,Fomento
PI-EXEC-GOVERNADOR,2025,66/2025,"FUNDAÇÃO CULTURAL E DE FOMENTO Á PESQUISA, ENSINO, EXTENSÃO E INOVAÇÃO - FADEX",SECRETARIA DE ESTADO DE SEGURANÇA PÚBLICA - SSP,6600000.0,"A constituição de aliança estratégica entre o Estado do Piauí, por meio da Secretaria de Segurança Pública do Estado do Piauí - SSP/PI, da Secretaria de Administração do Piauí – SEAD/PI, da Secretaria de Inteligência Artificial, Economia Digital, Ciência, Tecnologia e Inovação – SIA/PI, da Empresa de Tecnologia da Informação do Piauí – ETIPI e a Fundação Cultural e de Fomento à Pesquisa, Ensino, Extensão e Inovação (FADEX), visando à criação e à implementação de Ambiente de Inovação no âmbito do Estado do Piauí.",Termo em elaboração,Acordo de Cooperação
PI-EXEC-GOVERNADOR,2025,5/2025,"FUNDAÇÃO CULTURAL E DE FOMENTO Á PESQUISA, ENSINO, EXTENSÃO E INOVAÇÃO - FADEX",SECRETARIA DE ESTADO DE SEGURANÇA PÚBLICA - SSP,6600000.0,"A constituição de aliança estratégica entre o Estado do Piauí, por meio da Secretaria de Segurança Pública do Estado do Piauí - SSP/PI, da Secretaria de Administração do Piauí – SEAD/PI, da Secretaria de Inteligência Artificial, Economia Digital, Ciência, Tecnologia e Inovação – SIA/PI, da Empresa de Tecnologia da Informação do Piauí – ETIPI e a Fundação Cultural e de Fomento à Pesquisa, Ensino, Extensão e Inovação (FADEX), visando à criação e à implementação de Ambiente de Inovação no âmbito do Estado do Piauí.",Termo em elaboração,
PI-EXEC-GOVERNADOR,2025,65/2025,ASSOCIAÇÃO SOCIEDADE LITERÁRIA DE TERESINA - SOL ,SECRETARIA DE ESTADO DA EDUCAÇÃO -SEDUC,100000.0,"A proposta tem por mérito o enfrentamento da vulnerabilidade social de crianças e jovens no município de Teresina contribuindo para a inserção e o acompanhamento no sistema educacional, assistência psicossocial, objetivando o fortalecimento dos laços familiares e educacionais. Realização de um Projeto de Interveção Social, oriundo do Gabinete do Deputado Federal Merlong Solano através de Emenda Parlamentar, com finalidade definida consistente na aquisição de livros de escritores piauienses, os quais, por meio de doação, contemplarão escolas públicas estaduais, em conformidade com o projeto desenvolvido pela Associação Sociedade Literária de Teresina - SOL.",,Fomento
PI-EXEC-GOVERNADOR,2025,51/2025,OBRA KOLPING ESTADUAL DO PIAUÍ - OKE  - PI,SECRETARIA DE ESTADO DA AGRICULTURA FAMILIAR - SAF,1079133.52,"Contribuir para a melhoria das condições de vida, social e econômica das famílias de pequenos produtores rurais através da construção de Cisternas-Calçadão para captação e armazenamento de água que se destina ao consumo humano e a produção de alimentos, além de formação e capacitação sobre gestão dos recursos hídricos , acompanhamento e apoio a iniciativas de geração de trabalho e renda para 69 famílias dos municípios de Alto Longá, Pau D’Arco do Piauí e José de Freitas, no Território Entre Rios no Estado do Piaui.",,Colaboração
PI-EXEC-GOVERNADOR,2025,49/2025,UNIAO DOS ESCOTEIROS DO BRASIL -  UEB-REGIAO ESCOTEIRA DO PIAUI,SECRETARIA DE ESTADO DE SEGURANÇA PÚBLICA - SSP,69650.0,"Viabilizar a participação da União dos Escoteiros do Brasil - região Piauí no 1º ACAMPA NORDESTE, promovendo apoio logístico e financeiro para a contratação de serviços de transporte e fornecimento de kits de enxoval, de acordo com o Plano de Trabalho devidamente aprovado e condições fixadas neste instrumento e seus anexos.",Termo em elaboração,Fomento
PI-EXEC-GOVERNADOR,2025,48/2025,FUNDAÇÃO HOSPITALAR JOAQUIM SIMEÃO FILHO - HOSPITAL BENEFICENCIA CHAPADA DO ARARIPE,SECRETARIA DE ESTADO DA SAÚDE DO PIAUÍ - SESAPI,18000000.0,"Recurso de Custeio para serviços de Média e Alta Complexidade, prestados no HOSPITAL BENEFICÊNCIA CHAPADA DO ARARIPE.",,Fomento
PI-EXEC-GOVERNADOR,2025,46/2025,COOPERATIVA DE ARTESANATO MESTRE DEZINHO-CAMEDE,SECRETARIA DE ESTADO DA CULTURA DO PIAUÍ - SECULT,200000.0,"0 objeto do projeto e a reestruturagao e modernizagao da Cooperativa de Artesanato Mestre Dezinho (CAMEDE), comfoco na aquisigao de bens materiais e melhorias em infraestrutura, tecnologia e logistica.",,Fomento
PI-EXEC-GOVERNADOR,2025,35/2025,COOPERATIVA DE ARTESANATO MESTRE DEZINHO-CAMEDE,SECRETARIA DE ESTADO DA CULTURA DO PIAUÍ - SECULT,200000.0,"Fortalecer a estrutura da Cooperativa de Artesanato Mestre Dezinho (CAMEDE), aprimorando as condifoes para a produ^ao, logistica e comercializa^ao de pe^as artesanais, de forma a aumentar a eficiencia operacional, reduzir custos e oferecer um ambiente acolhedor e acessivel aos associados e visitantes.",Termo em elaboração,Fomento
PI-EXEC-GOVERNADOR,2025,34/2025,FUNDAÇÃO PEDRO COELHO DE REZENDE,SECRETARIA DE ESTADO DAS MULHERES - SEMPI,20000.0,"Em um levantamento recente para avaliar se cadastraríamos nosso projeto no presente edital, conversamos com algumas lideranças da causa lgbtqia+ das cidades de Boa Hora, Boqueirão do Piauí, Cabeceiras e da Zona Rural de Barras e percebemos que no interior do Piauí a situação das mulheres lésbicas, bissexuais, transexuais, travestis e transgêneros (LBTs) é de grande descriminação e falta de assistência. Com o presente recurso pretendemos utilizar da nossa estrutura e promover cursos, principalmente na área de informática, empreendedorismo e gestão financceira, para dar mais opções de que esse público desenvolva sua autonomia econômica, ao tempo em que, em parceria com as Secretarias de Saúde e de Educacação faremos palestras sobre saúde e bemestar físico e mental.",Termo em elaboração,Colaboração
PI-EXEC-GOVERNADOR,2025,33/2025,INSTITUTO SOCIAL E CULTURAL - MANDU LADINO,SECRETARIA DE ESTADO DAS MULHERES - SEMPI,20000.0,"A proposta apresenta uma abordagem transformadora, com o intuito de combater a exclusão cultural e a escassez de espaços inclusivos para a comunidade LGBTQIA+ em Teresina. A questão central reside na ausência de iniciativas culturais que integrem essa população, promovendo a diversidade como um valor essencial. Com os recursos pleiteados, serão organizados festivais culturais vibrantes, apresentações artísticas que celebrem a pluralidade identitária, e oficinas formativas voltadas ao desenvolvimento e empoderamento da comunidade LGBTQIA+. Além disso, será promovida a construção de redes de apoio, criando um ecossistema de solidariedade e pertencimento. Como impacto esperado, prevê-se não apenas a ampliação do acesso à cultura, mas também uma profunda transformação social, marcada pela diminuição do preconceito, o reconhecimento da diversidade como riqueza, e o fortalecimento de uma sociedade mais justa e inclusiva.",Termo em elaboração,Colaboração
PI-EXEC-GOVERNADOR,2025,32/2025,ASSOCIAÇÃO DOS AMIGOS DA SOPA - AMIGOS ,SECRETARIA DE ESTADO DAS MULHERES - SEMPI,20000.0,Realização de Oficinas de Macramê para mulheres LBT visando autonomia financeira,Termo em elaboração,Colaboração
PI-EXEC-GOVERNADOR,2025,31/2025,FUNDAÇÃO PRIMEIRA POTENCIA,SECRETARIA DE ESTADO DAS MULHERES - SEMPI,20000.0,"Maravilha, Gil! Aqui está uma versão mais detalhada, especializada e com linguagem sensível ao segmento da inclusão social e esportiva, valorizando o protagonismo feminino e LBT na arbitragem de futebol:ObjetoO presente projeto tem como objeto a formação, qualificação e inserção de mulheres e pessoas da comunidade LBT (lésbicas, bissexuais e transgêneros) na área da arbitragem de futebol, por meio de um programa estruturado, inclusivo e transformador. A iniciativa visa romper com barreiras históricas de exclusão e desigualdade que permeiam o ambiente esportivo, oferecendo oportunidades reais de acesso, desenvolvimento e reconhecimento profissional em um espaço ainda marcado pela hegemonia masculina.O projeto atuará em quatro frentes principais: Capacitação técnica e teórica: será ofertado um curso completo de arbitragem com enfoque inclusivo, abordando as regras oficiais do futebol, a mecânica da arbitragem, preparação física e mental, ética esportiva, comunicação em campo e psicologia aplicada ao esporte. Formação cidadã e de valores: as participantes também terão acesso a conteúdos voltados para direitos humanos, igualdade de gênero, enfrentamento à LGBTfobia, empoderamento feminino e diversidade no esporte — formando não apenas árbitras, mas agentes de transformação social. Vivência prática supervisionada: estágios reais em jogos oficiais, com supervisão técnica, permitindo que as participantes coloquem em prática os conhecimentos adquiridos, ganhem confiança e estabeleçam suas trajetórias com legitimidade no cenário esportivo. Mentoria e rede de apoio: o projeto contará com a presença de árbitras, atletas e lideranças LBT que atuarão como mentoras e referências, fortalecendo os laços de pertencimento, troca de experiências e construção de redes solidárias. A partir dessas ações, busca-se formar uma nova geração de árbitras que representem a pluralidade da sociedade brasileira e que, com competência e coragem, ajudem a redefinir os padrões do futebol, ampliando as possibilidades de atuação profissional e valorização das mulheres e pessoas LBT nos esportes.",Termo em elaboração,Colaboração
PI-EXEC-GOVERNADOR,2025,30/2025,INSTITUTO MANGA ROSA INFLOR - I'M ROSIM,SECRETARIA DE ESTADO DAS MULHERES - SEMPI,20000.0,"Realização de oficinas voltadas para empreendedorismo e gestão de negócios com ênfase em produções domiciliares como gêneros alimentícios e artesanato, pois acessíveis e de baixo custo às classes mais baixas",,Colaboração
PI-EXEC-GOVERNADOR,2025,29/2025,"ASSOCIAÇÃO DE ASSISTÊNCIA A EDUCAÇÃO, A SOCIEDADE E A CULTURA - AAESC",SECRETARIA DE ESTADO DAS MULHERES - SEMPI,20000.0,"O Projeto Cidadania e Direitos Humanos LBT cujo objeto é a implementação de Ações de formação cidadã, de educação e sensibilização contra a violência homofóbica, focando idealmente experiências de combate ao bullying homofóbico e transfóbico (juventude e meio escolar); e de formação para a empregabilidade, que visam preparar as mulheres lésbicas, bissexuais, transexuais, travestis e transgêneros (LBTs) para a inserção social, familiar e profissional, vislumbrando a redução dos índices de discriminação e violência essa população. Para o exercício de cidadania, de educação continuada e de formação para a empregabilidade, pode incluir: 1 — AÇÕS DE EDUCAÇÃO E PROFISSIONALIZAÇÃO: a) Cursos técnicos e profissionalizantes para desenvolver habilidades e competências que facilitem a reinserção no mercado de trabalho. b) Iniciativas de alfabetização e elevação de escolaridade para aqueles que não tiveram acesso à educação básica. c) Oficinas e treinamentos em áreas como empreendedorismo, gestão financeira pessoal e habilidades socioemocionais. 2 — ASSISTÊNCIA PSICOSSOCIAL E DE SAÚDE: a) Acompanhamento psicológico e atendimento em saúde biológica e mental para lidar com os desafios emocionais e traumas decorrentes da discriminação e da violência. b) Orientação e encaminhamento para serviços de saúde, como acesso a medicamentos, tratamento de dependência química e acompanhamento médico. 3 — APOIO JURÍDICO E DOCUMENTAL: a) Orientação e auxílio na regularização de documentos pessoais, como RG, CPF e certidões. b) Assessoria jurídica para questões relacionadas à integração social e de direitos. 4 — INTERMEDIAÇÃO E INSERÇÃO NO MERCADO DE TRABALHO: a) Parcerias com empresas e programas de inclusão produtiva para facilitar a contratação dos atendidos. b) Apoio na elaboração de currículos, treinamento para entrevistas e encaminhamento a vagas de emprego. 5 — ATIVIDADES COMUNITÁRIAS E DE REINTEGRAÇÃO SOCIAL: a) Ações de conscientização e combate ao estigma social, envolvendo a comunidade no processo de socialização. b) Iniciativas de integração com a família e a comunidade, fortalecendo os laços sociais. Essas ações visam proporcionar uma socialização de forma digna.",Termo em elaboração,Colaboração
PI-EXEC-GOVERNADOR,2025,28/2025,INSTITUTO JUVENTUDES ,SECRETARIA DE ESTADO DAS MULHERES - SEMPI,20000.0,"O projeto é voltado ao fomento e inserção de mulheres LBTs no mercado de trabalho, respeitando os valores culturais, artísticos e históricos próprios do contexto social dos envolvidos. RESULTADOS ESPERADOS: INCLUSÃO PRODUTIVA O projeto prevê estratégias efetivas de inserção de mulheres LBTs no mercado de trabalho. Explorar sua capacidade de criar de aprender e de se expressar, absolvendo conhecimento e desenvolvimento de novas habilidades. FOMENTO AO PERFIL EMPREENDEDOR: A capacitação técnica visa, além do acesso a oportunidades de inclusão produtiva, a formação de profissionais criativos e comprometidos, sugere-se que as mulheres LBTs possam empreender, identificando as oportunidades mais alinhadas ao seu perfil, e cujo resultado seja o alcance de trabalhos no meio socioeconómico. RESULTADOS ESPERADOS: Realizar Curos, Workshops, palestras e discussões em grupo para alcançar a inserção de mulheres LBTs no mercado de trabalho",Termo em elaboração,Colaboração
PI-EXEC-GOVERNADOR,2025,27/2025,ARTICULAÇÃO PIAUIENSE DE TRAVESTIS E TRANSEXUAIS - APTTRA,SECRETARIA DE ESTADO DAS MULHERES - SEMPI,20000.0,"É sabido que o Brasil está entre os países mais machistas, misóginos e transfóbicos do mundo. Dezenas de mulheres CIS e Trans são violentadas e assassinadas pelo patriarcado da honra. Pretende-se através desta proposta, empoderar mulheres LBTI, em especial negras, para o autoconhecimento e a identificação de manifestações machistas, misóginas e transfóbicas por mínima que seja. Orientá-las a denunciar toda e qualquer forma destes preconceitos. Formar lideranças que possam contribuir massivamente para prevenção e enfrentamento à misoginia e o transracismo em todas as suas vertentes.",Termo em elaboração,Colaboração
PI-EXEC-GOVERNADOR,2025,26/2025,ASSOCIAÇÃO DE AMIGOS DOS AUTISTAS DO PIAUÍ - AMA/PI,SECRETARIA DE ESTADO DAS MULHERES - SEMPI,20000.0,"Pessoas autistas em geral têm dificuldades de socialização ( interações sociais e afetivas), dessa forma serão realizadas formações nas áreas de gênero e direitos LGBTQIAPN+; curso de elaboração e preparação de currículo e entrevista de emprego; sociologia das emoções e afetos.",Termo em elaboração,Colaboração
PI-EXEC-GOVERNADOR,2025,25/2025,ASSOCIAÇÃO CULTURAL DOS AMIGOS DA MÚSICA EFICIENTE - ACAME,SECRETARIA DE ESTADO DA EDUCAÇÃO -SEDUC,849797.68,"O presente Termo de Fomento 001/2025 tem como objeto a realização de ações que proporcionem o acesso à educação e a cultura, de forma significativa e complementar, através do uso da musicoterapia, e aula de instrumentação e música, voltada ao desenvolvimento de habilidades e potencialidades, visando a inclusão social, bem-estar e exercício da cidadania das pessoas com e sem deficiências, bem como um atendimento individualizado por equipe multidisciplinar e o encaminhamento para a rede de proteção, a fim de dar continuidade ao atendimento e melhorar o desenvolvimento das ações pelo projeto.",,Fomento
PI-EXEC-GOVERNADOR,2025,22/2025,ACADEMIA PIAUIENSE DE LETRAS,SECRETARIA DE ESTADO DA EDUCAÇÃO -SEDUC,408600.0,"O presente Termo de Fomento tem como objeto a promoção de ações de valorização da literatura e da cultura piauiense, fortalecendo sua preservação, modernização e difusão.",,Fomento
PI-EXEC-GOVERNADOR,2025,4/2025,PREFEITURA MUNICIPAL DE TERESINA,INSTITUTO DO DESENVOLVIMENTO DO PIAUI - IDEPI,6000000.0,Recapeamento Asfáltico em Concreto Betuminoso Usinado Quente - CBUQ no Município de Teresina - PI.,Termo em elaboração,
PI-EXEC-GOVERNADOR,2025,21/2025,"INSTITUTO MOVIMENTA PIAUI - APOIO A CULTURA, CIDADANIA, ESPORTE, PESQUISA, INOVACAO E GAMES - IACCEPI",SECRETARIA DE ESTADO DAS MULHERES - SEMPI,20000.0,"Situação Problema: Após estudos de viabilidade da nossa proposta, identificamos que o estado do Piauí, e em especial a capital Teresina, tem experimentado desafios na inclusão de mulheres lésbicas, bissexuais, travestis e transgêneras (LBTs) no mercado de trabalho, principalmente em setores tecnológicos. Estudos indicam uma carência de políticas e programas específicos para promover a autonomia econômica e inclusão social para mulheres LBTs, que muitas vezes enfrentam barreiras adicionais, como discriminação, acesso limitado a oportunidades, exclusão social e obstáculos significativos para alcançar independência econômica. A ausência de políticas que promovam a autonomia econômica e incluam essas mulheres em setores de alta demanda acentua a desigualdade. Esse cenário exige iniciativas específicas que forneçam ferramentas práticas e capacitações voltadas para a inclusão social e empoderamento econômico por meio da tecnologia. A discriminação e a falta de oportunidades no mercado de trabalho formal resultam em dificuldades para o desenvolvimento profissional e econômico desse grupo. Em particular, a falta de programas de capacitação e apoio direcionados agrava a vulnerabilidade socioeconômica e limita o acesso a empregos de qualidade, especialmente em setores emergentes, como tecnologia e serviços digitais. Diante desse cenário, nosso projeto ""Conecta LBT Piauí: Transformação Digital e Autonomia Econômica para Mulheres LBTs"" visa capacitar mulheres LBTs, promovendo a inclusão por meio de ferramentas tecnológicas e formação prática que fortaleça o empoderamento socioeconômico. Nossa proposta oferece capacitações em áreas de grande demanda e potencial de crescimento, como marketing digital, e-commerce, design gráfico e gestão de projetos, alinhando-se com as diretrizes do edital SEMPI 2024. ------------------------ 2.2) Ações para Financiamento com os Recursos Solicitados: Com os recursos do edital, nosso projeto implementará um ciclo de 4 capacitações práticas em habilidades tecnológicas e digitais, com as seguintes ações principais: A) Capacitações Presenciais e Práticas: Realização de 4 capacitações práticas, divididas em 2 temas principais (Marketing Digital e Empreendedorismo Digital) e 2 temas complementares (Design Gráfico e Gestão de Projetos), com carga horária de 10h cada; B) Mentorias Individuais: Suporte complementar de 3h para cada participante, conduzido por instrutoras trans capacitadas, oferecendo orientação personalizada e suporte técnico para aplicar as habilidades adquiridas; C) Produção de Material Didático e Certificação: Criação de apostilas impressas e certificados de conclusão, reforçando o aprendizado e a validação das habilidades adquiridas; D) Registro Audiovisual e Divulgação: Registro profissional das capacitações para fins de divulgação e criação de um portfólio de impacto social, além de campanhas de mídia para promover a iniciativa. ------------------------ 2.3) Resultados Esperados: A) Desenvolvimento de Competências Práticas: Capacitar 20 mulheres LBTs em habilidades que são requisitadas pelo mercado digital, como marketing, design e gestão de negócios online, possibilitando o ingresso no mercado formal ou o desenvolvimento de negócios próprios; B) Empoderamento Econômico e Social: Promover a autonomia econômica dessas mulheres ao criar oportunidades concretas de geração de renda, oferecendo recursos para superar barreiras socioeconômicas; C) Fortalecimento de Redes e Vínculos Profissionais: Construir uma rede de suporte entre as participantes e as instrutoras, possibilitando que as beneficiárias desenvolvam relacionamentos profissionais e acessem mentorias futuras; D) Aumento da Visibilidade e Inclusão Social: Fomentar a visibilidade positiva das mulheres LBTs na sociedade e ampliar sua inclusão em espaços de capacitação, mercado de trabalho e empreendedorismo, minimizando o estigma e promovendo a inclusão; Com isso buscamos relevância no projeto em termos de transformação social e econômica, proporcionando um impacto duradouro e alinhado aos objetivos de autonomia e inclusão propostos pelo edital. Mas também visamos parcerias de longo prazo com a SEMPI.",,Colaboração
PI-EXEC-GOVERNADOR,2025,3/2025,PREFEITURA MUNICIPAL DE SÃO JOÃO DA VARJOTA ,INSTITUTO DO DESENVOLVIMENTO DO PIAUI - IDEPI,0.0,TRANSFORMAÇÃO DE REDE MONOFÁSICA PARA TRIFÁSICA E EXTENÇÃO PRIMÁRIA NA LOCALIDADE JACUS,Termo em elaboração,
PI-EXEC-GOVERNADOR,2025,2/2025,PREFEITURA MUNICIPAL DE SÃO JOÃO DA VARJOTA ,INSTITUTO DO DESENVOLVIMENTO DO PIAUI - IDEPI,108508.3,,Termo em elaboração,
PI-EXEC-GOVERNADOR,2025,1/2025,PREFEITURA MUNICIPAL DE BOA HORA,INSTITUTO DO DESENVOLVIMENTO DO PIAUI - IDEPI,274943.74,​​CONCLUSÃO DO ESTÁDIO MUNICIPAL NA LOCALIDADE MATO SECO,Termo em elaboração,
PI-EXEC-GOVERNADOR,2026,1036/2026,PROJETO ESPORTIVO QUARTEL GENERAL DA LUTA - QGL,COORDENADORIA  ESTADUAL DE ENFRENTAMENTO ÀS DROGAS E FOMENTO AO LAZER - CENDFOL ,117000.0,"Parceria, por meio de Termo de Fomento, com organizações da sociedade civil - OSC para execução de ações de prevenção ao uso abusivo do álcool e outras drogas, em regime de mútua cooperação com a administração pública estadual",,Fomento
PI-EXEC-GOVERNADOR,2026,1030/2026,Instituto de Inovação e Projetos - INOVE,COORDENADORIA ESTADUAL DE DESENVOLVIMENTO DOS TERRITÓRIOS - CDTER ,650000.0,"REALIZAÇÃO DA TRADICIONAL VAQUEJADA E FEIRA DOS CRIADORES DE ANIMAIS DE JOCA MARQUES - PI, EM SUA 29ª EDIÇÃO.",,Fomento
PI-EXEC-GOVERNADOR,2026,1029/2026,INSTITUTO JUVENTUDES ,DEPARTAMENTO ESTADUAL DE TRÂNSITO  – DETRAN,1500000.0,"A 4ª Ciranda Educativa de Trânsito, proposta pelo Instituto Juventudes, consiste em projeto de educação para o trânsito voltado à promoção da segurança viária, por meio da realização de atividades educativas, lúdicas e interativas destinadas a crianças e adolescentes da rede municipal de ensino de Teresina/PI.",,Fomento
PI-EXEC-GOVERNADOR,2026,1026/2026,Instituto de Inovação e Projetos - INOVE,COORDENADORIA ESTADUAL DE DESENVOLVIMENTO DOS TERRITÓRIOS - CDTER ,1500000.0,"Apoio institucional, técnico e operacional para organização, estruturação e execução da 29ª Vaquejada e Feira dos Criadores de Animais de Joca Marques, via Termo de Fomento — abrangendo estrutura física do evento (arena, currais, estandes, palco, sonorização), contratação de atrações artísticas, logística, comunicação/divulgação, acessibilidade e equipe de coordenação., no Município deJoca Marques",Termo em elaboração,Fomento
PI-EXEC-GOVERNADOR,2026,1020/2026,COOPERATIVA DE ARTESANATO MESTRE DEZINHO-CAMEDE,SECRETARIA DE ESTADO DA CULTURA DO PIAUÍ - SECULT,100000.0,"FORTALECER A SUSTENTABILIDADE ECONÔMICA, CULTURAL E PRODUTIVA DA COOPERATIVA DE ARTESANATO MESTRE DEZINHO – CAMEDE E DE SEUS COOPERADOS, POR MEIO DA AQUISIÇÃO DA PRODUÇÃO ARTESANAL DA ARTE SANTEIRA, PROMOVENDO A VALORIZAÇÃO DOS ARTESÃOS, A GERAÇÃO DE RENDA PARA AS FAMÍLIAS BENEFICIADAS E A PRESERVAÇÃO DOS SABERES TRADICIONAIS QUE CONSTITUEM IMPORTANTE PATRIMÔNIO CULTURAL DO ESTADO DO PIAUÍ.",Termo em elaboração,Fomento
PI-EXEC-GOVERNADOR,2026,1019/2026,ASSOCIAÇÃO DE PROMOÇÃO DA CIDADANIA E DESENVOLVIMENTO SOCIAL - ACIS,"SECRETARIA DE ESTADO DA ASSISTÊNCIA SOCIAL, TRABALHO E DIREITOS HUMANOS - SASC",200000.0,"Realização de uma feira socioambiental formativa, com ações de capacitação em reciclagem e reaproveitamento de materiais, apoio a associações de catadores, oficinas de economia circular e solidária, educação ambiental e atividades de geração de renda voltadas a públicos em situação de vulnerabilidade socioeconômica.",,Colaboração
PI-EXEC-GOVERNADOR,2026,1015/2026,AMI-LS - ASSOCIACAO MISTA ITAUEIRENSE LUTA SOCIAL,SECRETARIA DE ESTADO DA CULTURA DO PIAUÍ - SECULT,150000.0,"Realizar o Festival Cultural do Vaqueiro – Parque Maravilha, no município de Itaueira/PI, como forma de valorizar e preservar a cultura vaqueira e as tradições nordestinas, promovendo a integração social, o acesso à cultura, o lazer comunitário e o fortalecimento da identidade cultural regional: • Valorizar e fortalecer a cultura vaqueira e as tradições populares nordestinas; • Promover apresentações culturais e artísticas voltadas à preservação da identidade regional; • Incentivar a participação da comunidade em atividades culturais, sociais e recreativas; • Proporcionar momentos de lazer, integração e convivência entre moradores e visitantes; • Estimular a economia local por meio da movimentação do comércio e da prestação de serviços durante o evento; Contribuir para a divulgação do município de Itaueira como destino de valorização da cultura popular.",Termo em elaboração,Fomento
PI-EXEC-GOVERNADOR,2026,1007/2026,ASSOCIAÇÃO DE CAPACITAÇÃO DE JOVENS - ACAJ,SECRETARIA DE ESTADO DA CULTURA DO PIAUÍ - SECULT,300000.0,"O projeto busca fortalecer o esporte e a cultura no município de Floriano/PI por meio da realização do Projeto Comemorativo do Cinquentenário da Liga Florianense de Futebol, promovendo torneios nas categorias masculina e feminina, integrados a uma programação de eventos culturais, como apresentações musicais, grupos de dança, manifestações da cultura popular, exposições culturais, valorização de artistas locais e uma grande festa de encerramento.",Termo em elaboração,Fomento
PI-EXEC-GOVERNADOR,2026,1006/2026,ASSOCIAÇÃO DE CAPACITAÇÃO DE JOVENS - ACAJ,SECRETARIA DE ESTADO DA CULTURA DO PIAUÍ - SECULT,180000.0,"O objeto da presente proposta consiste na execução do Projeto “LIGA CRAQUES DE BOLA E CULTURA”, por meio do desenvolvimento de atividades esportivas voltadas ao futebol de campo, destinadas a crianças e adolescentes do município, com foco na formação cidadã, inclusão social e incentivo à prática esportiva.",Termo em elaboração,Fomento
PI-EXEC-GOVERNADOR,2026,1005/2026,ASSOCIAÇÃO COMUNITARIA SAGRADO CORAÇÃO DE JESUS ,SECRETARIA DE ESTADO DA CULTURA DO PIAUÍ - SECULT,100000.0,"Realização do 3º Arraiá do FUNDEC, evento cultural e comunitário destinadoà valorização das tradições populares nordestinas, por meio de apresentações culturais, quadrilhasjuninas, concurso de forró, fomento à comercialização de comidas típicas e apresentação artísticamusical gratuita aberta ao público.",,Fomento
PI-EXEC-GOVERNADOR,2026,1003/2026,FUNDACAO CULTURAL OCTAVIO MIRANDA,SECRETARIA DE ESTADO DA CULTURA DO PIAUÍ - SECULT,100000.0,"REALIZAÇÃO DO CONCURSO DE REDAÇÃO “JOVENS ESCRITORES 2026""",,Fomento
PI-EXEC-GOVERNADOR,2026,999/2026,ASSOCIAÇÃO DE DESENVOLVIMENTO DA PLANÍCIE LITORÂNEA  - ADPL,"SECRETARIA DE ESTADO DA ASSISTÊNCIA SOCIAL, TRABALHO E DIREITOS HUMANOS - SASC",137499.94,"O projeto propõe a realização de oficinas de literatura e artesanato, em Luís Correia, para atender 40 (quarenta) crianças, adolescentes e seus familiares, por meio de aquisição de material de consumo e contratação de serviços pessoa jurídica, no período de 6 (seis) meses, com intuito de realizar a inclusão e o desenvolvimento cognitivo, familiar e afetivo, bem como fomentar a geração de renda, visando o poder da transformação destas famílias, elevação da auto estima e qualidade de vida.",Termo em elaboração,Colaboração
PI-EXEC-GOVERNADOR,2026,998/2026,FUNDAÇÃO  VALE DO PIAUÍ-FUNVAPI,"SECRETARIA DE ESTADO DA ASSISTÊNCIA SOCIAL, TRABALHO E DIREITOS HUMANOS - SASC",200000.0,Garantir a realização de cursos - teoria e prática para adolescentes em situação de vulnerabilidade social e em situação de acolhimento institucional.,Termo em elaboração,Colaboração
PI-EXEC-GOVERNADOR,2026,997/2026,ASSOCIACAO DO INSTITUTO OLHO D'AGUA - IOD'A,"SECRETARIA DE ESTADO DA ASSISTÊNCIA SOCIAL, TRABALHO E DIREITOS HUMANOS - SASC",200000.0,"Promover a inclusão social e o fortalecimento de vínculos comunitários de pessoas em situação de vulnerabilidade social, por meio de oficinas culturais e socioeducativas de Argila, Capoeira e Literatura.",Termo em elaboração,Colaboração
PI-EXEC-GOVERNADOR,2026,996/2026,INSTITUTO DE REINSERÇÃO SOCIAL - IRES,"SECRETARIA DE ESTADO DA ASSISTÊNCIA SOCIAL, TRABALHO E DIREITOS HUMANOS - SASC",137496.1,"O projeto propõe a realização de aulas de reforço escolar e de informática, para atender 50 (cinquenta) crianças e adolescentes em situação de vulnerabilidade social, no munícipio de São João do Piauí, por meio de aquisição de material de consumo, equipamentos e material permanente, e contratação de serviços de terceiro - pessoa jurídica, no período de 6 (seis) meses, com carga-horária de 160 horas, com intuito de estimular a inclusão e o desenvolvimento cogntivo, a cidadania e a formação integral do indivíduo.",,Colaboração
PI-EXEC-GOVERNADOR,2026,995/2026,COOPERATIVA DE TRABALHOS EM ECONOMIA SOLIDÁRIA DOS CATADORES DE MATERIAS RECICLÁVEIS DO TERRITÓRIO NORTE - COOPCATA 3R’s ,"SECRETARIA DE ESTADO DA ASSISTÊNCIA SOCIAL, TRABALHO E DIREITOS HUMANOS - SASC",200000.0,"A cidade de Teresina, a despeito de seu crescimento urbano, ainda enfrenta desafios críticos na gestão de resíduos sólidos, caracterizados por uma baixa taxa de reciclagem e pela dependência de sistemas de coleta convencionais que sobrecarregam os aterros sanitários. A problemática agrava-se pela precariedade das condições de trabalho dos catadores autônomos, que frequentemente utilizam tração humana ou animal em jornadas extenuantes, e pela falta de um canal direto e eficiente que conecte o cidadão às cooperativas. Nesse cenário, o descarte irregular e a mistura de materiais recicláveis ao resíduo comum resultam em perdas econômicas e danos ambientais, distanciando a capital piauiense das metas globais de sustentabilidade e dos princípios da economia circular. Assim como muitas cidades brasileiras, Teresina enfrenta desafios significativos para estabelecer um programa de coleta seletiva que seja, ao mesmo tempo, abrangente, eficiente e inclusivo. Atualmente, a gestão dos resíduos recicláveis no município depende, em grande parte, do trabalho fundamental dos catadores de materiais recicláveis. Em sua maioria, esses profissionais atuam de maneira informal, realizando a coleta e a triagem dos materiais, que são posteriormente vendidos como principal fonte de renda e subsistência, com uma precificação bem abaixo do valor de mercado aos atravessadores. Essa dinâmica evidencia uma política pública ainda incipiente no que tange ao manejo adequado dos resíduos e, principalmente, à inclusão social e produtiva das cooperativas e associações de catadores formalizadas no município. A implementação do projeto “DO RESÍDUO À RENDA”: ocupação digna, geração de renda e protagonismo dos catadores e catadoras de Teresina – PI surge como uma resposta direta e necessária para alinhar o município à Política Nacional de Resíduos Sólidos (PNRS -Lei nº 12.305/2010). A PNRS estabelece uma hierarquia clara para a gestão de resíduos, priorizando a não geração, a redução, a reutilização e a reciclagem.",Termo em elaboração,Colaboração
PI-EXEC-GOVERNADOR,2026,994/2026,"ASSOCIAÇÃO PIAUIENSE DE HABILITAÇÃO, REABILITAÇÃO, READAPTAÇÃO – ASSOCIAÇÃO REABILITAR ","SECRETARIA DE ESTADO DA ASSISTÊNCIA SOCIAL, TRABALHO E DIREITOS HUMANOS - SASC",200000.0,"Implantar uma Brinquedoteca Inclusiva no Centro Integrado de Reabilitação – CEIR, como ação da proteção social básica, destinada a crianças e adolescentes em situação de vulnerabilidade social, com deficiência e atraso no desenvolvimento, visando à garantia de direitos, à redução de vulnerabilidades, o fortalecimento do desenvolvimento integral e à promoção da inclusão social.",Termo em elaboração,Colaboração
PI-EXEC-GOVERNADOR,2026,993/2026,ASSOCIAÇÃO COMUNITARIA SAGRADO CORAÇÃO DE JESUS ,"SECRETARIA DE ESTADO DA ASSISTÊNCIA SOCIAL, TRABALHO E DIREITOS HUMANOS - SASC",200000.0,"Promover a melhoria da qualidade de vida da pessoa idosa, assegurando dignidade, convivência comunitária e garantia de direitos sociais.",Termo em elaboração,Colaboração
PI-EXEC-GOVERNADOR,2026,992/2026,OFICINA ESPERANZA,"SECRETARIA DE ESTADO DA ASSISTÊNCIA SOCIAL, TRABALHO E DIREITOS HUMANOS - SASC",200000.0,"O Projeto Esperanza na Comunidade propõe a execução de um conjunto integrado de ações socioeducativas, formativas e de fortalecimento de vínculos voltadas a adolescentes, jovens e suas famílias residentes em territórios de alta vulnerabilidade social no município de Parnaíba–PI. Ainiciativa responde diretamente aos desafios identificados no diagnóstico territorial, que incluem insegurança alimentar, baixa escolaridade, defasagem idade-série, fragilidade dos vínculos familiares, exposição à violência, ausência de espaços de convivência e risco aumentado para uso precoce de álcool e outras drogas.",Termo em elaboração,Colaboração
PI-EXEC-GOVERNADOR,2026,991/2026,ASSOCIAÇÃO TERRA DA PROMESSA,"SECRETARIA DE ESTADO DA ASSISTÊNCIA SOCIAL, TRABALHO E DIREITOS HUMANOS - SASC",200000.0,"Contribuir para a redução das vulnerabilidades sociais e o fortalecimento do desenvolvimento integral de crianças e adolescentes, inclusive com deficiência, da comunidade Alto Santa Maria, em Parnaíba (PI), por meio de atividades socioemocionais, assistenciais, culturais, educativas e de inclusão realizadas em espaço acessível, com metodologias adaptadas e atenção à participação plena e autônoma de todos os beneficiários.",,Colaboração
PI-EXEC-GOVERNADOR,2026,990/2026,ASSOCIAÇÃO DE PAIS E AMIGOS DOS EXCEPCIONAIS DE PEDRO II - APAE ,"SECRETARIA DE ESTADO DA ASSISTÊNCIA SOCIAL, TRABALHO E DIREITOS HUMANOS - SASC",200000.0,"O objeto desta proposta é a implantação e fortalecimento do Centro Têxtil Inclusivo da APAE de Pedro II, voltado à qualificação profissional e inclusão produtiva de mulheres com deficiência e mulheres cuidadoras de pessoas com deficiência atendidas pela instituição. O projeto busca enfrentar a ausência de oportunidades de geração de renda para esse público, por meio da oferta de capacitação em técnicas de corte e costura, produção têxtil e noções de empreendedorismo social, utilizando infraestrutura já existente na instituição e recursos humanos especializados.",Termo em elaboração,Colaboração
PI-EXEC-GOVERNADOR,2026,989/2026,ASSOCIAÇÃO DE DESENVOLVIMENTO DA PLANÍCIE LITORÂNEA  - ADPL,"SECRETARIA DE ESTADO DA ASSISTÊNCIA SOCIAL, TRABALHO E DIREITOS HUMANOS - SASC",200000.0,"O projeto propõe a realização de oficinas sobre políticas para mulheres, artesanato e empreendedorismo, para atender 80 (oitenta) mulheres ribeirinhas e seus familiares, em Luís Correia, por meio de aquisição de material de consumo, equipamentos e material permanente, e contratação de serviços de terceiro - pessoa jurídica, no período de 9 (nove) meses, com intuito de contribuir para a melhoria das condições de vida e fomento a geração de renda, bem como a inclusão e o desenvolvimento cognitivo, familiar e afetivo, visando o poder de transformação destas famílias, elevação da auto estima e qualidade de vida.",Termo em elaboração,Colaboração
PI-EXEC-GOVERNADOR,2026,988/2026, ASSOCIAÇÃO DOS MORADORES DA COMUNIDADE VALPARAISO MUNICIPIO DE PICOS - PI,"SECRETARIA DE ESTADO DA ASSISTÊNCIA SOCIAL, TRABALHO E DIREITOS HUMANOS - SASC",137500.0,"O projeto propõe a realização de oficinas de ballet clássico, para atender 40 (quarenta) crianças em situação de vulnerabilidade social, no munícipio de Picos, por meio de aquisição de material de consumo, e contratação de serviços de terceiro - pessoa jurídica, no período de 6 (seis) meses, com intuito de estimular a inclusão e o desenvolvimento cogntivo, a cidadania e a formação integral do indivíduo.",Termo em elaboração,Colaboração
PI-EXEC-GOVERNADOR,2026,987/2026,ASSOCIACAO SOLIDARIA PELA VIDA - ASPVIDA ,"SECRETARIA DE ESTADO DA ASSISTÊNCIA SOCIAL, TRABALHO E DIREITOS HUMANOS - SASC",200000.0,"Fortalecer a capacidade técnico-operativa e a sustentabilidade de 04 (quatro) associações/cooperativas de catadores de materiais recicláveis em Teresina-PI, visando mitigar a vulnerabilidade socioeconômica e a informalidade laboral da categoria. O projeto enfrentará a escassez de infraestrutura e a baixa agregação de valor aos resíduos através da capacitação em gestão empreendedora, governança e fomento ao acesso a linhas de crédito, promovendo a autonomia financeira, o protagonismo social e a plena inserção desses agentes ambientais nas oportunidades da economia circular e da logística reversa estadual.",Termo em elaboração,Colaboração
PI-EXEC-GOVERNADOR,2026,986/2026,ASSOCIAÇÃO DE PAIS E AMIGOS DOS EXCEPCIONAIS DE JOSÉ DE FREITAS-PI (APAE DE JOSÉ DE FREITAS),"SECRETARIA DE ESTADO DA ASSISTÊNCIA SOCIAL, TRABALHO E DIREITOS HUMANOS - SASC",200000.0,"Implantar e operacionalizar, na sede da APAE de José de Freitas, o projeto “Projeto “ Núcleo de Escuta Ativa e Fortalecimento de Vínculos da APAE de José de Freitas”, voltado exclusivamente às 60 famílias já assistidas pela instituição, mediante reforma e adequação do pátio (atividades grupais) e implantação de sala reservada para atendimentos individuais, ofertando acolhimento, escuta qualificada, orientação socioassistencial e apoio psicossocial, grupos de convivência e ações educativas internas, no período de abril de 2026 a dezembro de 2027, com equipe composta por 1 orientador social, 1 assistente social, 1 psicólogo, 1 assistente administrativo e 1 auxiliar de serviços gerais, além da aquisição de equipamentos necessários ao funcionamento do serviço.",Termo em elaboração,Colaboração
PI-EXEC-GOVERNADOR,2026,985/2026, ASSOCIAÇÃO DOS MORADORES DA COMUNIDADE VALPARAISO MUNICIPIO DE PICOS - PI,"SECRETARIA DE ESTADO DA ASSISTÊNCIA SOCIAL, TRABALHO E DIREITOS HUMANOS - SASC",200000.0,"O projeto propõe a capacitação de 80 (oitenta) mulheres em situação de vulnerabilidade. As capacitações serão realizadas por meio de 3 (três) oficinas sobre Políticas para Mulheres; produção de doces, salgados; e pães e bolos caseiros, aquisição de materiais de consumo, aquisição de equipamentos e material permanente e contratação de serviço de terceiros – pessoa jurídica necessários para sua execução do projeto, com intuito de valorizar e preservar a culinária local, reconhecer suas contribuições no processo de construção da cidadania, identidade cultural e inclusiva, proporcionando um incremento na geração de renda e na melhoria no padrão alimentar e qualidade de vida, no município de Picos-PI, com carga horária de 288 horas, no período de 9 meses.",,Colaboração
PI-EXEC-GOVERNADOR,2026,984/2026,UNIÃO JOVEM DO PIAUÍ - UNIJOVEM ,"SECRETARIA DE ESTADO DA ASSISTÊNCIA SOCIAL, TRABALHO E DIREITOS HUMANOS - SASC",200000.0,"O projeto Tecendo o Futuro terá como objeto a implantação de cursos profissionalizantes de Corte e Costura e de Auxiliar Administrativo, voltados para pessoas com 18 anos ou mais que se encontram em situação de vulnerabilidade social, desempregadas e que necessitam de qualificação para inserção no mercado de trabalho. O público-alvo é diverso, contemplando jovens e adultos em situação de risco, pessoas LGBTQIA+, idosos, pessoas com deficiência e mobilidade reduzida, garantindo total inclusão e acessibilidade em todas as etapas do processo formativo.",,Colaboração
PI-EXEC-GOVERNADOR,2026,983/2026,ONG AMIGOS DA COMUNIDADE,"SECRETARIA DE ESTADO DA ASSISTÊNCIA SOCIAL, TRABALHO E DIREITOS HUMANOS - SASC",200000.0,"Implementar um projeto de sustentabilidade ambiental e inclusão social nas Comunidades da Grande Pedra Mole, em Teresina/PI, visando enfrentar o descarte inadequado de resíduos recicláveis — especialmente óleo de cozinha usado, garrafas de vidro e garrafas PET — que gera impactos ambientais, sanitários e sociais no território. O projeto prevê a implantação de pontos permanentes de coleta seletiva, a realização de ações e oficinas de capacitação para o reaproveitamento e transformação desses materiais em produtos sustentáveis e a utilização de um sistema de incentivo por pontuação social para estimular a participação das famílias. Com os recursos solicitados, espera-se promover educação ambiental, fortalecer a economia solidária, reduzir custos domésticos, ampliar o engajamento comunitário e contribuir para a melhoria das condições ambientais da região.",,Colaboração
PI-EXEC-GOVERNADOR,2026,982/2026,ASSOCIAÇÃO DA NEGRITUDE DO QUILOMBO MIMBÓ ,"SECRETARIA DE ESTADO DA ASSISTÊNCIA SOCIAL, TRABALHO E DIREITOS HUMANOS - SASC",200000.0,"Projeto é uma estratégia de intervenção socioassistencial que pretende contribuir com os Objetivos para o Desenvolvimento Sustentável(ODS) Portanto, é premissa deste projeto uma atuação colaborativa entre Estado e a associação. Acredita-se que a execução deste projeto, além de oferecer a oportunidade do exercício de cidadania para seus parceiros, busca fortalecer o trabalho da associação como instrumento estratégico no sistema de garantia de direitos. Além disso, o projeto esperar impactar a realidade da população idosa do Quilombo Mimbó da seguinte forma: g) Redução das ocorrências de situações de vulnerabilidade social; h) Prevenção da ocorrência de riscos sociais, seu agravamento ou reincidência; i) Aumento de acessos a serviços socioassistenciais e setoriais; j) Ampliação do acesso aos direitos socioassistenciais; k) Melhoria da qualidade de vida dos idosos e suas famílias. l) Aumento no número de idosos que conheçam as instâncias de denúncia e recurso em casos de violação de seus direitos; m) Aumento no número de idosos autônomos e participantes na vida familiar e comunitária, com plena informação sobre seus direitos e deveres; n) Melhoria da condição de sociabilidade de idosos; o) Redução e Prevenção de situações de isolamento social e de institucionalização; p) Fortalecimento das ações intersetoriais;",Termo em elaboração,Colaboração
PI-EXEC-GOVERNADOR,2026,981/2026,ASSOCIAÇÃO DOS PEQUENOS PRODUTORES RURAIS DO POVOADO AVE VERDE - ASPROVERDE,"SECRETARIA DE ESTADO DA ASSISTÊNCIA SOCIAL, TRABALHO E DIREITOS HUMANOS - SASC",200000.0,"O projeto propõe a implantação de produção orgânica de hortaliças, na Comunidade Ave Verde, em Teresina - PI, para atender 30 (trinta) produtores e seus familiares, por meio de aquisição de material permanente, locação de máquina pesada retroescavadeira; locação de máquina tipo trator agrícola; montagem de sistemas de irrigação por gotejamento, numa área de 2.000 m², no período de 9 (nove) meses, com enfoque na apropriação, avaliação e adaptação de novas tecnologias de exploração e de desenvolvimento integrado das atividades de produção e comercialização de hortaliça, que possibilite a geração de renda e a melhoria das condições de vida digna e o padrão alimentar das famílias.",,Colaboração
PI-EXEC-GOVERNADOR,2026,980/2026,ASSOCIAÇÃO DE MÃES DA SANTA MARIA DA CODIPI III - AMASAMC,"SECRETARIA DE ESTADO DA ASSISTÊNCIA SOCIAL, TRABALHO E DIREITOS HUMANOS - SASC",200000.0,"Implementar e consolidar o Projeto Prato Cidadão na região da Grande Santa Maria da Codipi, visando garantir o Direito Humano à Alimentação Adequada (DHAA) e a Segurança Alimentar e Nutricional de famílias em situação de vulnerabilidade social e insegurança alimentar severa. O projeto busca mitigar os impactos da fome e da desnutrição no território por meio da oferta de refeições nutricionalmente balanceadas e da modernização da infraestrutura da Cozinha Solidária da AMASAMC, integrando essas ações à promoção da Educação Alimentar e Nutricional (EAN) e ao fomento da autonomia financeira e inclusão socioprodutiva dos beneficiários assistidos.",,Colaboração
PI-EXEC-GOVERNADOR,2026,979/2026,ASSOCIAÇÃO MULHERES D' NEGOCIOS DO PIAUI - AMNE-PI,"SECRETARIA DE ESTADO DA ASSISTÊNCIA SOCIAL, TRABALHO E DIREITOS HUMANOS - SASC",199776.0,"Situação-problema: Mulheres em situação de vulnerabilidade social nos municípios de Picos e região enfrentam dificuldades de inserção produtiva e geração de renda, em razão da baixa escolaridade, da informalidade e da escassez de oportunidades econômicas locais. Essa realidade impacta especialmente mulheres chefes de família, ampliando a dependência financeira e limitando sua autonomia econômica, com reflexos diretos na qualidade de vida familiar e comunitária. Ações a serem financiadas com os recursos solicitados Os recursos solicitados serão aplicados na capacitação produtiva em artesanato de 120 mulheres, distribuídas nos municípios de Picos, São Raimundo Nonato e Luzilândia, incluindo a aquisição de materiais e insumos, contratação de equipe técnica especializada e realização de oficinas presenciais. O projeto contemplará aulas de formação de preços, técnicas de vendas e apresentação do produto, preparando as participantes para a comercialização. Ao final do processo formativo, cada mulher receberá uma caixa com diversos materiais produtivos, denominada “Meu Primeiro Negócio”, destinada a viabilizar o início imediato de sua atividade artesanal de forma autônoma. Também serão financiadas ações de acompanhamento técnico, gestão, monitoramento e avaliação do projeto. Resultados esperados Espera-se capacitar 120 mulheres em técnicas artesanais e competências empreendedoras, promovendo a geração de renda complementar e o fortalecimento da autonomia econômica nostrês municípios atendidos. Como resultado, as participantes estarão aptas a produzir, apresentar e comercializar seus produtos de forma estruturada, contribuindo para o aumento da renda familiar,",Termo em elaboração,Colaboração
PI-EXEC-GOVERNADOR,2026,978/2026,ASSOCIAÇÃO FILANTRÓPICA SHALOM - MATRIZ FLORIANO,"SECRETARIA DE ESTADO DA ASSISTÊNCIA SOCIAL, TRABALHO E DIREITOS HUMANOS - SASC",200000.0,"Promover a inclusão social e produtiva de pessoas e famílias em situação de vulnerabilidade social no município de Floriano–PI, de todos os gêneros, incluindo dependentes químicos acolhidos em processo de recuperação e pessoas com deficiência e/ou mobilidade reduzida, por meio da oferta de cursos na área de panificação e confeitaria, contribuindo para o fortalecimento da autonomia econômica, geração de renda, segurança alimentar, melhoria da qualidade de vida e reinserção social, em consonância com os princípios da Política Nacional de Assistência Social (PNAS) e do Sistema Único de Assistência Social (SUAS).",Termo em elaboração,Colaboração
PI-EXEC-GOVERNADOR,2026,977/2026,INSTITUTO PRESENTE (IP),"SECRETARIA DE ESTADO DA ASSISTÊNCIA SOCIAL, TRABALHO E DIREITOS HUMANOS - SASC",190191.0,Fortalecer Técnica e Institucionalmente Cooperativas e Associações de Catadores (As) pela Mobilização e Educação Ambiental das Comunidades para Praticar a Coleta Seletiva como estratégia de articular Inclusão Social e Valorização da Sustentabilidade.,Termo em elaboração,Colaboração
PI-EXEC-GOVERNADOR,2026,976/2026,FUNDAÇÃO ASSOCIAÇÃO DOS AMIGOS DE LAGOA DO PIAUI,"SECRETARIA DE ESTADO DA ASSISTÊNCIA SOCIAL, TRABALHO E DIREITOS HUMANOS - SASC",200000.0,"Qualificação profissional de 30 adolescentes, jovens e adultos em situação de vulnerabilidade social, por meio de formação em cidadania, operação e manutenção de máquinas agrícolas, incluindo ações práticas comunitárias, visando a inserção produtiva, geração de renda e combate à pobreza no município de Lagoa do Piauí.",Termo em elaboração,Colaboração
PI-EXEC-GOVERNADOR,2026,975/2026,ASSOCIAÇÃO DE PAIS E AMIGOS DOS EXCEPCIONAIS DE JOSÉ DE FREITAS-PI (APAE DE JOSÉ DE FREITAS),"SECRETARIA DE ESTADO DA ASSISTÊNCIA SOCIAL, TRABALHO E DIREITOS HUMANOS - SASC",200000.0,"Implantar e operacionalizar, na sede da APAE de José de Freitas, o projeto “Projeto “ Núcleo de Escuta Ativa e Fortalecimento de Vínculos da APAE de José de Freitas”, voltado exclusivamente às 60 famílias já assistidas pela instituição, mediante reforma e adequação do pátio (atividades grupais) e implantação de sala reservada para atendimentos individuais, ofertando acolhimento, escuta qualificada, orientação socioassistencial e apoio psicossocial, grupos de convivência e ações educativas internas, no período de abril de 2026 a dezembro de 2027, com equipe composta por 1 orientador social, 1 assistente social, 1 psicólogo, 1 assistente administrativo e 1 auxiliar de serviços gerais, além da aquisição de equipamentos necessários ao funcionamento do serviço.",,Colaboração
PI-EXEC-GOVERNADOR,2026,974/2026,INSTITUTO PRESENTE (IP),"SECRETARIA DE ESTADO DA ASSISTÊNCIA SOCIAL, TRABALHO E DIREITOS HUMANOS - SASC",200000.0,"No Piauí, como no Brasil, o percentual de resíduos sólidos recolhido em coleta seletiva e depois reciclado – em empresas ou cooperativas e associações de catadores(as) - ainda é bastante baixo. Considerando mesmo a capital Teresina, o número de Cooperativas também é reduzido e sua capacidade de processamento é limitada. A coleta seletiva de resíduos sólidos – secos e orgânicos – ainda é um desafio em Teresina, capital e maior cidade do Piauí, com 905.692 habitantes estimados pelo IBGE em 2025. Não atinge 1% do lixo total recolhido de cerca de 20 toneladas/mês. Os resíduos são coletados seletivamente em apenas 21 PEVs (Pontos de Entrega Voluntária) numa cidade com 200 bairros; e em cerca de 400 condomínios, em que, em sua maioria, os condôminos não foram mobilizados e sensibilizados e o pessoal da limpeza não recebeu a orientação para o melhor tratamento dos resíduos. Em meados da gestão anterior (2022), a Prefeitura de Teresina fez chamada pública para que as Cooperativas de Catadores(as) de Resíduos Sólidos se habilitassem para receber da Empresa que realiza a coleta pública de lixo, a parte de coleta seletiva. Quatro Cooperativas se credenciaram: 1) Recicla CODIPI, na Santa Maria da CODIPI; 2) AMAVARE, no Conjunto Residencial Sul, Pedra Miúda; 3) Movimento Emaús, no SAMAPI; e 4) COOTERMAPI no Distrito Industrial. Essas Cooperativas e Associações recebem também resíduos destinados por empresas privadas e, duas delas, fazem coletas solidária junto a suas comunidades feita por seus sócios. A grande maioria dos Grandes Geradoras contrata serviços específicos que, em caminhões compactadores, destinam o material coletado para o aterro sanitário A atual gestão, tendo que enfrentar pendências judicias em relação ao contrato da empresa de limpeza pública, até o final do primeiro ano de mandato, não implementou novas medidas que ampliassem a coleta seletiva. O problema judicial não foi resolvido. As Cooperativas, Associações e Grupos precisam se fortalecer institucionalmente e melhorar seus equipamentos, sua capacidade técnica de processamento e sua capacidade gerencial, até para atender à política de ampliação da coleta seletiva de resíduos sólidos em Teresina Mesmo antes de ter um Programa específico na área de meio ambiente, o Instituto PRESENTE sempre teve a preocupação de articular o trabalho junto às escolas em tempo integral com educação ambiental para a reciclagem de resíduos sólidos: - No ano de 2024, foram realizadas palestras sobre reciclagem e coleta seletiva em 10 escolas de ensino médio, atingindo cerca de 500 estudantes; - No ano de 2025, foram realizadas palestras sobre a mesma temática em 20 associações comunitárias e ambientes educacionais. - E mais 10 palestras foram realizadas no contexto da experiência de coleta seletivas solidária, na região da Pedra Mole, em parceria com a Associação IPÊ Amarelo, atingindo cerca de 700 participantes. entre alunos, professores e pais. É sobre a realidade aqui apresentada que o Instituto PRESENTE pretende atuar, fortalecendo institucional e tecnicamente as Cooperativas de Catadores(as)/Recicladores(as) existentes, estimulando a destinação de maior volume de resíduos para as mesmas e apoiando uma melhor inserção no mercado. O impacto esperado é a melhoria de renda e a inclusão social.",,Colaboração
PI-EXEC-GOVERNADOR,2026,973/2026,FUNDAÇÃO ASSOCIAÇÃO DOS AMIGOS DE LAGOA DO PIAUI,"SECRETARIA DE ESTADO DA ASSISTÊNCIA SOCIAL, TRABALHO E DIREITOS HUMANOS - SASC",200000.0,"Qualificação profissional de 30 adolescentes, jovens e adultos em situação de vulnerabilidade social, por meio de formação em cidadania, operação e manutenção de máquinas agrícolas, incluindo ações práticas comunitárias, visando a inserção produtiva, geração de renda e combate à pobreza no município de Lagoa do Piauí.",,Colaboração
PI-EXEC-GOVERNADOR,2026,972/2026,ASSOCIAÇÃO CULTURAL JUNINA TERESINA SHOW,SECRETARIA DE ESTADO DA CULTURA DO PIAUÍ - SECULT,130000.0,"Promover, valorizar e difundir a cultura junina piauiense por meio da realização do Festival Estadual de Quadrilhas Juninas FEQUAJUPI – Série Diamante, consolidando o evento como o principal espaço de celebração, competição e exibição artística das quadrilhas juninas do Estado do Piauí, com destaque para a tradição, a criatividade, a identidade cultural nordestina e a representatividade do Piauí no cenário junino regional e nacional.",,Fomento
PI-EXEC-GOVERNADOR,2026,971/2026,CARITAS ARQUIDIOCESANA DE TERESINA,"SECRETARIA DE ESTADO DA ASSISTÊNCIA SOCIAL, TRABALHO E DIREITOS HUMANOS - SASC",200000.0,"Realização de curso de formação e qualificação profissional na área da gastronomia, voltado à geração de renda, inclusão produtiva e desenvolvimento comunitário, destinado a 100 pessoas em situação de vulnerabilidade social, com prioridade para mulheres, promovendo o fortalecimento da autonomia econômica, o empreendedorismo solidário e a inserção no mundo do trabalho, por meio de metodologias participativas, práticas formativas e valorização dos saberes locais.",,Colaboração
PI-EXEC-GOVERNADOR,2026,967/2026,INSTITUTO NECO COELHO,"SECRETARIA DE ESTADO DA ASSISTÊNCIA SOCIAL, TRABALHO E DIREITOS HUMANOS - SASC",200000.0,"Promover a melhoria da gestão de resíduos sólidos no município de São Raimundo Nonato–PI, por meio de práticas sustentáveis e ações de educação ambiental, contemplando o fortalecimento das cooperativas de catadores(as), através de capacitações para catadores do município, além de palestras e oficinas para a população, envolvendo a temática da coleta seletiva, reaproveitamento de materiais e outras iniciativas que promovam a sustentabilidade ambiental, acarretando em aspectos positivos a economia, a saúde e ao meio ambiente em São Raimundo Nonato.",,Colaboração
PI-EXEC-GOVERNADOR,2026,966/2026,ASSOCIAÇÃO ELUZAI - ASSOCIAÇÃO FILANTROPICA ELUZAI,"SECRETARIA DE ESTADO DA ASSISTÊNCIA SOCIAL, TRABALHO E DIREITOS HUMANOS - SASC",200000.0,"O objeto da presente proposta consiste na implementação do Projeto Sabores de Esperança, voltado à qualificação profissional e inclusão produtiva de pessoas em situação de vulnerabilidade social no município de Teresina, por meio da oferta de cursos de bolos doces, salgados, bolos doces para festas e pães, aliados a oficinas socioeducativas de educação financeira, vendas, administração e empreendedorismo. O projeto prevê a realização de 18 turmas, distribuídas em 03 turmas mensais, com 15 participantes cada, totalizando 270 beneficiários diretos ao final da execução. As atividades serão desenvolvidas por meio de aulas presenciais, com carga horária de 48 horas/aula por turma, utilizando metodologia prática, participativa e acessível. O objeto contempla ainda a promoção do acesso à capacitação profissional inclusiva, assegurando a participação de pessoas com deficiência e mobilidade reduzida, com adoção de medidas de acessibilidade física, pedagógica e comunicacional, contribuindo para a geração de renda, fortalecimento da autonomia econômica, segurança alimentar e desenvolvimento social das comunidades atendidas. Dessa forma, o projeto visa promover oportunidades concretas de trabalho e empreendedorismo, fortalecendo a cidadania e a inclusão social, em consonância com as políticas públicas de assistência social e inclusão produtiva.",,Colaboração
PI-EXEC-GOVERNADOR,2026,964/2026,ASSOCIAÇÃO DE CONSELHEIROS TUTELARES DO ESTADO DO PIAUÍ - ACONTEPI,"SECRETARIA DE ESTADO DA ASSISTÊNCIA SOCIAL, TRABALHO E DIREITOS HUMANOS - SASC",549999.0,"Promover a capacitação continuada dos conselheiros de direito e tutelares do Estado do Piauí que atendera 100% dos municípios do Piauí e 50% de todos os conselheiros de direitos e de tutelares, através de formação unificadas, sequencial e continuada para um total de 1.471 pessoas, sendo 896 conselheiros de direitos e 575 conselheiros tutelares.",Termo em elaboração,Colaboração
PI-EXEC-GOVERNADOR,2026,963/2026,MOVIMENTO PELA PAZ NA PERIFERIA -  MP3,"SECRETARIA DE ESTADO DA ASSISTÊNCIA SOCIAL, TRABALHO E DIREITOS HUMANOS - SASC",137500.0,"Garantir que crianças e adolescentes em situação de vulnerabilidade resgatam sua dignidade por meio ações socioeducativas como forma de proteger, defender e promover seus direitos e contribuir para o fortalecimento do sistema de garantia de direitos na cidade de Teresina.",Termo em elaboração,Colaboração
PI-EXEC-GOVERNADOR,2026,962/2026,ASSOCIAÇÃO TRANSFORMA MAIS PIAUÍ,"SECRETARIA DE ESTADO DA ASSISTÊNCIA SOCIAL, TRABALHO E DIREITOS HUMANOS - SASC",200000.0,"Fortalecer e ampliar a iniciativa Eco-Kitanda através da estruturação de um sistema comunitário de coleta seletiva integrado à economia circular e segurança alimentar, utilizando a moeda social “PI” para converter resíduos recicláveis em alimentos, beneficiando 250 catadores e famílias em vulnerabilidade.",,Colaboração
PI-EXEC-GOVERNADOR,2026,961/2026,ASSOCIAÇÃO FIRMINO LACERDA - AFIL,"SECRETARIA DE ESTADO DA ASSISTÊNCIA SOCIAL, TRABALHO E DIREITOS HUMANOS - SASC",200000.0,"Execução de ações de Segurança Alimentar e Nutricional, incluindo cozinhas e hortas comunitárias, bancos de alimentos, reaproveitamento e distribuição de alimentos, articuladas ao Curso de Capacitação em Autonomia Alimentar e Segurança Nutricional (80h) para jovens (16+) e adultos de famílias vulneráveis encaminhadas por CRAS, UBS e escolas.",,Colaboração
PI-EXEC-GOVERNADOR,2026,960/2026,ASSOCIACAO NORTE BRASILEIRA DE EDUCACAO E ASSISTENCIA SOCIAL - ANBEAS ,"SECRETARIA DE ESTADO DA ASSISTÊNCIA SOCIAL, TRABALHO E DIREITOS HUMANOS - SASC",200000.0,"A garantia dos direitos de crianças e adolescentes, por meio da efetivação das políticas públicas, constitui dever indeclinável do Estado; todavia, no contexto das profundas desigualdades sociais que marcam a realidade brasileira, as organizações da sociedade civil exercem papel estratégico e complementar na execução de serviços públicos voltados ao enfrentamento das expressões da questão social, especialmente aquelas relacionadas às situações de violência, pobreza e ruptura de vínculos familiares e comunitários. Nesse sentido, o presente projeto tem como objeto a qualificação do Serviço de Acolhimento Institucional prestado pela Casa Savina Petrilli, mediante a aquisição e adequação de bens, materiais e equipamentos essenciais, bem como a implementação de ações socioeducativas, psicossociais e pedagógicas, destinadas a crianças e adolescentes do sexo feminino em situação de acolhimento institucional, vítimas de violações de direitos. O projeto visa fortalecer as condições objetivas de atendimento, assegurar a proteção integral e favorecer processos de autonomia progressiva, contribuindo para a restauração e preservação da integridade física, emocional e social das meninas acolhidas, bem como para a construção de projetos de vida, em consonância com os marcos legais da política de Assistência Social e da proteção à infância e adolescência. As ações serão desenvolvidas nos espaços da Casa Savina Petrilli, em articulação com sua entidade mantenedora e a rede socioassistencial e intersetorial do território, no âmbito da cooperação entre o poder público e a sociedade civil, conforme as diretrizes do edital de fomento ao qual o presente projeto se vincula.",Termo em elaboração,Colaboração
PI-EXEC-GOVERNADOR,2026,946/2026,"INSTITUTO DE INCENTIVO AO ESPORTE,CULTURA E CIDADANIA - IECC",COORDENADORIA DA JUVENTUDE DO ESTADO DO PIAUÍ - COJUV,228967.0,"O CIRCUITO “DEU PRAIA” DE VÔLEI 2026 será realizado no Complexo Esportivo Clube do Vôlei, em Teresina, reunindo atletas das categorias masculina e feminina. O evento busca incentivar o esporte, a juventude e a inclusão social, fortalecendo o calendário esportivo do Piauí e ampliando oportunidades para jovens atletas. Além do impacto esportivo e social, o circuito movimenta a economia local nos setores de alimentação, comércio, transporte, hotelaria e serviços. A iniciativa, alinhada às políticas públicas de esporte e juventude, será viabilizada por emenda parlamentar, pois é considerada um investimento estratégico de grande alcance social, esportivo e econômico.",Termo em elaboração,Fomento
PI-EXEC-GOVERNADOR,2026,942/2026,"INSTITUTO DE INCENTIVO AO ESPORTE,CULTURA E CIDADANIA - IECC",SECRETARIA  DE ESTADO PARA INCLUSÃO DA PESSOA  COM DEFICIÊNCIA - SEID,100000.0,"Realização do projeto “Piauí Inclusivo – Futebol de Amputados e Cidadania”, consistindo na organização e execução de um dia de atividades esportivas e de inclusão social para pessoas com deficiência, com destaque para um jogo de futebol de amputados, aliado a ações de orientação, sensibilização e promoção da cidadania.",Termo em elaboração,Fomento
PI-EXEC-GOVERNADOR,2026,935/2026,ASSOCIAÇÃO DE DILETANTES DA CULTURA HISTÓRICA VALENCIANA - ADICH,SECRETARIA DE ESTADO DA CULTURA DO PIAUÍ - SECULT,1100000.0,Realização do 15º Salão do Livro de Valença do Piauí – SALIVA.,,Fomento
PI-EXEC-GOVERNADOR,2026,934/2026,INSTITUTO AVANTE DE JUVENTUDE - INSTITUTO AVANTE ,SECRETARIA DE ESTADO DA CULTURA DO PIAUÍ - SECULT,70000.0,Realização de ações que possibilitem o acesso à arte e cultura como uma ferramenta educacional através da realização das oficinas dança para 100 pessoas na cidade de Teresina.,,Fomento
PI-EXEC-GOVERNADOR,2026,933/2026,ASSOCIAÇÃO DOS VAQUEIROS AMADORES DO PIAUI,SECRETARIA DE ESTADO DA CULTURA DO PIAUÍ - SECULT,50000.0,"Realização do Circuito AVAPI de Vaquejada – Temporada 2026, campeonato anual organizado pela Associação dos Vaqueiros Amadores do Piauí – AVAPI",Termo em elaboração,Fomento
PI-EXEC-GOVERNADOR,2026,932/2026,ASSOCIAÇÃO ESPORTE E VIDA DO ESTADO DO PIAUI -  A.E. &  V.E. - PI,COORDENADORIA DA JUVENTUDE DO ESTADO DO PIAUÍ - COJUV,125000.0,"A proposta tem como finalidade inclusão social, aliada às questões do bem-estar físico e mental dos envolvidos no projeto, bem como associada às questões relativas à geração de emprego e renda, beneficiando diretamente sesicentas mil pessoas, especialmente Teresina, contribuindo para PROMOVER A REALIZAÇÃO DE ATIVIDADES DE INCLUSÃO DO JOVEM URBANO E RURAL NAS DIVERSAS POLÍTICAS PÚBLICAS E NAS GARANTIAS DE DIREITO DO ESTATUTO DA JUVENTUDE.",Termo em elaboração,Fomento
PI-EXEC-GOVERNADOR,2026,930/2026,"ASSOCIAÇÃO DE APOIO ASSISTENCIAL, CULTURAL E EDUCACIONAL MARIA DO AMPARO - AACEMA",SECRETARIA DE ESTADO DA CULTURA DO PIAUÍ - SECULT,300000.0,"O presente projeto tem por objeto a realização de programação artística e cidadã, desenvolvida ao longo de um dia completo, no bairro Bela Vista, em Teresina-PI, com acesso gratuito à população, contemplando apresentações culturais, manifestações da cultura popular, oficinas interativas, atividades recreativas, ações de cidadania, integração social e valorização dos artistas e expressões culturais locais. A proposta visa minimizar a insuficiência de ações culturais gratuitas e atividades de fortalecimento comunitário em territórios periféricos, promovendo a democratização do acesso à cultura, ao lazer, à cidadania e à convivência social.",,Fomento
PI-EXEC-GOVERNADOR,2026,928/2026,FUNDACAO CULTURAL OCTAVIO MIRANDA,COORDENADORIA  ESTADUAL DE ENFRENTAMENTO ÀS DROGAS E FOMENTO AO LAZER - CENDFOL ,150000.0,"A proposta tem como finalidade A proposta tem por finalidade oferecer formação técnica profissionalizante na área de Operação de Áudio, por meio da realização do Curso Técnico de Operador de Áudio, visando qualificar jovens e adultos para atuar em atividades de sonorização, captação, gravação, edição e tratamento de áudio em diferentes contextos culturais, educacionais e de comunicação",,Fomento
PI-EXEC-GOVERNADOR,2026,925/2026,ASSOCIAÇÃO CASA DA ÓPERA - CASA DA OPERA,SECRETARIA DE ESTADO DA CULTURA DO PIAUÍ - SECULT,700000.0,"Realização do Festival Ópera da Serra da Capivara - Ato Cleópatra: A Rainha Caatingueira, a ser realizado no período de 25 de Julho a 02 de Agosto de 2026.",,Fomento
PI-EXEC-GOVERNADOR,2026,4/2026,PREFEITURA MUNICIPAL DE BATALHA,SECRETARIA DE ESTADO DA EDUCAÇÃO -SEDUC,500000.0,"Realização do Convênio entre os órgãos no valor total de R$ 500.000,00 (quinhentos mil reais), para Reforma e ampliação da Unidade Escolar Manoel Nunes de Almeida, na localidade Marajá dos Almeidas, zona rural do município.",Termo em elaboração,
PI-EXEC-GOVERNADOR,2026,3/2026,PREFEITURA MUNICIPAL DE BATALHA,SECRETARIA DE ESTADO DA EDUCAÇÃO -SEDUC,1200000.0,"Convênio para o exercício de 2026, destinado à execução de Convênio entre os órgãos no valor total de R$ 1.200.000,00 (um milhão e duzentos mil), para Reforma e ampliação das Unidades Escolares.",Termo em elaboração,
PI-EXEC-GOVERNADOR,2026,905/2026,ACADEMIA PIAUIENSE DE LETRAS,SECRETARIA DE ESTADO DA EDUCAÇÃO -SEDUC,100000.0,"O objeto do projeto é garantir a manutenção e a ampliação das atividades da Academia Piauiense de Letras através de um conjunto de ações integradas, que incluem a realização de eventos, publicações, campanhas e parcerias. Essas iniciativas têm como objetivo mitigar os problemas financeiros e aumentar o engajamento da comunidade.",Termo em elaboração,Fomento
PI-EXEC-GOVERNADOR,2026,894/2026,CAJUINA ESPORTE CLUBE,SECRETARIA DE ESTADO DO TURISMO DO PIAUI - SETUR,630000.0,Festival Cultural e Turístico Picos Pro Race Lendas 2026.,,Fomento
PI-EXEC-GOVERNADOR,2026,893/2026,AÇÃO SOCIAL ARQUIDIOCESANA - ASA,"SECRETARIA DE ESTADO DA ASSISTÊNCIA SOCIAL, TRABALHO E DIREITOS HUMANOS - SASC",379990.0,"Fomento para aquisição de um veículo (17+ 1 lugares), que ajudará a atender as necessidades dos seguintes Serviços socioassistenciais, visando a extruturação da Rede de Serviços do SUAS, executados pela Ação Social Arquidiocesana- ASA: ILPI Lar de Sant’Ana e Lar de Misericórdia, ambos tipificados como Proteção Social Especial",,Fomento
PI-EXEC-GOVERNADOR,2026,889/2026,ASSOCIACAO DE PROMOCAO MULTICULTURAL,SECRETARIA DE ESTADO DA CULTURA DO PIAUÍ - SECULT,150000.0,Lançamento do projeto Boca da Noite.,Termo em elaboração,Fomento
PI-EXEC-GOVERNADOR,2026,879/2026,ASSOCIACAO PIAUIENSE DESENVOLVER - APD,COORDENADORIA ESTADUAL DE DESENVOLVIMENTO DOS TERRITÓRIOS - CDTER ,125000.0,"Promover capacitação educacional, profissional e produtiva no município de Demerval Lobão, beneficiando diretamente cerca de duzentos e cinquenta pessoas pessoas, especialmente Município de Demerval Lobão e municípios circunvizinhos, contribuindo para promoção e desenvolvimento das potencialidades do território.",Termo em elaboração,Fomento
PI-EXEC-GOVERNADOR,2026,855/2026,"ASSOCIAÇÃO DE APOIO ASSISTENCIAL, CULTURAL E EDUCACIONAL MARIA DO AMPARO - AACEMA",SECRETARIA DE ESTADO DA CULTURA DO PIAUÍ - SECULT,100000.0,Realização do evento cultural “Cidade Junina – 32ª Edição”,,Fomento
PI-EXEC-GOVERNADOR,2026,848/2026,ASSOCIAÇÃO ESPORTE E VIDA DO ESTADO DO PIAUI -  A.E. &  V.E. - PI,COORDENADORIA DA JUVENTUDE DO ESTADO DO PIAUÍ - COJUV,500000.0,"A EXPOMAFRA também fortalece a integração entre juventude, setor produtivo, instituições de ensino, órgãos governamentais e iniciativa privada, fomentando a criação de redes de cooperação e oportunidades de negócios capazes de impulsionar o desenvolvimento sustentável do município e da região. Sob o aspecto econômico, a realização da feira movimenta diversos segmentos produtivos, gera emprego e renda, fortalece a agricultura familiar e amplia a visibilidade do potencial agropecuário regional, beneficiando diretamente jovens empreendedores e produtores rurais que encontram no evento um espaço para exposição de produtos, troca de experiências e acesso a novos mercados.",,Fomento
PI-EXEC-GOVERNADOR,2026,847/2026,COMUNIDADE TERAPÊUTICA HEBROM DO ESTADO DO PIAUÍ - COMUNIDADE HEBROM,COORDENADORIA DA JUVENTUDE DO ESTADO DO PIAUÍ - COJUV,400000.0,PROMOVER A REALIZAÇÃO DE ATIVIDADES DE INCLUSÃO DO JOVEM URBANO E RURAL NAS DIVERSAS POLÍTICAS PÚBLICAS E NAS GARANTIAS DE DIREITO DO ESTATUTO DA JUVENTUDE.,,Fomento
PI-EXEC-GOVERNADOR,2026,833/2026,COMISSÃO ILHA ATIVA,SECRETARIA DE ESTADO DO  MEIO AMBIENTE E RECURSOS HÍDRICOS - SEMARH,250000.0,"FIRMAR CONVENIO/PARCERIA COM A COMISSÃO ILHA ATIVA PARA EXECUÇÃO DO PROJETO “PEIXE-BOI E TERRITÓRIO: CONSERVAÇÃO, CIÊNCIA CIDADÃ E TURISMO COMUNITÁRIO NA APA DELTA DO PARNAÍBA”",,Fomento
PI-EXEC-GOVERNADOR,2026,832/2026,ASSOCIAÇÃO ESPORTE E VIDA DO ESTADO DO PIAUI -  A.E. &  V.E. - PI,COORDENADORIA ESTADUAL DE DESENVOLVIMENTO DOS TERRITÓRIOS - CDTER ,150000.0,"Realização do Festival Cultural Dirceu Junino 2026, a ser realizado no mês junho de 2026, no bairro Dirceu Arcoverde, em Teresina, visando o fortalecimento da cultura popular, da economia criativa e do desenvolvimento territorial da região do Grande Dirceu, beneficiando diretamente 5000 pessoas.",,Fomento
PI-EXEC-GOVERNADOR,2026,831/2026,ASSOCIAÇÃO ESPORTE E VIDA DO ESTADO DO PIAUI -  A.E. &  V.E. - PI,COORDENADORIA ESTADUAL DE DESENVOLVIMENTO DOS TERRITÓRIOS - CDTER ,300000.0,"A realização do Festival Cultural Dirceu Junino 2026, a ser realizado no mês junho de 2026, no estacionamento do Grand Dirceu Shopping, em Teresina, visando o fortalecimento da cultura popular, da economia criativa e do desenvolvimento territorial da região do Grande Dirceu, na capital Teresina.",,Fomento
PI-EXEC-GOVERNADOR,2026,821/2026,INSTITUTO PRESENTE (IP),SECRETARIA DE ESTADO DA EDUCAÇÃO -SEDUC,100000.0,"Fortalecer técnica e pedagogicamente as gestões municipais da educação para a expansão e consolidação da implementação de escolas em tempo integral, adotando um currículo orgânico voltado para a Educação Integral e Integrada, acompanhada pelo melhor desempenho dos Conselhos Municipais de Educação.",,Fomento
PI-EXEC-GOVERNADOR,2026,817/2026,INSTITUTO PROSPERA,COORDENADORIA DA JUVENTUDE DO ESTADO DO PIAUÍ - COJUV,900000.0,"Realizar a 6º EXPOPIRACURUCA E VAQUEJADA, durante o período de 24 a 28 de junho de 2026, promovendo o fortalecimento do agronegócio, da agricultura familiar, do turismo e da cultura, por meio de ações técnicas, comerciais e culturais voltadas ao desenvolvimento econômico e produtivo de Piracuruca e região.",,Fomento
PI-EXEC-GOVERNADOR,2026,811/2026,"ASSOCIAÇÃO DE APOIO ASSISTENCIAL, CULTURAL E EDUCACIONAL MARIA DO AMPARO - AACEMA",SECRETARIA DE ESTADO DA SAÚDE DO PIAUÍ - SESAPI,854300.0,Qualificar os profissionais que prestam assistência de Pré-Natal na Atenção Primária à Saúde e Assistência Ambulatorial e Hospitalar visando à melhoria da qualidade da assistência e à redução da mortalidade materna na Região de Saúde dos Cocais e dos Carnaubais.,,Fomento
PI-EXEC-GOVERNADOR,2026,807/2026,INSTITUTO OFC DE INOVAÇÃO PROFISSIONAL - INSTITUTO OFC,SECRETARIA DE ESTADO  DOS ESPORTES - SECEPI,98966.0,"Promover o esporte, a inclusão social, o lazer, a cultura e a qualidade de vida da população de Teresina por meio da realização do Almeidão Sports Fest. O projeto Almeidão Sports Fest será realizado no dia 04 de julho de 2026, no Centro Esportivo Almeidão, localizado na cidade de Teresina – PI.",,Fomento
PI-EXEC-GOVERNADOR,2026,800/2026,ASSOCIAÇÃO DE DILETANTES DA CULTURA HISTÓRICA VALENCIANA - ADICH,SECRETARIA DE ESTADO DA CULTURA DO PIAUÍ - SECULT,1300000.0,Realização do Salão do Livro do Piauí,,Fomento
PI-EXEC-GOVERNADOR,2026,779/2026,ASSOCIAÇÃO LAR DA CRIANÇA DOM ABEL ALONSO NUNES,SECRETARIA  DE ESTADO PARA INCLUSÃO DA PESSOA  COM DEFICIÊNCIA - SEID,100000.0,Aquisição de equipamentos musicais para os alunos da Creche Dom Abel Alonso.,,Fomento
PI-EXEC-GOVERNADOR,2026,774/2026,INSTITUTO PRESENTE (IP),SECRETARIA DE ESTADO DA EDUCAÇÃO -SEDUC,75000.0,"PROJETO “EDUCAÇÃO AMBIENTAL PARA A COLETA SELETIVA DE RESÍDUOS SÓLIDOS E SEMINÁRIO SOBRE INTERSETORIALIDADE E ESCOLA EM TEMPO INTEGRAL” aprofundar o conhecimento do marco legal da gestão de resíduos sólidos pelos gestores de entidades populares de reciclagem para incentivar sua autonomia, bem como estimular a articulação intersetorial entre as secretarias municipais para fortalecer a implementação da educação integral e integrada em escolas em tempo integral.",,Fomento
PI-EXEC-GOVERNADOR,2026,771/2026,INSTITUTO DE DESENVOLVIMENTO SOCIAL BATGOL - IDESBA,SECRETARIA DE ESTADO  DOS ESPORTES - SECEPI,3305331.04,"execução dos Jogos Escolares Piauiense em regime de mútua cooperação com a administração pública estadual, no exercício de 2026",,Colaboração
PI-EXEC-GOVERNADOR,2026,759/2026,ASSOCIAÇÃO PIAUISENSE DE INCENTIVO AO DESENVOLVIMENTO - APID,SECRETARIA DE ESTADO  DOS ESPORTES - SECEPI,1000000.0,"Promover o esporte amador por meio da Taça das Favelas Piauí 2026, sendo o campeonato uma ferramenta que promove transformação social, integração comunitária e fortalecimento da juventude periférica, através da realização de peneiras municipais em oito cidades piauienses, sendo a grande final em Teresina, contemplando as categorias Sub 17 masculino e feminino.",,Fomento
PI-EXEC-GOVERNADOR,2026,752/2026,ASSOCIAÇÃO ESPORTE E VIDA DO ESTADO DO PIAUI -  A.E. &  V.E. - PI,COORDENADORIA DA JUVENTUDE DO ESTADO DO PIAUÍ - COJUV,500000.0,"Promover a prática esportiva por meio da realização de campeonato de futebol amador em bairros de Teresina-PI, visando ampliar o acesso da juventude ao esporte, fomentar a convivência comunitária, fortalecer políticas públicas de cidadania e direitos da juventude, bem como incentivar hábitos saudáveis e a participação social dos jovens",,Fomento
PI-EXEC-GOVERNADOR,2026,740/2026,ASSOCIAÇÃO AMBIENTAL CANELEIRO ,SECRETARIA DE ESTADO DA AGRICULTURA FAMILIAR - SAF,99864.0,Apoio Financeiro para a Estruturação da Rede Integrada de Fortalecimento da Agricultura Familiar Sustentável no Território Entre Rios.,,Colaboração
PI-EXEC-GOVERNADOR,2026,732/2026,ASSOCIAÇÃO JUNTOS PARA AJUDAR IRMA DULCE-PI,SECRETARIA DE ESTADO  DOS ESPORTES - SECEPI,60000.0,"O objetivo geral da presente proposta é promover a inclusão social, o fortalecimento da cidadania e o desenvolvimento integral de crianças e adolescentes em situação de vulnerabilidade social, por meio da prática esportiva e de ações socioeducativas, contribuindo para a melhoria da qualidade de vida, o fortalecimento de vínculos familiares e comunitários, além da prevenção à violência, evasão escolar e demais situações de risco social nas comunidades da Zona Sul de Teresina – PI.",,Fomento
PI-EXEC-GOVERNADOR,2026,731/2026,INSTITUTO OFC DE INOVAÇÃO PROFISSIONAL - INSTITUTO OFC,SECRETARIA DE ESTADO  DOS ESPORTES - SECEPI,150000.0,"Promover a inclusão social, a cidadania e a melhoria da qualidade de vida de crianças, adolescentes e jovens de Campo Maior por meio da prática esportiva diversificada, estimulando a integração comunitária, o espírito de equipe e a ocupação saudável dos espaços públicos locais.",,Fomento
PI-EXEC-GOVERNADOR,2026,730/2026,INSTITUTO OFC DE INOVAÇÃO PROFISSIONAL - INSTITUTO OFC,SECRETARIA DE ESTADO  DOS ESPORTES - SECEPI,78967.0,"Promover o desenvolvimento e o fortalecimento do Beach Tennis no município de Teresina/PI por meio da realização do Liga Beach Tênis, proporcionando oportunidades de participação esportiva para atletas amadores, incentivando a prática regular de atividades físicas, estimulando hábitos saudáveis, promovendo integração social, lazer, inclusão e qualidade de vida, além de contribuir para a consolidação da modalidade no calendário esportivo municipal e regional.",,Fomento
PI-EXEC-GOVERNADOR,2026,715/2026,"INSTITUTO DE INCENTIVO AO ESPORTE,CULTURA E CIDADANIA - IECC",COORDENADORIA ESTADUAL DE DESENVOLVIMENTO DOS TERRITÓRIOS - CDTER ,200000.0,"Realização do “Circuito Piauí de Futevôlei”, evento esportivo e cultural com duração de 2 (dois) dias, na Arena Home Beach, em Teresina–PI, contemplando 4 (quatro) categorias (mista, feminina, iniciante e avançada), visando fomentar o esporte, a inclusão social e o desenvolvimento dos territórios,",,Fomento
PI-EXEC-GOVERNADOR,2026,714/2026,ASSOCIAÇÃO LAR DA CRIANÇA DOM ABEL ALONSO NUNES,SECRETARIA  DE ESTADO PARA INCLUSÃO DA PESSOA  COM DEFICIÊNCIA - SEID,100000.0,Aquisição de Equipamentos Musicais para alunos da Orquestra Sanfônica Mirim da Creche Dom Abel Alonso.,Termo em elaboração,Fomento
PI-EXEC-GOVERNADOR,2026,699/2026,ASSOCIAÇÃO DOS CEGOS DO PIAUI - ACEP ,SECRETARIA DE ESTADO DA EDUCAÇÃO -SEDUC,596833.06,"O presente Termo de Fomento 002/2026 tem como objeto tem como objeto oportunizar aos educandos com deficiência visual as garantias das condições do melhor aproveitamento no ensino aprendizagem, através do ensino especial, utilizando as ferramentas e ambientes adequados à modalidade deficiência visual, dispondo a esses educandos material didático e de expedientes especiais, bem como ferramentas de apoio a essa modalidade de ensino para esse público em especial.",,Fomento
PI-EXEC-GOVERNADOR,2026,690/2026,"INSTITUTO DE INCENTIVO AO ESPORTE,CULTURA E CIDADANIA - IECC",COORDENADORIA ESTADUAL DE DESENVOLVIMENTO DOS TERRITÓRIOS - CDTER ,50000.0,"O presente projeto tem por objeto a realização do evento esportivo-cultural ""Futebol em Ação: Promoção da Cidadania e do Desenvolvimento Territorial"", consistindo na organização e execução de um torneio de X1 de futebol com 10 jogos e 24 atletas, com público estimado de 350 telespectadores, a ser realizado no Complexo Esportivo De Resenha – Rua Ministro Pedro Borges, 890, Tabuleta, Teresina/PI, em 18 de julho de 2026. O evento contempla ainda a realização de apresentação de banda local e cerimônia de premiação dos atletas ao final do torneio, integrando esporte e cultura como instrumentos de promoção da cidadania e do desenvolvimento territorial.",,Fomento
PI-EXEC-GOVERNADOR,2026,675/2026,"INSTITUTO DE INCENTIVO AO ESPORTE,CULTURA E CIDADANIA - IECC",SECRETARIA DE ESTADO  DOS ESPORTES - SECEPI,120000.0,"Promover a realização da 6ª Etapa – FESTHE – Festival de Esgrima de Teresina 2026, fortalecendo a esgrima como modalidade olímpica no Estado do Piauí, incentivando a formação esportiva, a inclusão social, o turismo esportivo e o desenvolvimento econômico regional.",,Fomento
PI-EXEC-GOVERNADOR,2026,667/2026,ASSOCIAÇÃO COMUNITÁRIA DA LOCALIDADE SÃO VICENTE,COORDENADORIA  ESTADUAL DE ENFRENTAMENTO ÀS DROGAS E FOMENTO AO LAZER - CENDFOL ,200000.0,"REALIZAÇÃO DO EVENTO “6ª VAQUEJADA DO PARQUE TETÉ” A SER REALIZADA NO PARQUE TETÉ, MUNICÍPIO DE ALTO LONGÁ-PI NOS DIAS 29 E 30 DE MAIO DE 2026, beneficiando diretamente MIL pessoas, especialmente MUNICÍPIO DE ALTO LONGÁ- PI E REGIÕES ADJACENTES, contribuindo para PROMOVER O ACESSO AO LAZER, A INTEGRAÇAO SOCIAL E A DIVERSIDADE CULTURAL NOS TERRITÓRIOS DE DESENVOLVIMENTO DO ESTADO.",,Fomento
PI-EXEC-GOVERNADOR,2026,666/2026,ASSOCIAÇÃO COMUNITÁRIA DA LOCALIDADE SÃO VICENTE,COORDENADORIA  ESTADUAL DE ENFRENTAMENTO ÀS DROGAS E FOMENTO AO LAZER - CENDFOL ,300000.0,"REALIZAÇÃO DO EVENTO “6ª VAQUEJADA DO PARQUE TETÉ” A SER REALIZADA NO PARQUE TETÉ, MUNICÍPIO DE ALTO LONGÁ-PI NOS DIAS 29 E 30 DE MAIO DE 2026, beneficiando diretamente MIL pessoas, especialmente MUNICÍPIO DE ALTO LONGÁ- PI E REGIÕES ADJACENTES, contribuindo para PROMOVER O ACESSO AO LAZER, A INTEGRAÇAO SOCIAL E A DIVERSIDADE CULTURAL NOS TERRITÓRIOS DE DESENVOLVIMENTO DO ESTADO.",,Fomento
PI-EXEC-GOVERNADOR,2026,665/2026,ASSOCIAÇÃO PARA O BEM-ESTAR DO MENOR CARENTE DE ESPERANTINA-PI (AMARE),SECRETARIA DE ESTADO DA EDUCAÇÃO -SEDUC,350000.0,"O presente Termo de Fomento tem como objeto contribuir no custeio das ações de enfrentamento da vulnerabilidade social da ASSOCIAÇÃO PARA O BEM-ESTAR DO MENOR CARENTE DE ESPERANTINA - AMARE, para garantir o pleno acesso à Escola e Educação Integral de 400 crianças e adolescentes no município de Esperantina-PI, visando a inserção e permanência do assistido no sistema educacional, sustentando seu desempenho escolar e o desenvolvimento de suas habilidades socioemocionais, alimentação adequada e acompanhamento psicossocial, fortalecendo os laços familiares e educacionais.",Termo em elaboração,Fomento
PI-EXEC-GOVERNADOR,2026,663/2026,ASSOCIACAO SOLIDARIA PELA VIDA - ASPVIDA ,COORDENADORIA DA JUVENTUDE DO ESTADO DO PIAUÍ - COJUV,100000.0,"A proposta tem como finalidade Proporcionar lazer e resgate cultural gratuito para um público rotativo estimado em 2.000 a 3.000 pessoas durante o evento. Geração de Renda: Fomento direto à microeconomia local, beneficiando de 10 a 15 famílias assistidas com a cessão dos espaços (barracas) para comercialização de produtos, garantindo 100% do lucro das vendas para as próprias famílias. Integração Social: Fortalecimento dos vínculos comunitários e institucionais da ASPVIDA com a população de Teresina. , beneficiando diretamente duas a tres mil pessoas, especialmente Território do Bairro Piçarra e comunidades adjacentes da zona urbana da capital Teresina – PI, contribuindo para PROMOVER AÇÕES QUE POSSIBILITEM O JOVEM AO MERCADO DE TRABALHO E A GERAÇÃO DE RENDA.",Termo em elaboração,Fomento
PI-EXEC-GOVERNADOR,2026,653/2026,"INSTITUTO DE INCENTIVO AO ESPORTE,CULTURA E CIDADANIA - IECC",COORDENADORIA DA JUVENTUDE DO ESTADO DO PIAUÍ - COJUV,300000.0,"A 2° Edição do THE HAND BEACH FESTIVAL 2026 será realizado em Teresina, promovendo o fortalecimento do esporte, da inclusão social e do turismo esportivo no Piauí. O evento reunirá atletas e público nas categorias masculina e feminina, incentivando a prática esportiva, a integração social e o desenvolvimento da juventude. Além do impacto esportivo, a iniciativa movimentará a economia local e fortalecerá o calendário esportivo estadual. A ação será viabilizada por emenda parlamentar, pois é considerado um investimento estratégico de alcance social, esportivo e econômico.",Termo em elaboração,Fomento
PI-EXEC-GOVERNADOR,2026,652/2026,"INSTITUTO DE INCENTIVO AO ESPORTE,CULTURA E CIDADANIA - IECC",COORDENADORIA DA JUVENTUDE DO ESTADO DO PIAUÍ - COJUV,300000.0,"A realização do THE HAND BEACH FESTIVAL 2026 visa incentivar o esporte, a juventude e o turismo esportivo no Piauí, promovendo inclusão social, lazer e fortalecimento da prática doHand Beach. O evento também contribui para o desenvolvimento econômico local, movimentando setores como hotelaria, comércio e serviços, além de fortalecer o calendário esportivo estadual e ampliar oportunidades para jovens atletas.",Termo em elaboração,Fomento
PI-EXEC-GOVERNADOR,2026,2/2026,PREFEITURA MUNICIPAL DE ANGICAL DO PIAUÍ,SECRETARIA DE ESTADO DO TURISMO DO PIAUI - SETUR,300000.0,"CONVÊNIO ENTRE O ESTADO DO PIAUÍ ATRAVÉS DA SETUR E O MUNICÍPIO DE ANGICAL DO PIAUIÍ, PARA A REALIZAÇÃO DO EVENTO, ANIVERSÁRIO DO MUNICÍPIO DE ANGICAL.",Termo em elaboração,
PI-EXEC-GOVERNADOR,2026,645/2026,"ASSOCIAÇÃO DE APOIO ASSISTENCIAL, CULTURAL E EDUCACIONAL MARIA DO AMPARO - AACEMA",SECRETARIA DE ESTADO DO TURISMO DO PIAUI - SETUR,100000.0,"APOIO À REALIZAÇÃO DO EVENTO CULTURAL E TURÍSTICO ""CIDADE JUNINA""",Termo em elaboração,Fomento
PI-EXEC-GOVERNADOR,2026,642/2026,CENTRO DE FORMAÇÃO EDUCACIONAL PARA CONVIVÊNCIA COM O SEMIÁRIDO - CEFESA,SECRETARIA DE ESTADO DA CULTURA DO PIAUÍ - SECULT,25000.0,"O Festival Junino representa uma importante manifestação cultural do Nordeste, sendo fundamental para a valorização das tradições populares e fortalecimento da identidade cultural dos jovens.",,Fomento
PI-EXEC-GOVERNADOR,2026,641/2026,PIAUI ESPORTE CLUBE,SECRETARIA DE ESTADO  DOS ESPORTES - SECEPI,500000.0,"Promover a participação estruturada e competitiva do Piauí Esporte Clube no Campeonato Brasileiro Série D, assegurando desempenho esportivo, sustentabilidade financeira e impacto social positivo, com foco na consolidação institucional do clube no cenário nacional",,Fomento
PI-EXEC-GOVERNADOR,2026,631/2026,ASSOCIAÇÃO ESPORTE E VIDA DO ESTADO DO PIAUI -  A.E. &  V.E. - PI,COORDENADORIA DA JUVENTUDE DO ESTADO DO PIAUÍ - COJUV,500000.0,"O projeto “Humor na Periferia” surge como uma importante iniciativa de promoção da cidadania, inclusão social e democratização do acesso à cultura nas comunidades periféricas de Teresina. A proposta fundamenta-se na necessidade de ampliar o alcance das políticas públicas voltadas à juventude e à população em situação de vulnerabilidade social, garantindo oportunidades de acesso à arte, ao lazer, à informação e ao fortalecimento dos direitos sociais.Em muitas regiões periféricas, a população enfrenta limitações no acesso a atividades culturais e educativas, o que contribui para o distanciamento dos espaços de participação social e do conhecimento sobre seus direitos. Nesse contexto, o humor popular apresenta-se como uma ferramenta eficaz de comunicação, integração comunitária e conscientização, capaz de transmitir mensagens de cidadania de forma leve, acessível e atrativa para diferentes faixas etárias.O projeto promoverá apresentações de humor, atividades culturais, intervenções artísticas e ações educativas em comunidades periféricas, valorizando artistas locais e fortalecendo a identidade cultural nordestina. Além do entretenimento, os eventos servirão como espaços de convivência comunitária, incentivo à participação social e disseminação de informações sobre políticas públicas voltadas à juventude, assistência social, educação, saúde, empregabilidade e garantia de direitos.Entre os principais benefícios esperados destacam-se: Ampliação do acesso da população periférica às atividades culturais e de lazer; Fortalecimento das políticas públicas de cidadania e direitos da juventude; Promoção da inclusão social e do protagonismo juvenil; Valorização da cultura popular nordestina e dos artistas locais; Estímulo à convivência comunitária e ao fortalecimento dos vínculos sociais; Incentivo à participação cidadã e ao conhecimento dos direitos garantidos pelo Estatuto da Juventude; Contribuição para a redução da vulnerabilidade social por meio de ações educativas e culturais; Geração de oportunidades para artistas, produtores culturais e profissionais envolvidos na execução do projeto; Promoção do bem-estar, da saúde mental e da qualidade de vida da população beneficiada. Dessa forma, o “Humor na Periferia” transcende a realização de eventos culturais, constituindo-se como uma estratégia de transformação social que utiliza a arte e o entretenimento como instrumentos de inclusão, cidadania e desenvolvimento humano, beneficiando diretamente milhares de moradores das comunidades atendidas e fortalecendo a presença das políticas públicas nos territórios periféricos do município de Teresina.",,Fomento
PI-EXEC-GOVERNADOR,2026,608/2026,ASSOCIAÇÃO TERESINENSE DE TÊNIS DE MESA,SECRETARIA DE ESTADO DA EDUCAÇÃO -SEDUC,1303800.0,"A consecução de finalidades de interesse público e recíproco, propostas pela Associação Teresinense de Tênis de Mesa, visando fomentar ações sócio educativas e esportivas por meio da inclusão e disseminação da prática esportiva do Tênis de Mesa, com aulas teóricas e práticas em escolas estaduais de tempo integral localizadas em Teresina/PI, beneficiando crianças e adolescentes regularmente matriculados na rede de ensino estadual.",,Fomento
PI-EXEC-GOVERNADOR,2026,601/2026,INSTITUTO OFC DE INOVAÇÃO PROFISSIONAL - INSTITUTO OFC,SECRETARIA DE ESTADO  DOS ESPORTES - SECEPI,150000.0,"Promover o esporte amador como ferramenta de desenvolvimento social, lazer e fortalecimento comunitário no município de Beneditinos.",,Fomento
PI-EXEC-GOVERNADOR,2026,600/2026,FEDERAÇÃO PIAUIENSE DE VOLEIBOL,SECRETARIA DE ESTADO  DOS ESPORTES - SECEPI,150000.0,"Desenvolver ações socio-educacionais voltadas para a formação integral e o desenvolvimento de valores através das práticas esportivas advindas da modalidade, visando a inclusão dos jovens nos benefícios da prática esportiva.",Termo em elaboração,Fomento
PI-EXEC-GOVERNADOR,2026,591/2026,FEDERAÇÃO DE KARATE DO ESTADO DO PIAUI,SECRETARIA DE ESTADO  DOS ESPORTES - SECEPI,300000.0,"Promover o desenvolvimento do esporte nas cidades de Flores do Piauí, Cabeceiras do Piauí e Teresina, por meio da realização de campeonatos de futebol e torneios de Karatê, incentivando a inclusão social e a igualdade de gênero.",,Fomento
PI-EXEC-GOVERNADOR,2026,590/2026,LIGA PIRIPIRIENSE DE FUTEBOL,SECRETARIA DE ESTADO DO TURISMO DO PIAUI - SETUR,100000.0,"Execução do projeto “Torneio do Trabalhador – Campeonato de Futsal Livre”, compreendendo a realização de atividades esportivas, oficinas, encontros preparatórios e evento final, incluindo estrutura, arbitragem, premiação, logística e demais serviços necessários",Termo em elaboração,Fomento
PI-EXEC-GOVERNADOR,2026,588/2026,"ASSOCIAÇÃO DE APOIO ASSISTENCIAL, CULTURAL E EDUCACIONAL MARIA DO AMPARO - AACEMA",SECRETARIA DE ESTADO DO TURISMO DO PIAUI - SETUR,300000.0,REALIZAÇÃO DO EVENTO CIDADE JUNINA,Termo em elaboração,Fomento
PI-EXEC-GOVERNADOR,2026,587/2026,"ASSOCIAÇÃO DE APOIO ASSISTENCIAL, CULTURAL E EDUCACIONAL MARIA DO AMPARO - AACEMA",SECRETARIA DE ESTADO DO TURISMO DO PIAUI - SETUR,300000.0,REALIZAÇÃO DO EVENTO CIDADE JUNINA,Termo em elaboração,Fomento
PI-EXEC-GOVERNADOR,2026,586/2026,"ASSOCIAÇÃO DE APOIO ASSISTENCIAL, CULTURAL E EDUCACIONAL MARIA DO AMPARO - AACEMA",SECRETARIA DE ESTADO DO TURISMO DO PIAUI - SETUR,300000.0,REALIZAÇÃO DO EVENTO CIDADE JUNINA,Termo em elaboração,Fomento
PI-EXEC-GOVERNADOR,2026,582/2026,ASSOCIACAO DE DESENVOLVIMENTO COMUNITARIO DE CABECEIRAS - ADECOC,SECRETARIA DE ESTADO DA AGRICULTURA FAMILIAR - SAF,214726.45,"Estabelecer cooperação técnica entre a Secretaria de Estado da Agricultura Familiar – SAF e a ADECOC, visando a conjugação de esforços para a reforma, requalificação e gestão administrativa do Mercado Público de Cabeceiras – PI, com foco no fortalecimento da comercialização da agricultura familiar local.",Termo em elaboração,Acordo de Cooperação
PI-EXEC-GOVERNADOR,2026,570/2026,INSTITUTO DE DESENVOLVIMENTO SOCIAL BATGOL - IDESBA,SECRETARIA DE ESTADO DA CULTURA DO PIAUÍ - SECULT,500000.0,"Promover o Festival Piauí de Cultura e Juventude no município de Teresina – PI, por meio da realização de atividades culturais, apresentações artísticas e ações de integração comunitária, realizadas em duas etapas nos dias 26 e 27 de junho de 2026, em zonas distintas da cidade, com o objetivo de ampliar o acesso da população à cultura, valorizar artistas e expressões culturais locais e incentivar a participação e o protagonismo da juventude nas atividades culturais e sociais.",,Fomento
PI-EXEC-GOVERNADOR,2026,569/2026,"FUNDAÇÃO DE APOIO AO DESENVOLVIMENTO INSTITUCIONAL NA ADMINISTRAÇÃO PÚBLICA,PRIVADA E INSTITUIÇÕES DO TERCEIRO SETOR  -  FUNDAPS ",SECRETARIA DE ESTADO DA CULTURA DO PIAUÍ - SECULT,300000.0,"Iniciativa de prevenção ao uso de drogas em Teresina-PI, focada em modernizar as estratégias de conscientização para o público juvenil. A situação-problema enfrentada é a baixa eficácia de modelos tradicionais de prevenção, que costumam ser pouco atrativos para os jovens. O recurso será utilizado para a realização de palestras dinâmicas (talks), depoimentos de superação e apresentações musicais (rap, hip-hop e gospel). Espera-se, como resultado, promover discussões sobre os desafios reais da juventude e o engajamento em hábitos de vida saudáveis e sustentáveis.",,Fomento
PI-EXEC-GOVERNADOR,2026,565/2026,PIAUI ESPORTE CLUBE,SECRETARIA DE ESTADO  DOS ESPORTES - SECEPI,200000.0,"Promover a participação estruturada e competitiva do Piauí Esporte Clube no Campeonato Brasileiro Série D, assegurando desempenho esportivo, sustentabilidade financeira e impacto social positivo, com foco na consolidação institucional do clube no cenário nacional.",Termo em elaboração,Fomento
PI-EXEC-GOVERNADOR,2026,562/2026,"INSTITUTO DE INCENTIVO AO ESPORTE,CULTURA E CIDADANIA - IECC",COORDENADORIA DA JUVENTUDE DO ESTADO DO PIAUÍ - COJUV,100000.0,"A realização da Feira da Juventude atende à necessidade de fortalecimento das políticas públicas voltadas à cultura e ao empreendedorismo jovem na região norte de Teresina. No território do Bairro Parque Wall Ferraz, observa-se a presença ativa de grupos culturais e jovens empreendedores que carecem de espaços públicos estruturados para divulgar suas iniciativas. A ausência de eventos organizados limita a visibilidade dessas expressões e reduz as oportunidades de geração de renda e integração social. O projeto surge como resposta a essa demanda, promovendo um espaço gratuito e inclusivo, garantindo impacto social e econômico relevante.",Termo em elaboração,Fomento
PI-EXEC-GOVERNADOR,2026,561/2026,"INSTITUTO DE INCENTIVO AO ESPORTE,CULTURA E CIDADANIA - IECC",COORDENADORIA DA JUVENTUDE DO ESTADO DO PIAUÍ - COJUV,120000.0,"O fomento ao Projeto FEIRA DO SABER – 2026, a ser realizado no dia 20 de junho de 2026, justifica-se pela necessidade de fortalecer políticas públicas voltadas ao acesso à educação,estímulo à leitura, desenvolvimento infantil, cultura e lazer educativo, promovendo a formação cidadã e o desenvolvimento social de crianças, adolescentes e suas famílias. A Feira do Saber configura-se como uma ação estratégica de promoção do conhecimento, ao reunir atividades educativas, culturais e recreativas em um espaço acessível e inclusivo, estimulando o aprendizado de forma lúdica e participativa. O projeto busca integrar literatura, oficinas pedagógicas, apresentações culturais, atividades interativas e ações de incentivo à leitura, contribuindo para o desenvolvimento cognitivo, social e emocional do público infantojuvenil",Termo em elaboração,Fomento
PI-EXEC-GOVERNADOR,2026,559/2026,VIDA QUE SEGUE,"SECRETARIA DE ESTADO DA ASSISTÊNCIA SOCIAL, TRABALHO E DIREITOS HUMANOS - SASC",50000.0,"realização do I Congresso Piauiense de Prevenção e Posvenção do Suicídio, um evento de natureza técnico-científica e de mobilização social estratégica, com duração de dois dias, 22 e 23 de maio, a ser sediado em Teresina/PI",Termo em elaboração,Fomento
PI-EXEC-GOVERNADOR,2026,552/2026,MOVIMENTO PELA PAZ NA PERIFERIA -  MP3,SECRETARIA DE ESTADO DA AGRICULTURA FAMILIAR - SAF,105028.09,"Estabelecer cooperação técnica mútua entre o Estado do Piauí, por intermédio da Secretaria de Estado da Agricultura Familiar - SAF, e a Associação Movimento Pela Paz na Periferia - MP3, visando a conjugação de esforços para a construção de um galpão destinado ao abrigo e operação de máquinas agrícolas no Povoado Palmeira dos Gomes, zona rural de Altos - PI.",Termo em elaboração,Acordo de Cooperação
PI-EXEC-GOVERNADOR,2026,549/2026,ASSOCIAÇÃO DOS ESPORTES,COORDENADORIA  ESTADUAL DE ENFRENTAMENTO ÀS DROGAS E FOMENTO AO LAZER - CENDFOL ,143000.0,"Parceria, por meio de Termo de Fomento, com organizações da sociedade civil - OSC para execução de ações de prevenção ao uso abusivo do álcool e outras drogas, em regime de mútua cooperação com a administração pública estadual",,Fomento
PI-EXEC-GOVERNADOR,2026,537/2026,CLÍNICA BATISTA PEGGY PEMBLE,SECRETARIA DE ESTADO DA SAÚDE DO PIAUÍ - SESAPI,500000.0,"Destina-se a presente emenda impositiva com o objetivo de realização de ações, procedimentos e projetos a serem desenvolvidos pela Clinica Batista Peggy Pemble, para pessoas com suspeita ou diagnostico de Transtorno do Espectro Autista- TEA e outras condições neurodivergentes.",Termo em elaboração,Fomento
PI-EXEC-GOVERNADOR,2026,535/2026,Instituto de Inovação e Projetos - INOVE,COORDENADORIA  ESTADUAL DE ENFRENTAMENTO ÀS DROGAS E FOMENTO AO LAZER - CENDFOL ,250000.0,"A proposta tem como finalidade A presente proposta tem por finalidade promover a realização da 1ª Corrida Rural no Povoado Cajazeiras, visando incentivar a prática esportiva, fortalecer a integração comunitária e estimular hábitos de vida saudáveis entre os moradores da região. Busca-se, por meio do evento, oferecer uma atividade esportiva acessível, inclusiva e de caráter social, proporcionando lazer, bem-estar e valorização do ambiente rural., beneficiando diretamente 1.500 pessoas, especialmente Moradores do Povoado Cajazeiras e regiões adjacentes de Teresina-PI, contribuindo para PROMOVER O ACESSO AO LAZER, A INTEGRAÇAO SOCIAL E A DIVERSIDADE CULTURAL NOS TERRITÓRIOS DE DESENVOLVIMENTO DO ESTADO",Termo em elaboração,Fomento
PI-EXEC-GOVERNADOR,2026,534/2026,Instituto de Inovação e Projetos - INOVE,COORDENADORIA  ESTADUAL DE ENFRENTAMENTO ÀS DROGAS E FOMENTO AO LAZER - CENDFOL ,250000.0,"A proposta tem como finalidade Promover um evento esportivo de caráter social que estimule hábitos saudáveis e arrecade donativos para famílias em situação de vulnerabilidade em Teresina–PI., beneficiando diretamente 2.000 pessoas, especialmente Teresina-PI, contribuindo para PROMOVER O ACESSO AO LAZER, A INTEGRAÇAO SOCIAL E A DIVERSIDADE CULTURAL NOS TERRITÓRIOS DE DESENVOLVIMENTO DO ESTADO",Termo em elaboração,Fomento
PI-EXEC-GOVERNADOR,2026,533/2026,INSTITUTO ACOLHER H DOBAL - LEPASON,COORDENADORIA  ESTADUAL DE ENFRENTAMENTO ÀS DROGAS E FOMENTO AO LAZER - CENDFOL ,1000000.0,"A proposta tem como finalidade ampliar as oportunidades de empregabilidade e geração de renda, contribuindo para a autonomia dos participantes e sua efetiva reintegração à sociedade, beneficiando diretamente 3 mil pessoas, especialmente Teresina, contribuindo para PROMOVER O ACESSO AO LAZER, A INTEGRAÇAO SOCIAL E A DIVERSIDADE CULTURAL NOS TERRITÓRIOS DE DESENVOLVIMENTO DO ESTADO.",,Fomento
PI-EXEC-GOVERNADOR,2026,532/2026,FUNDAÇÃO FRANCISCO PINHEIRO DE ARAUJO - FFPA,SECRETARIA DE ESTADO DA AGRICULTURA FAMILIAR - SAF,90000.0,Apoio financeiro para o fortalecimento da assistência técnica sistemática (ATS) e ações da Agricultura Familiar na região Vale do Canindé.,,Colaboração
PI-EXEC-GOVERNADOR,2026,528/2026,ASSOCIAÇÃO DOS VAQUEIROS AMADORES DO PIAUI,COORDENADORIA  ESTADUAL DE ENFRENTAMENTO ÀS DROGAS E FOMENTO AO LAZER - CENDFOL ,140000.0,"A proposta tem como finalidade Apoiar a realização do Circuito AVAPI de Vaquejada 2026, por meio da aquisição de 02 veículos para premiação do campeonato, incentivando a participação de competidores e fortalecendo a cultura e a economia local., beneficiando diretamente doze mil pessoas, especialmente Teresina, contribuindo para PROMOVER O ACESSO AO LAZER, A INTEGRAÇAO SOCIAL E A DIVERSIDADE CULTURAL NOS TERRITÓRIOS DE DESENVOLVIMENTO DO ESTADO.",,Fomento
PI-EXEC-GOVERNADOR,2026,526/2026,ASSOCIAÇÃO FIRMINO LACERDA - AFIL,SECRETARIA DE ESTADO DA SAÚDE DO PIAUÍ - SESAPI,1200000.0,"Execução de programa de educação em saúde voltado à prevenção do uso de álcool, tabaco e cigarros eletrônicos entre adolescentes, por meio da formação de jovens multiplicadores, realização de palestras, oficinas, rodas de conversa e eventos comunitários em escolas públicas dos municípios de Teresina, Parnaíba, Floriano. Campo Maior, Uruçuí e Oeiras.",Termo em elaboração,Fomento
PI-EXEC-GOVERNADOR,2026,520/2026,"ASSOCIAÇÃO DE ASSISTÊNCIA A EDUCAÇÃO, A SOCIEDADE E A CULTURA - AAESC",SECRETARIA DE ESTADO DA EDUCAÇÃO -SEDUC,100000.0,"Cooperação financeira, visando garantir a manutenção dos serviços educacionais prestados pela AAESC através do oferecimento de cursos de redação e compreensão de textos com Base no Fortalecimento das competências e das habilidades da Matriz Curricular de Língua Portuguesa.",,Fomento
PI-EXEC-GOVERNADOR,2026,510/2026,INSTITUTO DE DESENVOLVIMENTO DO NORDESTE (IDENE),SECRETARIA DE ESTADO DA SAÚDE DO PIAUÍ - SESAPI,3011500.0,"Execução de ações integradas de sensibilização, qualificação profissional e rastreamento populacional voltadas à detecção precoce do câncer colorretal (CCR), a serem desenvolvidas nos territórios de Chapada das Mangabeiras, Serra da Capivara e Tabuleiros do Alto Parnaíba, no Estado do Piauí.",,Fomento
PI-EXEC-GOVERNADOR,2026,509/2026,SANTA CASA DE MISERICORDIA DE PARNAIBA,SECRETARIA DE ESTADO DA SAÚDE DO PIAUÍ - SESAPI,500000.0,"Destinação de recursos para custeio e pagamento de profissionais de nível superior que prestam serviços especializados de saúde, visando fortalecer a assistência hospitalar, ampliar a capacidade de atendimento e garantir a continuidade dos serviços.",Termo em elaboração,Fomento
PI-EXEC-GOVERNADOR,2026,504/2026,INSTITUTO PRESENTE (IP),SECRETARIA DE ESTADO DA CULTURA DO PIAUÍ - SECULT,50000.0,Resgatar a contribuição de Agentes Políticos que exerceram o mandato de Deputado Estadual para o debate de temas Políticos e Culturais através de suas publicações e sua atuação Político Administrativa.,,Fomento
PI-EXEC-GOVERNADOR,2026,503/2026,INSTITUTO PRESENTE (IP),SECRETARIA DE ESTADO DA EDUCAÇÃO -SEDUC,53120.0,"Realização de um “CICLO DE PALESTRAS DE SENSIBILIZAÇÃO PARA A ADOÇÃO DA PRÁTICA DA COLETA SELETIVA DE RESÍDUOS SÓLIDOS NAS ESCOLAS ESTADUAIS DE TERESINA E OUTROS PRÉDIOS SOB GESTÃO DA SEDUC, COM DESTINAÇÃO DO MATERIAL COLETADO PARA COOPERATIVAS E ASSOCIAÇÕES DE CATADORES E PROCESSADORES DE RESÍDUOS”.",Termo em elaboração,Fomento
PI-EXEC-GOVERNADOR,2026,496/2026,ASSOCIAÇÃO DOS PEQUENOS AGRICULTORES DA COMUNIDADE VAO DA ESQUERDA - A.P.A.C.V.E,COORDENADORIA  ESTADUAL DE ENFRENTAMENTO ÀS DROGAS E FOMENTO AO LAZER - CENDFOL ,117000.0,"Parceria, por meio de Termo de Fomento, com organizações da sociedade civil - OSC para execução de ações de prevenção ao uso abusivo do álcool e outras drogas, em regime de mútua cooperação com a administração pública estadual",,Fomento
PI-EXEC-GOVERNADOR,2026,482/2026,INSTITUTO DE DESENVOLVIMENTO ECONÔMICO E INCENTIVO A EDUCAÇÃO E CULTURA - INSTITUTO AVANCE,SECRETARIA DE ESTADO DA AGRICULTURA FAMILIAR - SAF,250000.0,"Apoio financeiro para a realização de feiras e eventos para o fortalecimento da Agricultura Familiar nos territórios de desenvolvimento Vale do Rio Guaribas, Vale do Canindé, Chapada Vale do Itaim, Entre Rios, Carnaubais e Cocais, no estado do Piauí.",,Colaboração
PI-EXEC-GOVERNADOR,2026,479/2026,LIGA PIAUIENSE DE VAQUEJADA MASTER,SECRETARIA DE ESTADO DO AGRONEGÓCIO E EMPREENDEDORISMO RURAL - SEAGRO,100000.0,"Realizar a Vaquejada do Parque Kamylla Cristina, contemplando as categorias Light, Aspirante, Master e Supermaster, com o objetivo de incentivar a participação da comunidade, fortalecer a cultura local, promover a integração social e contribuir para o desenvolvimento econômico do município.",,Fomento
PI-EXEC-GOVERNADOR,2026,475/2026,LIGA DESPORTIVA DO SULDO PIAUI - LIDESPI,COORDENADORIA  ESTADUAL DE ENFRENTAMENTO ÀS DROGAS E FOMENTO AO LAZER - CENDFOL ,156000.0,"Parceria, por meio de Termo de Fomento, com organizações da sociedade civil - OSC para execução de ações de prevenção ao uso abusivo do álcool e outras drogas, em regime de mútua cooperação com a administração pública estadual",,Fomento
PI-EXEC-GOVERNADOR,2026,472/2026,ASSOCIAÇÃO LAR SANTO ANTONIO,"SECRETARIA DE ESTADO DA ASSISTÊNCIA SOCIAL, TRABALHO E DIREITOS HUMANOS - SASC",200000.0,"Promover o desenvolvimento integral das crianças assistidas por nossa instituição, através da aquisição de bens permanentes, garantindo a cada uma delas o acesso a processos de construção de conhecimentos e a aprendizagem de diferentes linguagens, assim como o direito à proteção, à saúde, à liberdade, ao respeito, à dignidade, à brincadeira, à convivência e interação com outras crianças. Nossas atividades sociais e educativas para melhor ofertar nossas ações voltados ao bem estar e melhoria socioassistencial de nossos beneficiários.",Termo em elaboração,Fomento
PI-EXEC-GOVERNADOR,2026,470/2026,INSTITUTO PRESENTE (IP),COORDENADORIA DA JUVENTUDE DO ESTADO DO PIAUÍ - COJUV,60000.0,"O projeto atua na intersecção entre a carência de serviços técnicos e a potência dos movimentos sociais periféricos. Mais do que uma capacitação, o ponto de partida assume uma postura de reparação histórica e justiça social, garantindo que o fomento público chegue em novas gerações dos grupos que historicamente operam a proteção social na invisibilidade",,Fomento
PI-EXEC-GOVERNADOR,2026,469/2026,Instituto de Inovação e Projetos - INOVE,COORDENADORIA DA JUVENTUDE DO ESTADO DO PIAUÍ - COJUV,350000.0,"Contratação de Organização da Sociedade Civil (OSC) especializada para a realização da Copa Rural 2026, na zona rural leste de Teresina–PI, com foco na promoção do esporte, do lazer e do protagonismo juvenil. O projeto visa desenvolver um campeonato comunitário dinâmico, incentivando a prática esportiva, especialmente o futebol, como ferramenta de inclusão social, saúde e desenvolvimento humano.A iniciativa busca transformar o esporte em um espaço de oportunidades para a juventude rural, fortalecendo vínculos comunitários, estimulando valores como disciplina, respeito e trabalho em equipe, além de promover integração entre as comunidades. A Copa Rural se consolida como um ambiente de convivência saudável, reduzindo a ociosidade e ampliando o acesso ao lazer de qualidade.Além disso, o projeto impulsiona a participação ativa dos jovens, valoriza talentos locais e fortalece a identidade comunitária, contribuindo diretamente para a construção de uma juventude mais engajada, ativa e protagonista em seu território.",Termo em elaboração,Fomento
PI-EXEC-GOVERNADOR,2026,468/2026,Instituto de Inovação e Projetos - INOVE,COORDENADORIA DA JUVENTUDE DO ESTADO DO PIAUÍ - COJUV,400000.0,"Realização do projeto Arraiá nos Bairros da Zona Leste de Teresina, no mês de junho de 2026, com foco na promoção do lazer, da cultura e do protagonismo juvenil, por meio de festividades juninas comunitárias dinâmicas e inclusivas. A iniciativa contemplará apresentações culturais (quadrilhas, danças e música regional), espaços de convivência, incentivo à participação da juventude, valorização do artesanato local e da gastronomia típica.O projeto propõe transformar os bairros em ambientes vibrantes de integração social, onde jovens possam vivenciar a cultura nordestina de forma ativa, fortalecer vínculos comunitários e ocupar seu tempo com atividades saudáveis e inspiradoras. Além de celebrar as tradições, a ação impulsiona a economia criativa, estimula talentos locais e reforça a cidadania, consolidando o lazer como um direito e uma ferramenta de transformação social.",Termo em elaboração,Fomento
PI-EXEC-GOVERNADOR,2026,467/2026,Instituto de Inovação e Projetos - INOVE,COORDENADORIA DA JUVENTUDE DO ESTADO DO PIAUÍ - COJUV,250000.0,"A implementação do Projeto Social “Capoeira que Transforma” nasce como uma resposta concreta à necessidade de ampliar o acesso da juventude a oportunidades que unem cultura, esporte e cidadania. Mais do que uma atividade, o projeto propõe um espaço vivo de formação, pertencimento e expressão, onde crianças e jovens possam desenvolver habilidades físicas, emocionais e sociais por meio da capoeira — patrimônio cultural que carrega história, identidade e resistência.Com uma abordagem dinâmica e inclusiva, o projeto busca fortalecer vínculos comunitários, despertar talentos, incentivar a disciplina e promover valores como respeito, cooperação e autoestima. Ao ocupar o tempo livre com práticas saudáveis e inspiradoras, contribui diretamente para a redução de vulnerabilidades sociais e para a construção de trajetórias mais positivas.Assim, o “Capoeira que Transforma” se consolida como uma ferramenta potente de transformação social, capaz de energizar a juventude, valorizar a cultura local e impulsionar a formação de cidadãos conscientes, protagonistas de suas próprias histórias e agentes de mudança em suas comunidades.",Termo em elaboração,Fomento
PI-EXEC-GOVERNADOR,2026,466/2026,INSTITUTO ACOLHER H DOBAL - LEPASON,COORDENADORIA  ESTADUAL DE ENFRENTAMENTO ÀS DROGAS E FOMENTO AO LAZER - CENDFOL ,1500000.0,"A realização do projeto social Guardião Mirim justifica-se pela necessidade de promover a formação cidadã de crianças e adolescentes, oferecendo oportunidades de desenvolvimento pessoal, social e educacional. Em um contexto onde muitos jovens estão expostos a situações de vulnerabilidade, o projeto atua como um instrumento de prevenção, contribuindo para o fortalecimento de valores como disciplina, respeito, responsabilidade e solidariedade.",,Fomento
PI-EXEC-GOVERNADOR,2026,464/2026,ASSOCIAÇÃO DE DESENVOLVIMENTO E PRODUÇÃO CASA DE COMPADRE - CASA DE COMPADRE ,COORDENADORIA  ESTADUAL DE ENFRENTAMENTO ÀS DROGAS E FOMENTO AO LAZER - CENDFOL ,156000.0,"Parceria, por meio de Termo de Fomento, com organizações da sociedade civil - OSC para execução de ações de prevenção ao uso abusivo do álcool e outras drogas, em regime de mútua cooperação com a administração pública estadual",,Fomento
PI-EXEC-GOVERNADOR,2026,451/2026,COMUNIDADE TERAPÊUTICA RESTITUI,COORDENADORIA  ESTADUAL DE ENFRENTAMENTO ÀS DROGAS E FOMENTO AO LAZER - CENDFOL ,360000.0,"Parceria, por meio de Termo de Fomento, com organizações da sociedade civil - OSC sem fins lucrativos, devidamente registradas no Conselho Estadual de Políticas Públicas sobre Drogas (CEPD), conforme Art. 15 da Lei Estadual nº 5.775/2008, para a execução de serviços de acolhimento residencial de caráter Voluntário, transitório e terapêutico a pessoas com transtornos decorrentes do uso abusivo de álcool e outras drogas.",,Fomento
PI-EXEC-GOVERNADOR,2026,450/2026,ASSOCIAÇÃO ACOLHEDORA MAANAIN ALFA ,COORDENADORIA  ESTADUAL DE ENFRENTAMENTO ÀS DROGAS E FOMENTO AO LAZER - CENDFOL ,156000.0,"Parceria, por meio de Termo de Fomento, com organizações da sociedade civil - OSC sem fins lucrativos, devidamente registradas no Conselho Estadual de Políticas Públicas sobre Drogas (CEPD), conforme Art. 15 da Lei Estadual nº 5.775/2008, para a execução de serviços de acolhimento residencial de caráter Voluntário, transitório e terapêutico a pessoas com transtornos decorrentes do uso abusivo de álcool e outras drogas.",,Fomento
PI-EXEC-GOVERNADOR,2026,449/2026,OBRA SOCIAL NOSSA SENHORA DA GLÓRIA - FAZENDA DA ESPERANÇA NOSSA SENHORA DOS REMÉDIOS,COORDENADORIA  ESTADUAL DE ENFRENTAMENTO ÀS DROGAS E FOMENTO AO LAZER - CENDFOL ,120000.0,"Parceria, por meio de Termo de Fomento, com organizações da sociedade civil - OSC sem fins lucrativos, devidamente registradas no Conselho Estadual de Políticas Públicas sobre Drogas (CEPD), conforme Art. 15 da Lei Estadual nº 5.775/2008, para a execução de serviços de acolhimento residencial de caráter Voluntário, transitório e terapêutico a pessoas com transtornos decorrentes do uso abusivo de álcool e outras drogas.",Termo em elaboração,Fomento
PI-EXEC-GOVERNADOR,2026,448/2026,ASSOCIAÇÃO FILANTROPICA SHALOM - FILIAL TERESINA,COORDENADORIA  ESTADUAL DE ENFRENTAMENTO ÀS DROGAS E FOMENTO AO LAZER - CENDFOL ,127200.0,"Parceria, por meio de Termo de Fomento, com organizações da sociedade civil - OSC sem fins lucrativos, devidamente registradas no Conselho Estadual de Políticas Públicas sobre Drogas (CEPD), conforme Art. 15 da Lei Estadual nº 5.775/2008, para a execução de serviços de acolhimento residencial de caráter Voluntário, transitório e terapêutico a pessoas com transtornos decorrentes do uso abusivo de álcool e outras drogas.",Termo em elaboração,Fomento
PI-EXEC-GOVERNADOR,2026,447/2026,ASSOCIAÇÃO MONTE MORIÁ ,COORDENADORIA  ESTADUAL DE ENFRENTAMENTO ÀS DROGAS E FOMENTO AO LAZER - CENDFOL ,288000.0,"Parceria, por meio de Termo de Fomento, com organizações da sociedade civil - OSC sem fins lucrativos, devidamente registradas no Conselho Estadual de Políticas Públicas sobre Drogas (CEPD), conforme Art. 15 da Lei Estadual nº 5.775/2008, para a execução de serviços de acolhimento residencial de caráter Voluntário, transitório e terapêutico a pessoas com transtornos decorrentes do uso abusivo de álcool e outras drogas.",,Fomento
PI-EXEC-GOVERNADOR,2026,446/2026,ASSOCIAÇÃO TERRA DA PROMESSA,COORDENADORIA  ESTADUAL DE ENFRENTAMENTO ÀS DROGAS E FOMENTO AO LAZER - CENDFOL ,228000.0,"Parceria, por meio de Termo de Fomento, com organizações da sociedade civil - OSC sem fins lucrativos, devidamente registradas no Conselho Estadual de Políticas Públicas sobre Drogas (CEPD), conforme Art. 15 da Lei Estadual nº 5.775/2008, para a execução de serviços de acolhimento residencial de caráter Voluntário, transitório e terapêutico a pessoas com transtornos decorrentes do uso abusivo de álcool e outras drogas.",,Fomento
PI-EXEC-GOVERNADOR,2026,444/2026,OBRA SOCIAL NOSSA SENHORA DA GLORIA - FAZENDA DA ESPERANÇA BOM JESUS DOS PASSOS ,COORDENADORIA  ESTADUAL DE ENFRENTAMENTO ÀS DROGAS E FOMENTO AO LAZER - CENDFOL ,180000.0,"Parceria, por meio de Termo de Fomento, com organizações da sociedade civil - OSC sem fins lucrativos, devidamente registradas no Conselho Estadual de Políticas Públicas sobre Drogas (CEPD), conforme Art. 15 da Lei Estadual nº 5.775/2008, para a execução de serviços de acolhimento residencial de caráter Voluntário, transitório e terapêutico a pessoas com transtornos decorrentes do uso abusivo de álcool e outras drogas.",,Fomento
PI-EXEC-GOVERNADOR,2026,443/2026,COMUNIDADE TERAPEUTICA DA FAZENDA ÁGAPE - FILIAL,COORDENADORIA  ESTADUAL DE ENFRENTAMENTO ÀS DROGAS E FOMENTO AO LAZER - CENDFOL ,84000.0,"Parceria, por meio de Termo de Fomento, com organizações da sociedade civil - OSC sem fins lucrativos, devidamente registradas no Conselho Estadual de Políticas Públicas sobre Drogas (CEPD), conforme Art. 15 da Lei Estadual nº 5.775/2008, para a execução de serviços de acolhimento residencial de caráter Voluntário, transitório e terapêutico a pessoas com transtornos decorrentes do uso abusivo de álcool e outras drogas.",,Fomento
PI-EXEC-GOVERNADOR,2026,442/2026,GRUPO OFICINA DA VIDA - FUNDAÇÃO DO GRUPO OFICINA DA VIDA ,COORDENADORIA  ESTADUAL DE ENFRENTAMENTO ÀS DROGAS E FOMENTO AO LAZER - CENDFOL ,120000.0,"Parceria, por meio de Termo de Fomento, com organizações da sociedade civil - OSC sem fins lucrativos, devidamente registradas no Conselho Estadual de Políticas Públicas sobre Drogas (CEPD), conforme Art. 15 da Lei Estadual nº 5.775/2008, para a execução de serviços de acolhimento residencial de caráter Voluntário, transitório e terapêutico a pessoas com transtornos decorrentes do uso abusivo de álcool e outras drogas.",Termo em elaboração,Fomento
PI-EXEC-GOVERNADOR,2026,441/2026,ASSOCIAÇÃO DA COMUNIDADE TERAPÊUTICA NOVA VIDA - ACTNV,COORDENADORIA  ESTADUAL DE ENFRENTAMENTO ÀS DROGAS E FOMENTO AO LAZER - CENDFOL ,200000.0,"Parceria, por meio de Termo de Fomento, com organizações da sociedade civil - OSC sem fins lucrativos, devidamente registradas no Conselho Estadual de Políticas Públicas sobre Drogas (CEPD), conforme Art. 15 da Lei Estadual nº 5.775/2008, para a execução de serviços de acolhimento residencial de caráter Voluntário, transitório e terapêutico a pessoas com transtornos decorrentes do uso abusivo de álcool e outras drogas.",,Fomento
PI-EXEC-GOVERNADOR,2026,440/2026,COMUNIDADE TERAPÊUTICA DA FAZENDA ÁGAPE-MATRIZ,COORDENADORIA  ESTADUAL DE ENFRENTAMENTO ÀS DROGAS E FOMENTO AO LAZER - CENDFOL ,336000.0,"Parceria, por meio de Termo de Fomento, com organizações da sociedade civil - OSC sem fins lucrativos, devidamente registradas no Conselho Estadual de Políticas Públicas sobre Drogas (CEPD), conforme Art. 15 da Lei Estadual nº 5.775/2008, para a execução de serviços de acolhimento residencial de caráter Voluntário, transitório e terapêutico a pessoas com transtornos decorrentes do uso abusivo de álcool e outras drogas.",,Fomento
PI-EXEC-GOVERNADOR,2026,439/2026,ASSOCIAÇÃO CASA DORCAS - ASSOCIAÇÃO CASA DORCAS ,COORDENADORIA  ESTADUAL DE ENFRENTAMENTO ÀS DROGAS E FOMENTO AO LAZER - CENDFOL ,55000.0,"Parceria, por meio de Termo de Fomento, com organizações da sociedade civil - OSC sem fins lucrativos, devidamente registradas no Conselho Estadual de Políticas Públicas sobre Drogas (CEPD), conforme Art. 15 da Lei Estadual nº 5.775/2008, para a execução de serviços de acolhimento residencial de caráter Voluntário, transitório e terapêutico a pessoas com transtornos decorrentes do uso abusivo de álcool e outras drogas.",,Fomento
PI-EXEC-GOVERNADOR,2026,438/2026,FUNDAÇÃO TERAPÊUTICA MONTE TABOR,COORDENADORIA  ESTADUAL DE ENFRENTAMENTO ÀS DROGAS E FOMENTO AO LAZER - CENDFOL ,100000.0,"Parceria, por meio de Termo de Fomento, com organizações da sociedade civil - OSC sem fins lucrativos, devidamente registradas no Conselho Estadual de Políticas Públicas sobre Drogas (CEPD), conforme Art. 15 da Lei Estadual nº 5.775/2008, para a execução de serviços de acolhimento residencial de caráter Voluntário, transitório e terapêutico a pessoas com transtornos decorrentes do uso abusivo de álcool e outras drogas.",,Fomento
PI-EXEC-GOVERNADOR,2026,437/2026,ASSOCIAÇÃO FILADELFIA,COORDENADORIA  ESTADUAL DE ENFRENTAMENTO ÀS DROGAS E FOMENTO AO LAZER - CENDFOL ,156000.0,"Parceria, por meio de Termo de Fomento, com organizações da sociedade civil - OSC sem fins lucrativos, devidamente registradas no Conselho Estadual de Políticas Públicas sobre Drogas (CEPD), conforme Art. 15 da Lei Estadual nº 5.775/2008, para a execução de serviços de acolhimento residencial de caráter Voluntário, transitório e terapêutico a pessoas com transtornos decorrentes do uso abusivo de álcool e outras drogas.",Termo em elaboração,Fomento
PI-EXEC-GOVERNADOR,2026,436/2026,CASA DAS SAMARITANAS ACOLHIMENTO FEMININO -  CASAF ,COORDENADORIA  ESTADUAL DE ENFRENTAMENTO ÀS DROGAS E FOMENTO AO LAZER - CENDFOL ,284900.0,"Parceria, por meio de Termo de Fomento, com organizações da sociedade civil - OSC sem fins lucrativos, devidamente registradas no Conselho Estadual de Políticas Públicas sobre Drogas (CEPD), conforme Art. 15 da Lei Estadual nº 5.775/2008, para a execução de serviços de acolhimento residencial de caráter Voluntário, transitório e terapêutico a pessoas com transtornos decorrentes do uso abusivo de álcool e outras drogas.",,Fomento
PI-EXEC-GOVERNADOR,2026,435/2026,ASSOCIAÇÃO TERAPÊUTICA NOVA CRIATURA,COORDENADORIA  ESTADUAL DE ENFRENTAMENTO ÀS DROGAS E FOMENTO AO LAZER - CENDFOL ,120000.0,"Parceria, por meio de Termo de Fomento, com organizações da sociedade civil - OSC sem fins lucrativos, devidamente registradas no Conselho Estadual de Políticas Públicas sobre Drogas (CEPD), conforme Art. 15 da Lei Estadual nº 5.775/2008, para a execução de serviços de acolhimento residencial de caráter Voluntário, transitório e terapêutico a pessoas com transtornos decorrentes do uso abusivo de álcool e outras drogas.",,Fomento
PI-EXEC-GOVERNADOR,2026,434/2026,ASSOCIAÇÃO CASA DO OLEIRO - FILIAL LUIZ CORREIA,COORDENADORIA  ESTADUAL DE ENFRENTAMENTO ÀS DROGAS E FOMENTO AO LAZER - CENDFOL ,120000.0,"Parceria, por meio de Termo de Fomento, com organizações da sociedade civil - OSC sem fins lucrativos, devidamente registradas no Conselho Estadual de Políticas Públicas sobre Drogas (CEPD), conforme Art. 15 da Lei Estadual nº 5.775/2008, para a execução de serviços de acolhimento residencial de caráter Voluntário, transitório e terapêutico a pessoas com transtornos decorrentes do uso abusivo de álcool e outras drogas.",,Fomento
PI-EXEC-GOVERNADOR,2026,433/2026,ASSOCIAÇÃO ELUZAI - ASSOCIAÇÃO FILANTROPICA ELUZAI,COORDENADORIA  ESTADUAL DE ENFRENTAMENTO ÀS DROGAS E FOMENTO AO LAZER - CENDFOL ,336000.0,"Parceria, por meio de Termo de Fomento, com organizações da sociedade civil - OSC sem fins lucrativos, devidamente registradas no Conselho Estadual de Políticas Públicas sobre Drogas (CEPD), conforme Art. 15 da Lei Estadual nº 5.775/2008, para a execução de serviços de acolhimento residencial de caráter Voluntário, transitório e terapêutico a pessoas com transtornos decorrentes do uso abusivo de álcool e outras drogas.",,Fomento
PI-EXEC-GOVERNADOR,2026,432/2026,ASSOCIAÇÃO CASA DO OLEIRO,COORDENADORIA  ESTADUAL DE ENFRENTAMENTO ÀS DROGAS E FOMENTO AO LAZER - CENDFOL ,94600.0,"Parceria, por meio de Termo de Fomento, com organizações da sociedade civil - OSC sem fins lucrativos, devidamente registradas no Conselho Estadual de Políticas Públicas sobre Drogas (CEPD), conforme Art. 15 da Lei Estadual nº 5.775/2008, para a execução de serviços de acolhimento residencial de caráter Voluntário, transitório e terapêutico a pessoas com transtornos decorrentes do uso abusivo de álcool e outras drogas.",,Fomento
PI-EXEC-GOVERNADOR,2026,431/2026,ORGANIZAÇÃO ASSISTENCIAL PENIEL - CASA DE RECUPERAÇÃO PENIEL,COORDENADORIA  ESTADUAL DE ENFRENTAMENTO ÀS DROGAS E FOMENTO AO LAZER - CENDFOL ,396000.0,"Parceria, por meio de Termo de Fomento, com organizações da sociedade civil - OSC sem fins lucrativos, devidamente registradas no Conselho Estadual de Políticas Públicas sobre Drogas (CEPD), conforme Art. 15 da Lei Estadual nº 5.775/2008, para a execução de serviços de acolhimento residencial de caráter Voluntário, transitório e terapêutico a pessoas com transtornos decorrentes do uso abusivo de álcool e outras drogas.",,Fomento
PI-EXEC-GOVERNADOR,2026,430/2026,ASSOCIAÇÃO CASA DO OLEIRO - MATRIZ TERESINA,COORDENADORIA  ESTADUAL DE ENFRENTAMENTO ÀS DROGAS E FOMENTO AO LAZER - CENDFOL ,341000.0,"Parceria, por meio de Termo de Fomento, com organizações da sociedade civil - OSC sem fins lucrativos, devidamente registradas no Conselho Estadual de Políticas Públicas sobre Drogas (CEPD), conforme Art. 15 da Lei Estadual nº 5.775/2008, para a execução de serviços de acolhimento residencial de caráter Voluntário, transitório e terapêutico a pessoas com transtornos decorrentes do uso abusivo de álcool e outras drogas.",,Fomento
PI-EXEC-GOVERNADOR,2026,429/2026,ASSOCIAÇÃO BENEFICENTE O BOM SAMARITANO - NOS BRAÇOS DO PAI,COORDENADORIA  ESTADUAL DE ENFRENTAMENTO ÀS DROGAS E FOMENTO AO LAZER - CENDFOL ,396000.0,"Parceria, por meio de Termo de Fomento, com organizações da sociedade civil - OSC sem fins lucrativos, devidamente registradas no Conselho Estadual de Políticas Públicas sobre Drogas (CEPD), conforme Art. 15 da Lei Estadual nº 5.775/2008, para a execução de serviços de acolhimento residencial de caráter Voluntário, transitório e terapêutico a pessoas com transtornos decorrentes do uso abusivo de álcool e outras drogas.",,Fomento
PI-EXEC-GOVERNADOR,2026,427/2026,OBRA SOCIAL NOSSA SENHORA DA GLORIA - FAZENDA DA ESPERANÇA SANTA FAUSTINA,COORDENADORIA  ESTADUAL DE ENFRENTAMENTO ÀS DROGAS E FOMENTO AO LAZER - CENDFOL ,72000.0,"Parceria, por meio de Termo de Fomento, com organizações da sociedade civil - OSC sem fins lucrativos, devidamente registradas no Conselho Estadual de Políticas Públicas sobre Drogas (CEPD), conforme Art. 15 da Lei Estadual nº 5.775/2008, para a execução de serviços de acolhimento residencial de caráter Voluntário, transitório e terapêutico a pessoas com transtornos decorrentes do uso abusivo de álcool e outras drogas.",,Fomento
PI-EXEC-GOVERNADOR,2026,426/2026,ASSOCIAÇÃO PADRE PIO,COORDENADORIA  ESTADUAL DE ENFRENTAMENTO ÀS DROGAS E FOMENTO AO LAZER - CENDFOL ,240000.0,"Parceria, por meio de Termo de Fomento, com organizações da sociedade civil - OSC sem fins lucrativos, devidamente registradas no Conselho Estadual de Políticas Públicas sobre Drogas (CEPD), conforme Art. 15 da Lei Estadual nº 5.775/2008, para a execução de serviços de acolhimento residencial de caráter Voluntário, transitório e terapêutico a pessoas com transtornos decorrentes do uso abusivo de álcool e outras drogas.",,Fomento
PI-EXEC-GOVERNADOR,2026,422/2026,ASSOCIAÇÃO BENEFICENTE AMOR A VIDA,COORDENADORIA  ESTADUAL DE ENFRENTAMENTO ÀS DROGAS E FOMENTO AO LAZER - CENDFOL ,60000.0,"Parceria, por meio de Termo de Fomento, com organizações da sociedade civil - OSC sem fins lucrativos, devidamente registradas no Conselho Estadual de Políticas Públicas sobre Drogas (CEPD), conforme Art. 15 da Lei Estadual nº 5.775/2008, para a execução de serviços de acolhimento residencial de caráter Voluntário, transitório e terapêutico a pessoas com transtornos decorrentes do uso abusivo de álcool e outras drogas.",,Fomento
PI-EXEC-GOVERNADOR,2026,421/2026,ASSOCIAÇÃO FILANTRÓPICA BETEL,COORDENADORIA  ESTADUAL DE ENFRENTAMENTO ÀS DROGAS E FOMENTO AO LAZER - CENDFOL ,60000.0,"Parceria, por meio de Termo de Fomento, com organizações da sociedade civil - OSC sem fins lucrativos, devidamente registradas no Conselho Estadual de Políticas Públicas sobre Drogas (CEPD), conforme Art. 15 da Lei Estadual nº 5.775/2008, para a execução de serviços de acolhimento residencial de caráter Voluntário, transitório e terapêutico a pessoas com transtornos decorrentes do uso abusivo de álcool e outras drogas.",,Fomento
PI-EXEC-GOVERNADOR,2026,420/2026,COMUNIDADE TERAPÊUTICA NOVA JERUSALÉM,COORDENADORIA  ESTADUAL DE ENFRENTAMENTO ÀS DROGAS E FOMENTO AO LAZER - CENDFOL ,84000.0,"Parceria, por meio de Termo de Fomento, com organizações da sociedade civil - OSC sem fins lucrativos, devidamente registradas no Conselho Estadual de Políticas Públicas sobre Drogas (CEPD), conforme Art. 15 da Lei Estadual nº 5.775/2008, para a execução de serviços de acolhimento residencial de caráter Voluntário, transitório e terapêutico a pessoas com transtornos decorrentes do uso abusivo de álcool e outras drogas.",,Fomento
PI-EXEC-GOVERNADOR,2026,419/2026,ASSOCIAÇÃO FILANTRÓPICA SHALOM - MATRIZ FLORIANO,COORDENADORIA  ESTADUAL DE ENFRENTAMENTO ÀS DROGAS E FOMENTO AO LAZER - CENDFOL ,696000.0,"Parceria, por meio de Termo de Fomento, com organizações da sociedade civil - OSC sem fins lucrativos, devidamente registradas no Conselho Estadual de Políticas Públicas sobre Drogas (CEPD), conforme Art. 15 da Lei Estadual nº 5.775/2008, para a execução de serviços de acolhimento residencial de caráter Voluntário, transitório e terapêutico a pessoas com transtornos decorrentes do uso abusivo de álcool e outras drogas.",,Fomento
PI-EXEC-GOVERNADOR,2026,418/2026,ASSOCIAÇÃO INSTITUTO NOVA SEMENTE - INSTITUTO NOVA SEMENTE,COORDENADORIA  ESTADUAL DE ENFRENTAMENTO ÀS DROGAS E FOMENTO AO LAZER - CENDFOL ,180000.0,"Parceria, por meio de Termo de Fomento, com organizações da sociedade civil - OSC sem fins lucrativos, devidamente registradas no Conselho Estadual de Políticas Públicas sobre Drogas (CEPD), conforme Art. 15 da Lei Estadual nº 5.775/2008, para a execução de serviços de acolhimento residencial de caráter Voluntário, transitório e terapêutico a pessoas com transtornos decorrentes do uso abusivo de álcool e outras drogas.",,Fomento
PI-EXEC-GOVERNADOR,2026,417/2026,ASSOCIAÇÃO BENEFICENTE MANANCIAL DA VIDA - ABEMV,COORDENADORIA  ESTADUAL DE ENFRENTAMENTO ÀS DROGAS E FOMENTO AO LAZER - CENDFOL ,696000.0,"Parceria, por meio de Termo de Fomento, com organizações da sociedade civil - OSC sem fins lucrativos, devidamente registradas no Conselho Estadual de Políticas Públicas sobre Drogas (CEPD), conforme Art. 15 da Lei Estadual nº 5.775/2008, para a execução de serviços de acolhimento residencial de caráter Voluntário, transitório e terapêutico a pessoas com transtornos decorrentes do uso abusivo de álcool e outras drogas.",,Fomento
PI-EXEC-GOVERNADOR,2026,416/2026,INSTITUTO CAUSE MUDANÇAS - ICAM,COORDENADORIA  ESTADUAL DE ENFRENTAMENTO ÀS DROGAS E FOMENTO AO LAZER - CENDFOL ,156000.0,"Parceria, por meio de Termo de Fomento, com organizações da sociedade civil - OSC para execução de ações de prevenção ao uso abusivo do álcool e outras drogas, em regime de mútua cooperação com a administração pública estadual",,Fomento
PI-EXEC-GOVERNADOR,2026,415/2026,ASSOCIAÇÃO PALOTINA PARA EDUCAÇÃO E CIDADANIA - APEC,COORDENADORIA  ESTADUAL DE ENFRENTAMENTO ÀS DROGAS E FOMENTO AO LAZER - CENDFOL ,130000.0,"Parceria, por meio de Termo de Fomento, com organizações da sociedade civil - OSC para execução de ações de prevenção ao uso abusivo do álcool e outras drogas, em regime de mútua cooperação com a administração pública estadual",,Fomento
PI-EXEC-GOVERNADOR,2026,414/2026,ASSOCIAÇÃO DOS TRABALHADORES PRODUTORES DA AGRICULTURA FAMILIAR DA TERRA BREJO - SEBASTIANA BOCA DO COCO ,COORDENADORIA  ESTADUAL DE ENFRENTAMENTO ÀS DROGAS E FOMENTO AO LAZER - CENDFOL ,130000.0,"Parceria, por meio de Termo de Fomento, com organizações da sociedade civil - OSC para execução de ações de prevenção ao uso abusivo do álcool e outras drogas, em regime de mútua cooperação com a administração pública estadual",Termo em elaboração,Fomento
PI-EXEC-GOVERNADOR,2026,413/2026,"ASSOCIAÇÃO CULTURAL, ESPORTIVA E RECREATIVA MOTIRÔ - ACERM ",COORDENADORIA  ESTADUAL DE ENFRENTAMENTO ÀS DROGAS E FOMENTO AO LAZER - CENDFOL ,156000.0,"Parceria, por meio de Termo de Fomento, com organizações da sociedade civil - OSC para execução de ações de prevenção ao uso abusivo do álcool e outras drogas, em regime de mútua cooperação com a administração pública estadual",,Fomento
PI-EXEC-GOVERNADOR,2026,412/2026,FUNDAÇÃO EDUCACIONAL E CULTURAL SÃO FRANCISCO DE ASSIS,COORDENADORIA  ESTADUAL DE ENFRENTAMENTO ÀS DROGAS E FOMENTO AO LAZER - CENDFOL ,156000.0,"Parceria, por meio de Termo de Fomento, com organizações da sociedade civil - OSC para execução de ações de prevenção ao uso abusivo do álcool e outras drogas, em regime de mútua cooperação com a administração pública estadual",,Fomento
PI-EXEC-GOVERNADOR,2026,411/2026,ASSOCIACAO NORTE BRASILEIRA DE EDUCACAO E ASSISTENCIA SOCIAL - ANBEAS ,COORDENADORIA  ESTADUAL DE ENFRENTAMENTO ÀS DROGAS E FOMENTO AO LAZER - CENDFOL ,130000.0,"Parceria, por meio de Termo de Fomento, com organizações da sociedade civil - OSC para execução de ações de prevenção ao uso abusivo do álcool e outras drogas, em regime de mútua cooperação com a administração pública estadual",,Fomento
PI-EXEC-GOVERNADOR,2026,410/2026,ONG AMIGOS DA COMUNIDADE,COORDENADORIA  ESTADUAL DE ENFRENTAMENTO ÀS DROGAS E FOMENTO AO LAZER - CENDFOL ,156000.0,"Parceria, por meio de Termo de Fomento, com organizações da sociedade civil - OSC para execução de ações de prevenção ao uso abusivo do álcool e outras drogas, em regime de mútua cooperação com a administração pública estadual",,Fomento
PI-EXEC-GOVERNADOR,2026,408/2026,ASSOCIAÇÃO FRATERNIDADE,COORDENADORIA  ESTADUAL DE ENFRENTAMENTO ÀS DROGAS E FOMENTO AO LAZER - CENDFOL ,156000.0,"Parceria, por meio de Termo de Fomento, com organizações da sociedade civil - OSC para execução de ações de prevenção ao uso abusivo do álcool e outras drogas, em regime de mútua cooperação com a administração pública estadual",Termo em elaboração,Fomento
PI-EXEC-GOVERNADOR,2026,406/2026,OFICINA ESPERANZA,COORDENADORIA  ESTADUAL DE ENFRENTAMENTO ÀS DROGAS E FOMENTO AO LAZER - CENDFOL ,156000.0,"Parceria, por meio de Termo de Fomento, com organizações da sociedade civil - OSC para execução de ações de prevenção ao uso abusivo do álcool e outras drogas, em regime de mútua cooperação com a administração pública estadual",,Fomento
PI-EXEC-GOVERNADOR,2026,405/2026,ASSOCIAÇÃO FILANTROPICA DOS GUARDIÕES DAS FAMILIAS DE JOSE DE FREITAS -  AFIGUAJOF,COORDENADORIA  ESTADUAL DE ENFRENTAMENTO ÀS DROGAS E FOMENTO AO LAZER - CENDFOL ,156000.0,"Parceria, por meio de Termo de Fomento, com organizações da sociedade civil - OSC para execução de ações de prevenção ao uso abusivo do álcool e outras drogas, em regime de mútua cooperação com a administração pública estadual",,Fomento
PI-EXEC-GOVERNADOR,2026,403/2026,FUNDAÇÃO PE. ANTONIO DANTE CIVIERO - FUNACI,COORDENADORIA  ESTADUAL DE ENFRENTAMENTO ÀS DROGAS E FOMENTO AO LAZER - CENDFOL ,143000.0,"Parceria, por meio de Termo de Fomento, com organizações da sociedade civil - OSC para execução de ações de prevenção ao uso abusivo do álcool e outras drogas, em regime de mútua cooperação com a administração pública estadual",,Fomento
PI-EXEC-GOVERNADOR,2026,402/2026,ASSOCIAÇÃO ARTE SERTÃO,COORDENADORIA  ESTADUAL DE ENFRENTAMENTO ÀS DROGAS E FOMENTO AO LAZER - CENDFOL ,156000.0,"Parceria, por meio de Termo de Fomento, com organizações da sociedade civil - OSC para execução de ações de prevenção ao uso abusivo do álcool e outras drogas, em regime de mútua cooperação com a administração pública estadual",,Fomento
PI-EXEC-GOVERNADOR,2026,401/2026,COMUNIDADE TERAPÊUTICA BETESDA  - FILIAL,COORDENADORIA  ESTADUAL DE ENFRENTAMENTO ÀS DROGAS E FOMENTO AO LAZER - CENDFOL ,91200.0,"Parceria, por meio de Termo de Fomento, com organizações da sociedade civil - OSC sem fins lucrativos, devidamente registradas no Conselho Estadual de Políticas Públicas sobre Drogas (CEPD), conforme Art. 15 da Lei Estadual nº 5.775/2008, para a execução de serviços de acolhimento residencial de caráter Voluntário, transitório e terapêutico a pessoas com transtornos decorrentes do uso abusivo de álcool e outras drogas.",,Fomento
PI-EXEC-GOVERNADOR,2026,400/2026,ASSOCIAÇÃO CULTURAL ACORDES DO CAMPESTRE,COORDENADORIA  ESTADUAL DE ENFRENTAMENTO ÀS DROGAS E FOMENTO AO LAZER - CENDFOL ,156000.0,"Parceria, por meio de Termo de Fomento, com organizações da sociedade civil - OSC para execução de ações de prevenção ao uso abusivo do álcool e outras drogas, em regime de mútua cooperação com a administração pública estadual",,Fomento
PI-EXEC-GOVERNADOR,2026,399/2026,INSTITUTO DE REINSERÇÃO SOCIAL - IRES,COORDENADORIA  ESTADUAL DE ENFRENTAMENTO ÀS DROGAS E FOMENTO AO LAZER - CENDFOL ,156000.0,"Parceria, por meio de Termo de Fomento, com organizações da sociedade civil - OSC para execução de ações de prevenção ao uso abusivo do álcool e outras drogas, em regime de mútua cooperação com a administração pública estadual",,Fomento
PI-EXEC-GOVERNADOR,2026,398/2026,"ASSOCIAÇÃO PIAUIENSE DE HABILITAÇÃO, REABILITAÇÃO, READAPTAÇÃO – ASSOCIAÇÃO REABILITAR ",COORDENADORIA  ESTADUAL DE ENFRENTAMENTO ÀS DROGAS E FOMENTO AO LAZER - CENDFOL ,156000.0,"Parceria, por meio de Termo de Fomento, com organizações da sociedade civil - OSC para execução de ações de prevenção ao uso abusivo do álcool e outras drogas, em regime de mútua cooperação com a administração pública estadual",,Fomento
PI-EXEC-GOVERNADOR,2026,397/2026,ASSOCIAÇÃO BENEFICENTE SÃO PAULO APÓSTOLO -  ABESPA ,COORDENADORIA  ESTADUAL DE ENFRENTAMENTO ÀS DROGAS E FOMENTO AO LAZER - CENDFOL ,156000.0,"Parceria, por meio de Termo de Fomento, com organizações da sociedade civil - OSC para execução de ações de prevenção ao uso abusivo do álcool e outras drogas, em regime de mútua cooperação com a administração pública estadual",,Fomento
PI-EXEC-GOVERNADOR,2026,396/2026,COMUNIDADE TERAPÊUTICA BETESDA,COORDENADORIA  ESTADUAL DE ENFRENTAMENTO ÀS DROGAS E FOMENTO AO LAZER - CENDFOL ,216000.0,"Parceria, por meio de Termo de Fomento, com organizações da sociedade civil - OSC sem fins lucrativos, devidamente registradas no Conselho Estadual de Políticas Públicas sobre Drogas (CEPD), conforme Art. 15 da Lei Estadual nº 5.775/2008, para a execução de serviços de acolhimento residencial de caráter Voluntário, transitório e terapêutico a pessoas com transtornos decorrentes do uso abusivo de álcool e outras drogas.",,Fomento
PI-EXEC-GOVERNADOR,2026,395/2026,ASSOCIAÇÃO BENEFICENTE GIULIANO ESPORTE CLUBE - ABGEC,COORDENADORIA  ESTADUAL DE ENFRENTAMENTO ÀS DROGAS E FOMENTO AO LAZER - CENDFOL ,156000.0,"Parceria, por meio de Termo de Fomento, com organizações da sociedade civil - OSC para execução de ações de prevenção ao uso abusivo do álcool e outras drogas, em regime de mútua cooperação com a administração pública estadual",,Fomento
PI-EXEC-GOVERNADOR,2026,394/2026,FAZENDA DA PAZ - MATRIZ,COORDENADORIA  ESTADUAL DE ENFRENTAMENTO ÀS DROGAS E FOMENTO AO LAZER - CENDFOL ,696000.0,"Parceria, por meio de Termo de Fomento, com organizações da sociedade civil - OSC sem fins lucrativos, devidamente registradas no Conselho Estadual de Políticas Públicas sobre Drogas (CEPD), conforme Art. 15 da Lei Estadual nº 5.775/2008, para a execução de serviços de acolhimento residencial de caráter Voluntário, transitório e terapêutico a pessoas com transtornos decorrentes do uso abusivo de álcool e outras drogas.",,Fomento
PI-EXEC-GOVERNADOR,2026,390/2026,FAZENDA DA PAZ - FILIAL,COORDENADORIA  ESTADUAL DE ENFRENTAMENTO ÀS DROGAS E FOMENTO AO LAZER - CENDFOL ,216000.0,"Parceria, por meio de Termo de Fomento, com organizações da sociedade civil - OSC sem fins lucrativos, devidamente registradas no Conselho Estadual de Políticas Públicas sobre Drogas (CEPD), conforme Art. 15 da Lei Estadual nº 5.775/2008, para a execução de serviços de acolhimento residencial de caráter Voluntário, transitório e terapêutico a pessoas com transtornos decorrentes do uso abusivo de álcool e outras drogas.",,Fomento
PI-EXEC-GOVERNADOR,2026,389/2026,ASSOCIAÇÃO CASA DAS MARIAS - ACDM,COORDENADORIA  ESTADUAL DE ENFRENTAMENTO ÀS DROGAS E FOMENTO AO LAZER - CENDFOL ,156000.0,"Parceria, por meio de Termo de Fomento, com organizações da sociedade civil - OSC para execução de ações de prevenção ao uso abusivo do álcool e outras drogas, em regime de mútua cooperação com a administração pública estadual",,Fomento
PI-EXEC-GOVERNADOR,2026,380/2026, COOPERATIVA MEL DO SERTÃO - MEL DO SERTÃO -  SÃO RAIMUNDO NONATO,SECRETARIA DE ESTADO DA AGRICULTURA FAMILIAR - SAF,150000.0,"Apoio financeiro para o fomento ao desenvolvimento da apicultura local, por meio da aquisição de veículo destinado ao fortalecimento da estrutura logística, operacional e comercial da Cooperativa Mel do Sertão, em São Raimundo Nonato - PI.",,Colaboração
PI-EXEC-GOVERNADOR,2026,371/2026,FEDERAÇÃO PIAUIENSE DE XADREZ,SECRETARIA DE ESTADO DA CULTURA DO PIAUÍ - SECULT,50000.0,Realização do Festival Nacional da Juventude,,Fomento
PI-EXEC-GOVERNADOR,2026,365/2026,ASSOCIAÇÃO REABILITAR COM AMOR,SECRETARIA DE ESTADO DA SAÚDE DO PIAUÍ - SESAPI,1200000.0,"CAPACITAÇÃO DE JOVENS COM IDADE ENTRE 16 E 20 ANOS RESIDENTES NOS MUNICIPÍOS DE TERESINA,CAMPO MAIOR,PARNAÍBA ,FLORIANO,URUÇUI E OEIRAS (COMO FOCO EM GESTÃO DE PESSAOS ) ,PRODUÇÃO DE MATERIAIS EDUCATIVOS,CONTRATAÇÃOM DE PROFISSIONAIS DE SAÚDE ,LOGISTICA E GESTÃO DO PROJETO.",Termo em elaboração,Fomento
PI-EXEC-GOVERNADOR,2026,357/2026,INSTITUTO JUVENTUDES ,SECRETARIA DE ESTADO DO AGRONEGÓCIO E EMPREENDEDORISMO RURAL - SEAGRO,300000.0,"O projeto HORTA VIVA: O chão que alimenta Teresina é um documentário de média-metragem (40 minutos) que investiga a trajetória e o impacto socioeconômico da segunda maior horta comunitária da América Latina, localizada em Teresina, Piauí.Através de uma linguagem didática e cinematográfica, a obra registra o cotidiano de centenas de famílias que transformaram áreas subutilizadas em um polo de produção agrícola sustentável.O projeto se posiciona não apenas como registro histórico, mas como um material de fomento, desenhado para ser utilizado em capacitações de associações e cooperativas que buscam implementar modelos de segurança alimentar e resistência comunitária.O Piauí possui um setor agropecuário pujante, porém, há uma lacuna no registro e na sistematização de tecnologias sociais de agricultura urbana. A Horta do Dirceu II é um fenômeno de resistência e organização coletiva. Justifica-se a realização desta obra pela necessidade de:* Sistematizar o Conhecimento: Transformar a prática empírica dos horticultores em conteúdo visual técnico para outras comunidades.* Segurança Alimentar: Discutir como o agro urbano combate a fome em centros urbanos em crescimento.* Fortalecimento Institucional: Incentivar o modelo cooperativista, demonstrando como a união de pequenos produtores garante poder de mercado e sustentabilidade econômica no estado.* Urgência Temporal: Registrar o modelo de gestão antes de possíveis mudanças urbanísticas ou geracionais, garantindo a memória do agro piauiense.",Termo em elaboração,Fomento
PI-EXEC-GOVERNADOR,2026,356/2026,INSTITUTO JUVENTUDES ,SECRETARIA DE ESTADO DO AGRONEGÓCIO E EMPREENDEDORISMO RURAL - SEAGRO,300000.0,"É um projeto audiovisual que investiga a expansão da cultura da soja no município de Água Branca/PI. O filme aborda desde a preparação do solo e os desafios logísticos da região até as perspectivas de sustentabilidade e sucessão familiar. O material é concebido de forma modular, permitindo que trechos específicos sejam utilizados de forma independente em capacitações de cooperativas rurais.Água Branca representa uma nova fronteira para a soja piauiense, saindo do eixo consolidado do Sul do estado. Justifica-se o projeto pela necessidade de:1. Padronização Técnica: Auxiliar pequenas associações a entenderem as exigências de mercado e manejo da soja.2. Logística: Debater os desafios de escoamento específicos da região do Médio Parnaíba.3. Memória e Fomento: Servir como portfólio para atração de novos investimentos e créditos rurais para os cooperados locais.",Termo em elaboração,Fomento
PI-EXEC-GOVERNADOR,2026,354/2026,"FUNDAÇÃO DE APOIO AO DESENVOLVIMENTO INSTITUCIONAL NA ADMINISTRAÇÃO PÚBLICA,PRIVADA E INSTITUIÇÕES DO TERCEIRO SETOR  -  FUNDAPS ",COORDENADORIA DA JUVENTUDE DO ESTADO DO PIAUÍ - COJUV,300000.0,"Promover a conscientização, prevenção e redução do uso de drogas entre jovens, por meio da implementação de ações educativas, formativas e de mobilização social no ambiente escolar, especialmente em áreas de maior vulnerabilidade social no município de Teresina, contribuindo para o fortalecimento das políticas públicas de juventude.O projeto visa fomentar uma cultura de valorização da vida, do autocuidado e das escolhas saudáveis, utilizando estratégias pedagógicas como palestras, rodas de conversa e depoimentos de ex-dependentes e especialistas, com o objetivo de impactar positivamente o comportamento dos jovens e reduzir os índices de experimentação de substâncias ilícitas.Busca ainda promover a inclusão social do jovem urbano e rural, fortalecer o protagonismo juvenil e ampliar o acesso a informações qualificadas, em consonância com as diretrizes do Estatuto da Juventude, contribuindo para a construção de um ambiente escolar mais seguro, saudável e acolhedor.",Termo em elaboração,Fomento
PI-EXEC-GOVERNADOR,2026,353/2026,Instituto de Inovação e Projetos - INOVE,COORDENADORIA DA JUVENTUDE DO ESTADO DO PIAUÍ - COJUV,250000.0,"PROJETO ESCOLINHA ESTRELA JOVEM, tem como finalidade buscar descentralizar o acesso ao lazer qualificado nos bairros de Teresina, promovendo a integração comunitária e a formação de valores éticos e cidadãos entre crianças e adolescentes , beneficiando diretamente pessoas, especialmente jovens dos bairros de Teresina-PI, contribuindo para PROMOVER A REALIZAÇÃO DE ATIVIDADES DE INCLUSÃO DO JOVEM URBANO E RURAL NAS DIVERSAS POLÍTICAS PÚBLICAS E NAS GARANTIAS DE DIREITO DO ESTATUTO DA JUVENTUDE.",Termo em elaboração,Fomento
PI-EXEC-GOVERNADOR,2026,352/2026,Instituto de Inovação e Projetos - INOVE,COORDENADORIA DA JUVENTUDE DO ESTADO DO PIAUÍ - COJUV,250000.0,"tem como finalidade de intervenção social integrada, fundamentada na premissa de que a prevenção primária deve ocorrer na base, utilizando o esporte, a convivência comunitária e a educação como ferramentas de proteção social. A proposta busca descentralizar o acesso ao lazer qualificado nos bairros de Teresina, promovendo a integração comunitária e a formação de valores éticos e cidadãos entre crianças e adolescentes , beneficiando diretamente cento e cinquenta pessoas, especialmente jovens dos bairros de Teresina-PI, contribuindo para PROMOVER A REALIZAÇÃO DE ATIVIDADES DE INCLUSÃO DO JOVEM URBANO E RURAL NAS DIVERSAS POLÍTICAS PÚBLICAS E NAS GARANTIAS DE DIREITO DO ESTATUTO DA JUVENTUDE.",Termo em elaboração,Fomento
PI-EXEC-GOVERNADOR,2026,345/2026,SANTA CASA DE MISERICORDIA DE PARNAIBA,SECRETARIA DE ESTADO DA SAÚDE DO PIAUÍ - SESAPI,300000.0,"Custeio da realização de cirurgias eletivas na Santa Casa de Misericórdia de Parnaíba, visando ampliar a oferta de procedimentos cirúrgicos, reduzir a demanda reprimida e fortalecer a assistência hospitalar prestada à população do município de Parnaíba e região.",Termo em elaboração,Fomento
PI-EXEC-GOVERNADOR,2026,342/2026,INSTITUTO PROJETANDO O RESGATE DA CIDADANIA DE CRIANÇAS E ADOLESCENTES-PREÇA,COORDENADORIA DA JUVENTUDE DO ESTADO DO PIAUÍ - COJUV,400000.0,"Capacitar estudantes da rede pública do Piauí em competências digitais e empreendedoras por meio de um curso de eSPORTS estruturado, promovendo a inclusão tecnológica, o desenvolvimento socioemocional, a geração de alternativa de renda e a formação de jovens aptos a atuar no mercado digital e na economia criativa.",Termo em elaboração,Fomento
PI-EXEC-GOVERNADOR,2026,325/2026,INSTITUTO DE DESENVOLVIMENTO SOCIAL BATGOL - IDESBA,SECRETARIA DE ESTADO  DOS ESPORTES - SECEPI,200000.0,"A segunda edição da Run Pet Lovers promete ser um evento emocionante e cheio de amor pelos nossos amigos de quatro patas. Com o objetivo de arrecadar fundos para instituições que cuidam de animais de rua, esta corrida beneficente reunirá apaixonados por pets e defensores dos direitos dos animais em uma celebração de solidariedade e conscientização. Os participantes poderão escolher entre diferentes categorias de corrida, permitindo que todos, independentemente de sua condição física, possam se juntar à causa. Além disso, haverá atividades para toda a família, como feiras de adoção, apresentações de adestramento, e espaços para interação com animais, tudo em um ambiente alegre e acolhedor. Ao inscrever-se, cada corredor estará contribuindo diretamente para o bem-estar dos animais que necessitam de cuidados, amor e um lar. Junte-se a nós nessa jornada de amor e esperança, e ajude a fazer a diferença na vida desses seres tão especiais. Venha correr, brincar e apoiar essa causa nobre",,Fomento
PI-EXEC-GOVERNADOR,2026,314/2026,FUNDAÇÃO FRANCISCO PINHEIRO DE ARAUJO - FFPA,SECRETARIA DE ESTADO DA AGRICULTURA FAMILIAR - SAF,161400.0,Apoio financeiro para o fortalecimento da assistência técnica sistemática (ATS) e ações da Agricultura Familiar na região Vale do Canindé.,Termo em elaboração,Fomento
PI-EXEC-GOVERNADOR,2026,309/2026,ASSOCIAÇÃO FIRMINO LACERDA - AFIL,SECRETARIA DE ESTADO DO AGRONEGÓCIO E EMPREENDEDORISMO RURAL - SEAGRO,150000.0,"O objeto desta proposta consiste na implementação de um curso de capacitação em horticultura orgânica rápida e venda direta, destinado à formação de produtores rurais no cultivo de hortaliças de ciclo curto. Serão empregadas práticas sustentáveis, tecnologias de baixo custo e técnicas de manejo adequadas à realidade da agricultura familiar no Piauí, visando à otimização da produção e à inserção em mercados de valor agregado. A capacitação abrangerá conteúdos técnicos e empreendedores, incluindo preparo orgânico do solo, compostagem, produção e uso de defensivos naturais, irrigação simplificada, construção e manejo de canteiros, semeadura, transplante, condução do cultivo, colheita, póscolheita e estratégias de comercialização. Será dada especial atenção à formação para a organização da oferta, precificação, fidelização de clientes, apresentação dos produtos e estruturação do modelo de Assinatura de Cestas Verdes. Configura-se, portanto, como uma intervenção estratégica para a capacitação técnica, inclusão produtiva e fortalecimento da comercialização de base territorial, com impacto direto na renda e na autonomia dos produtores rurais beneficiados. Capacitar produtores rurais para o cultivo de hortaliças orgânicas de ciclo rápido, utilizando técnicas sustentáveis, de baixo custo e baseadas em recursos locais, e prepará-los para implementar modelos de venda direta ao consumidor, especialmente o sistema de Assinatura de Cestas Verdes, promovendo geração de renda rápida, autonomia comercial e fortalecimento da agricultura familiar. A consecução do objetivo geral será alcançada por meio dos seguintes objetivos específicos: - Capacitar os participantes em técnicas de preparo orgânico do solo, incluindo compostagem, incorporação de matéria orgânica, equilíbrio nutricional natural e manejo adequado de resíduos vegetais, garantindo solo fértil e produtivo para hortaliças de ciclo rápido. - Desenvolver habilidades para a formulação e aplicação de defensivos naturais, abordando biofertilizantes, caldas alternativas, extratos vegetais e práticas agroecológicas de baixo custo para prevenção e controle de pragas e doenças, sem o uso de agroquímicos. - Orientar sobre a construção, organização e manejo de canteiros eficientes, utilizando ferramentas simples, princípios de ergonomia, otimização de espaço e técnicas de plantio direto ou semeadura escalonada. - Treinar os participantes nas técnicas de irrigação econômica, com foco no sistema de gotejamento simples e acessível, manejo hídrico racional e estratégias de redução de desperdício de água. - Desenvolver competências práticas no cultivo de hortaliças de ciclo curto, com ênfase em alface, coentro, cebolinha e rabanete, incluindo semeadura, transplante, tratos culturais, condução do plantio e ponto ideal de colheita. - Ensinar métodos de planejamento produtivo e escalonamento de plantio, garantindo colheitas contínuas, fluxo de produção semanal e maior estabilidade de oferta para os consumidores. - Promover formação empreendedora aplicada ao campo, abordando estratégias de precificação, organização de vendas, embalagem, apresentação do produto e relacionamento com clientes - Capacitar os produtores para a implementação do modelo de Assinatura de Cestas Verdes estruturando logística, comunicação, fidelização de clientes, organização de entregas e gestão financeira do negócio. - Reduzir a dependência de atravessadores, fortalecendo as capacidades de comercialização direta do produtor, aumentando a margem de lucro e promovendo autonomia e valorização da agricultura familiar. - Estimular práticas sustentáveis e inclusivas, promovendo a conservação ambiental, o uso responsável de recursos, a redução de desperdícios e o fortalecimento das relações comunitárias no meio rural. - Proporcionar uma formação prática intensiva, permitindo que os participantes executem diariamente as atividades de cultivo orgânico e compreendam, na prática, todo o ciclo produtivo. - Garantir que os produtores saiam aptos a iniciar a produção imediatamente, com condições reais de iniciar a colheita e a comercialização direta em até 40 dias após a conclusão da capacitação.",Termo em elaboração,Fomento
PI-EXEC-GOVERNADOR,2026,308/2026,ASSOCIAÇÃO FIRMINO LACERDA - AFIL,SECRETARIA DE ESTADO DO AGRONEGÓCIO E EMPREENDEDORISMO RURAL - SEAGRO,200000.0,"Capacitar pequenos produtores rurais para implantar, conduzir e gerir um microempreendimento de avicultura caipira de postura, em sistema semi-intensivo e de baixo custo, por meio do ensino prático de infraestrutura funcional com materiais acessíveis, formulação de ração alternativa com insumos locais, manejo sanitário preventivo, organização da rotina produtiva e estratégias de comercialização, visando à geração de renda diária, contínua e sustentável e à agregação de valor ao produto. Orientar o planejamento e a implantação da unidade de postura caipira, definindo o sistema de criação, o dimensionamento do plantel, a organização do espaço e o fluxo de manejo diário. - Capacitar para a construção e adaptação de estruturas de baixo custo, com uso de materiais rústicos e/ou recicláveis, incluindo galinheiro, abrigo noturno, ninhos, poleiros, cercamento, comedouros e bebedouros. - Ensinar a formulação e o preparo de ração alternativa com insumos locais, demonstrando combinações viáveis com milho, sorgo, mandioca e resíduos vegetais, com foco na redução de custos e no uso racional dos recursos disponíveis. - Estabelecer rotinas de manejo alimentar e hídrico, orientando sobre frequência de fornecimento, controle de desperdícios, qualidade da água e suplementação quando necessária. - Implementar práticas de manejo sanitário preventivo e biosseguridade, incluindo higiene do aviário, controle de parasitas, observação de sinais clínicos, isolamento de aves doentes e destino adequado dos resíduos. - Orientar o manejo produtivo da postura, abordando adaptação das aves, coleta e seleção dos ovos, controle de quebra e sujidade, armazenamento correto e rastreabilidade básica. - Capacitar para a gestão técnica e econômica do empreendimento, com controle de custos, registros de produção diária, cálculo de margem de lucro e definição de metas. - Desenvolver competências de comercialização e diferenciação do produto, incluindo padronização, rotulagem, embalagem, precificação, relacionamento com clientes e estruturação de canais de venda. - Estimular a organização de parcerias e redes locais, orientando estratégias de negociação, fornecimento recorrente, fidelização de compradores e fortalecimento do escoamento da produção. - Promover a adoção de práticas sustentáveis e integradas na propriedade, incentivando o aproveitamento de resíduos vegetais, o manejo adequado de dejetos e o uso racional dos recursos naturais.",Termo em elaboração,Fomento
PI-EXEC-GOVERNADOR,2026,306/2026,ASSOCIAÇÃO COMUNITÁRIA DOS MORADORES DE CAPIVARA,SECRETARIA DE ESTADO DA AGRICULTURA FAMILIAR - SAF,117407.73,"Apoio financeiro para implantação de hortas nos quintais das famílias de comunidade Capivara,zona rural do município de Arraial–PI.",Termo em elaboração,Fomento
PI-EXEC-GOVERNADOR,2026,305/2026,ASSOCIAÇÃO ESPORTE E VIDA DO ESTADO DO PIAUI -  A.E. &  V.E. - PI,COORDENADORIA DA JUVENTUDE DO ESTADO DO PIAUÍ - COJUV,500000.0,"A presente proposta tem como finalidade promover ações de valorização dos trabalhadores e trabalhadoras, em alusão ao Dia do Trabalhador, data de elevada relevância social, histórica e simbólica.",,Fomento
PI-EXEC-GOVERNADOR,2026,304/2026,ASSOCIAÇÃO ESPORTE E VIDA DO ESTADO DO PIAUI -  A.E. &  V.E. - PI,COORDENADORIA DA JUVENTUDE DO ESTADO DO PIAUÍ - COJUV,600000.0,"A realização desta competição em Teresina tem como objetivo incentivar a prática do futebol amador e fortalecer o esporte comunitário nos bairros da cidade. O projeto promove integração social, lazer e oportunidades para jovens e atletas dascomunidades, valorizando os espaços esportivos e estimulando hábitos saudáveis. Considerando a forte presença do futebol amador nas comunidades de Teresina, a realização da competição contribuirá para ampliar o acesso ao esporte, fortalecer a convivência comunitária e incentivar a participação da juventude em atividades esportivas organizadas",Termo em elaboração,Fomento
PI-EXEC-GOVERNADOR,2026,292/2026,ASSOCIAÇÃO DE FAMILIARES E AMIGOS DE PESSOAS COM SÍNDROME DE DOWN TERESINA - PI  (ASSOCIAÇÃO DOWN THE AMO),SECRETARIA  DE ESTADO PARA INCLUSÃO DA PESSOA  COM DEFICIÊNCIA - SEID,100000.0,"Implantação de ações culturais inclusivas voltadas para pessoas com Síndrome de Down e suas famílias, por meio da realização de oficinas de artesanato e pintura, produção artística e realização de exposições culturais, com foco no desenvolvimento de habilidades, promoção da inclusão social, valorização das potencialidades e ampliação da participação comunitária.",Termo em elaboração,Fomento
PI-EXEC-GOVERNADOR,2026,286/2026,TERESINA ESPORTE CLUBE - TEC,SECRETARIA DE ESTADO  DOS ESPORTES - SECEPI,1000000.0,"Desenvolver um programa esportivo integrado para o Teresina Esporte Clube, contemplando futebol profissional, categorias de base e futebol feminino, promovendo alto rendimento esportivo aliado à formação humana. Utilizar futebol como instrumento de inclusão social, educacional e esportivo, promovendo saúde com vistas a melhoria da qualidade de vida entre os jovens menos favorecidos e excluídos do Município de Teresina.",,Fomento
PI-EXEC-GOVERNADOR,2026,263/2026,ASSOCIAÇÃO PARA O BEM-ESTAR DO MENOR CARENTE DE ESPERANTINA-PI (AMARE),SECRETARIA DE ESTADO DA EDUCAÇÃO -SEDUC,700000.0,"Contribuir no custeio das ações da AMARE direcionadas à garantia do pleno acesso à Escola e Educação Integral para 400 crianças e adolescentes em situação de vulnerabilidade social no município de Esperantina-PI, visando à inserção e permanência dos assistidos no sistema educacional, sustentando seu desempenho escolar e o desenvolvimento de suas habilidades socioemocionais, proporcionando a alimentação adequada e o acompanhamento psicossocial, fortalecendo os laços familiares e comunitários.",,Fomento
PI-EXEC-GOVERNADOR,2026,262/2026,"INSTITUTO DE INCENTIVO AO ESPORTE,CULTURA E CIDADANIA - IECC",SECRETARIA DE ESTADO  DOS ESPORTES - SECEPI,200000.0,"Promover a realização do Campeonato Estreantes IFBB-PI 2026, incentivando a inserção de novos atletas no fisiculturismo, fortalecendo a prática esportiva no Estado do Piauí e contribuindo para o desenvolvimento social, esportivo e econômico da região.",,Fomento
PI-EXEC-GOVERNADOR,2026,261/2026,"INSTITUTO DE INCENTIVO AO ESPORTE,CULTURA E CIDADANIA - IECC",SECRETARIA DE ESTADO  DOS ESPORTES - SECEPI,200000.0,"Promover a realização da 1ª Grande Vaquejada Cocais dos Mestres, fortalecendo a prática da vaquejada como modalidade esportiva tradicional, valorizando a cultura sertaneja, incentivando a integração comunitária e estimulando o desenvolvimento econômico do município de Altos – PI.",,Fomento
PI-EXEC-GOVERNADOR,2026,260/2026,ASSOCIAÇÃO ESPORTE E VIDA DO ESTADO DO PIAUI -  A.E. &  V.E. - PI,SECRETARIA DE ESTADO  DOS ESPORTES - SECEPI,400000.0,"O Piauí Run Tour – O Piauí em movimento é um circuito estadual de corrida de rua concebido para integrar esporte, saúde, turismo e desenvolvimento regional em um único projeto estruturado e contínuo. Composto por quatro etapas realizadas nas cidades Beneditinos, Alto Longá, José de Freitas e Murici dos Portelas, o circuito propõe descentralizar grandes eventos esportivos e fortalecer o calendário oficial de eventos do estado do Piauí.",,Fomento
PI-EXEC-GOVERNADOR,2026,259/2026,FEDERAÇÃO DE TENIS DE MESA DO PIAUÍ,SECRETARIA DE ESTADO  DOS ESPORTES - SECEPI,400000.0,Circuito Piauiense de Tênis de Mesa,Termo em elaboração,Fomento
PI-EXEC-GOVERNADOR,2026,254/2026,CENTRO DE COOPERATIVA E EMPREENDIMENTOS SOLIDÁRIOS DO ESTADO DOPIAUÍ,SECRETARIA DE ESTADO DA AGRICULTURA FAMILIAR - SAF,100000.0,"Apoio financeiro para o fortalecimento de empreendimentos econômicos solidários por meio de formação, assessoria técnica e apoio à produção e comercialização, promovendo sustentabilidade econômica, social e organizativa no território Entre Rios e Cocais, no estado do Piauí.",,Fomento
PI-EXEC-GOVERNADOR,2026,230/2026,INSTITUTO TROCANDO IDEIA DE TECNOLOGIA SOCIAL INTEGRADA - INST.TR.I,SECRETARIA DE ESTADO DA CULTURA DO PIAUÍ - SECULT,2424320.39,"Implementação e operacionalização da (1) Teia Estadual dos Pontos de Cultura do Estado do Piauí, e (2) organização e operacionalização na Participação da Delegação do Estado do Piauí na 6ª Teia Nacional dos Pontos de Cultura, eventos relacionados a Política Nacional de Cultura Viva.",,Colaboração
PI-EXEC-GOVERNADOR,2026,229/2026,INSTITUTO DE PESCA E AQUICULTURA MULHERES DAS ÁGUAS - IPAMA,SECRETARIA DE ESTADO DA AGRICULTURA FAMILIAR - SAF,50000.0,"Apoio financeiro para a realixação do V Encontro dos Aquicultores do estado do Piauí, que será realizado na cidade de Madeiro - PI.",,Colaboração
PI-EXEC-GOVERNADOR,2026,224/2026,FUNDAÇÃO EDUCACIONAL MANDACARU – FEMAN,SECRETARIA DE ESTADO DA EDUCAÇÃO -SEDUC,432064.74,"A proposta tem por mérito o enfrentamento da vulnerabilidade social de crianças e jovens no município de Teresina contribuindo para a inserção e o acompanhamento no sistema educacional, assistência psicossocial, objetivando o fortalecimento dos laços familiares e educacionais. A Fundação Educacional Mandacaru – FEMAN encaminha o Projeto “Flor de Mandacaru: Semeando Sonhos, Arte e Cidadania”, a ser executado em 05 (cinco) escolas da rede pública estadual, sendo 04 (quatro) localizadas na zona sul e 01 (uma) na zona norte do município de Teresina/PI, no período de 1º de março de 2026 a 31 de outubro de 2026, com custo total estimado em R$ 432.064,74 (quatrocentos e trinta e dois mil, sessenta e quatro reais e setenta e quatro centavos).",,Fomento
PI-EXEC-GOVERNADOR,2026,1/2026,PREFEITURA MUNICIPAL DE PAES LANDIM,SECRETARIA DE ESTADO DO AGRONEGÓCIO E EMPREENDEDORISMO RURAL - SEAGRO,1250000.0,"A iniciativa visa garantir maior eficiência e continuidade no abastecimento de água para comunidades rurais que dependem diretamente dos poços tubulares para consumo humano, dessedentação animal e pequenas atividades produtivas. Atualmente, muitos desses sistemas enfrentam limitações devido ao alto custo da energia elétrica convencional ou à ausência de rede elétrica em determinadas localidades, o que compromete o pleno funcionamento dos equipamentos e a regularidade do fornecimento de água. A implantação de sistemas de energia solar representa uma solução sustentável, econômica e ambientalmente responsável, permitindo a redução de custos operacionais, maior autonomia no funcionamento dos sistemas de bombeamento e menor impacto ambiental. Além disso, a medida contribui diretamente para a melhoria da qualidade de vida da população rural, fortalecendo as atividades agropecuárias, promovendo segurança hídrica e incentivando o desenvolvimento socioeconômico das comunidades atendidas.",Termo em elaboração,
PI-EXEC-GOVERNADOR,2026,223/2026,ASSOCIAÇÃO CULTURAL JUNINA TERESINA SHOW,COORDENADORIA DA JUVENTUDE DO ESTADO DO PIAUÍ - COJUV,300000.0,"Realização do evento “Festa de Lançamento da Luar do São João 2026”, no município de Teresina/PI, voltado à promoção, valorização e fortalecimento da juventude por meio de atividades culturais, educativas e de inclusão social, contemplando apresentações de quadrilhas juninas, música, dança, artes cênicas e expressões da cultura popular, com foco no protagonismo juvenil, no estímulo à economia criativa, na geração de oportunidades, no fortalecimento da identidade cultural piauiense e na ampliação do acesso dos jovens a ações culturais, de lazer e cidadania",,Fomento
PI-EXEC-GOVERNADOR,2026,221/2026,ASSOCIAÇÃO PIAUIENSE DE CRIADORES DE CAPRINOS E OVINOS - APICCOVI,SECRETARIA DE ESTADO DO AGRONEGÓCIO E EMPREENDEDORISMO RURAL - SEAGRO,300000.0,"Aquisição de reprodutores caprinos da raça Anglonubiana, com elevado padrão genético e sanitário, destinados à melhoria genética de rebanhos de pequenas propriedades rur A caprinocultura possui grande relevância econômica e social no Estado do Piauí, especialmente entre pequenos produtores. A limitação genética dos rebanhos compromete a produtividade e a renda. A raça Anglonubiana apresenta rusticidade, dupla aptidão (carne e leite) e boa adaptação ao semiárido. A aquisição de reprodutores superiores, aliada ao rodízio entre propriedades, permitirá ganhos genéticos contínuos e sustentáveis. ais, por meio de um sistema de rodízio planejado entre propriedades beneficiadas, com troca dos reprodutores a cada 3 anos.",Termo em elaboração,Fomento
PI-EXEC-GOVERNADOR,2026,210/2026,ASSOCIAÇÃO COMUNITARIA SAGRADO CORAÇÃO DE JESUS ,SECRETARIA DE ESTADO DA AGRICULTURA FAMILIAR - SAF,149254.65,"Apoio financeiro para a realização da Feira Jovens que se Importam - Conexão Jovem de Milton Brandão - PI, uma Integração entre o campo e a cidade, para fortalecer estratégias de comercialização e capacitação dos jovens produtores e trabalhadores e trabalhadoras rurais da Agricultura Familiar.",Termo em elaboração,Colaboração
PI-EXEC-GOVERNADOR,2026,209/2026,OBRA KOLPING ESTADUAL DO PIAUÍ - OKE  - PI,SECRETARIA DE ESTADO DA AGRICULTURA FAMILIAR - SAF,65000.0,"Apoio financeiro para a implantação de Centro de Convevência de Agroecologia (CCA) que irá atuar como um polo de irradiação de conhecimentos, práticas e tecnologias sustentáveis, visando ao desenvolvimento de sistemas agroalimentares mais justos, equilibrados e resilientes na região dos Cocais.",,Colaboração
PI-EXEC-GOVERNADOR,2026,207/2026,CLUBE ATLETICO PIAUIENSE - CAP ,SECRETARIA DE ESTADO  DOS ESPORTES - SECEPI,300000.0,"O presente projeto tem como objeto a aplicação de recursos provenientes de emenda parlamentar, destinados ao custeio das atividades esportivas do Clube Atlético Piauiense, incluindo despesas com deslocamento para competições nacionais e internacionais, aquisição de materiais esportivos e manutenção das atividades de treinamento ao longo do exercício de 2026.",Termo em elaboração,Fomento
PI-EXEC-GOVERNADOR,2026,206/2026,ASSOCIAÇÃO DE PROMOÇÃO DA CIDADANIA E DESENVOLVIMENTO SOCIAL - ACIS,SECRETARIA DE ESTADO  DOS ESPORTES - SECEPI,200000.0,"Realização do CAtA – Camping de Atletismo ACIS, consistindo em um camping esportivo intensivo de formação e iniciação ao atletismo, com duração de 4 dias, destinado a 120 crianças, adolescentes e jovens, prioritariamente oriundos de comunidades e territórios com menor acesso a políticas públicas esportivas. O objeto compreende a execução de atividades práticas e teóricas de atletismo, incluindo treinamentos em pista, oficinas educativas, orientações técnicas e acompanhamento por equipe multidisciplinar, formada por treinadores convidados, educadores físicos, técnicos esportivos, nutricionista e fisioterapeutas, a ser realizado na Pista de Atletismo da UFPI e na Pista de Atletismo da UESPI, visando ao desenvolvimento físico, técnico e social dos participantes, à promoção da saúde e à descoberta de novos talentos esportivos.",,Fomento
PI-EXEC-GOVERNADOR,2026,205/2026,ASSOCIAÇÃO DE PROMOÇÃO DA CIDADANIA E DESENVOLVIMENTO SOCIAL - ACIS,SECRETARIA DE ESTADO  DOS ESPORTES - SECEPI,200000.0,"Realização do Campeonato Piauiense de Atletismo Sub-18, evento esportivo de âmbito estadual voltado ao fomento, à promoção e ao desenvolvimento do atletismo de base no Piauí, com a participação de aproximadamente 150 atletas com até 18 anos de idade, oriundos de diferentes municípios, contemplando provas oficiais de pista e campo, a ser realizado no Setor de Esportes da Universidade Federal do Piauí (UFPI).",,Fomento
PI-EXEC-GOVERNADOR,2026,204/2026,INSTITUTO TROCANDO IDEIA DE TECNOLOGIA SOCIAL INTEGRADA - INST.TR.I,SECRETARIA DE ESTADO DA CULTURA DO PIAUÍ - SECULT,1500000.0,Seleção de 01 (uma) Organização da Sociedade Civil com atuação no âmbito técnico-artístico e cultural para operacionalização das ações de execução da Lei nº 14.399/2022 (Política Nacional Aldir Blanc) 2º ciclo,,Colaboração
PI-EXEC-GOVERNADOR,2026,203/2026,INSTITUTO FLOR DO CAJUEIRO,SECRETARIA  DE ASSISTÊNCIA TÉCNICA E DEFESA AGROPECUÁRIA - SADA,100000.0,"VIABILIZAR AS AÇÕES DE ATER VOLTADAS PARA O DESENVOLVIMENTO RURAL SUSTENTÁVEL E ORGANIZAÇÃO DAS UNIDADES PRODUTIVAS FAMILIARES COM FOCO NA REDUÇÃO DA POBREZA, GERAÇÃO DE EMPREGO E RENDA, APOIO ÀS AGROINDÚSTRIAS COMUNITÁRIAS, ACESSO Á ÁGUA E À TERRA, AO CRÉDITO RURAL ORIENTADO, AOS MERCADOS, À PROMOÇÃO DE FEIRAS E EVENTOS DA AGRICULTURA FAMILIAR, NO MELHORAMENTO GENÉTICO DOS REBANHOS, NA PRESERVAÇÃO DO MEIO AMBIENTE E NA QUALIFICAÇÃO E DESENVOLVIMENTO DE CAPACIDADES.",Termo em elaboração,Fomento
PI-EXEC-GOVERNADOR,2026,167/2026,ASSOCIAÇÃO DE MÃES DA SANTA MARIA DA CODIPI III - AMASAMC,SECRETARIA DE ESTADO DA EDUCAÇÃO -SEDUC,367500.0,"O objeto do presente Termo de Fomento é a execução do projeto: ELOS DA CODIPI: Intergeracionalidade, Cultura e Proteção Social.Integram e completam o presente Termo de Fomento, para todos os fins de direito, obrigando as partes em todos os seus termos, as condições expressas no ato que o dispensou ou inexigiu o chamamento público, seus anexos e a proposta da ORGANIZAÇÃO DA SOCIEDADE CIVIL.As partes reconhecem que, caso haja necessidade de contingenciamento orçamentário e a ocorrência de cancelamento de restos a pagar, exigível ao cumprimento de metas segundo a Lei de Responsabilidade Fiscal, o quantitativo deste objeto poderá ser reduzido até a etapa que apresente funcionalidade.",Termo em elaboração,Fomento
PI-EXEC-GOVERNADOR,2026,166/2026,"ASSOCIAÇÃO JORNADA DE EDUCAÇÃO, ESPORTE E FOMENTO SOCIAL - AJEF",SECRETARIA DE ESTADO DA EDUCAÇÃO -SEDUC,1442982.0,"A consecução de finalidades de interesse público e recíproco, propostas pela Associação Jornada de Educação, Esporte e Fomento Social, visando fomentar ações sócio educativas e esportivas por meio da inclusão e disseminação da prática esportiva das modalidades de luta Judô, Jiu Jitsu e Boxe, com aulas teóricas e práticas, em 50 turmas nas escolas estaduais de tempo integral, beneficiando crianças e adolescentes regularmente matriculados na rede de ensino estadual. O projeto visa atender Crianças e adolescentes, ambos sexos, regularmente matriculados nas escolas de tempo integral da rede estadual de ensino beneficiando 1.500 (meta de atendimento) crianças e adolescentes regularmente matriculados na rede de ensino estadual",,Fomento
PI-EXEC-GOVERNADOR,2026,128/2026,FUNDACAO DE APOIO AS ENTIDADES DOS CEGOS DO PIAUI-FACEP,SECRETARIA DE ESTADO DA EDUCAÇÃO -SEDUC,419091.6,"Tem como objeto a cooperação financeira, para promover Cursos de capacitação profissional da educação na modalidade de Educação Especial, para as pessoas com deficiência visual em todo o Estado do Piauí, como Alfabetização em Brailler, orientação modalidade, informática acessível, atividade da vida diária. Objetivando ampliar a acessibilidade dos deficientes visuais e seus familiares, tanto para o dia a dia como para o convívio social.",,Fomento
PI-EXEC-GOVERNADOR,2026,123/2026,COOPERATIVA DE TRABALHO DE PRESTAÇÃO DE SERVIÇOS PARA O DESENVOLVIMENTO RURAL SUSTENTÁVEL DA AGRICULTURA FAMILIAR - COOTAPI,SECRETARIA DE ESTADO DA AGRICULTURA FAMILIAR - SAF,698545.0,"Apoio Financeiro para a Realização de Feiras e Eventos para o Fortalecimento da Agricultura Familiar nos Territórios de Desenvolvimento Entre Rios, Cocais, Chapada das Mangabeiras, Alto Parnaíba, Planicie Litorânea e Vale do Sambito, no Estadod o Piauí.",Termo em elaboração,Colaboração
PI-EXEC-GOVERNADOR,2026,4/2026,ASSOCIAÇÃO DOS CEGOS DO PIAUI - ACEP ,SECRETARIA  DE ESTADO PARA INCLUSÃO DA PESSOA  COM DEFICIÊNCIA - SEID,25000.0,"O objetivo da referida proposta é reformar e estruturar um espaço, afim de promover um ambiente humanizado aos nossos assistidos nos intervalos das aulas e atividades extra curricular atendendo a necessidade vigente de uma educação inclusiva.",Termo em elaboração,Fomento
PI-EXEC-GOVERNADOR,2026,3/2026,ASSOCIACAO DE PAIS E AMIGOS DOS EXCEPCIONAIS DE SAO JOAO DO PIAUI - APAE,SECRETARIA  DE ESTADO PARA INCLUSÃO DA PESSOA  COM DEFICIÊNCIA - SEID,25000.0,"Implantação e funcionamento de uma Sala de Estimulação e Reabilitação Física destinada ao atendimento de crianças, adolescentes e adultos com deficiência, associados à APAE de São João do Piauí.",,Fomento
PI-EXEC-GOVERNADOR,2026,1/2026,ASSOCIAÇÃO DOS PAIS E AMIGOS DOS EXCEPCIONAIS DE PASSAGEM FRANCA DO PIAUÍ  -  APAE ,SECRETARIA  DE ESTADO PARA INCLUSÃO DA PESSOA  COM DEFICIÊNCIA - SEID,25000.0,"O projeto visa ampliar a capacidade de atendimento, melhorar a qualidade das práticas terapêuticas e educacionais e otimizar os recursos disponíveis, assegurando maior autonomia, inclusão social e bem-estar aos beneficiários. A proposta contempla a aquisição, instalação, utilização e monitoramento dos novos equipamentos, em articulação com a equipe multiprofissional da APAE e com a rede de parceiros locais e regionais. Indiretamente, impactará também a comunidade, fortalecendo as políticas públicas de assistência social, educação e saúde no município de Passagem Franca e em cidades vizinhas. Com essa iniciativa, espera-se consolidar a APAE como espaço de referência em inclusão e promoção da cidadania, ampliando os resultados sociais já alcançados pela instituição em seus mais de 20 anos de atuação.",,Colaboração
PI-EXEC-GOVERNADOR,2026,1136/2026,INSTITUTO DE DESENVOLVIMENTO DO NORDESTE (IDENE),SECRETARIA DE ESTADO DA SAÚDE DO PIAUÍ - SESAPI,20092351.82,"Implementar ações itinerantes especializadas voltadas ao rastreamento e diagnóstico precoce dos cânceres de pele, próstata e colo do útero, em caráter complementar e articulado ao Sistema Único de Saúde (SUS), contemplando os 12 territórios de saúde do Estado do Piauí.",,Colaboração
PI-EXEC-GOVERNADOR,2026,1131/2026,ASSOCIAÇÃO DE CAPACITAÇÃO DE JOVENS - ACAJ,SECRETARIA DE ESTADO DA CULTURA DO PIAUÍ - SECULT,200000.0,"Realizar o Projeto Cultural de Curralinhos, nos dias 17 e 18 de outubro de 2026, por meio da disponibilização de infraestrutura adequada e indispensável à execução da programação cultural, garantindo qualidade, segurança, acessibilidade e conforto para artistas, trabalhadores da cultura e público participante, contribuindo para a valorização das manifestações culturais, preservação das tradições populares, fortalecimento da identidade cultural do município e incentivo ao desenvolvimento econômico e ao turismo cultural de Curralinhos/PI.",Termo em elaboração,Fomento
PI-EXEC-GOVERNADOR,2026,1127/2026, INSTITUTO CASA PIAUIENSE,SECRETARIA DE ESTADO DA CULTURA DO PIAUÍ - SECULT,400000.0,"Curso de Capacitação em Desenvolvimento de Jogos Digitais (Scratch), como ferramenta de salvaguarda, difusão e valorização das matrizes idenitárias e do patrimônio cultural piauiense, para alunos da comunidade em geral deTeresina/PI, capacitando 90 crianças e adolescentes de 9 a 16 anos em lógica de programação em blocos, game design, criação de personagens, design de interface e autoria digital",Termo em elaboração,Fomento
PI-EXEC-GOVERNADOR,2026,1126/2026,ASSOCIACAO PIAUIENSE DESENVOLVER - APD,SECRETARIA DE ESTADO DA CULTURA DO PIAUÍ - SECULT,60000.0,"É uma iniciativa cultural e educacional que tem como propósito promover a inclusão social e o desenvolvimento de adolescentes e jovens de Teresina, com foco especial na Grande Região da Santa Maria da Codipi, por meio da oferta gratuita de oficinas profissionalizantes na área cultural. O projeto visa capacitar 80 jovens, com idade entre 16 e 29 anos, em oficinas de canto, dança e música (violão, teclado e bateria). Mais do que um espaço de aprendizado técnico, a proposta configura-se como um ambiente de convivência, valorização da diversidade, fortalecimento da autoestima e estímulo ao protagonismo juvenil.",Termo em elaboração,Fomento
PI-EXEC-GOVERNADOR,2026,1125/2026,Instituto de Inovação e Projetos - INOVE,SECRETARIA DE ESTADO DA CULTURA DO PIAUÍ - SECULT,50000.0,"Produção de audiovisual documental com duração aproximada de 40 minutos sobre a produção artesanal em cerâmica no estado do Piauí, destacando o trabalho, as técnicas e as histórias de vida dos artesãos do Polo Cerâmico do Poti Velho, em Teresina, contemplando pesquisa, roteiro, direção, captação de imagens, entrevistas, edição, finalização, acessibilidade e disponibilização gratuita em plataforma de streaming (YouTube), com lançamento e disponibilização ao público previstos para 01 de novembro de 2026.",Termo em elaboração,Fomento
PI-EXEC-GOVERNADOR,2026,1123/2026,FUNDAÇÃO  VALE DO PIAUÍ-FUNVAPI,COORDENADORIA DA JUVENTUDE DO ESTADO DO PIAUÍ - COJUV,200000.0,"Democratizar o acesso à leitura;Incentivar a formação crítica de estudantes da rede pública de ensino;Promover encontros, palestras socioeducativas e atividades literárias;Levar as ações, especialmente, às escolas de tempo integral;Beneficiar diretamente aproximadamente 1.000 pessoas, especialmente em Teresina;Promover a inclusão do jovem urbano e rural nas diversas políticas públicas;Fortalecer a participação da juventude e a garantia de seus direitos de cidadania.",Termo em elaboração,Fomento
PI-EXEC-GOVERNADOR,2026,1121/2026,INSTITUTO ACOLHER H DOBAL - LEPASON,SECRETARIA DE ESTADO DA EDUCAÇÃO -SEDUC,300000.0,"O presente projeto tem por objeto a execução de ações de educação para o trânsito voltadas a adolescentes de 13 a 17 anos matriculados em escolas públicas estaduais do Piauí, por meio de oficinas pedagógicas teóricas e práticas, simulações de situações de risco, palestras com especialistas e campanhas educativas de mobilização escolar, com foco na prevenção de acidentes envolvendo motociclistas e na formação de jovens multiplicadores de segurança viária.",Termo em elaboração,Fomento
PI-EXEC-GOVERNADOR,2026,1120/2026,ASSOCIAÇÃO DE PROMOÇÃO DA CIDADANIA E DESENVOLVIMENTO SOCIAL - ACIS,COORDENADORIA  ESTADUAL DE ENFRENTAMENTO ÀS DROGAS E FOMENTO AO LAZER - CENDFOL ,198000.0,"Produzir, finalizar e distribuir o documentário de longa-metragem ""Além do Olhar: A Jornada da Inclusão no Autismo"", com padrão técnico compatível com o mercado audiovisual brasileiro, visando promover a disseminação de informações qualificadas sobre o Transtorno do Espectro Autista (TEA), fortalecer ações de educação em saúde, inclusão social e garantia de direitos, por meio da produção e difusão de conteúdo audiovisual acessível, contribuindo para a sensibilização da sociedade, o enfrentamento ao estigma e o fortalecimento das políticas públicas voltadas às pessoas com TEA no Estado do Piauí.",,Fomento
PI-EXEC-GOVERNADOR,2026,1116/2026,ASSOCIAÇÃO REGIONAL DAS ESCOLAS FAMILIA AGRICOLA DO PIAUI - AEFAPI,SECRETARIA DE ESTADO DA AGRICULTURA FAMILIAR - SAF,250731.14,Apoio financeiro para o fortalecimento da formação continuada em Pedagogia da Alternância e Educação Popular para as comunidades das EFAs Piauí.,Termo em elaboração,Colaboração
PI-EXEC-GOVERNADOR,2026,1112/2026,ASSOCIAÇÃO DOS FILHOS E E AMIGOS DE BOM JESUS,SECRETARIA DE ESTADO DA CULTURA DO PIAUÍ - SECULT,891000.0,"Realização do XVII Festival de Rabeca, visando salvaguardar e valorizar a tradição rabequeira no Piauí, promovendo oficinas, shows de mestres rabequeiros e artistas regionais/nacionais, feira de artesanato e fomento à economia criativa cultural.",,Fomento
PI-EXEC-GOVERNADOR,2026,1111/2026,Instituto de Inovação e Projetos - INOVE,SECRETARIA DE ESTADO DO DESENVOLVIMENTO ECONÔMICO - SDE,300000.0,"Realização de ciclo de oficinas presenciais de capacitação empreendedora, mentorias coletivas e ações de mobilização comunitária voltadas para mulheres em situação de vulnerabilidade socialdo Bairro Promorar e regiões adjacentes, na Zona Sul de Teresina (PI), promovendo inclusão produtiva, geração de renda, fortalecimento de pequenos negócios e autonomia econômica.",Termo em elaboração,Fomento
PI-EXEC-GOVERNADOR,2026,1110/2026,Instituto de Inovação e Projetos - INOVE,SECRETARIA DE ESTADO DO DESENVOLVIMENTO ECONÔMICO - SDE,300000.0,"Realização da Feira Mulher que Produz, evento de economia criativa a ser executado na Zona Leste de Teresina (PI), com foco nos territórios de maior vulnerabilidade social da região, voltado à exposição e comercialização de produtos de mulheres empreendedoras dos segmentos de artesanato, alimentos e cosméticos naturais, associado a um itinerário formativo de capacitações, rodas de conversa e mentorias em precificação, marketing digital, gestão financeira e formalização.",Termo em elaboração,Fomento
PI-EXEC-GOVERNADOR,2026,1107/2026,INSTITUTO CAMPUS PARTY - ICP,"SECRETARIA DA INTELIGÊNCIA ARTIFICIAL, ECONOMIA DIGITAL, CIÊNCIA, TECNOLOGIA E INOVAÇÃO - SIA",2108917.31,"A proposta busca enfrentar os desafios de inclusão digital, formação de mão de obra qualificada e fortalecimento do ecossistema de inovação do Estado do Piauí, ampliando o acesso da juventude e da sociedade em geral a conteúdos de ciência, tecnologia, inovação e empreendedorismo. Com os recursos solicitados, serão realizadas ações de pré-produção, montagem, execução e pós-produção de um grande festival gratuito, integrando palestras, workshops, desafios de inovação, arenas temáticas de robótica, startups e cultura gamer. Os resultados esperados incluem: difusão científica, estímulo ao empreendedorismo local, fortalecimento da identidade cultural e tecnológica do estado, além da geração de impacto social e econômico por meio da mobilização regional e da atração de investimentos.",Termo em elaboração,Fomento
PI-EXEC-GOVERNADOR,2026,1105/2026,INSTITUTO ACOLHER H DOBAL - LEPASON,SECRETARIA DE ESTADO DA EDUCAÇÃO -SEDUC,150000.0,"O presente Termo de Fomento tem por objeto a promoção de ações integradas de reforço escolar e futebol society para crianças e adolescentes em situação de vulnerebilidade social por meio de atividades educacionais esportivas gratuitas, de acordo com o Plano de Trabalho devidamente aprovado e condições fixadas neste instrumento e seus anexos.",Termo em elaboração,Fomento
PI-EXEC-GOVERNADOR,2026,1097/2026,INSTITUTO FLOR DO CAJUEIRO,SECRETARIA DE ESTADO DA AGRICULTURA FAMILIAR - SAF,99894.0,Apoio financeiro para a realização do I Seminário Municipal de Tecnologias e Inovaçãoes Apícolas de Patos do Piauí: Sustentabilidade e Resiliência na Caatinga.,Termo em elaboração,Colaboração
PI-EXEC-GOVERNADOR,2026,1088/2026,SIM INSTITUTO SOCIAL,COORDENADORIA  ESTADUAL DE ENFRENTAMENTO ÀS DROGAS E FOMENTO AO LAZER - CENDFOL ,100000.0,"Com o objetivo de democratizar o acesso à informação e ao conhecimento como pilares da emancipação humana. Utilizamos o esporte, artesanato, balé, inclusão digital como ferramentas estratégicas no desenvolvimento integral de crianças, adolescentes, jovens e mulheres, fortalecendo acesso ambientes essenciais de fortalecimento de vínculos. Através de um projeto Sócios-pedagógico, disseminando pedagogias de combate e a prevenção às drogas não apenas como informação, mas como o despertar de uma consciência crítica e saudável , no Município de CAPITÇAO GERVÁSIO-PI, com foco em APOIO A PROJETOS DE LAZER COMUNITÁRIO",,Fomento
PI-EXEC-GOVERNADOR,2026,1087/2026,FUNDAÇÃO NOSSA SENHORA DA PAZ ,SECRETARIA DE ESTADO DA EDUCAÇÃO -SEDUC,1103208.24,"O presente Termo de Fomento tem como objeto a Cooperação técnica e financeira para o desenvolvimento de ações voltadas a garantir a oferta de educação básica na modalidade ensino médio na comunidade Vila da Paz e áreas vizinhas, através da contratação de mão de obra técnico-administrativa, totalizando 25 profissionais. Garantido, assim, a efetividade e a qualidade do ensino oferecido pela Unidade Escolar Nossa Senhora da Paz, beneficiando 350 alunos; (10 turmas na modalidade integral; e 04 turmas de Educação de Jovens e Adultos no turno da noite). Indireto: 1.200 Pessoas.",Termo em elaboração,Fomento
PI-EXEC-GOVERNADOR,2026,1077/2026,INSTITUTO ACOLHER H DOBAL - LEPASON,COORDENADORIA DA JUVENTUDE DO ESTADO DO PIAUÍ - COJUV,250000.0,"Projeto Estrela Kids Academy, destinado à promoção de políticas públicas de cidadania e direitos da juventude, por meio da realização de atividades esportivas, educativas, recreativas e de inclusão social, fortalecendo o protagonismo juvenil, a convivência comunitária, o acesso ao lazer qualificado e a formação cidadã de crianças, adolescentes e jovens do município de Teresina, em consonância com as garantias previstas no Estatuto da Juventude",Termo em elaboração,Fomento
PI-EXEC-GOVERNADOR,2026,1076/2026,INSTITUTO ACOLHER H DOBAL - LEPASON,COORDENADORIA DA JUVENTUDE DO ESTADO DO PIAUÍ - COJUV,250000.0,"PROMOVER A REALIZAÇÃO DE ATIVIDADES DE INCLUSÃO DO JOVEM URBANO E RURAL NAS DIVERSAS POLÍTICAS PÚBLICAS E NAS GARANTIAS DE DIREITO DO ESTATUTO DA JUVENTUDE., no Município de Teresina-PI, com foco em PROMOÇÃO DE POLÍTICAS PÚBLICAS DE CIDADANIA E DIREITOS DA JUVENTUDE A proposta tem como finalidade buscar descentralizar o acesso ao lazer qualificado nos bairros de Teresina, promovendo a integração comunitária e a formação de valores éticos e cidadãos entre crianças e adolescentes, beneficiando diretamente cento e cinquenta pessoas, especialmente jovens dos bairros de Teresina-PI, contribuindo para PROMOVER A REALIZAÇÃO DE ATIVIDADES DE INCLUSÃO DO JOVEM URBANO E RURAL NAS DIVERSAS POLÍTICAS PÚBLICAS E NAS GARANTIAS DE DIREITO DO ESTATUTO DA JUVENTUDE.",Termo em elaboração,Fomento
PI-EXEC-GOVERNADOR,2026,1074/2026,ASSOCIAÇÃO DOS VAQUEIROS DE UNIÃO,SECRETARIA DE ESTADO DA CULTURA DO PIAUÍ - SECULT,60000.0,"A presente proposta visa à realização do evento em alusão ao Dia Nacional dos Vaqueiros no município de União-PI, contemplando uma programação cultural, religiosa e esportiva. O problema a ser minimizado é a falta de infraestrutura adequada para abrigar o crescente público do evento, um dos maiores e mais tradicionais do estado. A ação busca, com os recursos solicitados, custear a estrutura (palco, som, iluminação, banheiros, cercamento), a alimentação dos participantes, as premiações para os concursos e a segurança do evento. Os resultados esperados são a valorização da cultura vaqueira, a geração de renda para a economia local e o fortalecimento da identidade cultural do Piauí",Termo em elaboração,Fomento
PI-EXEC-GOVERNADOR,2026,1072/2026, ASSOCIAÇÃO DOS AMIGOS DO CENTRO CULTURAL M PAULO NUNES - AMICULT,SECRETARIA DE ESTADO DA CULTURA DO PIAUÍ - SECULT,200000.0,"Realização da Feira da Cidadania e Renda, destinada à valorização, formação e fortalecimento dos agentes culturais da região por meio de ações de capacitação, exposição, difusão cultural e incentivo à economia criativa. O projeto promoverá duas oficinas formativas: Empreendedorismo Cultural e Economia Criativa da Cultura, além de feira de exposição e comercialização de produtos culturais, artesanato, figurinos artísticos, adereços culturais e demais produções criativas desenvolvidas por artistas, artesãos, produtores culturais e trabalhadores da cultura.",Termo em elaboração,Fomento
PI-EXEC-GOVERNADOR,2026,1055/2026,FAZENDA DA PAZ - MATRIZ,FUNDO ESTADUAL DE SAÚDE - FUNSAUDE,50000.0,"Custeio de ações de prevenção, acolhimento, tratamento e reinserção social de pessoas em situação de dependência química, incluindo atividades de assistência, capacitação, promoção da saúde e fortalecimento da rede de cuidados executadas pela Fazenda da Paz, beneficiando diretamente pessoas, especialmente Teresina – PI, contribuindo para melhorar a qualidade em saúde do estado do Piauí em todas as regiões de saúde.",Termo em elaboração,Fomento
PI-EXEC-GOVERNADOR,2026,1049/2026,ALECC - ASSOCIACAO DE LAZER ESPORTE CULTURA E CIDADANIA ,FUNDO ESTADUAL DE SAÚDE - FUNSAUDE,50000.0,"Custeio de ações do projeto “Saúde com Qualidade na Terceira Idade”, no município de Teresina-PI, garantindo a oferta gratuita de atividades de promoção da saúde, prevenção de agravos, estímulo à autonomia, fortalecimento dos vínculos familiares e comunitários e melhoria da qualidade de vida da população idosa.",Termo em elaboração,Fomento
PI-EXEC-GOVERNADOR,2026,1046/2026,INSTITUTO DE DESENVOLVIMENTO SOCIAL BATGOL - IDESBA,SECRETARIA DE ESTADO  DOS ESPORTES - SECEPI,7149700.0,execução do Programa Estadual de Desenvolvimento do Futebol Piauiense 2026,,Colaboração
PI-EXEC-GOVERNADOR,2026,1043/2026,INSTITUTO DE GESTÃO E DESENVOLVIMENTO SOCIAL - IGDS,"SECRETARIA DE ESTADO DA ASSISTÊNCIA SOCIAL, TRABALHO E DIREITOS HUMANOS - SASC",197788.0,"O objeto do presente projeto consiste na realização de ações de capacitação profissional teórico-prática voltadas a agricultores e agricultoras da agricultura familiar periurbana de Teresina, com foco na adoção de técnicas sustentáveis de produção de alimentos, no aperfeiçoamento da gestão produtiva e no fortalecimento da organização da comercialização, visando à geração de renda, à segurança alimentar e ao desenvolvimento socioeconômico local. 2.3 - Objetivo Geral da Proposta Oferta de capacitação profissional teórico-prática para agricultores e agricultoras da agricultura periurbana de Teresina, com foco em técnicas sustentáveis de produção de alimentos, gestão produtiva e organização da comercialização, visando a geração de renda e o fortalecimento da segurança alimentar.",,Colaboração
PI-EXEC-GOVERNADOR,2026,1042/2026,CENTRO ESPIRITA CARIDADE E FÉ,"SECRETARIA DE ESTADO DA ASSISTÊNCIA SOCIAL, TRABALHO E DIREITOS HUMANOS - SASC",60000.0,"Promover o fortalecimento dos vínculos familiares e sociais dos beneficiários assistidos pelo Centro Espírita Caridade e Fé, em Parnaíba (PI), através do custeio de atividades operacionais e da contratação de uma equipe profissional qualificada, garantindo a continuidade dos serviços socioassistenciais e o atendimento integral das necessidades dos usuários",,Fomento
PI-EXEC-GOVERNADOR,2026,1041/2026,ASSOCIACAO DE PROMOCAO MULTICULTURAL,SECRETARIA DE ESTADO DA CULTURA DO PIAUÍ - SECULT,150000.0,"O Boca da Noite é um projeto cultural voltado à valorização da cultura local, regional e piauiense, promovendo ações que fortalecem as manifestações artísticas, a economia criativa e o acesso da população à cultura. Por meio de uma programação diversificada, o projeto busca incentivar a circulação artística, ampliar os espaços de difusão cultural e fortalecer a atuação de artistas, produtores culturais e demais profissionais da cadeia produtiva da cultura.",,Fomento
